date,O3,station,max_temp_f,min_temp_f,max_dewpoint_f,min_dewpoint_f,precip_in,ws,wd,min_rh,avg_rh,max_rh,snow_in,snowd_in,min_feel,avg_feel,max_feel,max_wind_speed_kts,max_wind_gust_kts,srad_mj,climo_high_f,climo_low_f,climo_precip_in
2005-06-01,0.032,GPT,82.9,69.8,71.6,66.2,0,3.661549,302.15118,67.219124,83.17877,100,NA,NA,69.8,75.9511,84.10166,10,NA,NA,87.1,70.8,0.2
2005-06-02,0.05,GPT,86,69.1,72,68,0,2.978367,188.76247,60.8714,78.66893,96.968346,NA,NA,69.98,80.56972,90.15505,7,NA,NA,87.2,71,0.2
2005-06-03,0.048,GPT,87.1,71.6,74,68,0,4.3126307,165.75095,55.044296,76.25027,100,NA,NA,71.6,84.376274,91.50387,9,NA,NA,87.4,71.3,0.2
2005-06-04,0.035,GPT,88,73,75.2,69,0,5.0272155,156.59691,57.1246,73.91911,93.54147,NA,NA,75.29825,86.47039,95.001495,11,16,NA,87.5,71.5,0.2
2005-06-05,0.023,GPT,87.8,80,76,73,0,7.3942776,144.72546,63.142265,74.82293,82.18847,NA,NA,84.5852,89.28309,94.56306,12,17,NA,87.7,71.7,0.21
2005-06-06,0.018,GPT,84.9,69.8,76,68,0.61,3.0446615,14.335231,74.2799,88.24519,100,NA,NA,69.8,79.09196,89.47595,11,20,NA,87.8,71.9,0.21
2005-06-07,0.042,GPT,88,71,75.2,66.2,0,4.0404744,161.32626,51.23564,77.22316,93.48956,NA,NA,72.258896,83.202934,92.838356,9,NA,NA,88,72.1,0.21
2005-06-08,0.057,GPT,89.1,71.1,73.4,69,0,3.2658758,190.78375,55.1909,76.25398,93.56953,NA,NA,73.25001,82.33429,94.726944,11,18,NA,88.1,72.3,0.21
2005-06-09,0.032,GPT,88,71,73.4,69,0,4.812282,139.60101,59.049355,73.98056,93.48956,NA,NA,72.258896,85.1664,93.59172,11,NA,NA,88.2,72.5,0.22
2005-06-10,0.029,GPT,84.9,73.4,74,69,0.25,7.439637,79.99942,65.0019,80.44767,94.14301,NA,NA,73.4,81.22275,88.14013,21,29,NA,88.3,72.7,0.22
2005-06-11,0.022,GPT,79,73,70,66.2,0.01,11.1472435,343.2282,73.6111,79.18154,87.45151,NA,NA,73.04,76.35842,80.2623,19,26,NA,88.4,72.8,0.23
2005-06-12,0.044,GPT,85,66.2,75.2,66,0,3.4187021,170.01353,60.7359,76.27853,96.92959,NA,NA,66.92,81.37495,90.81524,8,NA,NA,88.5,73,0.23
2005-06-13,0.025,GPT,88,73.9,76,73,0,5.171668,157.69162,67.48165,78.92032,94.14301,NA,NA,75.2,88.8765,96.551025,10,NA,NA,88.6,73.1,0.23
2005-06-14,0.028,GPT,90,75,77,71,0,3.8541522,198.74599,53.9078,75.71966,97.041534,NA,NA,77.61086,90.66079,100.503174,10,NA,NA,88.7,73.3,0.23
2005-06-15,0.048,GPT,95,75.9,76,69,0,3.6427076,235.81364,44.5296,70.20242,93.6205,NA,NA,78.64378,92.50612,104.55464,8,15,NA,88.8,73.4,0.24
2005-06-16,0.065,GPT,96.1,75.2,73.4,59,0,4.4382415,340.7494,30.261078,59.47325,84.5256,NA,NA,77.05887,86.85517,95,9,14,NA,88.9,73.6,0.25
2005-06-17,0.06,GPT,91,73,73.4,66,0.01,3.4752269,17.574194,51.23564,75.47359,93.56953,NA,NA,74.43935,82.03072,98.29539,16,27,NA,89,73.7,0.26
2005-06-18,0.05,GPT,86,71.1,73.4,64.4,0.06,4.600837,6.5536127,60.8714,76.915405,93.48956,NA,NA,73.04,80.51147,90.81524,9,NA,NA,89.1,73.8,0.24
2005-06-19,0.068,GPT,90,64,64.4,57.2,0,4.1304955,18.258312,35.03671,59.487556,90.38789,NA,NA,64.94,79.31847,88.41602,10,NA,NA,89.1,73.9,0.24
2005-06-20,0.073,GPT,89.1,68,70,62,0,4.591068,102.58241,44.748,65.37292,83.9813,NA,NA,69.08,80.59485,89.95105,10,NA,NA,89.2,74,0.26
2005-06-21,0.056,GPT,88,73,71.6,66,0,4.6057224,122.96042,51.23564,69.82387,87.5043,NA,NA,73.04,82.331474,91.63235,10,NA,NA,89.3,74.1,0.25
2005-06-22,0.071,GPT,91,69.8,70,64,0,3.2930915,142.93532,42.314247,70.19724,93.48956,NA,NA,69.98,82.248024,92.388275,9,NA,NA,89.3,74.2,0.25
2005-06-23,0.066,GPT,91.9,69.8,71.6,64.4,0,2.9309142,137.50168,43.666103,68.2345,93.43703,NA,NA,69.98,83.05332,93.76405,9,16,NA,89.4,74.2,0.25
2005-06-24,0.081,GPT,91.9,71.1,72,66.2,0,3.1402652,44.063286,45.215836,71.58401,90.65528,NA,NA,73.1168,82.15912,96.079506,12,14,NA,89.4,74.3,0.24
2005-06-25,0.073,GPT,92,70,71.6,62.6,0,3.795534,49.559475,39.383106,66.44777,90.65528,NA,NA,71.06,83.48463,94.7818,10,NA,NA,89.5,74.4,0.23
2005-06-26,0.069,GPT,91.9,72,70,62,0,5.1723657,78.48808,39.4689,63.082478,84.34357,NA,NA,73.04,81.53613,89.96,10,NA,NA,89.6,74.4,0.23
2005-06-27,0.053,GPT,90,70,73.4,69,0,3.307746,142.55402,53.6358,73.91654,93.48956,NA,NA,72.258896,83.09265,92.838356,9,NA,NA,89.6,74.5,0.24
2005-06-28,0.028,GPT,89.1,73.4,74,69,0,6.7976274,119.659645,57.1246,74.78612,93.54147,NA,NA,75.43045,85.10069,95.73865,16,17,NA,89.7,74.5,0.24
2005-06-29,0.024,GPT,82.9,73.9,77,73.4,6.51,5.0488486,127.60396,76.52957,88.65735,100,NA,NA,75.2,80.97465,89.34519,10,NA,NA,89.7,74.6,0.23
2005-06-30,0.027,GPT,87.1,75,78.8,73.4,0.73,1.8108863,160.02713,69.84597,85.99528,100,NA,NA,75.2,85.12565,95.18505,6,NA,NA,89.7,74.6,0.24
2005-07-01,0.031,GPT,93,75.2,78.8,71.6,0,3.6008375,272.8804,59.58785,83.29442,97.041534,NA,NA,77.77295,85.90631,101.86564,11,16,NA,89.8,74.6,0.24
2005-07-02,0.053,GPT,91.4,75.2,78.8,71,0.02,4.1416607,251.5964,61.368637,78.90721,94.14301,NA,NA,75.2,88.48117,103.089,14,23,NA,89.8,74.7,0.24
2005-07-03,0.033,GPT,93.9,71.6,77,69,0,4.607118,256.99197,50.22918,74.12345,93.54147,NA,NA,73.25001,87.58151,100.66,9,NA,NA,89.9,74.7,0.25
2005-07-04,0.02,GPT,90,77,77,71.6,0,5.340544,175.37482,59.164536,73.025665,90.3687,NA,NA,78.1,92.41818,100.23442,11,16,NA,89.9,74.7,0.25
2005-07-11,0.053,GPT,91,73,78.8,66.2,0,6.7759943,232.18013,53.9078,70.63332,88.507805,NA,NA,73.4,87.391365,97.13307,10,16,NA,90.2,74.9,0.26
2005-07-12,0.032,GPT,89.6,78.8,78.8,75,0,5.9455686,191.45265,63.377693,79.95196,93.670876,NA,NA,83.22151,93.794495,101.63408,12,15,NA,90.3,74.9,0.27
2005-07-13,0.027,GPT,90,73,78.8,69.8,0.44,3.2365665,217.02592,63.377693,81.466736,93.670876,NA,NA,75.2,89.122894,99.28918,8,17,NA,90.3,74.9,0.25
2005-07-14,0.02,GPT,87.1,75.2,77,73,0.08,3.1186323,218.17986,74.50838,84.54659,93.6205,NA,NA,77.61086,85.27775,97.15324,9,NA,NA,90.3,74.9,0.23
2005-07-15,0.018,GPT,86,73,77,71.6,1.29,3.2937891,160.80235,74.24337,85.46902,97.041534,NA,NA,73.4,85.05564,95.3901,9,NA,NA,90.4,74.9,0.23
2005-07-16,0.018,GPT,88,75,78.8,73,0.14,5.3203073,158.69044,66.35352,80.60674,96.4461,NA,NA,75.2,89.50807,99.92279,14,28,NA,90.4,74.9,0.22
2005-07-17,0.021,GPT,88,79,77,75,0,6.0048847,144.80435,66.35352,76.44696,87.78896,NA,NA,86.762924,92.80005,100.19042,14,NA,NA,90.5,74.9,0.22
2005-07-18,0.028,GPT,90,77,77,71.6,0,4.642708,134.28915,57.177517,74.8134,93.6205,NA,NA,78.8,91.06293,98.07559,10,NA,NA,90.5,74.9,0.22
2005-07-19,0.025,GPT,89.1,79,76,73.4,0,6.465457,110.39703,62.467205,75.740135,87.2222,NA,NA,85.3905,91.71406,97.814644,13,NA,NA,90.5,75,0.22
2005-07-20,0.023,GPT,90,77,77,73.4,0,4.2288904,135.00856,61.125313,77.77742,93.0885,NA,NA,78.64378,90.39928,100.37349,11,NA,NA,90.6,75,0.2
2005-07-21,0.033,GPT,91.9,73.4,77,71.6,1.36,3.3063502,335.5528,57.436607,78.355576,100,NA,NA,73.4,86.986565,104.56226,12,17,NA,90.6,75,0.21
2005-07-22,0.048,GPT,91.9,73,77,71.6,0,3.0565248,12.77998,55.579052,76.82429,97.01743,NA,NA,74.57561,88.1604,99.66314,7,NA,NA,90.7,75,0.22
2005-07-23,0.043,GPT,94,78,76,73,0.01,2.7641313,297.58023,54.443356,79.4916,90.3687,NA,NA,79,88.446785,105.735,10,NA,NA,90.7,75,0.21
2005-07-24,0.041,GPT,97,77,78.8,75,0.01,3.4752269,303.4546,50.939667,78.68446,90.982346,NA,NA,78.1,92.052704,108.56367,8,NA,NA,90.7,75,0.21
2005-07-25,0.061,GPT,93.9,77,78.8,71,0,3.204466,134.43831,48.9909,74.114555,93.698105,NA,NA,78.80016,92.31543,103.22,9,NA,NA,90.8,75,0.21
2005-07-26,0.047,GPT,90,78,77,71,0.15,2.598046,157.42383,53.9078,75.61821,93.0885,NA,NA,78.8,89.29472,97.76129,9,17,NA,90.8,75,0.21
2005-07-27,0.048,GPT,89.1,75.2,77,73,0.38,2.2254012,203.43546,61.363068,79.334564,94.14301,NA,NA,75.2,88.33009,98.85556,9,NA,NA,90.8,75,0.22
2005-07-28,0.043,GPT,93.2,75,78.8,69,0,4.337753,339.22458,53.99715,79.63723,93.6205,NA,NA,75.2,85.73727,103.22,10,23,NA,90.9,75.1,0.23
2005-07-29,0.042,GPT,91,73.4,76,69.8,0.27,2.556176,335.70142,57.64435,83.10928,97.01743,NA,NA,75.2,83.66074,99.26306,10,16,NA,90.9,75.1,0.23
2005-07-30,0.033,GPT,91.9,75,76,69.8,0.04,2.662247,51.26684,61.605896,82.53289,96.4461,NA,NA,75.2,83.227066,100.503174,15,NA,NA,90.9,75.1,0.22
2005-07-31,0.051,GPT,88,73.9,77,71.6,0.26,3.4640615,97.25546,65.354546,83.27735,94.14301,NA,NA,75.2,83.40685,95.001495,8,NA,NA,90.9,75.1,0.22
2005-08-01,0.044,GPT,88,74,75.2,72,0.9,2.6210747,76.82046,63.1423,84.44695,97.0415,NA,NA,75.2,82.1185,97.8094,8,14,NA,91,75.1,0.21
2005-08-02,0.036,GPT,86,73.4,75,70,0.03,2.8883462,32.87964,65.3545,85.51421,94.10022,NA,NA,73.4,80.21381,93.1291,9,NA,NA,91,75.1,0.21
2005-08-03,0.04,GPT,86,71,74,69.8,0.41,4.8506627,58.875423,63.013,83.48768,100,NA,NA,71.6,81.45833,93.9477,19,26,NA,91,75.1,0.22
2005-08-04,0.031,GPT,86,73,76,69,1.01,4,51.254074,65.3545,88.660805,96.4172,NA,NA,73.4,77.99854,93.3968,23,30,NA,91,75.1,0.22
2005-08-05,0.041,GPT,89,71,73,66,0,5.4249825,30.637619,46.6422,75.132034,96.3879,NA,NA,72.2589,81.99405,94.3501,10,NA,NA,91,75.1,0.23
2005-08-06,0.042,GPT,88,73,73.4,69.8,0.18,4.91626,19.329653,55.3127,77.55021,94.10022,NA,NA,73.4,81.69981,93.0665,10,15,NA,91,75.1,0.23
2005-08-07,0.038,GPT,91,72,75,68,0,3.9539428,344.13458,46.9327,74.706726,93.5415,NA,NA,73.25,84.76854,96.7159,10,NA,NA,91,75,0.21
2005-08-08,0.046,GPT,91,73.4,76,69,0,2.9078856,322.74423,50.3853,73.37885,94.10022,NA,NA,73.4,87.00278,98.6408,9,NA,NA,91,75,0.21
2005-08-09,0.047,GPT,89,74,75,71,0.15,1.739009,49.985588,55.4582,81.48104,93.6205,NA,NA,75.4305,83.449554,96.6438,11,28,NA,91,75,0.2
2005-08-10,0.052,GPT,92,74,76,71,0.67,3.8276343,339.50934,54.1779,79.779366,94.14301,NA,NA,75.2,85.14968,101.618,16,21,NA,91,75,0.19
2005-08-11,0.042,GPT,89,73,78,71,0.15,2.0376832,3.7846415,59.3022,82.0744,97.0174,NA,NA,74.4393,85.21164,97.1331,8,NA,NA,91,75,0.19
2005-08-12,0.047,GPT,92,77,80,71,0.99,2.0697837,305.28357,57.9012,84.640526,93.6709,NA,NA,77,87.47594,103.134,11,18,NA,91,74.9,0.19
2005-08-13,0.061,GPT,91,75.2,77,73,0,2.5080252,161.69304,57.6443,76.67258,97.0415,NA,NA,75.2,89.29556,104.562,9,NA,NA,90.9,74.9,0.19
2005-08-14,0.029,GPT,91,76,76,71,0,2.3866014,188.27475,53.9078,75.21009,93.6205,NA,NA,77.6109,89.988594,100.66,8,NA,NA,90.9,74.9,0.2
2005-08-15,0.041,GPT,92,77,77,72,0,2.2609909,304.57523,57.9012,78.98821,93.6205,NA,NA,78.6438,89.20305,103.134,7,NA,NA,90.9,74.8,0.22
2005-08-16,0.053,GPT,92,73,79,69,0.01,2.2937891,174.97527,50.6661,75.61259,93.518,NA,NA,74.4393,89.42141,103.134,8,NA,NA,90.8,74.8,0.21
2005-08-17,0.047,GPT,92,77,77,69,0,2.281926,313.1927,50.3853,76.16946,90.4094,NA,NA,78.6438,89.42003,103.134,9,NA,NA,90.8,74.7,0.22
2005-08-18,0.058,GPT,92,76,77,72,0,2.721563,187.9341,52.2368,75.6621,93.6205,NA,NA,77.6109,90.34366,101.825,10,NA,NA,90.8,74.7,0.22
2005-08-19,0.039,GPT,92,78,77,73,0,2.5540824,203.96463,54.1779,73.317245,90.3687,NA,NA,80.6924,93.10181,103.134,7,NA,NA,90.7,74.6,0.22
2005-08-20,0.039,GPT,95,78,77,71,0,3.0990927,270.72894,49.2736,73.88303,93.0885,NA,NA,78.8,92.261986,104.708,15,21,NA,90.7,74.5,0.22
2005-08-21,0.042,GPT,95,76,78.8,71.6,0.54,2.6608515,336.28293,52.6599,79.726715,93.6205,NA,NA,77.4797,88.07965,107.149,21,33,NA,90.6,74.5,0.23
2005-08-22,0.056,GPT,92,74,76,69.8,0.01,4.30007,330.07147,53.9078,75.73487,94.14301,NA,NA,75.2,87.00917,104.302,17,24,NA,90.6,74.4,0.23
2005-08-23,0.057,GPT,93,74,78,71.6,0,3.8876483,7.496553,50.5097,77.680016,94.14301,NA,NA,75.2,89.03141,101.021,8,NA,NA,90.5,74.3,0.24
2005-08-24,0.061,GPT,91,77,77,70,1.25,3.4431262,78.13327,59.012367,79.843834,93.0885,NA,NA,77,87.53016,101.943,19,29,NA,90.5,74.2,0.22
2005-08-25,0.04,GPT,91,76,76,71.6,0,3.875785,68.94441,55.5791,75.42311,90.8013,NA,NA,77.4797,88.95632,101.943,11,17,NA,90.4,74.2,0.22
2005-08-26,0.05,GPT,93,77,78,72,0,4.7808795,43.007446,52.2368,75.85357,90.2933,NA,NA,78.6438,89.57335,102.182,9,NA,NA,90.3,74.1,0.2
2005-08-27,0.045,GPT,94,76,74,71,0,5.6552687,41.776093,47.6426,66.84327,84.9155,NA,NA,77.203,90.73044,102.15,9,NA,NA,90.2,74,0.2
2005-08-28,0.031,GPT,84.2,78.08,77,75.02,0.43,11.561061,56.267105,55.7235,77.37032,90.3687,NA,NA,78.8,88.24572,101.943,18,31,NA,90.2,73.9,0.2
2009-02-28,0.019,GPT,77,44,66.2,34,1e-4,10.910677,296.4915,62.708424,79.95645,96.9296,NA,NA,35.676853,61.461987,77,19,32.152122,NA,67.3,48.8,0.17
2009-03-01,0.042,GPT,57,35.6,30,19.9,0,16.757153,322.94586,24.2838,49.08778,69.7328,NA,NA,23.690706,37.207848,55.9,24,35,NA,67.5,49,0.16
2009-03-02,0.045,GPT,58,30.9,27,16,0,7.9385905,350.17877,20.694208,42.11873,63.452442,NA,NA,25.5303,40.309963,57,13,21.724405,NA,67.7,49.1,0.16
2009-03-03,0.036,GPT,55,34,36,18,0,4.157711,54.394707,25.816883,53.008472,89.52968,NA,NA,28.557724,42.154324,55,8,14.772596,NA,67.9,49.3,0.16
2009-03-04,0.046,GPT,64,35,50,32,0,4.0886254,121.5483,48.3071,68.38211,92.8002,NA,NA,36,51.957603,64,11,15.641572,NA,68.1,49.5,0.17
2009-03-05,0.053,GPT,68,49,55.04,50,0,6.3866014,138.4976,54.5432,76.86925,93.31721,NA,NA,52,60.233566,66.9,14,20.85543,NA,68.3,49.7,0.16
2009-03-06,0.046,GPT,72,48.9,61,50,0,6.7634335,156.97646,63.045616,83.65183,100,NA,NA,51.1,63.48317,72,13,19.117477,NA,68.5,49.9,0.17
2009-03-07,0.046,GPT,72,60,63,57.9,0,8.130495,153.6438,65.45249,86.41503,100,NA,NA,60.1,65.3575,72,12,20,NA,68.7,50.1,0.17
2009-03-08,0.048,GPT,73,62,66.02,62,0,6.991626,165.60956,75.574700000000007,92.22614,100,NA,NA,62.1,66.54229,73,12,19.986454,NA,68.8,50.2,0.16
2009-03-09,0.042,GPT,75,55.9,66.92,57,0,4.127704,164.54349,73.4019,93.01242,100,NA,NA,57,66.62847,73.9,9,15,NA,69,50.4,0.17
2009-03-10,0.042,GPT,74,64,66.02,63,0,7.0662947,165.17435,68.756775,87.84658,100,NA,NA,64.4,68.493164,73.9,11,19.986454,NA,69.2,50.6,0.15
2009-03-11,0.04,GPT,76,57,66.92,57,0,3.5031402,172.44762,70.82827,91.60469,100,NA,NA,57.2,67.294,75.9,10,13.90362,NA,69.4,50.8,0.15
2009-03-12,0.04,GPT,70,42.8,66.2,35.6,1e-4,5.321703,63.312313,54.699432,78.42827,100,NA,NA,37.9434,62.784910000000004,69.8,9,17.379524,NA,69.6,51,0.14
2009-03-13,0.036,GPT,74,60,66.02,55,1e-4,8.593162,120.80716,73.4019,85.50774,100,NA,NA,61,66.73461,73,16,21,NA,69.8,51.2,0.15
2009-03-14,0.027,GPT,76,64,69.8,64,1.44,5.4591765,186.37039,73.59218,90.77471,100,NA,NA,64.4,69.4189,75,11,19.986454,NA,70,51.4,0.15
2009-03-15,0.028,GPT,74,60,66.92,60,0.54,3.3907886,338.76917,73.4401,95.040276,100,NA,NA,60.1,65.2426,73.9,8,13.034643,NA,70.2,51.6,0.16
2009-03-16,0.027,GPT,66.2,62,66.2,62,0.07,1.8653175,11.449238,90.642,97.55682,100,NA,NA,62.1,64.36853,66.2,6,11.296691,NA,70.4,51.7,0.16
2009-03-17,0.038,GPT,78.1,54,62.6,46.9,0,4.9518495,19.0531,34.49661,80.4985,100,NA,NA,55.9,64.47524,77,11,16,NA,70.6,51.9,0.16
2009-03-18,0.044,GPT,72,50,62.1,48.9,0,4.6475925,134.02324,63.365166,83.3996,100,NA,NA,50,62.356457,72,11,18.2485,NA,70.8,52.1,0.17
2009-03-19,0.051,GPT,75,54,61,55,0,3.3356595000000002,124.13779,51.429405,80.75156,100,NA,NA,55,63.61542,75,10,13.90362,NA,71,52.3,0.17
2009-03-20,0.054,GPT,78.1,55.9,56,37.9,0,6.3642707,16.825424,27.5348,54.099926,96.0997,NA,NA,57,65.67132,78.1,12,19.117477,NA,71.2,52.5,0.17
2009-03-21,0.055,GPT,72,48,61,34,0,7.433357,109.87999,43.77553,63.087345,86.76975,NA,NA,46.979465,62.022537,72,17,22.593382,NA,71.4,52.7,0.19
2009-03-22,0.055,GPT,72,52,59,50,0,8.058619,119.87886,60.442253,74.997185,93.29195,NA,NA,54,62.704395,72,17,23,NA,71.6,52.9,0.19
2009-03-23,0.052,GPT,74,52,62.6,50,0,10.0307045,120.59794,59.20005,75.50339,92.89372,NA,NA,53.1,65.17263,73,17,24.331335,NA,71.8,53.1,0.19
2009-03-24,0.046,GPT,76,66,66.92,60.8,0.01,13.095604,135.5465,70.82827,82.06504,92.705696,NA,NA,66.2,69.93955,75,20,26.069286,NA,71.9,53.3,0.19
2009-03-25,0.041,GPT,76,69.8,69.8,66.2,1e-4,10.951152,167.82953,81.82193,88.00416,94.057,NA,NA,69.8,71.86874,75,16,27,NA,72.1,53.5,0.19
2009-03-26,0.035,GPT,72,62.6,69.8,62.1,1.38,8.213538,147.77753,77.897,91.171814,100,NA,NA,62.6,68.38116,72,22,27,NA,72.3,53.8,0.18
2009-03-27,0.043,GPT,72,62,70,62,4.24,8.465457,125.10005,78.350044,92.829315,100,NA,NA,62.1,67.079765,72,23,32.152122,NA,72.5,54,0.17
2009-03-28,0.045,GPT,73,50,71.1,39,2.37,7.5219817,263.01416,40.310017,71.47336,100,NA,NA,52,64.9305,72,21,27,NA,72.7,54.2,0.17
2009-03-29,0.045,GPT,70,47,48.02,39,0,5.2756457,310.1496,32.239624,61.023983,89.665146,NA,NA,42.365353,55.543674,70,12,21.724405,NA,72.9,54.4,0.17
2009-03-30,0.05,GPT,70,44,60.1,41,0,7.8715982,126.182465,46.94091,71.03507,96.27691,NA,NA,45,60.196575,69.1,15,21,NA,73.1,54.6,0.18
2009-03-31,0.035,GPT,79,66,73.4,59,0.39,6.08374,161.4096,75.73877,90.69139,100,NA,NA,66.2,70.09093,77,12,19.986454,NA,73.3,54.8,0.19
2009-04-02,0.04,GPT,75,62,71.1,51.1,0.92,6.3391485,174.9869,60.90284,86.30045,100,NA,NA,64.9,69.260544,73,21,38.234955,NA,73.7,55.3,0.21
2009-04-03,0.046,GPT,75,52,57.02,46,0,4.628053,288.36832,44.28716,68.37883,93.0668,NA,NA,53.1,62.738297,73,9,15.641572,NA,73.9,55.5,0.21
2009-04-04,0.055,GPT,72,54,64.94,52,0.03,8.997209,117.540596,65.34607,81.093925,96.7842,NA,NA,55,64.55375,71.1,17,22.593382,NA,74.1,55.7,0.2
2009-04-05,0.039,GPT,85,65,72,41,1e-4,7.008374,199.86667,35.93618,80.03564,96.99354,NA,NA,68,74.9011,87.58741,14,30.41417,NA,74.3,55.9,0.2
2009-04-06,0.044,GPT,66,46.9,41,28,0,13.278437,319.59265,29.626625,44.695316,65.629745,NA,NA,41.29593,55.759777,66,19,30.41417,NA,74.5,56.2,0.2
2009-04-07,0.049,GPT,63,39.9,38,25,0,6.716678,318.99863,27.2402,50.217407,84.93278,NA,NA,36.645416,48.43586,62.1,14,24.331335,NA,74.7,56.4,0.19
2009-04-08,0.062,GPT,70,37,55.04,36,0,5.987439,213.44112,39.671837,67.11605,92.783875,NA,NA,37.9,56.713886,69.1,14,22,NA,74.9,56.6,0.2
2009-04-09,0.047,GPT,73,54,64.94,53.1,0,5.969295,168.97644,63.045616,79.27875,96.7575,NA,NA,54,66.18709,72,11,19.986454,NA,75.1,56.8,0.2
2009-04-10,0.046,GPT,78.1,59,70,35.6,0,8.591067,201.15889,41.420784,83.44777,93.319046,NA,NA,59,72.09591,77,13,24.331335,NA,75.3,57.1,0.19
2009-04-11,0.048,GPT,76,60,69.1,46,0,4.8960223,0.6914946,41.239426,61.77056,90.594666,NA,NA,60.1,67.70928,73.9,11,17.379524,NA,75.5,57.3,0.2
2009-04-12,0.046,GPT,72,57,70,51.1,1e-4,13.23866,117.42364,69.88434,81.537506,94.057,NA,NA,57,66.49714,72,21,33.0211,NA,75.7,57.5,0.18
2009-04-13,0.036,GPT,79,66,71.6,57,1,6.4417305,164.77873,51.933315,84.05164,100,NA,NA,68,71.61856,75.9,14,25.200312,NA,75.9,57.8,0.19
2009-04-14,0.044,GPT,72,55,59,44.1,0,10.032101,331.79175,40.645992,61.02699,87.649635,NA,NA,55.4,62.92917,71.1,15,21.724405,NA,76.1,58,0.19
2009-04-15,0.049,GPT,76,46.9,55.04,44.6,0,3.6496859,359.76642,34.31232,65.8299,96.6573,NA,NA,46.9,60.752686,75,11,18.2485,NA,76.3,58.2,0.2
2009-04-16,0.055,GPT,72,53,57.92,48,0,5.108165,91.899994,48.532677,66.76703,89.88164,NA,NA,54,63.16977,71.1,8,15.641572,NA,76.5,58.5,0.19
2009-04-17,0.047,GPT,74,59,63,57,0,12.812282,106.74825,64.06799,78.397964,89.52252,NA,NA,60.1,67.11326,73.9,22,33.0211,NA,76.8,58.7,0.19
2009-04-18,0.047,GPT,73,62,66.2,59,1e-4,11.23866,121.80489,75.92401,83.64969,93.15526,NA,NA,62.1,68.66253,72,17,24.331335,NA,77,58.9,0.19
2009-04-19,0.044,GPT,79,66,69.8,55.9,1e-4,6.6524773,173.74446,65.21539,81.654076,93.96902,NA,NA,68,72.09212,78.1,12,24.331335,NA,77.2,59.2,0.18
2009-04-20,0.046,GPT,77,53,54,46.9,0,6.376832,318.00305,35.78099,61.486103,86.710846,NA,NA,54,65.57292,75.9,15,24.331335,NA,77.4,59.4,0.18
2009-04-21,0.064,GPT,82,48,57.92,45,1e-4,4.4801116,249.0941,31.558962,60.76926,92.7389,NA,NA,48,66.27488,80.61377,14,27,NA,77.6,59.7,0.18
2009-04-22,0.064,GPT,83,54,69.1,54,0,4.9678993,199.42952,45.657604,76.516785,96.0997,NA,NA,55.9,70.664375,83.11301,10,18.2485,NA,77.9,59.9,0.17
2009-04-23,0.052,GPT,80.1,61,69.1,60.8,0,4.884159,184.30865,62.030624,80.3637,100,NA,NA,62.1,72.67718,79,10,17.379524,NA,78.1,60.2,0.17
2009-04-24,0.05,GPT,79,69,70,64,0,8.293092,150.9905,64.21361,81.460884,94.057,NA,NA,69.8,73.618355,78.1,12,20,NA,78.3,60.4,0.16
2009-04-25,0.049,GPT,79,64,68,64,0,6.7808795,145.6634,68.494095,81.05765,100,NA,NA,64,73.26448,78.1,12,18.2485,NA,78.5,60.7,0.17
2009-04-26,0.045,GPT,80.1,68,69.1,60.1,0,13.582694,132.35536,64.21361,74.003174,83.93082,NA,NA,69.1,74.18095,79,19,25.200312,NA,78.8,60.9,0.16
2009-04-27,0.042,GPT,79,71,69.1,64,0,13.525471,127.15298,69.06545,77.529594,88.426,NA,NA,71.6,74.41368,79,18,25.200312,NA,79,61.2,0.16
2009-04-28,0.038,GPT,79,67,68,62.6,0,6.7041173,145.4057,63.89742,75.18066,93.319046,NA,NA,68,73.84864,78.8,14,19.117477,NA,79.3,61.4,0.16
2009-04-29,0.04,GPT,79,64,68,61,0,6.0579205,139.37935,57.771458,79.68189,100,NA,NA,64,72.91703,78.8,13,18.2485,NA,79.5,61.7,0.14
2009-04-30,0.037,GPT,78.1,71.6,68,64,0,8.616888,157.74872,66.26546,76.27621,87.23564,NA,NA,71.6,74.13971,78.1,15,26.069286,NA,79.7,61.9,0.14
2009-05-01,0.031,GPT,80.1,71,71.6,69.08,1e-4,6.986741,172.42126,71.34513,84.14368,94.10022,NA,NA,71.6,75.26307,83.28471,11,15.641572,NA,80,62.2,0.13
2009-05-02,0.031,GPT,81,72,71.6,66.2,0,7.572924,183.76962,69.71026,83.12287,93.4268,NA,NA,72,75.39496,83.89682,14,20,NA,80.2,62.5,0.13
2009-05-03,0.038,GPT,82,66.9,73.4,62.6,0.12,8.28053,185.41647,71.9184,85.38354,97.0174,NA,NA,66.9,74.44581,84.95402,14,23,NA,80.5,62.7,0.14
2009-05-04,0.039,GPT,81,68,73.4,66,1e-4,6.9385905,206.78896,64.451225,87.04836,100,NA,NA,68,75.438995,83.28471,13,25.200312,NA,80.7,63,0.14
2009-05-05,0.024,GPT,81,72,73.94,71.6,0.08,4.907188,182.19939,76.6996,91.69688,100,NA,NA,73,76.28572,85.80902,12,19.117477,NA,81,63.3,0.15
2009-05-06,0.03,GPT,80.6,73.4,73.94,69.98,0,9.08374,185.11176,76.1914,89.09486,100,NA,NA,73.4,76.04077,85.324425,13,22.593382,NA,81.2,63.6,0.14
2009-05-07,0.033,GPT,80.6,73,73.4,71.06,0,7.047453,196.29335,76.3613,87.507484,96.678116,NA,NA,73,76.39954,85.324425,13,20.85543,NA,81.5,63.8,0.15
2009-05-08,0.035,GPT,81,72,72,66.9,0,8.88067,191.86978,68.494095,82.99954,96.99354,NA,NA,72,76.690765,84.57122,15,22,NA,81.7,64.1,0.14
2009-05-09,0.034,GPT,83,73.9,73.94,69.08,0,7.0062804,191.23097,65.7435,80.116196,94.14301,NA,NA,75,79.62441,88.75189,10,19.117477,NA,82,64.4,0.15
2009-05-10,0.042,GPT,85,73,73.94,69.98,0,4.5024424,187.67006,62.857838,81.48022,97.0174,NA,NA,73.9,80.18862,89.369316,9,14.772596,NA,82.2,64.7,0.14
2009-05-11,0.034,GPT,86,69,72,66.9,1e-4,3.9218423,105.196815,55.044296,81.74513,100,NA,NA,69.1,77.10694,89.41204,9,14.772596,NA,82.5,65,0.13
2009-05-12,0.037,GPT,84,69,73.04,68,1e-4,6.682484,133.94841,65.7435,81.86628,100,NA,NA,69.1,78.08442,88.109215,15,20.85543,NA,82.7,65.3,0.14
2009-05-13,0.045,GPT,87.1,75.9,71.6,68,0,10.214933,142.60707,61.20137,71.433945,83.437645,NA,NA,75.9,83.11191,91.53445,14,20.85543,NA,83,65.5,0.12
2009-05-14,0.03,GPT,86,78,71.6,69.08,0,6.0488486,146.27426,60.952366,69.873856,78.621,NA,NA,78.8,84.14317,90.15505,11,18.2485,NA,83.2,65.8,0.12
2009-05-15,0.028,GPT,87.1,72,72,64.4,0.01,4.2554083,138.01607,58.95082,71.83983,90.32327,NA,NA,73,82.7413,90.72519,10,15.641572,NA,83.5,66.1,0.12
2009-05-16,0.033,GPT,86,71,72,62.96,1e-4,4.5966506,139.92607,54.49604,70.635155,90.974266,NA,NA,71.1,81.339005,90.72519,11,18.2485,NA,83.7,66.4,0.13
2009-05-17,0.027,GPT,85,61,70,53.96,0.02,9.07746,11.843278,58.692406,77.09748,88.17534,NA,NA,62.1,72.80989,87.17958,16,26.069286,NA,83.9,66.7,0.14
2009-05-18,0.038,GPT,77,55.9,57.92,44.96,0,10.066993,14.21659,48.30257,63.869858,78.03314,NA,NA,57,66.42748,75.9,16,24.331335,NA,84.2,67,0.13
2009-05-19,0.054,GPT,81,57.9,55.04,39,0,8.7362175,26.90438,22.334833,48.566227,80.67144,NA,NA,57.9,69.04754,79.32717,16,23,NA,84.4,67.3,0.14
2009-05-20,0.043,GPT,88,61,62.1,44.96,0,9.10328,42.145973,38.753742,50.68162,64.20016,NA,NA,61,74.75734,86.46641,14,24.331335,NA,84.6,67.6,0.15
2009-05-21,0.032,GPT,85,71,66.92,60.98,1e-4,9.247034,42.664646,55.9745,65.32714,83.98641,NA,NA,72,76.77498,83.76307,15,22.593382,NA,84.9,67.8,0.15
2009-05-22,0.035,GPT,85,72,71.6,66,0.14,9.108165,73.651,56.506313,75.09078,88.5888,NA,NA,72,77.571236,87.5973,18,26.069286,NA,85.1,68.1,0.16
2009-05-23,0.028,GPT,82,70,71.1,68,0.04,7.411026,349.17053,67.177505,82.94361,94.057,NA,NA,71.1,75.21672,84.15924,14,21,NA,85.3,68.4,0.17
2009-05-24,0.042,GPT,83,68,72,66.2,1e-4,5.08374,190.27684,69.61913,83.082115,96.29225,NA,NA,68,76.81711,87.17521,12,19.117477,NA,85.5,68.7,0.18
2009-05-25,0.044,GPT,78.1,70,71.6,66,0.27,3.8094907,207.40819,68.85131,83.62236,96.322716,NA,NA,71.1,74.61396,78.1,9,14.772596,NA,85.7,69,0.18
2009-05-26,0.046,GPT,85,72,72,68,1e-4,4.838102,213.70538,62.615204,78.81757,94.10022,NA,NA,72,79.267654,88.31077,11,19.986454,NA,85.9,69.2,0.19
2009-05-27,0.041,GPT,86,72,73.94,69.08,0,4.4152126,196.05807,60.952366,80.08661,100,NA,NA,72,81.257965,91.60043,11,16,NA,86.1,69.5,0.19
2009-05-28,0.058,GPT,88,72,75.02,66.9,1e-4,3.4647593,240.26897,58.95082,77.58865,97.0174,NA,NA,73,83.771416,94.55197,10,19.117477,NA,86.3,69.8,0.19
2009-05-29,0.042,GPT,87.1,66,64.94,57.9,0,6.209351,337.35822,39.968353,63.87886,90.0483,NA,NA,66,76.040764,84.82963,11,18.2485,NA,86.5,70,0.2
2009-05-30,0.049,GPT,88,64.9,64.04,57,0,4.413817,2.7314796,37.354286,63.69232,87.28321,NA,NA,66,76.32438,87.31296,9,15.641572,NA,86.7,70.3,0.2
2009-05-31,0.058,GPT,88,62,66.02,60.08,0,2.1353803,185.87018,44.81125,66.33575,93.53832,NA,NA,62.1,76.758385,86.88242,9,14.772596,NA,86.9,70.5,0.2
2009-06-01,0.052,GPT,89.1,64,68,60.08,0,2.1772506,181.24644,39.1666,66.11439,93.26418,NA,NA,66,78.51113,89.44426,9,13.90362,NA,87.1,70.8,0.2
2009-06-02,0.046,GPT,86,66,70,64,0,3.8101885,150.01312,51.36681,73.718605,93.26418,NA,NA,66,77.45758,88.76938,12,18.2485,NA,87.2,71,0.2
2009-06-03,0.04,GPT,85,71,72,68,0.02,3.3237963,103.470215,58.692406,79.01062,93.77152,NA,NA,72,77.2197,87.17958,8,13.90362,NA,87.4,71.3,0.2
2009-06-04,0.058,GPT,85,69,73.04,66,0.18,4.0921144,276.4653,54.77119,81.66167,100,NA,NA,69.8,77.43097,89.00622,12,26.069286,NA,87.5,71.5,0.2
2009-06-05,0.033,GPT,80.1,62,68,62.06,0,6.3817167,343.87454,61.3594,79.38668,93.96902,NA,NA,64,71.894485,78.8,12,18.2485,NA,87.7,71.7,0.21
2009-06-06,0.053,GPT,84,60,66.02,59,0,3.0146546,211.93515,46.120014,70.58212,96.878845,NA,NA,60.1,73.28122,83.69546,10,15,NA,87.8,71.9,0.21
2009-06-07,0.063,GPT,85,62,70,60.8,0,2.8073971,174.1309,52.71415,75.4122,100,NA,NA,62.1,75.020935,86.20281,9,14,NA,88,72.1,0.21
2009-06-08,0.044,GPT,85,63,75.02,62.06,0,3.9651082,188.44626,58.692406,76.70906,100,NA,NA,64,79.62085,89.40432,10,14.772596,NA,88.1,72.3,0.21
2009-06-09,0.029,GPT,90,71,75.02,68,0,4.8778787,208.26352,49.88376,73.84419,100,NA,NA,72,86.019554,95.41936,10,15.641572,NA,88.2,72.5,0.22
2009-06-10,0.035,GPT,91,71,75.2,64.9,0,5.1221213,212.0747,43.55041,73.670975,100,NA,NA,71.6,87.37987,98.29539,11,22.593382,NA,88.3,72.7,0.22
2009-06-11,0.033,GPT,91,73,73.94,66.9,0,4.8988137,220.44812,45.241203,71.58672,96.38104,NA,NA,73.9,87.526840000000007,96.62901,11,18.2485,NA,88.4,72.8,0.23
2009-06-12,0.037,GPT,91,73,75.02,66,0,4.8792744,223.95586,46.55105,68.61604,93.77152,NA,NA,73,87.86562,96.62901,11,18.2485,NA,88.5,73,0.23
2009-06-13,0.04,GPT,92,75,75.92,69.98,0,4.3349614,210.92831,50.326485,70.491,94.14301,NA,NA,75.2,89.424614,100.40434,10,22.593382,NA,88.6,73.1,0.23
2009-06-14,0.041,GPT,92,75,75.92,66.9,0,5.214236,221.0918,46.683357,69.17433,90.39978,NA,NA,75,89.31331,97.2908,12,17.379524,NA,88.7,73.3,0.23
2009-06-15,0.06,GPT,92,73.9,78.1,69.98,0,4.842289,213.4305,48.930344,72.45581,93.50594,NA,NA,75,90.62816,98.08501,9,17.379524,NA,88.8,73.4,0.24
2009-06-16,0.053,GPT,92,75.9,77,69.98,0,5.418004,210.95175,50.326485,72.00172,90.249115,NA,NA,77,91.95576,100.71375,10,18.2485,NA,88.9,73.6,0.25
2009-06-17,0.05,GPT,94,75,77,71.06,1e-4,4.9678993,222.91646,47.73699,71.38319,93.52941,NA,NA,75,92.67053,101.86564,11,19.117477,NA,89,73.7,0.26
2009-06-18,0.046,GPT,95,75,78.1,64.9,0,4.6685276,231.64484,39.652657,69.41361,93.55792,NA,NA,75.9,93.75516,105.72785,10,15.641572,NA,89.1,73.8,0.24
2009-06-19,0.053,GPT,96.1,75.9,79,69,0,3.8520586,233.61902,41.649857,69.70689,97.0415,NA,NA,75.9,94.114204,105.72785,9,17.379524,NA,89.1,73.9,0.24
2009-06-20,0.049,GPT,95,78,78.1,71.06,0,4.982554,228.51025,47.73699,71.15268,96.42644,NA,NA,78.1,94.65406,107.24766,10,15.641572,NA,89.2,74,0.26
2009-06-21,0.041,GPT,97,77,77,66.9,0,3.3496163,253.79382,43.09826,65.56635,90.21457,NA,NA,78.1,92.12837,105.68281,12,15.641572,NA,89.3,74.1,0.25
2009-06-22,0.05,GPT,100,78,77,68,0,5.905792,283.85266,39.329197,63.715557,87.6745,NA,NA,78.1,93.96512,106.55125,12,18.2485,NA,89.3,74.2,0.25
2009-06-23,0.055,GPT,102,78,75.92,69.98,0,5.6985345,281.3706,39.329197,60.63996,84.35599,NA,NA,78.1,95.847946,108.65001,12,19.117477,NA,89.4,74.2,0.25
2009-06-24,0.056,GPT,99,77,79,71.06,0,4.3545012,263.22192,44.607655,64.82354,81.89149,NA,NA,79,95.208626,107.22693,10,15.641572,NA,89.4,74.3,0.24
2009-06-25,0.069,GPT,93,75,79,73,0,4.560363,144.74411,59.701164,77.07588,94.18534,NA,NA,77,93.01276,104.506775,13,24.331335,NA,89.5,74.4,0.23
2009-06-26,0.056,GPT,93,77,78.8,71.96,0,4.315422,163.0988,55.7715,73.8744,94.2687,NA,NA,78.1,95.37741,103.05586,9,26.938263,NA,89.6,74.4,0.23
2009-06-27,0.053,GPT,93,78,79,75.2,0,5.2588973,192.28217,59.701164,72.91115,92.96513,NA,NA,78.1,98.179596,107.793,11,17.379524,NA,89.6,74.5,0.24
2009-06-28,0.051,GPT,96.1,75.2,79,71.6,0.72,3.6441033,210.00827,54.229195,75.35504,100,NA,NA,75.2,94.71806,109.943,19,27,NA,89.7,74.5,0.24
2009-06-29,0.052,GPT,97,77,79,75,0.29,3.0251222,274.57498,52.624714,84.4356,96.42644,NA,NA,78.1,89.17797,107.393974,19,25.200312,NA,89.7,74.6,0.23
2009-06-30,0.063,GPT,93,74,75.92,62.96,0,3.8101885,119.270874,38.39251,70.817795,100,NA,NA,75,84.0524,94.41397,11,17.379524,NA,89.7,74.6,0.24
2009-07-01,0.069,GPT,98.1,72,78.1,62.96,0,3.6845777,203.84904,31.7087,67.72417,97.0415,NA,NA,73,89.67251,100.28098,11,18.2485,NA,89.8,74.6,0.24
2009-07-02,0.076,GPT,98.1,75,78.1,66,1e-4,4.1304955,257.4194,40.119965,66.08525,93.60928,NA,NA,77,92.02351,105.72785,10,24.331335,NA,89.8,74.7,0.24
2009-07-03,0.056,GPT,96.1,72,79,69.08,0,2.721563,188.84956,49.088055,69.050735,90.32327,NA,NA,73,91.59159,106.88772,8,13.034643,NA,89.9,74.7,0.25
2009-07-04,0.053,GPT,95,75,79,69.98,2.12,4.196092,212.87039,53.958176,81.43734,100,NA,NA,75,91.00138,108.924835,29,41,NA,89.9,74.7,0.25
2009-07-05,0.032,GPT,94,78,79,69.8,0.19,3.6971388,291.78882,52.348576,76.03148,96.45527,NA,NA,78.1,95.87997,106.12244,13,39.10393,NA,90,74.7,0.25
2009-07-06,0.021,GPT,86,73.4,78.1,71.6,0.23,3.5498953,303.44,77.28062,89.10935,100,NA,NA,73.4,83.03818,95.3566,11,20,NA,90,74.8,0.25
2009-07-07,0.032,GPT,89.1,71.6,75.92,71.06,1.16,3.546406,260.0711,64.954704,89.54913,100,NA,NA,71.6,79.83961,96.557755,13,29,NA,90,74.8,0.25
2009-07-08,0.048,GPT,90,73,77,69.08,0.76,4.0495462,259.97055,55.5791,84.36051,100,NA,NA,73.9,81.7534,97.2908,11,31.283144,NA,90.1,74.8,0.25
2009-07-09,0.046,GPT,92,72,77,69.08,0.01,2.9016051,198.9319,48.800888,78.820984,100,NA,NA,72,86.4131,99.5694,10,28,NA,90.1,74.8,0.26
2009-07-10,0.048,GPT,90,73,77,69.98,1e-4,3.970691,162.88872,65.13056,82.356476,100,NA,NA,73,87.38808,103.10775,15,20.85543,NA,90.2,74.8,0.26
2009-07-11,0.05,GPT,90,75.9,78.8,73,0,3.4898813,157.07016,63.01707,80.26876,100,NA,NA,75.9,86.466034,96.62901,10,14.772596,NA,90.2,74.9,0.26
2009-07-12,0.051,GPT,90,73.9,75.92,69.98,1e-4,2.8053036,202.86165,53.424034,81.893196,100,NA,NA,73.9,84.889786,97.814644,9,19.117477,NA,90.3,74.9,0.27
2009-07-13,0.043,GPT,96.1,73,77,69.8,0.22,2.6168876,331.04526,50.72025,84.48919,100,NA,NA,73.9,85.17064,105.72785,26,40,NA,90.3,74.9,0.25
2009-07-14,0.041,GPT,92,75,78.1,71.96,0.08,2.8046057,340.8428,57.93478,84.684715,100,NA,NA,75,83.69929,103.05586,10,28,NA,90.3,74.9,0.23
2009-07-15,0.048,GPT,91,73.9,77,73.9,0,2.2609909,205.31401,59.26213,80.281166,100,NA,NA,75,88.817566,103.10775,9,19.117477,NA,90.4,74.9,0.23
2009-07-16,0.036,GPT,91,75.9,77,71.06,0,2.2358687,264.29224,60.966244,81.37023,96.42644,NA,NA,77,86.51741,101.64724,11,19.117477,NA,90.4,74.9,0.22
2009-07-17,0.039,GPT,91,73,75.92,69.08,1e-4,3.2756455,247.86696,60.966244,81.2557,96.678116,NA,NA,73,82.87985,98.85556,9,20.85543,NA,90.5,74.9,0.22
2009-07-18,0.045,GPT,91,73.9,73.94,64.9,1e-4,4.115841,339.97656,44.802727,68.945854,96.38104,NA,NA,73.9,84.16781,93.16877,9,17.379524,NA,90.5,74.9,0.22
2009-07-19,0.043,GPT,91,70,68,57,0,5.8374043,358.5355,32.906002,54.353138,78.860830000000007,NA,NA,72,80.14711,88.885185,13,19.986454,NA,90.5,75,0.22
2009-07-20,0.052,GPT,88,66.9,69.1,59,0,4.3545012,156.8815,40.3023,59.267097,76.01463,NA,NA,69.1,80.825714,88.41733,12,18.2485,NA,90.6,75,0.2
2009-07-21,0.05,GPT,89.1,72,72,64,0,5.150035,177.51672,44.952454,63.263317,90.594666,NA,NA,72,83.81384,89.799,10,38.234955,NA,90.6,75,0.21
2009-07-22,0.045,GPT,90,77,75.02,66.9,0,3.995115,207.75702,53.9078,65.569496,81.55377,NA,NA,78.1,88.654945,97.814644,10,19.117477,NA,90.7,75,0.22
2009-07-23,0.045,GPT,93,77,75.92,69.98,1e-4,2.5959525,277.9942,51.93074,71.91879,87.48222,NA,NA,77,89.27015,99.3201,7,13.034643,NA,90.7,75,0.21
2009-07-24,0.057,GPT,91,73.9,73.04,66,0,3.7536635,130.10828,46.991474,63.481457,84.35599,NA,NA,75,85.15805,95.935555,9,14.772596,NA,90.7,75,0.21
2009-07-25,0.057,GPT,93,73.9,75.02,66.9,0,3.517097,189.65594,45.241203,70.63936,90.73938,NA,NA,75,88.05035,99.6704,11,18.2485,NA,90.8,75,0.21
2009-07-26,0.044,GPT,93,73,75.92,68,0.02,3.1939986,273.65622,44.149624,75.02834,94.14301,NA,NA,73.9,86.63021,100.53279,16,21,NA,90.8,75,0.21
2009-07-27,0.026,GPT,88,71,77,69.98,1e-4,1.6329379,241.41249,64.954704,83.905106,93.79415,NA,NA,72,82.06518,97.55716,7,13.90362,NA,90.8,75,0.22
2009-07-28,0.024,GPT,89.1,75,78.8,73,0.3,2.824843,193.58315,67.49169,86.98584,97.0415,NA,NA,75,83.13221,102.372,11,21,NA,90.9,75.1,0.23
2009-07-29,0.022,GPT,90,75.9,79,71.06,0,5.8695045,199.89929,59.092064,79.04933,97.0415,NA,NA,75.9,95.536285,104.68358,13,22.593382,NA,90.9,75.1,0.23
2009-07-30,0.022,GPT,92,75,80.6,71.6,0.19,6.2728543,196.29863,65.26648,79.756744,90.172104,NA,NA,75.2,97.90546,110.87915,13,29,NA,90.9,75.1,0.22
2009-07-31,0.027,GPT,92,77,81,73.9,1.04,3.1772506,230.80646,61.48733,82.36274,96.41042,NA,NA,77,93.621445,106.0642,15,26.069286,NA,90.9,75.1,0.22
2009-08-01,0.027,GPT,93,78,79,69.8,0.11,1.6748081,226.51248,63.690865,84.35607,97.07845,NA,NA,78.1,88.034195,104.506775,17,29,NA,91,75.1,0.21
2009-08-02,0.031,GPT,90,75,77,69.08,0,2.4556873,310.94504,59.21356,78.81975,97.0415,NA,NA,75.9,86.28375,98.85556,11,18.2485,NA,91,75.1,0.21
2009-08-03,0.034,GPT,92,75,78.8,69.98,1e-4,3.3907886,246.00133,55.5791,77.813324,97.0415,NA,NA,75,88.55621,101.825516,9,NA,NA,91,75.1,0.22
2009-08-04,0.046,GPT,93,75,77,73,0,2.889044,222.649,53.958176,73.62602,97.0415,NA,NA,75.9,91.3627,103.14688,11,14,NA,91,75.1,0.22
2009-08-05,0.033,GPT,95,77,78.1,71.06,1e-4,4.0160503,325.5967,49.1197,75.410194,92.96513,NA,NA,78.1,89.62866,104.555,11,18,NA,91,75.1,0.23
2009-08-06,0.049,GPT,91,75,77,69.98,0,3.4333565,196.46486,61.241543,75.69053,93.52941,NA,NA,75.9,88.03745,101.64724,8,14,NA,91,75.1,0.23
2009-08-07,0.048,GPT,92,73.9,75.02,71,0,5.359386,133.89418,52.247787,73.46678,93.79415,NA,NA,73.9,89.2564,100.5627,14,17,NA,91,75,0.21
2009-08-08,0.028,GPT,89.1,75,77,73,0.64,8.193301,130.39384,65.49481,78.516075,96.38104,NA,NA,75,89.22303,97.814644,17,45.186764,NA,91,75,0.21
2009-08-09,0.025,GPT,91,75.9,79,73.4,0.12,4.00977,152.08289,66.5536,82.74256,97.0415,NA,NA,75.9,89.46173,104.70304,11,25.200312,NA,91,75,0.2
2009-08-10,0.024,GPT,91,75.9,79,75.9,1e-4,1.7773901,190.19395,65.72114,85.32927,96.45527,NA,NA,77,89.80471,103.10775,9,13.90362,NA,91,75,0.19
2009-08-11,0.034,GPT,93,75,79,73,0.03,2.6769016,285.927,59.2413,86.10447,97.07845,NA,NA,75,85.1357,105.74793,18,31.283144,NA,91,75,0.19
2009-08-12,0.032,GPT,91,75,78.1,73,0.15,2.7543614,304.55722,59.26213,84.069405,97.0415,NA,NA,75.2,83.91575,99.26306,9,17.379524,NA,91,74.9,0.19
2009-08-13,0.05,GPT,93.2,73.9,77,60.8,0.07,2.9155617,137.04877,34.1129,78.657196,97.0415,NA,NA,73.9,87.06683,100.71375,11,13.90362,NA,90.9,74.9,0.19
2009-08-14,0.048,GPT,90,73.9,75.92,73,0,3.517097,139.29437,61.241543,78.295944,93.55792,NA,NA,75,87.75355,100.40434,10,17.379524,NA,90.9,74.9,0.2
2009-08-15,0.037,GPT,89.1,75.9,75.92,73.4,0.02,6.789253,111.19154,63.124584,78.972374,94.18534,NA,NA,77,87.96916,97.814644,14,19.117477,NA,90.9,74.8,0.22
2009-08-16,0.031,GPT,88,73,77,73,1.28,4.3754363,93.336044,67.27328,84.94926,100,NA,NA,73.4,84.668365,97.55716,11,15.641572,NA,90.8,74.8,0.21
2009-08-17,0.034,GPT,89.1,75.9,78.1,73.4,0.71,3.0195394,125.04872,65.49481,84.56672,96.41042,NA,NA,77,85.429344,98.85556,11,17.379524,NA,90.8,74.7,0.22
2009-08-18,0.022,GPT,88,75,77,71.06,0.34,3.0544312,124.10851,65.49481,83.159515,100,NA,NA,75,85.269196,97.814644,8,15,NA,90.8,74.7,0.22
2009-08-19,0.026,GPT,85,75,78.1,73,0.11,3.4368458,138.19879,71.73187,86.28223,100,NA,NA,75.2,83.98878,94.94337,12,60.82834,NA,90.7,74.6,0.22
2009-08-20,0.022,GPT,87.1,78,79,73.9,0.09,2.5840893,169.35487,71.73187,84.265434,93.637276,NA,NA,79,90.778305,101.51988,7,16,NA,90.7,74.5,0.22
2009-08-21,0.024,GPT,90,73,79,71.6,1.48,3.0069783,279.57745,66.5536,88.17459,100,NA,NA,73.9,83.65677,106.0642,12,23,NA,90.6,74.5,0.23
2009-08-22,0.039,GPT,91,71,73.94,60.08,0,4.6224704,354.11472,37.83043,71.82055,100,NA,NA,72,80.2534,90.96614,11,20.85543,NA,90.6,74.4,0.23
2009-08-23,0.04,GPT,86,68,64.94,57,0,4.716678,7.9186454,38.58478,61.330227,87.03324,NA,NA,68,75.86009,85.15558,12,17.379524,NA,90.5,74.3,0.24
2009-08-24,0.041,GPT,87.1,63,63,59,0,4.214236,8.3001795,40.137066,64.054535,93.56222,NA,NA,63,75.47505,85.4689,11,21.724405,NA,90.5,74.2,0.22
2009-08-25,0.048,GPT,87.1,64.9,66.92,59,0,1.6748081,18.495703,42.797188,69.74651,90.642,NA,NA,64.9,75.23085,84.31911,5,11.296691,NA,90.4,74.2,0.22
2009-08-26,0.054,GPT,86,66,69.1,64,1e-4,1.8841591,170.7855,49.437626,72.992386,96.24429,NA,NA,66,77.00682,87.73048,8,1.7379525,NA,90.3,74.1,0.2
2009-08-27,0.044,GPT,87.1,71,69.1,66.2,0.18,5.0362873,31.553743,55.044296,75.986984,90.594666,NA,NA,71.1,77.54567,90.11007,11,19.117477,NA,90.2,74,0.2
2009-08-28,0.052,GPT,90,68,73.94,66,0.46,3.94836,215.82765,53.6358,76.870476,94.14301,NA,NA,68,82.379,94.55197,11,17.379524,NA,90.2,73.9,0.2
2009-08-29,0.055,GPT,92,73.9,75.02,69.98,0,3.8646197,224.74463,53.9078,74.33237,97.0415,NA,NA,73.9,86.50741,98.08501,8,18,NA,90.1,73.7,0.19
2009-08-30,0.051,GPT,88,75,78.1,71.6,0.22,2.8143754,264.26355,65.26648,77.273476,96.42644,NA,NA,75.9,86.90843,96.557755,8,19.117477,NA,90,73.6,0.2
2009-08-31,0.043,GPT,89.1,71,73.04,68,0,4.765527,22.942963,53.147194,77.74135,94.05696,NA,NA,71.1,80.25499,90.6426,8,14.772596,NA,89.9,73.5,0.19
2009-09-01,0.044,GPT,91,72,70,59,0,4.9972085999999996,9.109698,35.3574,56.623672,79.47427,NA,NA,73,81.182175,89.66391,10,14.772596,NA,89.8,73.4,0.2
2009-09-02,0.047,GPT,91,68,71.1,60.98,1e-4,5.7585487,17.585827,36.795143,61.720413,87.03324,NA,NA,68,81.08097,91.55781,11,26.069286,NA,89.7,73.3,0.2
2009-09-03,0.044,GPT,90,73,72,68,0,4.9727845,68.37584,53.147194,72.64963,84.972496,NA,NA,73,82.12007,92.246544,10,13.034643,NA,89.6,73.1,0.18
2009-09-04,0.037,GPT,89.1,73.9,73.04,69.08,1e-4,6.302861,64.808914,53.424034,72.62969,84.972496,NA,NA,73.9,83.857,94.55197,12,19.986454,NA,89.5,73,0.19
2009-09-05,0.037,GPT,90,75,75.92,71.6,0.31,5.8046055,115.97365,60.966244,76.34419,93.50594,NA,NA,75,87.82006,98.85556,11,15.641572,NA,89.4,72.8,0.19
2009-09-06,0.033,GPT,89.1,73.9,75.92,71.06,0.61,5.803908,96.63599,63.124584,78.77499,93.79415,NA,NA,73.9,83.926636,98.85556,18,25.200312,NA,89.3,72.7,0.19
2009-09-07,0.031,GPT,88,73.9,75.02,71.06,1e-4,4.459874,100.051994,60.923714,77.23704,94.14301,NA,NA,73.9,85.04759,95.41936,8,14.772596,NA,89.2,72.5,0.2
2009-09-08,0.032,GPT,87.1,75,75.2,71.6,0.2,4.5533843,118.64111,69.59207,81.33203,94.14301,NA,NA,75.2,83.422005,95.1851,18,26.069286,NA,89.1,72.4,0.2
2009-09-09,0.035,GPT,88,73,75.2,71.06,0,4.3963714,120.93911,60.923714,77.324554,93.50594,NA,NA,73.9,85.29261,96.557755,11,21.724405,NA,89,72.2,0.21
2009-09-10,0.039,GPT,89.1,75.9,75.92,69.98,0,5.36776,122.65084,57.427124,76.550026,93.55792,NA,NA,77,86.28442,99.3201,16,22,NA,88.8,72,0.21
2009-09-11,0.031,GPT,86,73.4,75.02,69.8,0.67,7.205164,88.498,65.257545,84.135155,94.14301,NA,NA,73.4,80.36449,93.9102,16,21.724405,NA,88.7,71.8,0.21
2009-09-12,0.03,GPT,82,73,75.2,69.8,2.02,9.040475,75.247574,74.24337,89.179825,94.18534,NA,NA,73,77.45674,87.39306,17,24.331335,NA,88.5,71.6,0.22
2009-09-13,0.023,GPT,87.1,73,78.8,71.06,0.72,5.3831124,94.44962,77.28062,89.1707,94.18534,NA,NA,73,80.98699,99.382,11,16,NA,88.4,71.4,0.19
2009-09-14,0.038,GPT,90,75,78.8,73,0.15,5.6385207,150.44026,67.61098,82.60793,94.14301,NA,NA,75,87.49021,101.825516,13,24.331335,NA,88.3,71.2,0.18
2009-09-15,0.039,GPT,89.6,78.8,80.1,71.96,0.01,7.078158,198.51375,59.012367,74.9279,91.28943,NA,NA,78.8,91.95233,98.48244,15,26.069286,NA,88.1,71,0.18
2009-09-16,0.045,GPT,89.1,78,75.92,73,0,5.5310535,184.2403,67.393654,74.75048,86.949745,NA,NA,78.1,90.113754,97.55716,12,17.379524,NA,87.9,70.8,0.17
2009-09-17,0.046,GPT,88,77,75.92,73,1e-4,5.1137476,172.09554,63.124584,73.359505,90.21457,NA,NA,78.1,90.896095,97.814644,9,15.641572,NA,87.8,70.6,0.16
2009-09-18,0.04,GPT,90,77,77,73,0.01,4.145848,176.42783,67.61098,79.08276,90.249115,NA,NA,77,89.18788,101.825516,12,19.117477,NA,87.6,70.3,0.15
2009-09-19,0.045,GPT,88,78,77,73,0.19,4.2903,191.34346,65.49481,76.2531,90.249115,NA,NA,78.8,90.3451,98.85556,8,27,NA,87.4,70.1,0.14
2009-09-20,0.042,GPT,89.1,75,77,73,0,3.3642707,171.04948,63.124584,75.93757,93.52941,NA,NA,75.9,90.354355,99.3201,7,12.165668,NA,87.2,69.8,0.14
2009-09-21,0.027,GPT,90,75.9,78.8,75,0,4.508723,150.0623,66.3535,77.55687,93.55792,NA,NA,77,93.117645,103.35916,10,14.772596,NA,87,69.5,0.13
2009-09-22,0.017,GPT,88,75.2,79,73.4,1.21,4.9519835,125.71348,72.597,86.52265,97.0415,NA,NA,75.2,87.77035,101.6927,14,23,NA,86.8,69.3,0.13
2009-09-23,0.028,GPT,89.1,75.2,78.8,73,0,4.295185,119.99077,69.448425,83.276276,94.18534,NA,NA,75.2,87.58345,102.372,13,19.117477,NA,86.6,69,0.15
2009-09-24,0.034,GPT,91,75.9,77,73,0,3.6803908,107.95052,59.147587,79.5672,93.52941,NA,NA,75.9,87.16125,101.64724,9,13.034643,NA,86.4,68.7,0.14
2009-09-25,0.026,GPT,90,75,77,73,0,2.9727843,138.29228,65.18404,80.72384,93.55792,NA,NA,75.9,87.29506,100.40434,8,13.90362,NA,86.2,68.4,0.16
2009-09-26,0.021,GPT,87.1,75,77,73,0.36,1.9623169,285.9838,69.799286,87.19519,94.18534,NA,NA,75,81.4616,94.98124,8,21.724405,NA,86,68.1,0.15
2009-09-27,0.041,GPT,92,71.6,75.02,64.9,0,2.3447313,279.7257,42.205044,77.38091,100,NA,NA,71.6,82.46374,94.78818,6,12.165668,NA,85.7,67.8,0.15
2009-09-28,0.036,GPT,93,75,77,69.08,0.05,4.1388693,298.3514,52.372917,73.20638,90.21457,NA,NA,78.1,90.14714,99.6704,10,18.2485,NA,85.5,67.4,0.15
2009-09-29,0.035,GPT,82,64.9,64.94,48,0,5.441033,359.48672,30.512966,52.828568,81.18729,NA,NA,64.9,72.45251,80.72889,12,15.641572,NA,85.2,67.1,0.16
2009-09-30,0.047,GPT,83,57,59,46.9,0,2.157711,9.840577,29.276169,60.611477,89.48413,NA,NA,57,68.551994,80.526924,7,10.427715,NA,85,66.8,0.15
2009-10-01,0.054,GPT,83,57.9,63,55,0,2.9309142,161.64995,42.629578,65.81206,89.48413,NA,NA,59,72.61376,82.60356,7,13.034643,NA,84.7,66.4,0.14
2009-10-02,0.036,GPT,87.1,71,72,62.06,0.41,3.8443825,262.9072,52.994083,69.85418,89.93965,NA,NA,71.1,78.91551,88.76938,10,22,NA,84.5,66,0.14
2009-10-03,0.052,GPT,86,71,70,60.98,0,4.766225,73.7854,51.36681,68.55728,83.93082,NA,NA,71.1,79.2287,88.76938,9,15.641572,NA,84.2,65.7,0.14
2009-10-04,0.03,GPT,84,75,78.8,64,0.73,5.358688,122.37834,68.63514,78.10955,94.2687,NA,NA,75,81.3256,91.2283,16,25.200312,NA,83.9,65.3,0.14
2009-10-05,0.028,GPT,89.1,77,78.8,73.4,1.31,3.5875785,234.65457,66.3535,84.13614,94.18534,NA,NA,77,86.325645,98.867195,8,16,NA,83.6,64.9,0.13
2009-10-06,0.026,GPT,88,75,80.1,73,0,3.850663,185.32117,70.00456,83.74706,94.14301,NA,NA,75,90.27338,103.14097,9,14.772596,NA,83.3,64.5,0.13
2009-10-07,0.026,GPT,92,80,80.6,73,0.5,3.311933,184.05362,63.690865,82.38655,90.92372,NA,NA,85.75063,95.709206,107.537605,8,17.379524,NA,83,64.1,0.12
2009-10-08,0.021,GPT,89.1,78,79,75.2,0.01,5.2791348,163.00954,72.597,81.83145,94.22723,NA,NA,78.1,94.04501,102.983215,11,17.379524,NA,82.7,63.7,0.13
2009-10-09,0.023,GPT,91,71,79,66.2,0.31,8.183531,195.66962,65.72114,79.145065,90.594666,NA,NA,71.1,92.58852,104.70304,23,34,NA,82.4,63.2,0.13
2009-10-10,0.025,GPT,85,69,69.1,64.9,1e-4,4.940684,356.05807,56.23738,79.40462,93.40279,NA,NA,69.1,74.83821,87.17958,10,15.641572,NA,82.1,62.8,0.11
2009-10-11,0.018,GPT,81,69,70,64.4,1e-4,5.697139,30.513065,61.58435,81.1107,88.507805,NA,NA,69.1,73.57579,83.01213,9,13.034643,NA,81.7,62.4,0.11
2009-10-12,0.019,GPT,89.1,71,78.1,68,0.31,3.879972,98.85724,67.49169,84.495895,94.14301,NA,NA,71.1,80.496765,100.28098,13,20,NA,81.4,62,0.11
2009-10-13,0.019,GPT,84,71.6,78.8,69.8,0.06,4.63224,92.318405,77.11626,88.687965,94.2687,NA,NA,71.6,80.931725,90.88469,10,22.593382,NA,81.1,61.5,0.11
2009-10-14,0.02,GPT,88,73.4,78.1,71.6,0.61,2.721563,42.027653,71.92741,85.565575,94.14301,NA,NA,73.4,82.78925,97.15324,16,21,NA,80.7,61.1,0.12
2009-10-15,0.029,GPT,89.1,71.6,77,69.08,0.57,4.1304955,267.88474,60.966244,80.06074,94.14301,NA,NA,71.6,85.75385,100.40434,24,40,NA,80.4,60.6,0.11
2009-10-16,0.023,GPT,75,56,71.6,44.96,0.21,10.5101185,354.34103,56.700623,74.18036,94.10022,NA,NA,59,66.23866,73.9,18,26.069286,NA,80,60.2,0.12
2009-10-17,0.027,GPT,67,48,46.94,39.9,0,8.935799,341.61166,43.355286,63.395073,86.06188,NA,NA,50,56.63273,66.9,17,26.069286,NA,79.7,59.7,0.13
2009-10-18,0.033,GPT,66,44,44.1,35.06,0,7.3914859999999996,354.60754,32.882504,60.470547,88.76556,NA,NA,41.549988,53.28569,66,15,23,NA,79.3,59.3,0.12
2009-10-19,0.038,GPT,68,44,48.92,37.9,0,2.2609909,103.32013,36.82285,66.627556,89.49497,NA,NA,42.52106,54.878284,66.9,7,11.296691,NA,79,58.8,0.13
2009-10-20,0.041,GPT,77,48.9,59,44.06,0,4.5219817,101.315186,46.568714,67.5256,86.326836,NA,NA,48.9,63.659245,77,11,14.772596,NA,78.6,58.3,0.12
2009-10-21,0.036,GPT,81,61,66.02,53.06,0,10.824843,98.12261,58.09791,68.456985,77.60761,NA,NA,62.1,72.13464,82.78963,21,30.41417,NA,78.2,57.9,0.12
2009-10-22,0.037,GPT,83,70,73.94,64.9,0.01,10.549895,132.3385,67.617035,79.80139,87.48222,NA,NA,70,77.23959,87.56764,17,25.200312,NA,77.9,57.4,0.11
2009-10-23,0.03,GPT,79,57,73.94,51.08,1e-4,6.722959,283.8456,41.722034,68.068146,84.5785,NA,NA,57.2,70.908585,79,14,22.593382,NA,77.5,57,0.11
2009-10-24,0.024,GPT,69.1,50,53.1,44.96,0,3.795534,328.0631,43.516895,71.93885,89.12907,NA,NA,50,58.25651,69.1,10,17.379524,NA,77.2,56.5,0.11
2009-10-25,0.031,GPT,70,46.9,54,44.06,0,1.9260293,115.014786,43.509964,73.85385,89.921104,NA,NA,45.72197,57.884857,68,8,12.165668,NA,76.8,56.1,0.11
2009-10-26,0.015,GPT,71.1,55,59,50,1e-4,4.2707605,53.28187,56.54882,73.35961,89.592415,NA,NA,55,63.20635,70,8,12.165668,NA,76.4,55.7,0.1
2009-10-27,0.02,GPT,74,58,66.92,57.2,0.49,3.5819957,51.54689,68.9449,82.75944,93.879135,NA,NA,62.1,67.617584,73.4,12,18.2485,NA,76.1,55.2,0.12
2009-10-28,0.026,GPT,73,57,62.6,55,0,4.102582,88.13225,61.150173,75.635086,93.008835,NA,NA,57,66.36593,72,11,14.772596,NA,75.7,54.8,0.11
2009-10-29,0.014,GPT,82.4,71.06,75.92,62.06,0,11.224704,119.255905,73.2155,87.16947,100,NA,NA,71.1,78.80084,89.476,15,19,NA,75.4,54.4,0.11
2009-10-30,0.033,GPT,82.4,62,77,59,0,11.555478,136.60583,78.90113,91.25087,100,NA,NA,62,76.90481,89.47595,15,23,NA,75,54,0.11
2009-10-31,0.029,GPT,66.2,50,59,42.8,0,8.712491,330.70224,42.5691,78.04655,93.78725,NA,NA,50,57.95171,66.2,15,21,NA,74.7,53.6,0.11
2010-02-28,0.01,GPT,65,36,44.1,33.98,0,3.6845777,242.81128,33.9192,67.45485,92.7153,NA,NA,35.96,50.155163,64.04,11,19.117477,NA,67.3,48.8,0.17
2010-03-01,0.048,GPT,62.1,39.9,52,39,1.85,9.564549,57.66767,49.7267,82.85203,100,NA,NA,35.9325,47.048763,60.98,29,40,NA,67.5,49,0.16
2010-03-02,0.034,GPT,47,41,44.1,32,0.07,11.681088,322.14764,67.2174,77.562225,96.628975,NA,NA,32.7632,37.34099,43.8154,18,29,NA,67.7,49.1,0.16
2010-03-03,0.042,GPT,57,39,33.1,28,0,7.8792744,322.5998,36.535843,54.63272,73.19082,NA,NA,35.19956,43.276028,57.02,13,20,NA,67.9,49.3,0.16
2010-03-04,0.047,GPT,62.1,30,37.94,24.08,0,3.790649,342.70728,24.1464,65.27278,96.5228,NA,NA,30.92,44.506798,60.98,11,19.117477,NA,68.1,49.5,0.17
2010-03-05,0.043,GPT,61,31,39.92,24.98,0,1.9260293,90.5565,26.2205,66.90048,96.46132,NA,NA,29.9232,45.472046,60.98,7,13.90362,NA,68.3,49.7,0.16
2010-03-06,0.05,GPT,64,34,39.92,24.98,0,3.1402652,106.83842,23.377022,64.6349,95.8601,NA,NA,32.0445,46.687893,62.96,9,12.165668,NA,68.5,49.9,0.17
2010-03-07,0.06,GPT,65,34,46.04,19.9,0,2.2191207,150.33035,18.90482,66.25423,96.492714,NA,NA,33.98,50.312016,62.96,8,13.034643,NA,68.7,50.1,0.17
2010-03-08,0.055,GPT,65,45,54,44.06,0.01,3.307746,150.2906,51.7718,77.421906,96.6573,NA,NA,46.04,55.41344,62.96,8,13.90362,NA,68.8,50.2,0.16
2010-03-09,0.052,GPT,65,52,62.1,51.08,0.07,8.974878,144.9374,86.2888,92.19555,96.85247,NA,NA,53.06,59.76296,64.04,20,29,NA,69,50.4,0.17
2010-03-10,0.043,GPT,70,61,64.4,60.8,0.25,8.288206,154.44916,83.9141,93.511154,100,NA,NA,60.98,64.50037,68,12,19.986454,NA,69.2,50.6,0.15
2010-03-11,0.041,GPT,70,59,62.1,59,0.82,7.529658,135.47392,70.21416,88.05939,100,NA,NA,60.08,64.4667,69.98,16,21.724405,NA,69.4,50.8,0.15
2010-03-12,0.054,GPT,74,55,61,39,0.01,6.4856944,306.67926,30.184837,59.250896,100,NA,NA,55.04,62.64918,70.32533,16,24.331335,NA,69.6,51,0.14
2010-03-13,0.046,GPT,67,45,44.1,37,0,5.7634335,304.06534,34.237526,56.19023,88.99294,NA,NA,46.04,57.376232,66.02,16,26.069286,NA,69.8,51.2,0.15
2010-03-14,0.053,GPT,75,39.9,46.94,37.9,0,3.9776692,300.33884,27.89233,62.69387,96.5531,NA,NA,39.92,56.675617,72.40843,13,25.200312,NA,70,51.4,0.15
2010-03-15,0.04,GPT,68,46,46.04,42.98,0,6.265876,336.39502,43.573,64.6087,89.08356,NA,NA,44.73883,56.67883,66.92,14,21.724405,NA,70.2,51.6,0.16
2010-03-16,0.042,GPT,66,42,43,39.9,0.01,5.5540824,354.71484,39.964,66.18678,92.6872,NA,NA,39.1911,53.549236,66.02,14,19.986454,NA,70.4,51.7,0.16
2010-03-17,0.036,GPT,61,45,48.92,42.08,0.14,3.5226798,346.89017,53.3604,80.55645,100,NA,NA,46.04,52.207607,59,12,21.724405,NA,70.6,51.9,0.16
2010-03-18,0.037,GPT,66,44,46.04,42.08,0,4.5219817,324.49515,44.6436,70.37343,92.80975,NA,NA,46.04,54.503117,64.04,11,19.117477,NA,70.8,52.1,0.17
2010-03-19,0.053,GPT,69.1,39.9,50,39,0,2.6378229,177.29297,38.9092,72.42767,100,NA,NA,41,55.172142,68,8,14.772596,NA,71,52.3,0.17
2010-03-20,0.05,GPT,69.1,45,61,44.96,1.41,8.649686,120.63465,65.31003,85.85705,100,NA,NA,46.04,58.93933,68,21,33.0211,NA,71.2,52.5,0.17
2010-03-21,0.033,GPT,61,39.9,59,30,0.65,10.04187,266.90582,52.0165,71.35989,100,NA,NA,33.0985,44.678066,60.98,23,33,NA,71.4,52.7,0.19
2010-03-22,0.047,GPT,64,39,46.04,30,0,5.2037683,267.35614,47.86205,65.37726,86.1923,NA,NA,35.827988,47.854637,62.06,14,20,NA,71.6,52.9,0.19
2010-03-23,0.065,GPT,69.1,42,54,41,0,3.0146546,190.0511,48.60227,75.61395,96.59939,NA,NA,42.08,56.71502,69.08,8,13.90362,NA,71.8,53.1,0.19
2010-03-24,0.057,GPT,67,48,59,48,0,7.111654,126.12058,72.720665,87.84997,100,NA,NA,47.2081,58.523563,66.02,15,20,NA,71.9,53.3,0.19
2010-03-25,0.051,GPT,71.1,57,63,41,0.08,6.4159107,186.96046,41.4944,79.751564,93.83344,NA,NA,59,64.225655,70,10,19.986454,NA,72.1,53.5,0.19
2010-03-26,0.046,GPT,70,50,52,42.98,0,5.7976274,333.95703,41.8617,66.02888,92.9879,NA,NA,48.4397,58.792103,69.08,12,21.724405,NA,72.3,53.8,0.18
2010-03-27,0.053,GPT,69.1,46.9,60.1,46,0,7.431961,144.23962,61.03,80.639786,100,NA,NA,46.94,59.98705,68,16,19.986454,NA,72.5,54,0.17
2010-03-28,0.047,GPT,78.1,52,62.6,37,0,7.058618,299.32974,24.439167,62.77335,96.2503,NA,NA,51.98,65.312454,75.548645,16,27,NA,72.7,54.2,0.17
2010-03-29,0.045,GPT,72,48,43,35.96,0,8.177251,323.70364,28.794912,55.51462,79.85685,NA,NA,45.908226,57.80863,69.98,14,29,NA,72.9,54.4,0.17
2010-03-30,0.053,GPT,70,41,54,37,0,3.8939288,213.19107,31.972324,62.805325,92.6872,NA,NA,42.08,58.606537,69.98,12,19.117477,NA,73.1,54.6,0.18
2010-03-31,0.063,GPT,70,46.9,55.04,46,0,4.0614095,180.4916,51.0717,74.10304,96.6573,NA,NA,46.94,60.47718,69.98,11,14.772596,NA,73.3,54.8,0.19
2010-04-01,0.057,GPT,71.1,48.9,59,48,0,4.926029,167.14009,61.162193,76.90218,96.729576,NA,NA,48.92,63.182835,71.06,9,15.641572,NA,73.5,55,0.21
2010-04-02,0.05,GPT,73,62.6,64.04,57,0,10.933705,138.67642,61.162193,81.4055,93.83344,NA,NA,62.6,66.99926,71.96,16,21.724405,NA,73.7,55.3,0.21
2010-04-03,0.043,GPT,74,62.6,66.92,62.06,0.03,5.729937,151.96439,78.6517,91.20579,100,NA,NA,62.6,67.7749,73.04,10,17,NA,73.9,55.5,0.21
2010-04-04,0.034,GPT,73,60.8,66.2,60.08,0,4.330775,139.69545,73.3022,89.706535,100,NA,NA,60.8,67.048,71.96,8,13.034643,NA,74.1,55.7,0.2
2010-04-05,0.041,GPT,74,58,63,57,0,4.144452,131.81148,59.0816,82.50661,100,NA,NA,59,66.34257,73.94,10,13.90362,NA,74.3,55.9,0.2
2010-04-06,0.041,GPT,76,52,66.92,51.8,0,6.411026,152.79489,73.48776,85.94155,100,NA,NA,53.06,66.88445,75.02,12,19.117477,NA,74.5,56.2,0.2
2010-04-07,0.04,GPT,78.1,69,69.8,66,0,9.411724,150.84409,68.89914,85.30623,94.057,NA,NA,69.08,72.40749,77,14,19.986454,NA,74.7,56.4,0.19
2010-04-08,0.041,GPT,76,52,70,44.96,0.29,8.35799,296.76917,35.4989,66.636734,100,NA,NA,53.06,67.95693,74.59987,13,27,NA,74.9,56.6,0.2
2010-04-09,0.052,GPT,76,43,51.1,35.96,0,3.0690858,325.76288,25.8038,60.46719,95.9504,NA,NA,44.06,60.027645,73.66319,8,19.117477,NA,75.1,56.8,0.2
2010-04-10,0.056,GPT,77,53,51.1,39.9,0,5.4849963,126.59278,27.366596,57.088512,86.47225,NA,NA,53.96,64.46698,74.498375,16,21.724405,NA,75.3,57.1,0.19
2010-04-11,0.059,GPT,83,50,62.1,42.08,0,4.14515,116.39818,25.954239,67.48225,89.6957,NA,NA,51.08,65.57654,78.98585,11,19.986454,NA,75.5,57.3,0.2
2010-04-12,0.054,GPT,82,55.9,59,48.9,0,4.8520584,118.04158,32.67002,66.8755,93.74054,NA,NA,55.94,68.18161,80.96,14,20.85543,NA,75.7,57.5,0.18
2010-04-13,0.049,GPT,77,57,61,53.06,0,7.662247,123.685326,46.3372,66.21089,86.6864,NA,NA,59,68.46995,77,16,22.593382,NA,75.9,57.8,0.19
2010-04-14,0.036,GPT,80.1,59,65,53.96,0,9.339847,112.16999,59.99385,71.44919,81.294556,NA,NA,62.06,70.663185,81.88183,19,26.069286,NA,76.1,58,0.19
2010-04-15,0.045,GPT,79,61,63,57,0,8.742498,110.35408,53.9508,72.60064,90.3104,NA,NA,60.98,69.91456,78.08,20,26.069286,NA,76.3,58.2,0.2
2010-04-16,0.059,GPT,81,59,62.1,55,0,3.8709002,142.40536,43.684868,69.91152,92.5642,NA,NA,60.08,69.73958,80.90894,10,15,NA,76.5,58.5,0.19
2010-04-17,0.05,GPT,79,55.9,62.1,53.06,0,3.1256106,157.48973,43.2615,69.76197,90.1091,NA,NA,57.02,67.996605,78.98,9,14.772596,NA,76.8,58.7,0.19
2010-04-18,0.052,GPT,85,57,64.4,53.96,0.1,2.9281228,350.38596,41.2465,70.31308,89.481926,NA,NA,57.02,70.290306,83.4029,8,13.034643,NA,77,58.9,0.19
2010-04-19,0.056,GPT,85,62,62.1,43,0.02,3.1807396,23.83916,26.386,48.101727,87.05418,NA,NA,62.96,71.5083,81.7085,8,15.641572,NA,77.2,59.2,0.18
2010-04-20,0.035,GPT,74,57,55.04,44.96,1e-4,3.4556873,21.994978,41.074,55.85219,86.6864,NA,NA,59,66.208725,73.94,8,13.034643,NA,77.4,59.4,0.18
2010-04-21,0.056,GPT,81,54,62.1,46.9,0,3.4752269,198.89584,32.362045,64.29641,90.028305,NA,NA,55.04,68.86759,78.98,11,17.379524,NA,77.6,59.7,0.18
2010-04-22,0.066,GPT,80.1,57.9,64.94,55.9,0,4.2309837,158.94125,57.917896,72.97744,89.6957,NA,NA,59,70.90858,80.6766,10,17.379524,NA,77.9,59.9,0.17
2010-04-23,0.032,GPT,78.1,71,71.6,64.9,0.67,12.663643,136.45122,76.569,83.264465,94.10022,NA,NA,71.06,74.76449,78.0885,21,26.069286,NA,78.1,60.2,0.17
2010-04-24,0.029,GPT,80.1,72,73.4,69.08,0.05,10.178646,180.10791,71.7228,84.2711,94.14301,NA,NA,76.06597,79.00942,82.0793,16,27,NA,78.3,60.4,0.16
2010-04-25,0.058,GPT,88,60,69.8,51.08,0,4.9672017,234.56133,31.1455,58.717503,89.6957,NA,NA,60.98,76.03474,85.95351,12,21,NA,78.5,60.7,0.17
2010-04-26,0.052,GPT,86,60,54,44.96,0,6.3224006,302.7844,25.4818,49.814285,77.66288,NA,NA,60.98,72.145134,83.3799,14,26.069286,NA,78.8,60.9,0.16
2010-04-27,0.047,GPT,80.1,55.9,57.02,37,0.01,6.908583,323.7657,21.327,53.34617,86.57997,NA,NA,57.02,66.956535,78.76837,16,26.069286,NA,79,61.2,0.16
2010-04-28,0.052,GPT,75,48.9,55.04,42.08,0,3.9434752,174.12558,36.3556,55.01708,83.2272,NA,NA,48.92,64.53638,73.956436,10,14.772596,NA,79.3,61.4,0.16
2010-04-29,0.053,GPT,78.1,57,64.94,53.96,0,9.514306,137.5494,47.8903,67.01468,89.481926,NA,NA,57.02,70.2821,77,17,25.200312,NA,79.5,61.7,0.14
2010-04-30,0.044,GPT,80.1,71.6,73.04,64,0.01,12.214236,137.4299,73.4019,83.31775,90.8013,NA,NA,71.6,76.51004,82.0793,16,24.331335,NA,79.7,61.9,0.14
2010-05-01,0.023,GPT,81,75.2,73.94,73,0.01,12.286811,140.19673,78.7617,86.288734,94.14301,NA,NA,76.84472,80.82775,86.20199,17,22.593382,NA,80,62.2,0.13
2010-05-02,0.018,GPT,80.6,78,75.2,73,0.97,10.006281,169.78168,78.7617,86.18955,90.3345,NA,NA,80.56288,81.87257,85.324425,14,24.331335,NA,80.2,62.5,0.13
2010-05-03,0.045,GPT,90,75,75.2,55.9,2,6.494766,58.1543,32.62025,74.33228,94.18534,NA,NA,76.58367,82.035385,89.96,12,18.2485,NA,80.5,62.7,0.14
2010-05-04,0.051,GPT,92,71,71.6,59,1e-4,4.1395674,58.873196,34.2222,71.002655,94.10022,NA,NA,73.1168,80.822556,91.04,9,15.641572,NA,80.7,63,0.14
2010-05-05,0.069,GPT,88,69,72,64,0,3.517097,192.5312,47.973976,71.672966,94.01323,NA,NA,69.8,81.20647,89.434074,9,15.641572,NA,81,63.3,0.15
2010-05-06,0.063,GPT,87.1,68,71.6,64,0,2.5540824,173.72343,51.120544,71.9239,94.10022,NA,NA,69.08,79.23169,88.7806,10,12.165668,NA,81.2,63.6,0.14
2010-05-07,0.049,GPT,86,75.2,75.2,66,0,5.900907,200.1625,58.315598,68.772606,84.6417,NA,NA,75.2,84.16154,91.92432,10,16,NA,81.5,63.8,0.15
2010-05-08,0.042,GPT,84,65,75.2,48.9,0,6.037683,348.53592,41.9975,65.313126,94.14301,NA,NA,69.08,79.034195,89.00622,14,20.85543,NA,81.7,64.1,0.14
2010-05-09,0.053,GPT,84,60,59,42.98,0,4.884159,34.399075,26.386,48.257915,77.99463,NA,NA,60.08,70.19169,81.2295,12,17.379524,NA,82,64.4,0.15
2010-05-10,0.051,GPT,82,64,66.92,51.08,0,9.404745,129.09818,52.4748,61.303207,73.6791,NA,NA,64.04,74.249596,83.1929,14,22.593382,NA,82.2,64.7,0.14
2010-05-11,0.043,GPT,85,75.2,75.2,66.2,0,8.485694,152.321,65.94849,75.544235,88.74824,NA,NA,75.2,83.29028,89.61728,14,19.986454,NA,82.5,65,0.13
2010-05-12,0.032,GPT,86,78.8,75.02,73,0,11.034892,139.33089,69.64109,79.142426,84.6417,NA,NA,78.8,86.41933,92.4199,18,23,NA,82.7,65.3,0.14
2010-05-13,0.039,GPT,85,78,73.94,71.06,0,9.960223,142.84607,67.146,74.97063,84.5785,NA,NA,80.48568,85.5399,91.6606,14,20.85543,NA,83,65.5,0.12
2010-05-14,0.038,GPT,86,73,72,66.9,0,8.168877,135.23207,54.89434,73.72316,90.13999,NA,NA,74.28058,83.42085,90.81524,12,18.2485,NA,83.2,65.8,0.12
2010-05-15,0.03,GPT,84,70,75.2,66.9,3.21,6.9295187,130.49146,69.4343,80.915215,90.6553,NA,NA,71.06,80.25052,88.1401,16,22,NA,83.5,66.1,0.12
2010-05-16,0.03,GPT,77,68,72,66,1.27,2.2505233,29.446848,73.780556,87.03922,94.10022,NA,NA,69.08,73.85946,77,11,20,NA,83.7,66.4,0.13
2010-05-17,0.055,GPT,88,64.9,75.92,62.96,1e-4,3.0969994,197.16637,53.030754,78.27084,93.924324,NA,NA,66.02,79.65246,91.6606,10,16,NA,83.9,66.7,0.14
2010-05-18,0.057,GPT,88,70,75.92,64.4,1.5,4.0746684,245.80986,54.5512,78.623665,90.6553,NA,NA,71.6,82.45696,95.8571,18,23,NA,84.2,67,0.13
2010-05-19,0.045,GPT,86,68,75.02,66,0,3.7752967,151.7735,65.1269,77.89633,93.4658,NA,NA,69.08,82.239105,93.3968,10,13.90362,NA,84.4,67.3,0.14
2010-05-20,0.028,GPT,87.1,80,73.94,71.6,0.02,6.750872,175.00156,63.013,71.99888,81.6337,NA,NA,83.8657,89.04246,93.9477,11,19.117477,NA,84.6,67.6,0.15
2010-05-21,0.024,GPT,88,80.6,75.02,71.6,0,6.5750175,174.1548,59.1645,70.720856,78.76171,NA,NA,85.2676,90.29726,96.557755,10,14.772596,NA,84.9,67.8,0.15
2010-05-22,0.025,GPT,91,75.9,75.02,73,0,4.2191205,169.81496,57.64435,71.2886,90.8013,NA,NA,77.47966,90.55525,98.29539,9,16,NA,85.1,68.1,0.16
2010-05-23,0.038,GPT,92,75,73.94,68,0,1.8192602,172.12515,46.9327,67.53906,90.2171,NA,NA,76.462204,87.65762,96.7159,8,11.296691,NA,85.3,68.4,0.17
2010-05-24,0.032,GPT,96.1,73.9,73.94,68,0,3.0565248,261.51675,41.500286,68.17401,90.728714,NA,NA,75.29825,87.7105,101.02062,7,12.165668,NA,85.5,68.7,0.18
2010-05-25,0.051,GPT,92,70,75.92,66,0.1,5.9762735,66.10265,59.2413,72.99005,90.062,NA,NA,72.098915,83.12057,102.646,14,27,NA,85.7,69,0.18
2010-05-26,0.055,GPT,90,70,72,64,0.31,2.7041173,163.43565,58.9106,78.172516,90.6553,NA,NA,69.98,79.300255,93.59172,23,40,NA,85.9,69.2,0.19
2010-05-27,0.041,GPT,95,70,71.1,60.98,0,2.889044,313.8775,35.7044,65.227264,90.6553,NA,NA,69.98,84.09447,95.9667,7,17.379524,NA,86.1,69.5,0.19
2010-05-28,0.054,GPT,95,72,71.1,64.9,0,4.125611,329.74857,38.591225,63.792133,87.3539,NA,NA,72.96163,85.11932,96.3524,10,14.772596,NA,86.3,69.8,0.19
2010-05-29,0.055,GPT,90,70,72,66,0.44,4.136776,64.90057,51.83444,74.16717,94.057,NA,NA,69.98,80.79579,96.079506,16,19.986454,NA,86.5,70,0.2
2010-05-30,0.06,GPT,88,70,73.4,66.2,1e-4,4.0795536,144.81873,55.1909,74.11498,90.6553,NA,NA,69.98,81.82907,91.50387,10,16,NA,86.7,70.3,0.2
2010-05-31,0.048,GPT,88,75,73.94,69.8,0.42,3.1228192,181.55768,55.3127,71.78285,88.5888,NA,NA,76.3347,86.90933,93.06653,16,29,NA,86.9,70.5,0.2
2010-06-01,0.051,GPT,91,75,75.2,69.8,0.45,2.217725,222.29486,52.2305,79.43348,94.14301,NA,NA,76.58367,85.074165,96.6438,8,19.117477,NA,87.1,70.8,0.2
2010-06-02,0.032,GPT,89.1,73.9,75.2,68,0,3.1088626,186.59537,55.044296,75.7221,94.14301,NA,NA,76.462204,86.173874,97.814644,10,18.2485,NA,87.2,71,0.2
2010-06-03,0.028,GPT,83,72,75.2,69.8,3.49,6.3545012,126.43271,71.5869,81.93694,94.14301,NA,NA,74.59987,82.309944,88.7231,14,20,NA,87.4,71.3,0.2
2010-06-04,0.046,GPT,88,72,75.92,69.98,0.04,3.969993,165.03683,66.3535,79.77681,94.10022,NA,NA,74.28058,85.6867,97.7613,10,22.593382,NA,87.5,71.5,0.2
2010-06-05,0.028,GPT,90,75.9,79,71.06,0.11,6.817167,167.1723,65.2306,77.10706,88.90445,NA,NA,78.32156,89.809616,104.61092,15,24.331335,NA,87.7,71.7,0.21
2010-06-06,0.03,GPT,92,77,80.6,71.6,0.06,4.1388693,208.00076,59.012367,80.606926,94.3097,NA,NA,78.32156,94.74075,110.7075,9,16,NA,87.8,71.9,0.21
2010-06-07,0.049,GPT,96.1,77,80.1,73.9,0,2.8053036,62.730663,56.103287,76.928696,93.6205,NA,NA,78.80016,95.57986,110.39284,7,12.165668,NA,88,72.1,0.21
2010-06-08,0.054,GPT,92,78,75.92,68,0,5.024424,129.98534,55.838146,66.47096,84.5256,NA,NA,78.08,92.33781,103.089,9,13.034643,NA,88.1,72.3,0.21
2010-06-09,0.048,GPT,92,78,75.02,71.06,0,4.371947,158.73299,53.9078,66.51794,87.1241,NA,NA,80.62385,94.15558,101.943,9,13.90362,NA,88.2,72.5,0.22
2010-06-10,0.039,GPT,91.9,78.8,77,73.9,0,6.6385207,149.38263,59.58785,68.79617,88.74824,NA,NA,82.384094,99.16864,104.562,13,15,NA,88.3,72.7,0.22
2010-06-11,0.04,GPT,95,87.08,77,73,0,8.110258,162.40416,52.38665,57.786076,72.08,NA,NA,96.557755,103.513016,107.149,13,14,NA,88.4,72.8,0.23
2010-06-12,0.03,GPT,93,79,77,73,0,3.9692953,157.32016,53.99715,66.701355,84.6417,NA,NA,85.0132,96.95233,104.555,8,13.034643,NA,88.5,73,0.23
2010-06-13,0.036,GPT,96.1,79,79,73,0,2.3196092,194.9666,52.624714,70.98657,87.2222,NA,NA,85.3905,97.29399,108.373,7,11.296691,NA,88.6,73.1,0.23
2010-06-14,0.044,GPT,97,80,78.1,73.9,0,2.9309142,227.14464,50.78843,69.42739,87.789,NA,NA,85.3905,98.396,109.943,9,13.034643,NA,88.7,73.3,0.23
2010-06-15,0.04,GPT,93,79,78.1,75,0,3.205164,176.69331,55.984222,72.1205,87.6951,NA,NA,82.74614,95.84129,107.419,8,13.034643,NA,88.8,73.4,0.24
2010-06-16,0.04,GPT,95,77,78.1,73,1e-4,2.2484298,228.19757,54.443356,73.158554,87.1241,NA,NA,80.62385,93.24717,105.745,7,15.641572,NA,88.9,73.6,0.25
2010-06-17,0.043,GPT,95,77,77,73,1e-4,1.6475924,286.89252,49.273632,73.448074,90.2933,NA,NA,78.64378,91.23768,109.943,8,13.90362,NA,89,73.7,0.26
2010-06-18,0.038,GPT,98,77,77,73,1e-4,2.6629448,316.73825,49.273632,75.9767,87.6003,NA,NA,78.51721,91.24685,108.564,11,16,NA,89.1,73.8,0.24
2010-06-19,0.035,GPT,94,75,78.1,69.08,1e-4,2.9462667,0.44968715,57.69113,76.41241,93.6205,NA,NA,77.203026,89.635925,107.419,12,29,NA,89.1,73.9,0.24
2010-06-20,0.06,GPT,98.1,73.9,77,69.08,0,1.9260293,75.164406,39.215206,67.44616,90.728714,NA,NA,75.29825,91.256256,104.50205,5,12.165668,NA,89.2,74,0.26
2010-06-21,0.05,GPT,99,79,78.8,71.06,1e-4,4.4508023,68.07069,44.864925,67.18442,87.2222,NA,NA,85.0132,95.81149,109.801,15,20,NA,89.3,74.1,0.25
2010-06-22,0.043,GPT,90,77,75.92,73,1e-4,6.1353803,121.98966,61.241543,73.50943,87.6003,NA,NA,78.51721,90.72872,97.814644,11,19.117477,NA,89.3,74.2,0.25
2010-06-23,0.026,GPT,93,79,78.1,73,0.12,5.610607,151.26549,59.5531,70.54652,84.75662,NA,NA,84.5852,95.76729,104.302,12,21,NA,89.4,74.2,0.25
2010-06-24,0.027,GPT,94,77,77,73.9,0,3.1779485,160.11404,57.69113,73.4123,90.3345,NA,NA,80.69244,94.14754,107.275,10,15.641572,NA,89.4,74.3,0.24
2010-06-25,0.031,GPT,96.1,75.9,77,71.06,0,2.3866014,203.22551,47.5082,69.930275,90.2933,NA,NA,78.51721,92.37331,104.708,8,13.034643,NA,89.5,74.4,0.23
2010-06-26,0.041,GPT,96.1,75.9,77,68,0,2.6992323,180.04146,41.500286,70.10374,90.8013,NA,NA,77.47966,92.553314,103.22,9,15,NA,89.6,74.4,0.23
2010-06-27,0.031,GPT,94,77,77,73,1e-4,4.6127005,151.66148,54.172462,68.99703,90.3345,NA,NA,80.62385,96.11116,107.275,15,25.200312,NA,89.6,74.5,0.24
2010-06-28,0.023,GPT,91.4,77,78.8,73.4,0.31,4.0321007,122.38605,62.8986,79.84845,90.3687,NA,NA,78.56744,90.75213,105.060234,15,25.200312,NA,89.7,74.5,0.24
2010-06-29,0.021,GPT,88,75.2,75.92,73,0.87,5.133287,103.49006,65.354546,78.86889,94.14301,NA,NA,76.84472,87.23661,93.9477,14,23,NA,89.7,74.6,0.23
2010-06-30,0.017,GPT,89.1,77,78.1,73.4,3.51,5.9637127,81.33953,67.61098,85.724014,90.4094,NA,NA,78.1,86.58302,101.825516,20,26.069286,NA,89.7,74.6,0.24
2010-07-01,0.021,GPT,89.1,77,75.92,73.9,0.24,3.218423,43.264698,65.08342,85.09468,93.6205,NA,NA,78.80016,85.23954,98.85556,9,13.90362,NA,89.8,74.6,0.24
2010-07-02,0.03,GPT,91,76,77,73.4,1.11,2.375436,32.118683,59.41648,82.104095,93.6205,NA,NA,78.64378,86.05439,101.76793,22,30.41417,NA,89.8,74.7,0.24
2010-07-03,0.044,GPT,91,77,75.92,72,0,8.876483,95.310135,57.64435,72.00815,90.3687,NA,NA,78.51721,90.2987,100.503174,14,19.117477,NA,89.9,74.7,0.25
2010-07-04,0.042,GPT,90,75.9,75.92,62.96,1e-4,9.898813,104.91584,55.530766,64.842026,79.34958,NA,NA,75.92,90.41724,99.28918,18,22.593382,NA,89.9,74.7,0.25
2010-07-05,0.023,GPT,84.2,77,77,73.4,1.81,5.427774,101.71021,74.44338,83.438354,93.6205,NA,NA,78.56744,86.37454,94.1611,13,20.85543,NA,90,74.7,0.25
2010-07-06,0.019,GPT,89.1,78,78.1,73.4,0.39,10.35799,112.41446,66.3535,80.757805,90.4094,NA,NA,80.62385,88.64374,99.9228,17,28,NA,90,74.8,0.25
2010-07-07,0.026,GPT,91,78,78.8,73,0.03,7.2442427,120.01544,65.18404,77.62226,90.4094,NA,NA,80.56288,93.13899,103.05127,15,22.593382,NA,90,74.8,0.25
2010-07-08,0.037,GPT,93,78,77,71.96,0,3.22261,178.52007,53.727,73.51774,90.3687,NA,NA,80.69244,91.67255,103.089,8,13.034643,NA,90.1,74.8,0.25
2010-07-09,0.049,GPT,96,77,77,73,0,1.7166783,204.60385,52.511093,72.520546,90.2933,NA,NA,78.64378,93.43758,109.94281,9,13.90362,NA,90.1,74.8,0.26
2010-07-10,0.053,GPT,95,77,78.8,73,0.73,2.7976274,240.76715,53.99715,75.01437,90.2933,NA,NA,78.64378,92.54566,110.33831,15,24.331335,NA,90.2,74.8,0.26
2010-07-11,0.041,GPT,93,78,78.1,75,1e-4,2.721563,242.61595,59.6664,74.46063,90.3687,NA,NA,79,94.85007,107.275,8,15.641572,NA,90.2,74.9,0.26
2010-07-12,0.036,GPT,95,79,80.1,69.98,0,2.721563,209.77939,45.981567,70.261055,84.87027,NA,NA,85.0132,96.1576,105.745,9,15.641572,NA,90.3,74.9,0.27
2010-07-13,0.042,GPT,95,82,78.8,73,0,3.7243545,215.31694,49.273632,67.90468,82.319595,NA,NA,89.34519,99.33691,106.942,10,15.641572,NA,90.3,74.9,0.25
2010-07-14,0.033,GPT,103,80,77,66,0,2.7808793,255.84659,34.334946,64.966309999999993,87.2222,NA,NA,85.3905,96.06502,107.519,9,14.772596,NA,90.3,74.9,0.23
2010-07-15,0.032,GPT,98.6,80,80.1,71.96,0,4.1681786,265.0457,44.7067,67.76072,84.6941,NA,NA,86.202,101.73097,116.551956,8,14.772596,NA,90.4,74.9,0.23
2010-07-16,0.035,GPT,91,78,80.1,73.4,0.4,2.3440335,174.98825,63.377693,77.88315,88.90445,NA,NA,80.62385,94.96584,104.61092,8,13.90362,NA,90.4,74.9,0.22
2010-07-17,0.03,GPT,92,78,77,73.9,0.04,3.653175,167.64217,61.605896,75.07873,90.3345,NA,NA,80.69244,92.87038,104.562,9,15.641572,NA,90.5,74.9,0.22
2010-07-18,0.025,GPT,92,80,78.1,71.96,1e-4,3.1556175,160.57794,59.2413,75.54576,87.789,NA,NA,85.2676,92.86484,102.646,9,19.117477,NA,90.5,74.9,0.22
2010-07-19,0.028,GPT,92,78,77,73,0,4.0614095,137.41737,55.838146,72.87136,90.4094,NA,NA,80.69244,93.59634,104.562,11,17.379524,NA,90.5,75,0.22
2010-07-20,0.023,GPT,94,80,80.1,73.9,0.09,5.136776,141.807,57.69113,71.43957,84.6941,NA,NA,85.0132,97.59406,106.149,12,15,NA,90.6,75,0.2
2010-07-21,0.025,GPT,94,81,79,75.2,0,7.046057,121.16706,57.69113,70.42723,87.789,NA,NA,87.8949,100.187065,110.39284,12,18.2485,NA,90.6,75,0.21
2010-07-22,0.028,GPT,95,80,78.1,69.08,0,4.7759943,142.04234,44.4152,65.77629,87.789,NA,NA,87.8949,98.216736,105.777,9,14.772596,NA,90.7,75,0.22
2010-07-23,0.036,GPT,95,79,78.1,73,1e-4,2.431263,145.62497,49.273632,69.55032,87.6951,NA,NA,82.74614,96.87333,106.942,8,11.296691,NA,90.7,75,0.21
2010-07-24,0.041,GPT,95,82.9,78.8,75,1e-4,4.876483,41.621525,58.1561,71.057884,85.314026,NA,NA,92.81188,98.33597,110.33831,11,20,NA,90.7,75,0.21
2010-07-25,0.027,GPT,93,79,81,75,0.75,8.3842945,148.70892,66.0256,76.41833,88.9814,NA,NA,82.74614,102.07318,110.99522,17,22.593382,NA,90.8,75,0.21
2010-07-26,0.018,GPT,93,78.8,79,73.4,0.18,5.1814375,154.19441,61.8467,75.208,90.3687,NA,NA,82.384094,97.35207,107.419,12,17.379524,NA,90.8,75,0.21
2010-07-27,0.026,GPT,93,78,78.1,71.96,0,3.1172366,216.44302,57.431393,74.00605,93.6709,NA,NA,80.69244,92.77035,104.302,7,15.641572,NA,90.8,75,0.22
2010-07-28,0.028,GPT,95,75,75.92,69.98,0,1.4235868,223.20383,47.2213,70.35611,87.60026,NA,NA,77.32676,91.10768,106.942,6,12.165668,NA,90.9,75.1,0.23
2010-07-29,0.024,GPT,98.1,77,75.92,73,0,4.6057224,319.90488,47.664005,66.84466,87.6003,NA,NA,78.51721,94.83404,107.174,13,18.2485,NA,90.9,75.1,0.23
2010-07-30,0.03,GPT,100,80,77,73.9,0,4.563852,325.50146,46.24419,64.79,84.6417,NA,NA,84.5852,100.053764,112.34257,10,17.379524,NA,90.9,75.1,0.22
2010-07-31,0.038,GPT,101,81,75.92,71.96,0,4.6699233,321.50504,40.7365,58.68328,76.5296,NA,NA,88.02378,100.38631,111.205,10,13.034643,NA,90.9,75.1,0.22
2010-08-01,0.052,GPT,102,82,79,73,0,3.6845777,296.60953,42.37721,61.69048,79.64634,NA,NA,88.723076,102.81101,113.764,7,15.641572,NA,91,75.1,0.21
2010-08-02,0.061,GPT,102,82.9,81,73.9,0,2.2665737,187.17938,45.1538,66.65112,87.931915,NA,NA,93.7403,106.90935,119.965,9,12.165668,NA,91,75.1,0.21
2010-08-03,0.042,GPT,94,78.8,82.94,75,0.26,2.3091416,202.09395,66.0256,78.69374,94.2687,NA,NA,82.384094,103.0806,114.462,15,20,NA,91,75.1,0.22
2010-08-04,0.043,GPT,95,78,82.4,71.06,0.34,3.2295883,273.81647,59.801933,78.61636,91.120926,NA,NA,79,97.83278,110.39284,16,25.200312,NA,91,75.1,0.22
2010-08-05,0.049,GPT,94,78,79,73,0.01,1.8143754,268.42984,57.693718,75.66396,90.982346,NA,NA,80.56288,92.60894,105.803,13,21,NA,91,75.1,0.23
2010-08-06,0.059,GPT,97,78,79,73.4,0,2.3866014,268.8451,47.79341,72.685356,90.3687,NA,NA,80.69244,96.490005,110.15821,7,13.034643,NA,91,75.1,0.23
2010-08-07,0.048,GPT,98.6,80,79,73,0,3.4187021,272.2356,44.864925,67.158936,87.78896,NA,NA,86.16511,99.81379,109.943,8,13.90362,NA,91,75,0.21
2010-08-08,0.034,GPT,99,77,80.6,73.4,1.28,3.358688,274.86777,50.939667,76.16543,90.4094,NA,NA,80.62385,97.50976,112.82515,14,33.0211,NA,91,75,0.21
2010-08-09,0.035,GPT,96.1,79,79,75,0,4.14515,88.34079,54.229195,75.92031,88.90445,NA,NA,85.3905,96.53093,110.15821,11,19.986454,NA,91,75,0.2
2010-08-10,0.051,GPT,100.4,78.8,78.8,69.8,0,3.6008375,49.892097,37.441822,67.38738,90.982346,NA,NA,78.8,97.34087,108.55389,10,18.2485,NA,91,75,0.19
2010-08-12,0.025,GPT,92,79,80.6,75.2,0.45,7.231682,46.05083,65.803856,82.41028,94.2687,NA,NA,85.75063,95.28529,107.74071000000001,13,20.85543,NA,91,74.9,0.19
2010-08-13,0.029,GPT,89.1,78.8,79,75.2,0.8,3.444522,284.33496,70.04896,84.86576,94.2687,NA,NA,82.95772,92.25656,102.37157,15,14.772596,NA,90.9,74.9,0.19
2010-08-14,0.019,GPT,93.2,80,80.6,75.2,0.34,1.8394976,280.1642,59.46861,84.63162,94.2687,NA,NA,85.75063,93.42589,107.51873,8,18.2485,NA,90.9,74.9,0.2
2010-08-15,0.032,GPT,96.1,77,80.6,73.4,1.22,4.760642,309.48288,61.9773,83.53261,94.26866,NA,NA,78.8,94.14349,112.267914,19,33.0211,NA,90.9,74.8,0.22
2010-08-16,0.035,GPT,97,77,81,73.4,0.17,5.6552687,8.635479,54.410805,76.85337,94.18534,NA,NA,77,93.42374,111.38827,16,23,NA,90.8,74.8,0.21
2010-08-17,0.045,GPT,91,82,80.6,75.2,0.12,9.250524,165.63742,65.803856,77.59341,90.66067,NA,NA,92.2484,98.28535,104.61092,16,24.331335,NA,90.8,74.7,0.22
2010-08-18,0.031,GPT,92,82,80.6,75,0.37,5.44522,191.15823,62.683746,75.34858,90.66067,NA,NA,89.47595,98.778915,107.563385,11,19.117477,NA,90.8,74.7,0.22
2010-08-19,0.042,GPT,93,80.6,79,75.2,1e-4,2.3663642,210.08795,61.8467,78.71889,90.982346,NA,NA,87.89494,97.434,107.793,7,14.772596,NA,90.7,74.6,0.22
2010-08-20,0.034,GPT,94,78.8,79,75.2,0.09,2.392882,197.04962,59.46861,76.73319,90.4094,NA,NA,79,96.07468,107.563385,8,14.772596,NA,90.7,74.5,0.22
2010-08-21,0.028,GPT,98.6,82,79,71.6,1e-4,2.6775994,282.6665,44.672523,69.888504,90.48344,NA,NA,90.9969,100.853966,109.943,8,14.772596,NA,90.6,74.5,0.23
2010-08-22,0.032,GPT,100.4,78,79,73,0.23,5.042568,322.57254,46.530407,76.11697,90.982346,NA,NA,80.69244,96.21466,115.03869,12,26.069286,NA,90.6,74.4,0.23
2010-08-23,0.044,GPT,94,75.2,78.8,73,1e-4,3.286113,307.12408,59.241306,76.76917,94.14301,NA,NA,75.9,90.445045,108.920845,8,14.772596,NA,90.5,74.3,0.24
2010-08-24,0.04,GPT,98.6,77,75.2,64,0,4.3126307,351.4913,33.98558,60.18036,88.74824,NA,NA,78.3697,90.0055,101.35972,9,13.90362,NA,90.5,74.2,0.22
2010-08-25,0.061,GPT,96.8,73,75.2,64.4,0,2.6231682,6.006845,37.273174,63.50116,87.407265,NA,NA,74.152145,87.75858,99.60999,6,14.772596,NA,90.4,74.2,0.22
2010-08-26,0.068,GPT,95,75.2,78.8,66.2,1e-4,4.209351,36.727764,44.1222,64.48636,87.8397,NA,NA,75.92,90.06204,101.825,8,17.379524,NA,90.3,74.1,0.2
2010-08-27,0.027,GPT,86,78.8,78.8,73.4,1.92,4.6127005,135.41533,74.60542,83.17869,94.2687,NA,NA,82.384094,89.23755,98.45737,11,21.724405,NA,90.2,74,0.2
2010-08-28,0.024,GPT,83,75,75.92,73,2.86,8.097697,117.573944,74.2799,84.5607,94.14301,NA,NA,75.2,82.548134,90.2592,18,23,NA,90.2,73.9,0.2
2010-08-29,0.025,GPT,85,77,75.92,73,0.39,10.118632,103.26235,72.10829,81.15082,90.3345,NA,NA,78.51721,85.52113,91.95771,18,23,NA,90.1,73.7,0.19
2010-08-30,0.029,GPT,90,78,77,73.4,0.12,7.897418,97.71777,67.69639,82.180435,90.3687,NA,NA,78.8,87.86389,101.76793,19,22.593382,NA,90,73.6,0.2
2010-08-31,0.035,GPT,89.1,74,78.8,69.8,0.61,6.0390787,89.81415,65.0019,78.85229,90.334526,NA,NA,76.3347,85.32605,97.814644,16,21,NA,89.9,73.5,0.19
2010-09-01,0.034,GPT,89.1,73,75.92,71.06,1e-4,6.5317516,117.96526,61.363068,78.06139,90.728714,NA,NA,75.2,86.39217,98.85556,16,19.986454,NA,89.8,73.4,0.2
2010-09-02,0.048,GPT,93.2,72,73.94,60.08,1e-4,2.3447313,149.23898,33.4372,69.902985,94.10022,NA,NA,73.4,83.86009,94.35011,8,12.165668,NA,89.7,73.3,0.2
2010-09-03,0.051,GPT,93,73,72,64,1e-4,2.2191207,232.62114,42.314247,68.64333,90.728714,NA,NA,73,85.083755,96.18019,7,13.034643,NA,89.6,73.1,0.18
2010-09-04,0.042,GPT,91.4,73,71.6,59,1e-4,3.6427076,15.2020645,37.988888,61.009983,87.5043,NA,NA,73.94,82.00858,91.04,9,19.986454,NA,89.5,73,0.19
2010-09-05,0.06,GPT,90,69,69.8,55,1e-4,3.1256106,113.65973,30.688648,54.076103,84.800285,NA,NA,69.98,79.52478,89.06,8,13.034643,NA,89.4,72.8,0.19
2010-09-06,0.027,GPT,91.4,73,78.8,69.08,1e-4,5.0662947,139.42583,57.64435,73.76762,88.5888,NA,NA,75.019615,90.50203,101.94336,10,14.772596,NA,89.3,72.7,0.19
2010-09-07,0.024,GPT,92,80,77,71.06,1e-4,5.1946964,135.19098,52.247787,72.26283,87.2222,NA,NA,85.3905,95.469025,104.506775,13,17.379524,NA,89.2,72.5,0.2
2010-09-08,0.031,GPT,92,77,77,73,1e-4,3.0753663,129.8921,55.71818,75.9774,90.3345,NA,NA,78.8,91.57016,100.51583,8,14.772596,NA,89.1,72.4,0.2
2010-09-09,0.026,GPT,92,75.9,77,71.6,1e-4,3.307746,141.08966,52.481148,74.52738,90.3687,NA,NA,77,91.77171,103.089,9,14.772596,NA,89,72.2,0.21
2010-09-10,0.024,GPT,93,78,77,73.4,1e-4,2.6769016,162.61218,55.7715,73.702675,90.3687,NA,NA,78.8,94.02386,102.64566,7,13.90362,NA,88.8,72,0.21
2010-09-11,0.033,GPT,91.4,80,80.6,75.2,0.83,2.0990927,178.41449,65.925,79.57569,90.982346,NA,NA,85.8695,96.45673,106.14888,12,22.593382,NA,88.7,71.8,0.21
2010-09-12,0.037,GPT,99,78.8,78.8,66.2,0,3.2658758,7.105003,41.79904,67.582535,94.26866,NA,NA,83.22151,95.10496,108.64083,8,12.165668,NA,88.5,71.6,0.22
2010-09-13,0.048,GPT,95,68,66.2,53.6,0,4.371947,21.863155,26.0744,51.359962,83.09303,NA,NA,71.06,81.51314,93.92,10,15.641572,NA,88.4,71.4,0.19
2010-09-14,0.068,GPT,93.2,66,72,57,1e-4,2.1772506,142.58032,29.960917,61.778008,84.4617,NA,NA,66.92,81.02669,94.78182,7,13.90362,NA,88.3,71.2,0.18
2010-09-15,0.048,GPT,93,75.2,75.2,64.4,1e-4,6.866713,125.324684,48.706406,67.55215,87.60026,NA,NA,77,89.5644,100.71375,15,21.724405,NA,88.1,71,0.18
2010-09-16,0.042,GPT,92,73,75.92,66.2,1e-4,5.2665734,119.02102,46.774456,65.32794,87.407265,NA,NA,74.152145,88.76204,97.68257,9,15.641572,NA,87.9,70.8,0.17
2010-09-17,0.04,GPT,93.2,75.2,77,66,1e-4,3.628053,119.57373,41.200005,70.56669,90.3345,NA,NA,77,88.27455,99.66314,11,15.641572,NA,87.8,70.6,0.16
2010-09-18,0.039,GPT,94,75.2,75.2,62.06,1e-4,2.6378229,139.3341,35.8689,67.24787,84.91552,NA,NA,77.203026,88.63649,97.68257,7,11.296691,NA,87.6,70.3,0.15
2010-09-19,0.038,GPT,93,76,75.92,66.2,1e-4,2.2191207,124.28948,46.774456,71.62156,90.2933,NA,NA,78.64378,88.28339,98.548004,7,13.034643,NA,87.4,70.1,0.14
2010-09-20,0.043,GPT,95,74,73.94,69.8,1e-4,1.5491974,204.04013,47.6426,71.86845,87.60026,NA,NA,77.203026,86.74077,101.2331,7,12.165668,NA,87.2,69.8,0.14
2010-09-21,0.046,GPT,92,73.4,75.2,69.08,0,5.9036984,127.94743,50.22918,69.26327,90.728714,NA,NA,75,87.46521,98.64081,13,18.2485,NA,87,69.5,0.13
2010-09-22,0.042,GPT,92,77,73.94,68,0,8.808793,125.36092,51.68251,62.87113,79.1989,NA,NA,84.2481,91.45394,99.26306,17,24,NA,86.8,69.3,0.13
2010-09-23,0.041,GPT,93,75,75.2,60.08,1e-4,8.639916,110.20277,34.5805,66.75858,83.32391,NA,NA,75.2,87.88279,96.62901,18,24.331335,NA,86.6,69,0.15
2010-09-24,0.032,GPT,93,75.9,75.92,69.8,0,6.028611,129.6974,48.836,70.71736,87.60026,NA,NA,78.51721,90.80885,98.548004,12,17.379524,NA,86.4,68.7,0.14
2010-09-25,0.027,GPT,91,75.9,75.2,69.08,1e-4,4.0223308,138.05704,51.83444,74.00247,90.3345,NA,NA,78.51721,88.401634,99.26306,12,18.2485,NA,86.2,68.4,0.16
2010-09-26,0.03,GPT,88,72,75.2,69.08,1.86,3.7808793,324.5727,61.1182,81.29108,94.14301,NA,NA,73,81.50853,95.73865,17,19.986454,NA,86,68.1,0.15
2010-09-27,0.043,GPT,83,64.4,68,53.06,0.01,6.7634335,334.1667,36.7684,67.817116,90.062,NA,NA,64.94,72.49626,82.04,13,19.117477,NA,85.7,67.8,0.15
2010-09-28,0.049,GPT,84,60,62.6,51.08,0,3.1674807,339.7233,33.1976,63.837635,86.99857,NA,NA,60.08,70.70195,81.7493,9,13.034643,NA,85.5,67.4,0.15
2010-09-29,0.053,GPT,86,59,59,51.08,0,4.5219817,5.7909684,32.06,59.263317,86.89573,NA,NA,60.08,71.09493,83.2194,11,21,NA,85.2,67.1,0.16
2010-09-30,0.06,GPT,87.8,57.9,55.94,46,0,6.558967,337.3045,24.070263,50.780293,72.32651,NA,NA,59,71.09104,84.13773,13,22,NA,85,66.8,0.15
2010-10-01,0.054,GPT,89.1,60,57.2,48.2,0,5.987439,341.84262,26.068205,52.168213,83.4088,NA,NA,60.08,73.253006,85.77256,13,20.85543,NA,84.7,66.4,0.14
2010-10-02,0.052,GPT,86,57,55.94,46.4,0,4.95813,352.0995,26.682293,48.153595,74.2722,NA,NA,57.02,70.82632,82.4426,9,15.641572,NA,84.5,66,0.14
2010-10-03,0.041,GPT,80.1,60,51.8,39.2,0,8.521982,357.93176,28.7075,45.734627,62.325706,NA,NA,60.08,67.96849,78.98,13,21.724405,NA,84.2,65.7,0.14
2010-10-04,0.037,GPT,77,51.8,44.6,35.6,0,7.4877877,8.903062,23.4302,43.580555,61.99248,NA,NA,51.8,63.14367,75.508705,14,22.593382,NA,83.9,65.3,0.14
2010-10-05,0.04,GPT,78.8,51,43,37,0,5.8471737,25.310503,24.599792,42.946808,63.2187,NA,NA,51.08,63.807514,76.78547,12,21.724405,NA,83.6,64.9,0.13
2010-10-06,0.047,GPT,83,48,51.8,37,0,3.8101885,8.286895,19.413193,54.13567,87.27996,NA,NA,46.337784,63.818466,80.488,10,18.2485,NA,83.3,64.5,0.13
2010-10-07,0.056,GPT,86,48.2,54,42.08,0,2.0935102,12.707702,22.1711,57.7449,83.81911,NA,NA,48.92,65.14889,82.0953,7,13.034643,NA,83,64.1,0.12
2010-10-08,0.057,GPT,89.6,53,55.4,46.4,0,1.5491974,225.29893,24.902683,56.053295,87.649635,NA,NA,53.06,69.530594,86.21005,7,18.2485,NA,82.7,63.7,0.13
2010-10-09,0.065,GPT,90,57.2,62.6,51.08,0,2.6378229,224.27440000000001,30.051071,59.887756,86.18011,NA,NA,57.92,72.887764,87.98,8,13.034643,NA,82.4,63.2,0.13
2010-10-10,0.073,GPT,90,61,68,55,0,3.3496163,209.26225,34.73254,63.194775,84.381256,NA,NA,62.06,75.542816,87.99493,9,14.772596,NA,82.1,62.8,0.11
2010-10-11,0.061,GPT,82.4,62,68,57.2,1e-4,3.5394278,183.15413,43.86635,67.44461,93.924324,NA,NA,62.06,74.32215,81.95737,10,24.331335,NA,81.7,62.4,0.11
2010-10-12,0.048,GPT,84.2,68,66.92,60.08,0,3.204466,213.93437,46.120014,65.88973,83.9813,NA,NA,69.08,76.88429,84.678085,11,19.117477,NA,81.4,62,0.11
2010-10-13,0.048,GPT,85,62,64.4,53.06,0,2.7487788,321.15158,37.06792,68.28445,90.31044,NA,NA,62.96,72.553375,83.40598,7,18.2485,NA,81.1,61.5,0.11
2010-10-14,0.045,GPT,84,54,63,44.06,0,6.600837,345.85858,28.002,59.24639,83.4673,NA,NA,57.02,69.57272,83.192894,14,20.85543,NA,80.7,61.1,0.12
2010-10-15,0.05,GPT,81,48.2,52,35.6,0,2.3028612,215.76834,21.173561,53.79864,80.25161,NA,NA,48.92,64.6497,78.98,7,17.379524,NA,80.4,60.6,0.11
2010-10-16,0.063,GPT,85,50,60.8,42.8,0,1.4654571,128.5639,24.6227,61.849026,86.2888,NA,NA,50,66.768486,81.78575,6,19.986454,NA,80,60.2,0.12
2010-10-17,0.07,GPT,82,55,62.6,51.08,0,2.3028612,165.16342,35.40325,69.01793,89.481926,NA,NA,55.94,68.59467,80.96,9,13.90362,NA,79.7,59.7,0.13
2010-10-18,0.063,GPT,83,57,62.6,53.06,0,2.3028612,218.67805,39.2206,67.615,93.693306,NA,NA,57.2,70.04771,82.04,8,18.2485,NA,79.3,59.3,0.12
2010-10-19,0.063,GPT,84.2,57.9,60.8,51.8,0,2.721563,261.17905,34.3201,66.72909,89.6505,NA,NA,59,70.03027,82.531906,10,35,NA,79,58.8,0.13
2010-10-20,0.04,GPT,82,60,63,57,1e-4,3.9413817,333.44925,52.193794,74.205124,87.91667,NA,NA,60.8,69.76215,82.021614,13,18.2485,NA,78.6,58.3,0.12
2010-10-21,0.06,GPT,82.4,55.4,57.2,46.4,0,1.5491974,170.23125,29.28229,65.78384,89.5667,NA,NA,55.94,67.76455,80.96,7,24.331335,NA,78.2,57.9,0.12
2010-10-22,0.057,GPT,86,53,60.8,46,0.01,2.3447313,124.24801,25.790388,64.97738,93.64554,NA,NA,53.06,67.805855,82.6452,8,19.117477,NA,77.9,57.4,0.11
2010-10-23,0.055,GPT,83,57.9,71.6,48.2,1e-4,5.905792,122.95673,34.85893,71.53086,89.5667,NA,NA,59,72.67645,84.19378,12,18.2485,NA,77.5,57,0.11
2010-10-24,0.05,GPT,84.2,72,75.2,68,0.02,7.743894,138.64981,65.1269,77.64648,87.60026,NA,NA,73.04,81.035416,89.005684,15,19.117477,NA,77.2,56.5,0.11
2010-10-25,0.022,GPT,84.2,75,75.2,69.8,0.44,6.8374043,180.34541,71.782036,82.03155,88.588776,NA,NA,75.2,84.38935,92.00654,13,20,NA,76.8,56.1,0.11
2010-10-26,0.02,GPT,86,78.8,76,73.4,0,8.893929,183.54645,70.26737,79.443855,84.80932,NA,NA,79,87.87297,95.1851,14,23,NA,76.4,55.7,0.1
2010-10-27,0.02,GPT,87.1,80,78.8,75,0.03,7.3656664,183.61572,71.975334,81.81632,88.90445,NA,NA,85.66251,90.6864,97.15324,12,20.85543,NA,76.1,55.2,0.12
2010-10-28,0.036,GPT,83,60,77,35.06,0.93,7.773203,343.68826,18.4865,52.91221,94.10022,NA,NA,62.06,75.221954,90.85204,15,26.069286,NA,75.7,54.8,0.11
2010-10-29,0.038,GPT,78.1,51,45,32,0,7.007676,1.7783568,20.0015,42.660816,60.867,NA,NA,51.8,62.241573,77,14,19.986454,NA,75.4,54.4,0.11
2010-10-30,0.041,GPT,77,45,55.4,37.4,0,1.7857641,170.61197,40.1591,64.797226,86.57997,NA,NA,45.767696,60.51782,75.92,8,13.034643,NA,75,54,0.11
2010-10-31,0.053,GPT,79,54,62.6,51.8,0,3.730635,205.74638,51.755657,73.93246,89.6505,NA,NA,55.04,66.98238,78.08,8,13.034643,NA,74.7,53.6,0.11
2011-02-28,0.024,GPT,79,65,69.98,46.04,0.13,7.362875,207.59283,46.9795,79.865974,94.0132,0,0,64.94,72.56333,81.5195,11,24.331335,NA,67.3,48.8,0.17
2011-03-01,0.042,GPT,76,50,50,32,0,7.739009,15.72787,20.0015,51.76104,79.9424,0,0,46.7197,61.108448,74.1521,14,19.117477,NA,67.5,49,0.16
2011-03-02,0.045,GPT,71,49,57.02,39.02,0,8.014654,110.06178,52.7986,68.368286,89.30932,0,0,50,59.622276,69.98,16,19.986454,NA,67.7,49.1,0.16
2011-03-03,0.048,GPT,72,49,59,46.94,0,11.133985,106.873634,61.1622,77.639404,92.83717,0,0,50,62.043797,71.06,22,31.283144,NA,67.9,49.3,0.16
2011-03-04,0.047,GPT,67,64,62.6,60.08,0.47,16.294975,109.39012,81.1523,85.8492,93.8791,0,0,64.4,65.32858,66.92,23,32.152122,NA,68.1,49.5,0.17
2011-03-05,0.041,GPT,70,53,64.94,51.08,0.8,11.991872,114.71667,81.4352,90.12739,93.924324,0,0,53.1,63.710762,69.98,21,30.41417,NA,68.3,49.7,0.16
2011-03-06,0.033,GPT,59,44,50,37.4,0.01,10.035589,349.06265,48.77564,71.39383,89.7339,NA,0,38.4798,47.466263,59,19,27,NA,68.5,49.9,0.17
2011-03-07,0.042,GPT,59,37,51.98,33.98,0,7.09351,99.93434,58.6194,73.49736,88.66264,0,0,34.3566,47.704636,59,12,18.2485,NA,68.7,50.1,0.17
2011-03-08,0.048,GPT,68,59,64.4,51.8,0.16,15.602233,126.66523,72.381,84.36639,93.879135,0,0,59,64.22226,66.92,20,29,NA,68.8,50.2,0.16
2011-03-09,0.032,GPT,74,57,66.2,44.96,1.23,8.672017,199.45227,59.5826,85.587105,100,0,0,57.02,65.84553,73.94,20,33.0211,NA,69,50.4,0.17
2011-03-10,0.043,GPT,63,42,44.06,35.06,0,8.953245,327.84525,36.3645,57.719284,79.377,0,0,39.6287,50.92304,62.96,16,27,NA,69.2,50.6,0.15
2011-03-11,0.049,GPT,63,36,44.96,32,0,4.3817167,222.9429,38.5117,65.00655,92.5268,0,0,36.7137,51.470333,62.06,10,15.641572,NA,69.4,50.8,0.15
2011-03-12,0.055,GPT,67,42,57.2,41,0,4.6475925,163.79651,52.0582,75.42062,95.841415,0,0,42.1,57.43894,66,10,19.117477,NA,69.6,51,0.14
2011-03-13,0.047,GPT,72,52,60.08,51.8,0,7.2191205,147.24237,63.1768,81.14165,100,0,0,53.6,64.13182,71.06,12,17.379524,NA,69.8,51.2,0.15
2011-03-14,0.052,GPT,74,54,62.96,53.06,0.02,6.359386,170.7021,66.1995,81.446526,93.24562,0,0,55.04,65.46619,71.96,13,21,NA,70,51.4,0.15
2011-03-15,0.044,GPT,75,52,62.96,37.94,0.01,5.872296,307.78033,27.0664,66.47195,93.8791,0,0,53.96,62.81633,72.3061,12,15,NA,70.2,51.6,0.16
2011-03-16,0.044,GPT,74,47,53.06,39.2,0,5.4605722,339.36066,32.2316,66.00054,92.961334,0,0,45.9082,58.00756,69.98,11,13.90362,NA,70.4,51.7,0.16
2011-03-17,0.054,GPT,72,49,60.98,46.94,0,5.0538964,134.08891,49.3612,78.37435,100,0,0,50,61.414726,71.96,10,15.641572,NA,70.6,51.9,0.16
2011-03-18,0.052,GPT,78,52,62.6,50,0.01,3.8541522,182.95154,49.655,73.49824,100,0,0,52,66.7897,78.08,9,14.772596,NA,70.8,52.1,0.17
2011-03-19,0.043,GPT,81,57,62.96,55.4,0,4.495464,266.1061,46.934048,74.94708,100,0,0,59,68.24352,80.1191,8,13.034643,NA,71,52.3,0.17
2011-03-20,0.048,GPT,76,54,62.6,51.98,0,5.628053,156.08484,44.9663,74.16214,96.811195,0,0,55.04,66.283905,75.92,9,17.379524,NA,71.2,52.5,0.17
2011-03-21,0.05,GPT,77,55,66.92,51.98,0,6.9155617,154.67084,41.6913,75.101070000000007,96.78424,0,0,55.94,69.09199,77,11,16,NA,71.4,52.7,0.19
2011-03-22,0.048,GPT,78,64,68,62.06,0,6.7725053,175.61667,64.0667,79.640656,93.3546,0,0,66.02,72.31665,77,12,19.986454,NA,71.6,52.9,0.19
2011-03-23,0.048,GPT,81,69,66.2,60.08,0,7.1095605,219.56743,52.1938,71.07416,88.34331,0,0,69.8,74.30434,81.0692,14,28,NA,71.8,53.1,0.19
2011-03-24,0.053,GPT,83,51,64.4,30.92,0,6.0293093,325.66443,15.6565,56.310745,93.924324,0,0,53.96,69.73724,79.7521,13,18.2485,NA,71.9,53.3,0.19
2011-03-25,0.054,GPT,74,50,66.92,39,0,6.987439,126.131226,46.2154,68.16993,90.0191,0,0,51.08,63.948555,73.04,13,19,NA,72.1,53.5,0.19
2011-03-26,0.036,GPT,81,70,70,68,0,6.8960223,190.39278,69.06545,82.21599,100,0,0,69.8,76.22404,83.22323,11,22.593382,NA,72.3,53.8,0.18
2011-03-27,0.034,GPT,82,72,71.96,66.92,0.08,5.340544,196.45467,62.4018,82.82373,94.10022,0,0,71.6,76.906746,84.4433,9,14.772596,NA,72.5,54,0.17
2011-03-28,0.036,GPT,82,59,71.6,51.8,0,6.8639216,357.08365,50.5508,72.98706,100,0,0,60.98,72.65566,81.77827,13,18.2485,NA,72.7,54.2,0.17
2011-03-29,0.031,GPT,73,57,69.98,51.98,0.08,10.179344,100.82795,74.5642,85.99785,100,0,0,57.02,66.035286,73.25,18,29,NA,72.9,54.4,0.17
2011-03-30,0.021,GPT,74,56,69.08,51.98,0.82,7.3524075,17.48712,68.4696,85.01399,93.969,0,0,57.02,65.9421,73.04,14,20.85543,NA,73.1,54.6,0.18
2011-03-31,0.034,GPT,67,51,51.8,44.96,0,6.5526867,335.32016,45.0934,74.06667,93.5972,0,NA,53,57.320965,66.92,13,17.379524,NA,73.3,54.8,0.19
2011-04-01,0.067,GPT,80.1,48,64.4,46.04,0,4.5491977,233.30566,44.835163,71.76238,92.86987,NA,NA,50,65.693535,77,8,17.379524,NA,73.5,55,0.21
2011-04-02,0.063,GPT,78,59,64.94,55.04,0,4.716678,168.8427,48.340725,74.102844,93.19014,NA,NA,60.08,70.1909,77,10,13.90362,NA,73.7,55.3,0.21
2011-04-03,0.049,GPT,79,64.9,68,62.96,0.01,8.808793,158.82845,64.3036,78.8781,93.30044,NA,NA,64.94,73.24368,81.0985,15,21.724405,NA,73.9,55.5,0.21
2011-04-04,0.031,GPT,82,55,72,46,0.43,11.49058,204.72917,71.3899,82.58699,89.77801,NA,NA,55.04,74.79841,85.2676,23,40,NA,74.1,55.7,0.2
2011-04-05,0.047,GPT,68,44,44.06,26.6,0,7.849965,339.0893,23.0984,51.500477,86.01819,NA,NA,42.5543,55.152218,68,14,33,NA,74.3,55.9,0.2
2011-04-06,0.051,GPT,71,43,59,39.92,0,10.265876,129.28198,38.9092,65.837364,92.65329,NA,NA,53.06,62.933876,70.001,18,22.593382,NA,74.5,56.2,0.2
2011-04-07,0.043,GPT,78.8,60.8,71.6,60.08,0,7.939986,142.11026,65.1185,83.53786,100,NA,NA,60.8,71.856544,78.08,17,21,NA,74.7,56.4,0.19
2011-04-08,0.033,GPT,82,73,73.4,69.8,0,6.696441,174.1847,71.9184,85.31722,94.143,NA,NA,73.4,78.154144,84.88,11,17.379524,NA,74.9,56.6,0.2
2011-04-09,0.026,GPT,82,72,71.96,68,0,6.280251,155.67978,64.7712,83.102005,94.10022,NA,NA,71.6,77.91583,84.4433,10,15.641572,NA,75.1,56.8,0.2
2011-04-10,0.03,GPT,82,75,72,69.8,0,7.6245637,173.54669,71.92238,82.95391,90.2171,NA,NA,76.3347,79.29526,84.95402,13,19.986454,NA,75.3,57.1,0.19
2011-04-11,0.034,GPT,83,67,71.96,59,0.02,8.790649,191.17499,69.4343,78.03785,88.5888,NA,NA,68,78.95487,86.3877,13,25.200312,NA,75.5,57.3,0.2
2011-04-12,0.051,GPT,82.4,55,60.98,39.02,0,7.6378226,343.18344,23.0495,53.287987,80.554,NA,NA,55.94,68.49498,80.06035,13,19.117477,NA,75.7,57.5,0.18
2011-04-13,0.06,GPT,78,49,53.96,42.08,0,4.716678,169.55388,28.7075,57.902134,86.303276,NA,NA,48.0312,64.686226,77,9,14.772596,NA,75.9,57.8,0.19
2011-04-14,0.057,GPT,76,54,66.2,51.98,0,9.140265,129.2263,51.4696,71.74645,90.028305,NA,NA,55.94,68.074615,75.92,17,24.331335,NA,76.1,58,0.19
2011-04-15,0.045,GPT,82,72,72,60.8,1e-4,11.205862,177.32893,61.66437,78.28107,84.8003,NA,NA,73.4,78.46524,85.267555,16,29,NA,76.3,58.2,0.2
2011-04-16,0.057,GPT,76,55,55.94,26.06,0,6.8276343,307.7178,21.9702,38.541424,66.6473,NA,NA,57.02,65.96253,73.5476,12,22.593382,NA,76.5,58.5,0.19
2011-04-17,0.053,GPT,70,51,55.04,37.94,0,5.6796927,102.4355,33.124126,58.344173,76.8018,NA,NA,51.08,61.260864,69.98,10,18.2485,NA,76.8,58.7,0.19
2011-04-18,0.056,GPT,78,65,69.8,57.92,0,10.546406,145.08603,71.0816,79.80905,88.507805,NA,NA,64.94,72.66106,77,16,21.724405,NA,77,58.9,0.19
2011-04-19,0.036,GPT,81,73,72,69.08,0,8.434054,152.48166,74.0652,85.67943,94.10022,NA,NA,74.152145,77.83445,83.94352,11,20.85543,NA,77.2,59.2,0.18
2011-04-20,0.032,GPT,83,75,73.4,71.6,0,8.665038,150.08957,69.8975,83.87415,94.14301,NA,NA,75.2,80.05372,88.8378,17,21.724405,NA,77.4,59.4,0.18
2011-04-21,0.025,GPT,81,69,71.96,66.92,0,8.465457,131.6242,65.5369,80.67101,94.1002,NA,NA,69.8,77.57447,84.1017,14,20.85543,NA,77.6,59.7,0.18
2011-04-22,0.04,GPT,83,74,71.6,64.04,0,7.6713190000000004,172.45316,58.255,72.701065,88.5888,NA,NA,76.1861,79.94671,87.5973,14,20,NA,77.9,59.9,0.17
2011-04-23,0.039,GPT,84,75,73.04,64.4,1e-4,10.711096,156.93114,60.7359,74.36125,87.6003,NA,NA,75.02,80.37079,86.8654,16,24.331335,NA,78.1,60.2,0.17
2011-04-24,0.036,GPT,83,70,71.96,64.04,1e-4,11.070481,146.93935,64.8973,74.262634,84.4617,NA,NA,71.06,79.66627,86.219925,17,23,NA,78.3,60.4,0.16
2011-04-25,0.033,GPT,83,75,73.04,68,0.27,11.218003,155.81058,66.92626,76.11046,88.5888,NA,NA,76.18615,80.67168,87.5973,17,24.331335,NA,78.5,60.7,0.17
2011-04-26,0.034,GPT,83,70,73.04,64.4,0.18,11.382415,168.08809,68.8991,77.321846,83.3239,NA,NA,69.8,80.24954,87.4782,17,27,NA,78.8,60.9,0.16
2011-04-27,0.041,GPT,81,72,75.2,62.6,0.01,11.608514,182.31038,68.568,81.121025,88.7482,NA,NA,73.94,83.93421,86.7629,20,28,NA,79,61.2,0.16
2011-04-28,0.045,GPT,79,54,57.2,46,0,9.629449,340.9127,32.2217,49.755955,74.6708,NA,NA,55.94,67.98962,78.98,15,27,NA,79.3,61.4,0.16
2011-04-29,0.057,GPT,78,48,51.8,42.08,0,4.9630146,133.43912,28.7075,58.136204,92.86987,NA,NA,50,63.929115,77,10,19.117477,NA,79.5,61.7,0.14
2011-04-30,0.059,GPT,81,57,62.06,51.08,0,10.893929,152.54942,46.792,56.199142,80.48589,NA,NA,57.02,74.556206,80.72731,17,21.724405,NA,79.7,61.9,0.14
2011-05-01,0.051,GPT,83,73,71.96,62.96,0,13.528262,140.76285,58.25498,70.92868,88.5888,0,0,73.4,78.79942,85.4342,20,26.069286,NA,80,62.2,0.13
2011-05-02,0.042,GPT,83,76,73.4,69.08,1e-4,12.702722,143.3264,65.0019,78.33959,88.668915,0,0,76.5837,81.56211,87.5973,16,22.593382,NA,80.2,62.5,0.13
2011-05-03,0.035,GPT,82,57,73.4,46.04,1e-4,11.152128,346.8941,60.2086,74.88752,88.668915,0,0,57.02,69.51485,84.5712,18,27,NA,80.5,62.7,0.14
2011-05-04,0.05,GPT,77,50,46.94,35.6,0,8.115841,20.709297,26.1045,49.930676,86.1923,0,0,47.2089,63.555515,75.69414,17,26.069286,NA,80.7,63,0.14
2011-05-05,0.055,GPT,72,52,51.98,39.02,0,5.302861,96.46727,32.6004,56.09818,83.69151,0,0,51.98,62.198296,71.06,10,14.772596,NA,81,63.3,0.15
2011-05-06,0.068,GPT,83,50,60.98,46.94,0,4.674808,260.06174,31.23525,62.74206,96.10463,0,0,49.2658,67.60008,80.96,9,19.117477,NA,81.2,63.6,0.14
2011-05-07,0.07,GPT,81,56,64.94,51.08,0,6.214934,176.3841,36.46,66.86295,93.103065,0,0,57.02,71.0013,80.06,11,19.986454,NA,81.5,63.8,0.15
2011-05-08,0.035,GPT,85,73,72,64.4,0,5.812282,195.09328,54.798595,75.18015,90.13999,0,0,73.04,79.60447,88.4322,11,17.379524,NA,81.7,64.1,0.14
2011-05-09,0.034,GPT,86,68,72,66.02,0,6.5673413,194.44795,62.7745,78.397224,94.01323,0,0,68,80.85611,90.8113,10,16,NA,82,64.4,0.15
2011-05-10,0.034,GPT,86,67,71.06,64.4,0,5.1772504,179.12813,53.0308,72.64651,100,0,0,66.2,79.6868,88.8443,9,17.379524,NA,82.2,64.7,0.14
2011-05-11,0.034,GPT,84,67,70,64.04,0,6.182833,171.66101,54.7739,70.6062,90.46444,0,0,66.92,79.77602,87.202,11,21.724405,NA,82.5,65,0.13
2011-05-12,0.038,GPT,87,68,71.6,64.94,0,4.9888344,164.37439,49.5066,72.35299,93.46576,0,0,69.08,80.91193,89.4153,11,19.117477,NA,82.7,65.3,0.14
2011-05-13,0.047,GPT,86,73,73.4,60.98,0.02,5.2637825,198.34233,48.9304,73.70302,87.407265,0,0,73.04,81.473366,86.9895,8,29,NA,83,65.5,0.12
2011-05-14,0.038,GPT,80,59,69.08,51.08,0,8.945569,329.07312,40.6355,60.431602,81.294556,0,0,62.06,71.47351,78.98,15,21,NA,83.2,65.8,0.12
2011-05-15,0.038,GPT,78,53,51.8,46.04,0,7.140265,322.3155,34.54867,56.78845,86.47225,0,0,53.96,65.67425,77,13,20,NA,83.5,66.1,0.12
2011-05-16,0.038,GPT,78,52,50,42.98,0,9.002093,336.1692,33.92472,58.03567,86.230995,0,0,52,63.125984,75,18,27,NA,83.7,66.4,0.13
2011-05-17,0.051,GPT,77,49,48.92,39.92,0,6.465457,341.8122,27.3697,53.701366,89.7339,0,0,47.2089,63.133488,75.74925,11,19.117477,NA,83.9,66.7,0.14
2011-05-18,0.062,GPT,77,47,57.02,42.08,0,5.1772504,153.04733,31.7936,56.87075,89.648575,0,0,50,66.14919,75.92,10,18.2485,NA,84.2,67,0.13
2011-05-19,0.052,GPT,81,59,68,55.4,0,10.782971999999999,137.59561,54.2272,67.66947,89.566696,0,0,59,74.00556,81.68055,15,20.85543,NA,84.4,67.3,0.14
2011-05-20,0.033,GPT,84,71,71.6,68,0,10.73552,133.68614,63.0313,77.7296,90.6553,0,0,72.9616,79.42145,86.9895,16,21.724405,NA,84.6,67.6,0.15
2011-05-21,0.028,GPT,86,73,73.4,68,0,6.7201676,158.50974,56.9815,77.5651,93.54147,0,0,73.94,82.18259,89.4153,11,15.641572,NA,84.9,67.8,0.15
2011-05-22,0.029,GPT,86,75,73.94,71.06,0,6.408932,168.9872,63.2692,76.86234,88.6689,0,0,76.5837,83.985176,90.8113,11,19.117477,NA,85.1,68.1,0.16
2011-05-23,0.033,GPT,86,77,73.94,71.06,0,7.752966,162.92184,63.013,74.41642,87.60026,0,0,77,85.39462,92.2139,12,19.986454,NA,85.3,68.4,0.17
2011-05-24,0.03,GPT,88,78,73.4,69.98,0,9.177948,169.96123,56.9164,70.14918,79.1989,0,0,80.41836,86.74014,92.8384,14,19.986454,NA,85.5,68.7,0.18
2011-05-25,0.036,GPT,87,79,73.4,69.98,0,10.089323,176.67406,58.9106,71.071754,82.0559,0,0,81.7043,86.65603,91.5039,15,21,NA,85.7,69,0.18
2011-05-26,0.031,GPT,88,70,75.2,66.2,0.88,7.399163,212.27142,62.7745,77.32215,94.1002,0,0,72.0989,83.382675,94.5631,15,22.593382,NA,85.9,69.2,0.19
2011-05-27,0.058,GPT,86,66,73.94,62.06,0,5.7585487,304.29358,49.6623,71.58418,90.0191,0,0,66.02,78.16151,87.1645,9,14.772596,NA,86.1,69.5,0.19
2011-05-28,0.037,GPT,86,72,73.04,69.08,0,6.8520584,177.47437,59.135,74.41319,93.54147,0,0,71.96,84.53349,92.2139,11,18.2485,NA,86.3,69.8,0.19
2011-05-29,0.025,GPT,88,79,73.04,69.08,0,9.438939,150.3624,58.5495,68.853294,79.116,0,0,81.7043,86.596596,93.1291,15,21,NA,86.5,70,0.2
2011-05-30,0.035,GPT,88,74,73.94,69.98,0,8.795534,144.72218,56.9164,71.565506,94.10022,0,0,73.4,87.334076,94.7269,14,19.117477,NA,86.7,70.3,0.2
2011-05-31,0.034,GPT,90,72,71.96,68,0,4.0690856,139.52971,51.8344,68.319756,90.65528,0,0,71.96,85.45591,95.2623,9,14.772596,NA,86.9,70.5,0.2
2011-06-01,0.058,GPT,101,72,69.98,62.06,0,5.9727845,4.5565186,29.89,52.799957,84.158424,NA,NA,71.96,89.314575,102.987,11,17.379524,NA,87.1,70.8,0.2
2011-06-02,0.056,GPT,90,79,77,66.2,0,7.889044,130.00128,56.508995,65.86018,76.9034,NA,NA,82.9544,91.6549,101.768,14,19.986454,NA,87.2,71,0.2
2011-06-03,0.044,GPT,92,73,73.04,62.06,0,4.9678993,24.604172,38.1537,64.65686,93.51795,NA,NA,73.04,86.70977,94.3602,8,14.772596,NA,87.4,71.3,0.2
2011-06-04,0.063,GPT,103,74,71.96,62.06,0,5.7634335,356.98383,27.2554,53.938576,83.32391,NA,NA,75.02,91.27121,105.626,10,17.379524,NA,87.5,71.5,0.2
2011-06-05,0.067,GPT,93,79,77,68,1e-4,6.820656,117.9,53.9078,66.10075,87.222176,NA,NA,82.6496,91.970566,105.803,15,21,NA,87.7,71.7,0.21
2011-06-06,0.056,GPT,95,74,77,64.04,0,3.8576412,303.44296,50.5097,72.35272,96.49011,NA,NA,73.94,85.91802,104.55464,12,14.772596,NA,87.8,71.9,0.21
2011-06-07,0.054,GPT,91,69,69.8,60.98,0,4.5352407,330.5191,37.9889,65.2142,87.255104,NA,NA,69.98,81.497025,90.9356,9,13.90362,NA,88,72.1,0.21
2011-06-08,0.049,GPT,90,70,74,64.04,0,7.3914859999999996,121.758644,53.6358,66.94602,81.00144,NA,NA,71.06,83.62136,97.1331,15,25.200312,NA,88.1,72.3,0.21
2011-06-09,0.048,GPT,90,70,71.96,66,0,6.926029,121.82454,48.1197,69.01594,87.35387,NA,NA,69.98,82.205284,92.856,14,19.986454,NA,88.2,72.5,0.22
2011-06-10,0.053,GPT,93,70,69.8,62.96,0,5.8053036,115.35923,38.2907,64.343956,90.06199,NA,NA,71.06,82.20417,93.7641,11,14.772596,NA,88.3,72.7,0.22
2011-06-11,0.063,GPT,96,69,73.04,62.06,0,5.256106,337.16162,33.7375,62.582405,87.255104,NA,NA,69.98,84.058365,96.1802,9,17.379524,NA,88.4,72.8,0.23
2011-06-12,0.064,GPT,94,70,71.96,64.4,1e-4,5.00977,310.33368,42.5082,65.61372,90.06199,NA,NA,71.06,83.39886,97.4519,9,18.2485,NA,88.5,73,0.23
2011-06-13,0.057,GPT,96,71.6,75.2,66.92,0.07,5.9811583,307.52515,41.500286,66.68592,87.45151,NA,NA,71.96,87.2128,101.535,12,18.2485,NA,88.6,73.1,0.23
2011-06-14,0.06,GPT,96,74,75.02,68,0,5.2191205,247.40625,41.6618,67.07454,93.56953,NA,NA,75.02,90.56363,102.049,11,17.379524,NA,88.7,73.3,0.23
2011-06-15,0.044,GPT,93,75.2,75.92,68,0,6.0146546,250.28328,45.6309,64.57826,84.91552,NA,NA,75.92,91.46516,99.2892,10,20.85543,NA,88.8,73.4,0.24
2011-06-16,0.044,GPT,95,76,77,68,1e-4,5.759944,207.94751,42.9079,70.282425,90.80131,NA,NA,75.92,92.769615,103.051,13,21,NA,88.9,73.6,0.25
2011-06-17,0.026,GPT,93,79,78.08,73.4,1e-4,7.499651,195.9766,55.8435,70.17782,87.78896,NA,NA,85.69895,95.87291,103.134,14,19.986454,NA,89,73.7,0.26
2011-06-18,0.027,GPT,92,82,75.92,73.04,0,7.9511514,188.70749,59.4165,68.155495,76.5296,NA,NA,87.4782,95.30485,101.943,14,20.85543,NA,89.1,73.8,0.24
2011-06-19,0.028,GPT,94,80,75.92,69.8,0,7.615492,199.68092,49.3622,67.13124,84.64174,NA,NA,85.01318,94.092186,103.134,12,21.724405,NA,89.1,73.9,0.24
2011-06-20,0.024,GPT,92,83,77,73.04,1e-4,9.628751,176.01134,57.4366,68.77746,79.4987,NA,NA,88.2557,94.48875,100.66,15,24.331335,NA,89.2,74,0.26
2011-06-21,0.024,GPT,88,71,77,69.08,1.1,6.543615,176.22234,67.4817,78.54068,94.057,NA,NA,72.8807,88.193306,97.5508,21,30.41417,NA,89.3,74.1,0.25
2011-06-22,0.021,GPT,90,74,80.06,71.96,0.23,6.6510816,177.24649,63.3777,79.50553,90.4094,NA,NA,76.4622,91.2348,101.768,13,23,NA,89.3,74.2,0.25
2011-06-23,0.03,GPT,88,75.9,77,69.98,0.01,3.9371946,222.21294,58.910583,77.18319,94.143,NA,NA,75.2,87.01154,94.726944,5,11.296691,NA,89.4,74.2,0.25
2011-06-24,0.028,GPT,92,77,75.02,62.96,1e-4,5.3398466000000004,200.72162,39.3831,67.30521,84.6417,NA,NA,78.08,87.5705,94.3501,12,19.117477,NA,89.4,74.3,0.24
2011-06-25,0.029,GPT,91,72,75.02,68,0,6.098395,170.98016,48.5504,70.63734,93.54147,NA,NA,73.04,87.67622,98.0756,12,19.117477,NA,89.5,74.4,0.23
2011-06-26,0.032,GPT,92,75,75.92,69.08,0,5.089323,184.96439,50.2292,69.23709,94.14301,NA,NA,75.2,89.61429,97.68257,10,17.379524,NA,89.6,74.4,0.23
2011-06-27,0.025,GPT,93,79,75.92,71.96,1e-4,5.6608515,193.37013,52.2368,66.96666,84.694115,NA,NA,84.58517,94.19512,101.825,9,13.90362,NA,89.6,74.5,0.24
2011-06-28,0.031,GPT,92,73,78.8,66.2,0.25,5.6608515,349.30023,48.8436,76.82103,94.1002,NA,NA,74.8627,86.40603,100.66,16,25.200312,NA,89.7,74.5,0.24
2011-06-29,0.043,GPT,96,70,75.02,64.94,0.01,4.239358,28.328642,37.3252,69.02769,93.51795,NA,NA,71.06,86.97514,100.80832,8,7.820786,NA,89.7,74.6,0.23
2011-06-30,0.055,GPT,94,74,75.92,69.08,0,3.8743894,171.06944,45.7897,68.36808,90.36164,NA,NA,74,89.99615,101.021,7,15,NA,89.7,74.6,0.24
2011-07-01,0.059,GPT,96,79,77,64.94,0,5.2630844,218.65076,36.1059,63.481255,84.6417,NA,NA,78.98,95.02495,101.943,12,17,NA,89.8,74.6,0.24
2011-07-02,0.054,GPT,96,78,77,69.08,0,3.795534,162.20758,44.5877,67.92412,84.356,NA,NA,80.6001,93.90107,104.503,15,18,NA,89.8,74.7,0.24
2011-07-03,0.053,GPT,93,75,75.02,71,0,5.5617585,163.00511,53.727,67.22783,87.60026,NA,NA,77,91.64965,101.943,14,18,NA,89.9,74.7,0.25
2011-07-04,0.047,GPT,93,75.9,75.02,66.02,0,6.7634335,148.96826,48.119698,66.04408,87.60026,NA,NA,77,87.95081,97.7998,11,15,NA,89.9,74.7,0.25
2011-07-05,0.043,GPT,92,73,72,68,0,5.2037683,2.4382179,45.6309,67.91079,88.5078,NA,NA,73.94,84.370964,98.548,16,22,NA,90,74.7,0.25
2011-07-06,0.041,GPT,93,72,73.04,64.4,0,2.1374738,193.16237,40.9587,70.710014,90.6553,NA,NA,73.1168,84.92286,95.9667,9,14.772596,NA,90,74.8,0.25
2011-07-07,0.052,GPT,96,72,75.02,66.02,0,2.9309142,206.42662,40.0691,64.9943,87.45151,NA,NA,74.152145,89.150505,101.233,9,15.641572,NA,90,74.8,0.25
2011-07-08,0.053,GPT,96,78,75.2,66.92,0,4.6475925,227.84206,41.3383,64.2159,87.6951,NA,NA,82.50177,93.74138,106.092,13,22,NA,90.1,74.8,0.25
2011-07-09,0.039,GPT,94,77,75.92,69.8,1e-4,4.441033,209.42993,52.2368,66.97966,90.3687,NA,NA,80.69244,94.88354,102.182,9,19.117477,NA,90.1,74.8,0.26
2011-07-10,0.038,GPT,96,78,75.02,66.92,0,4.209351,202.91357,39.9822,61.828964,84.5256,NA,NA,80.56288,94.06715,101.021,11,17.379524,NA,90.2,74.8,0.26
2011-07-11,0.034,GPT,96,75,75.92,69.98,0.16,4.625262,266.57693,44.4152,71.18273,88.5888,NA,NA,76.5837,90.867546,104.555,17,23,NA,90.2,74.9,0.26
2011-07-12,0.038,GPT,91,75,78.8,69.08,1e-4,4.046057,281.14026,59.5531,78.606346,93.6205,NA,NA,77.203026,87.46832,102.372,15,25.200312,NA,90.3,74.9,0.27
2011-07-13,0.041,GPT,95,78,78.08,71.96,0,5.418004,309.8913,52.3867,73.82091,90.8013,NA,NA,76.4622,89.88661,105.745,14,23,NA,90.3,74.9,0.25
2011-07-14,0.036,GPT,91,75,77,71.6,1.41,2.444522,306.1732,61.1253,81.75983,94.14301,NA,NA,76.84472,83.95849,100.234,15,30.41417,NA,90.3,74.9,0.23
2011-07-15,0.036,GPT,87,75,75.92,73.04,0.02,2.7194695,267.96115,63.1423,82.09153,96.4461,NA,NA,76.75497,86.049545,97.7613,8,18.2485,NA,90.4,74.9,0.23
2011-07-16,0.027,GPT,86,75,77,73.4,0.11,1.9183531,287.20978,74.44338,87.5004,94.18534,NA,NA,76.8447,83.108505,92.8119,7,13.034643,NA,90.4,74.9,0.22
2011-07-17,0.026,GPT,85,74,77,71.96,0.62,2.461968,237.92694,74.4434,88.82624,97.0174,NA,NA,75.4305,81.57312,94.2691,10,18.2485,NA,90.5,74.9,0.22
2011-07-18,0.022,GPT,82.4,74,75.92,71.6,5.46,4.9895325,147.34303,74.14805,89.56381,100,NA,NA,75.9,80.01711,87.478195,17,20.85543,NA,90.5,74.9,0.22
2011-07-19,0.03,GPT,89,72,75.02,69.98,0,3.2658758,146.8217,59.049355,78.461525,96.4172,NA,NA,73.25,85.49891,95.001495,8,14.772596,NA,90.5,75,0.22
2011-07-20,0.03,GPT,91,73,75.02,68,0,2.679693,176.17062,48.5504,72.60229,93.59277,NA,NA,74.43935,87.760666,97.1331,9,13.90362,NA,90.6,75,0.2
2011-07-21,0.037,GPT,90,76,77,73,0.81,2.9853454,181.73302,59.302208,75.167206,93.6205,NA,NA,78.5172,90.970665,99.2892,10,17.379524,NA,90.6,75,0.21
2011-07-22,0.026,GPT,88,76,75.92,73.04,1.75,2.1374738,129.2982,65.0834,86.296814,94.143,NA,NA,76.8447,83.35696,96.551,12,15.641572,NA,90.7,75,0.22
2011-07-23,0.022,GPT,89,74,77,73.04,1.14,2.6489882,206.16931,59.3022,82.14558,97.0415,NA,NA,75.59382,85.75915,97.1331,8,24.331335,NA,90.7,75,0.21
2011-07-24,0.02,GPT,89,74,78.08,73.04,1.1,1.5903698,194.20177,66.3535,88.437325,100,NA,NA,76.61977,82.17081,101.634,9,15.641572,NA,90.7,75,0.21
2011-07-25,0.029,GPT,87,73,77,71.96,0.25,2.0990927,290.9787,71.9753,87.701,97.0415,NA,NA,75.43045,82.01759,95.9429,7,15.641572,NA,90.8,75,0.21
2011-07-26,0.034,GPT,92,75,75.92,73,0.01,3.478018,305.3948,55.7235,82.682365,100,NA,NA,76.61977,85.66838,99.6631,12,19.117477,NA,90.8,75,0.21
2011-07-27,0.046,GPT,88,75.2,75.92,73.4,0,2.7927425,158.09816,65.0834,80.29041,93.6205,NA,NA,75.9,87.10542,97.7613,9,13.90362,NA,90.8,75,0.22
2011-07-28,0.026,GPT,84,78,77,73,0.13,5.657362,127.92806,71.782,81.82005,90.3687,NA,NA,82.0345,87.35696,91.95771,15,22,NA,90.9,75.1,0.23
2011-07-29,0.018,GPT,90,78,78.8,75,1e-4,6.2414513,122.90337,63.3777,78.46753,90.9823,NA,NA,80.69244,93.29506,103.271,13,19.986454,NA,90.9,75.1,0.23
2011-07-30,0.024,GPT,93,77,77,71,0.06,1.6413119,187.95644,55.45014,77.87916,96.4747,NA,NA,78.80016,91.31871,104.302,7,12.165668,NA,90.9,75.1,0.22
2011-07-31,0.027,GPT,96.1,78,78.8,73,0.57,3.3817167,332.33438,50.944916,81.06325,93.6709,NA,NA,79,88.545715,104.302,10,21.724405,NA,90.9,75.1,0.22
2011-08-01,0.035,GPT,94,77,78.98,73.04,0.52,3.572924,288.86832,59.6664,82.59517,93.6205,NA,NA,78.64378,87.94623,105.803,11,18.2485,NA,91,75.1,0.21
2011-08-02,0.048,GPT,95,76,78.08,71.6,0,2.2191207,296.44598,58.1561,78.02305,93.6205,NA,NA,77.6109,91.474075,108.921,8,13.90362,NA,91,75.1,0.21
2011-08-03,0.053,GPT,96,79,80.06,75.92,0.12,2.9309142,234.51367,60.2716,83.215515,93.7207,NA,NA,82.9577,94.9998,112.268,16,28,NA,91,75.1,0.22
2011-08-04,0.043,GPT,95,78,78.98,71.96,1e-4,3.1402652,319.57132,52.6599,75.43458,93.698105,NA,NA,82.0793,98.08262,110.387,11,27,NA,91,75.1,0.22
2011-08-05,0.049,GPT,97,77,78.98,71.06,1e-4,3.298674,348.78345,49.2736,73.62612,87.60026,NA,NA,78.3697,91.83526,109.943,10,19.117477,NA,91,75.1,0.23
2011-08-06,0.051,GPT,95,78,78.08,73.4,0,2.1926029,114.555405,55.8435,74.562904,93.0885,NA,NA,80.69244,93.464645,106.942,6,11.296691,NA,91,75.1,0.23
2011-08-07,0.045,GPT,95,78,78.08,73.94,0,2.9309142,231.5759,52.5111,74.85969,93.6709,NA,NA,80.69244,95.33951,104.382,7,14.772596,NA,91,75,0.21
2011-08-08,0.026,GPT,94,74,80.06,71.06,0.74,2.6420097,285.9074,59.5531,78.02485,93.670876,NA,NA,76.5837,94.03979,106.14888,12,25.200312,NA,91,75,0.21
2011-08-09,0.031,GPT,97,80,78.98,69.08,0,3.892533,288.48395,43.0687,70.68922,93.6981,NA,NA,86.202,95.50098,104.877,10,19.117477,NA,91,75,0.2
2011-08-10,0.034,GPT,97,77,78.98,71.6,0,3.3496163,294.27298,45.9563,69.116615,90.4094,NA,NA,80.6238,95.746925,106.092,8,18.2485,NA,91,75,0.19
2011-08-11,0.024,GPT,96,81,78.98,73.04,0,4.2386603,323.51297,49.2736,73.4931,90.9823,NA,NA,87.8949,96.217415,105.777,14,19.117477,NA,91,75,0.19
2011-08-12,0.036,GPT,96,77,78.08,68,0.13,3.2595952,344.84946,57.9012,77.97943,93.0885,NA,NA,78.0885,91.02108,104.596,13,22,NA,91,74.9,0.19
2011-08-13,0.038,GPT,93,77,78.8,69.98,1e-4,3.1737614,271.25964,50.2292,74.72157,90.3687,NA,NA,78.6438,91.40085,101.634,9,13.90362,NA,90.9,74.9,0.19
2011-08-14,0.034,GPT,93,75,78.98,71.96,1e-4,4.2198186,277.9327,57.9012,77.5248,90.3345,NA,NA,77.32676,88.15246,103.134,14,22,NA,90.9,74.9,0.2
2011-08-15,0.048,GPT,95,75,72,60.08,0,5.470342,359.65747,33.5738,61.33786,90.2171,NA,NA,76.3347,85.20079,94.7838,11,19.117477,NA,90.9,74.8,0.22
2011-08-16,0.066,GPT,93,68,71.96,62.96,0,2.157711,105.600624,41.9124,64.86797,87.5481,NA,NA,68,82.56455,94.7818,7,13.034643,NA,90.8,74.8,0.21
2011-08-17,0.068,GPT,94,73,73.94,64.04,0,1.256106,126.615234,40.9043,68.68492,93.518,NA,NA,74.2806,85.61534,96.1802,6,10.427715,NA,90.8,74.7,0.22
2011-08-18,0.068,GPT,94,74,73.94,66.02,0,1.9260293,164.2397,41.203,68.29403,90.2171,NA,NA,76.462204,87.33529,96.6444,8,13.90362,NA,90.8,74.7,0.22
2011-08-19,0.062,GPT,94,76,75.92,66.02,0,1.8422889,170.57558,42.6119,72.225,90.8013,NA,NA,77.32676,88.46162,101.825,8,12.165668,NA,90.7,74.6,0.22
2011-08-20,0.048,GPT,94,76,75.92,71.06,0,2.3028612,198.17218,48.9909,72.414444,93.5928,NA,NA,77.6109,91.6225,103.134,8,13.034643,NA,90.7,74.5,0.22
2011-08-21,0.044,GPT,95,76,75.92,71.06,0.02,2.914166,327.76987,48.9909,77.25067,90.3345,NA,NA,78.64378,88.41426,104.555,11,15,NA,90.6,74.5,0.23
2011-08-22,0.051,GPT,94,75.2,78.08,69.98,1e-4,2.5610607,285.37518,59.5531,75.56825,93.59277,NA,NA,77.47966,90.854836,107.419,11,20.85543,NA,90.6,74.4,0.23
2011-08-23,0.055,GPT,96,75,75.92,71.06,1e-4,2.5924633,334.91766,49.1293,72.44469,90.8013,NA,NA,77.3268,89.81886,107.388,10,2.6069288,NA,90.5,74.3,0.24
2011-08-24,0.056,GPT,96,74,75.2,69.98,0.08,3.3621771,26.230957,49.2736,72.24642,87.5481,NA,NA,77.203,87.37415,105.024,11,18.2485,NA,90.5,74.2,0.22
2011-08-25,0.066,GPT,97,73,73.94,66.02,0,2.2882066,347.34497,37.4886,68.11498,90.13999,NA,NA,74.152145,87.82928,101.535,7,12.165668,NA,90.4,74.2,0.22
2011-08-26,0.05,GPT,100,76,75.02,68,0,2.721563,339.51648,36.7675,64.674446,90.8013,NA,NA,77.47966,93.46581,105.348,7,15.641572,NA,90.3,74.1,0.2
2011-08-27,0.057,GPT,96,74,75.92,59,0,5.401256,325.90613,30.2611,59.897556,87.6951,NA,NA,75.92,87.47637,98.2946,12,18.2485,NA,90.2,74,0.2
2011-08-28,0.054,GPT,98,70,68,57.92,0,5.1772504,337.7337,27.3949,55.014614,78.4937,NA,NA,71.06,84.01178,98.1902,11,19.986454,NA,90.2,73.9,0.2
2011-08-29,0.062,GPT,98,68,71.06,57.92,0,2.8471737,358.9165,27.3949,57.67947,83.9813,NA,NA,69.08,83.974495,96.98,11,15.641572,NA,90.1,73.7,0.19
2011-08-30,0.076,GPT,96,69,73.04,55.04,0,2.5959525,125.3044,26.2323,61.043262,87.5481,NA,NA,69.98,84.13359,99.1091,9,12.165668,NA,90,73.6,0.2
2011-08-31,0.053,GPT,93.2,72,75.92,68,0,6.824843,129.10358,44.1222,70.206024,90.728714,NA,NA,74.28058,90.47686,101.825,16,20.85543,NA,89.9,73.5,0.19
2011-09-01,0.026,GPT,86,78,77,71.06,0.3,9.4898815,94.70414,66.1518,78.31309,88.8267,NA,NA,82.0345,87.561516,95.0015,17,30.41417,NA,89.8,73.4,0.2
2011-09-02,0.028,GPT,83,75,75.92,71.96,4.29,9.442429,76.659904,74.2799,87.36482,100,NA,NA,76.8447,80.74907,89.4601,17,39.972908,NA,89.7,73.3,0.2
2011-09-03,0.033,GPT,81,75,77,73.4,2.88,17.55095,114.84788,83.55026,90.230644,94.1853,NA,NA,76.8447,81.31276,87.8949,32,44.317787,NA,89.6,73.1,0.18
2011-09-04,0.04,GPT,87,74,78.98,71.6,1.7,15.905094,148.66902,74.766,85.33877,94.2687,NA,NA,76.5837,89.19859,102.372,30,36,NA,89.5,73,0.19
2011-09-05,0.035,GPT,83,63,78.8,55.94,1.98,13.026518,282.3269,68.494095,80.57516,94.22723,NA,NA,64.94,77.52576,92.4017,23,32.152122,NA,89.4,72.8,0.19
2011-09-06,0.036,GPT,82,59,57.92,51.8,0,6.9727845,334.68866,36.60034,64.24927,89.6125,NA,NA,60.08,69.17019,80.96,13,18.2485,NA,89.3,72.7,0.19
2011-09-07,0.04,GPT,83,57,57.92,48.92,0,4.3545012,357.3846,32.67,62.603424,93.1031,NA,NA,57.92,69.153824,80.96,11,16,NA,89.2,72.5,0.2
2011-09-08,0.044,GPT,84,57.9,62.06,53.06,0,2.790649,348.84348,38.00077,67.48727,89.778,NA,NA,59,70.14749,82.04,8,15.641572,NA,89.1,72.4,0.2
2011-09-09,0.057,GPT,83,57.2,62.06,51.98,0,2.0097697,202.26685,36.6003,68.440216,93.22049,NA,NA,57.92,70.707054,82.94,7,12.165668,NA,89,72.2,0.21
2011-09-10,0.06,GPT,86,59,64.04,55.04,0,1.3817167,194.64972,37.2146,67.196236,93.1901,NA,NA,59,72.28142,84.92,9,12.165668,NA,88.8,72,0.21
2011-09-11,0.059,GPT,89.1,61,66.92,55.94,0,2.6378229,282.62665,33.7539,69.98208,93.383865,NA,NA,62.06,74.72934,87.126,8,12.165668,NA,88.7,71.8,0.21
2011-09-12,0.068,GPT,91,66,71.96,57.02,0,2.4284718,226.76752,33.9195,68.61852,93.437,NA,NA,66.02,79.1564,89.96,8,12.165668,NA,88.5,71.6,0.22
2011-09-13,0.063,GPT,90,68,73.94,64.04,0,2.7487788,212.45723,43.5312,71.503235,93.437,NA,NA,69.08,81.719505,91.9974,7,12.165668,NA,88.4,71.4,0.19
2011-09-14,0.061,GPT,90,70,75.02,55.04,0,2.889044,196.79881,31.5713,72.78721,94.057,NA,NA,72.2589,84.56035,94.5631,8,13.034643,NA,88.3,71.2,0.18
2011-09-16,0.043,GPT,81,62,66.02,57.02,0,2.59037,11.346015,57.7305,73.95193,87.2551,NA,NA,62.96,70.49411,80.8155,8,13.90362,NA,87.9,70.8,0.17
2011-09-17,0.047,GPT,84.2,65,69.08,60.98,0,4.716678,115.86845,58.51412,75.94155,90.4644,NA,NA,64.94,75.819756,87.201965,9,14.772596,NA,87.8,70.6,0.16
2011-09-18,0.041,GPT,87.8,69.8,73.94,66.92,0,6.1702724,134.48544,59.049355,77.85937,93.43703,NA,NA,69.98,82.85544,93.12912,11,18.2485,NA,87.6,70.3,0.15
2011-09-19,0.039,GPT,82,73,75.2,69.8,1.92,6.961619,138.47235,74.0652,82.48274,94.10022,NA,NA,74.43935,82.04998,88.7231,12,23,NA,87.4,70.1,0.14
2011-09-20,0.036,GPT,85,70,73.94,69.08,1e-4,3.2198186,151.08902,67.146,83.7851,94.10022,NA,NA,72.258896,80.80803,91.104,9,14.772596,NA,87.2,69.8,0.14
2011-09-21,0.039,GPT,86,71.6,73.94,69.08,0,2.7592463,38.367397,62.7745,81.38023,93.54147,NA,NA,73.25001,80.65092,92.2139,6,13.90362,NA,87,69.5,0.13
2011-09-22,0.033,GPT,87,71,75.02,66.2,1e-4,3.9727843,86.72404,56.9164,79.51896,94.1002,NA,NA,74.2806,80.50056,95.0015,13,20.85543,NA,86.8,69.3,0.13
2011-09-23,0.035,GPT,91,71,73.94,68,0,3.789951,357.30618,49.94677,79.71975,96.417175,NA,NA,71.1,80.75464,92.855995,9,15.641572,NA,86.6,69,0.15
2011-09-24,0.047,GPT,85,66.2,73.04,62.6,0,3.8646197,64.305695,58.6546,75.81489,87.60026,NA,NA,66.92,77.93764,87.7934,8,17.379524,NA,86.4,68.7,0.14
2011-09-25,0.073,GPT,87,72,71.96,62.06,0,5.507327,193.24309,46.1899,64.65002,87.3539,NA,NA,72.9616,83.489525,88.7806,9,15.641572,NA,86.2,68.4,0.16
2011-09-26,0.053,GPT,90,77,75.02,68,0,4.1207256,220.93344,49.9468,69.01822,84.5256,NA,NA,80.3345,86.30073,93.6436,7,16,NA,86,68.1,0.15
2011-09-27,0.044,GPT,88,73,75.2,66.92,0,3.5603628,143.45163,53.0308,74.95963,93.5695,NA,NA,75.4305,84.68383,90.0969,8,13.90362,NA,85.7,67.8,0.15
2011-09-28,0.041,GPT,90,67,77,60.8,0.46,4.2505236,273.08163,55.5308,79.71697,93.9243,NA,NA,66.2,81.95761,96.4142,18,45.186764,NA,85.5,67.4,0.15
2011-09-29,0.042,GPT,85,67,69.08,64.4,0,2.8018143,54.21129,54.6256,78.40913,100,NA,NA,66.2,75.75247,87.202,7,10.427715,NA,85.2,67.1,0.16
2011-09-30,0.039,GPT,84,57,69.98,46.94,0,4.6092114,346.78134,29.2823,65.7216,93.9243,NA,NA,60.08,72.50133,84.9661,13,21,NA,85,66.8,0.15
2011-10-01,0.039,GPT,79,50,51.08,41,0,5.790649,0.091193214,27.837244,54.225906,89.1731,NA,NA,50,65.258995,78.98,12,18.2485,NA,84.7,66.4,0.14
2011-10-02,0.035,GPT,75,52,51.08,42.08,0,4.7759943,15.248236,32.9129,57.017704,86.413,NA,NA,51.98,61.925735,73.8312,11,20,NA,84.5,66,0.14
2011-10-03,0.046,GPT,79,48,53.06,37.94,0,2.4284718,30.940247,23.881,64.08166,92.8699,NA,NA,48.92,61.161503,77.7004,11,17.379524,NA,84.2,65.7,0.14
2011-10-04,0.062,GPT,83,50,57.02,44.06,0,1.7585485,63.160137,26.2512,64.23369,92.9293,NA,NA,51.08,64.97666,80.96,7,7.820786,NA,83.9,65.3,0.14
2011-10-05,0.057,GPT,84,54,66.02,46.94,0,4.2707605,110.63482,28.4403,69.57543,93.04584,NA,NA,53.96,69.179245,82.762,13,18.2485,NA,83.6,64.9,0.13
2011-10-06,0.052,GPT,83,61,64.04,57.02,0,6.1967897,104.11981,44.2872,69.90701,93.275604,NA,NA,62.06,71.53504,84.3678,18,23,NA,83.3,64.5,0.13
2011-10-07,0.045,GPT,84,61,66.02,57.2,0,6.866713,95.15464,46.0276,70.70282,89.6957,NA,NA,62.06,73.27318,84.0017,15,21.724405,NA,83,64.1,0.12
2011-10-08,0.041,GPT,85,68,66.92,55.4,0,9.140265,87.3554,49.2195,66.32643,78.2462,NA,NA,68,75.67202,84.9911,16,26.069286,NA,82.7,63.7,0.13
2011-10-09,0.041,GPT,84,66,64.04,57.2,0,8.591067,64.24263,49.2195,64.151375,75.9592,NA,NA,66.02,74.83402,84.9911,13,21.724405,NA,82.4,63.2,0.13
2011-10-10,0.036,GPT,86,64,64.04,60.08,0,6.953245,29.521646,47.8155,69.23464,86.99857,NA,NA,64.04,73.98523,85.8331,11,19.117477,NA,82.1,62.8,0.11
2011-10-11,0.029,GPT,78,67,64.94,62.06,1e-4,6.4459176,354.7392,66.35797,78.01856,87.1003,NA,NA,66.92,70.913414,77,9,14.772596,NA,81.7,62.4,0.11
2011-10-12,0.044,GPT,77,67,69.98,64.04,0.13,2.4052925,174.37248,68.6854,79.59439,89.9397,NA,NA,68,72.455284,77,6,13.034643,NA,81.4,62,0.11
2011-10-13,0.044,GPT,86,59,70,51.98,0.01,3.9176552,307.58337,35.6434,72.00882,96.2812,NA,NA,60.98,72.031815,84.3304,12,19.117477,NA,81.1,61.5,0.11
2011-10-14,0.045,GPT,83,53,57.92,44.96,0,1.9678996,62.575726,27.1671,69.15911,96.7569,NA,NA,53.96,66.60514,80.302,8,18.2485,NA,80.7,61.1,0.12
2011-10-15,0.054,GPT,87,53,62.06,50,0,1.7759944,77.64448,29.9219,69.56264,93.0771,NA,NA,55.04,68.16524,84.4674,6,19.117477,NA,80.4,60.6,0.11
2011-10-16,0.054,GPT,88,56,60.08,48.02,0.01,2.2191207,106.35306,27.1393,68.98389,96.1697,NA,NA,57.02,69.058876,85.2621,8,13.90362,NA,80,60.2,0.12
2011-10-17,0.051,GPT,83,54,69.98,53.06,0,3.6845777,145.55478,52.6554,78.49396,93.383865,NA,NA,55.94,71.13151,84.5316,10,19.117477,NA,79.7,59.7,0.13
2011-10-18,0.034,GPT,87,54,71.6,46.04,0.01,7.2993717,321.00134,49.6623,77.81816,100,NA,NA,55.04,71.26107,86.2675,22,33.0211,NA,79.3,59.3,0.12
2011-10-19,0.036,GPT,67,41,44.06,35.06,0,8.252617,317.53604,37.6865,60.96103,82.3783,NA,NA,42.98,53.444973,64.94,18,31.283144,NA,79,58.8,0.13
2011-10-20,0.04,GPT,68,37.4,41,28,0,3.3496163,317.76605,24.711617,61.635597,89.52968,NA,NA,36.690838,51.057663,66.9,10,18.2485,NA,78.6,58.3,0.12
2011-10-21,0.046,GPT,75,39,44.06,30.02,0,2.1353803,337.534,21.3708,60.561455,92.61712,NA,NA,39.9,55.045837,72.1693,9,15.641572,NA,78.2,57.9,0.12
2011-10-22,0.044,GPT,76,44,46.04,35.96,0,2.8053036,20.265003,26.1045,60.643074,86.1923,NA,NA,44.06,57.350555,73.5019,10,15.641572,NA,77.9,57.4,0.11
2011-10-23,0.048,GPT,74,42,55.94,37.4,0,2.05164,163.43169,28.935205,65.04655,92.61712,NA,NA,40.2118,58.946396,72,7,13.90362,NA,77.5,57,0.11
2011-10-24,0.043,GPT,82.4,57,62.06,51.8,0,4.2707605,340.61005,35.40816,67.54264,93.134,NA,NA,57.92,68.13892,81.045906,9,15.641572,NA,77.2,56.5,0.11
2011-10-25,0.052,GPT,79,52,60.08,50,0,4.251221,112.96374,37.3835,70.82058,89.94654,NA,NA,53.06,65.36318,78.08,11,18.2485,NA,76.8,56.1,0.11
2011-10-26,0.053,GPT,79,54,62.6,51.8,0,3.0565248,146.73042,40.228,74.937256,93.74054,NA,NA,55,65.55771,78.08,12,14.772596,NA,76.4,55.7,0.1
2011-10-27,0.048,GPT,80,52,63,51.08,0,2.3447313,168.57364,48.186104,75.319695,100,NA,NA,53.6,66.61494,79,8,13.034643,NA,76.1,55.2,0.12
2011-10-28,0.026,GPT,80,52,64.4,44.06,0.01,6.4605722,345.07587,59.9796,78.2505,100,NA,NA,53.96,63.558853,80.6766,17,26.069286,NA,75.7,54.8,0.11
2011-10-29,0.039,GPT,68,42,42.98,30,0,10.307746,3.3507802,26.8106,52.981804,79.377,NA,NA,41.2407,52.985855,68,19,29,NA,75.4,54.4,0.11
2011-10-30,0.04,GPT,69,44,48.02,35.06,0,4.6699233,73.85215,39.7914,58.90091,83.0928,NA,NA,41.1389,54.03182,68,10,17.379524,NA,75,54,0.11
2011-10-31,0.045,GPT,74,41,46.4,37.04,0,3.2240057,356.55026,26.9284,63.79825,88.9012,NA,NA,40.2118,55.01273,71.3096,11,19.117477,NA,74.7,53.6,0.11
2012-02-29,0.015,GPT,76,64.4,69.8,64,1e-4,8.311933,167.41078,78.80812,88.90005,100,NA,NA,64.4,69.647995,76.3362,13,19.117477,NA,67.4,48.9,0.17
2012-03-01,0.029,GPT,81,69,69.08,64.94,0,7.2247033,206.24522,58.255,83.925674,96.3583,NA,NA,69.08,72.8886,82.762,13,21.724405,NA,67.5,49,0.16
2012-03-02,0.025,GPT,76,69,69.8,66.2,0.34,6.5826936,190.43106,81.7121,88.474625,94.057,NA,NA,69.08,72.06991,76.066,11,19.117477,NA,67.7,49.1,0.16
2012-03-03,0.033,GPT,72,47,68,33.98,0.02,10.755059,347.01392,50.112,71.76643,90.062,NA,NA,42.9898,57.69301,72.9616,16,25.200312,NA,67.9,49.3,0.16
2012-03-04,0.045,GPT,68,39,44.06,24.08,0,4.743894,309.3517,19.611,50.028816,82.0931,NA,NA,38.9772,53.390003,66.92,13,30.41417,NA,68.1,49.5,0.17
2012-03-05,0.055,GPT,79,45,48.02,35.06,0,3.0788555,281.45773,21.0457,60.13043,89.5622,NA,NA,44.96,60.024323,76.5771,10,15,NA,68.3,49.7,0.16
2012-03-06,0.05,GPT,68,49,57.02,35.96,0,9.7362175,107.22079,52.3543,64.895035,86.1801,NA,NA,45.9082,59.995495,68,18,26.069286,NA,68.5,49.9,0.17
2012-03-07,0.043,GPT,74,58,62.6,55.94,0,13.649686,114.544014,68.3511,81.36647,93.1031,NA,NA,57.92,66.763115,73.04,23,30.41417,NA,68.7,50.1,0.17
2012-03-08,0.042,GPT,75,62,66.92,60.98,0,9.59037,122.409996,73.4916,84.7137,90.3879,NA,NA,64.04,69.46387,73.94,13,18.2485,NA,68.8,50.2,0.16
2012-03-09,0.03,GPT,69,53,66.92,42.08,0.85,7.893929,28.422485000000002,64.0289,83.43587,93.969,NA,NA,53.96,62.58794,69.8,21,32.152122,NA,69,50.4,0.17
2012-03-10,0.04,GPT,68,50,57.92,37.04,0,6.7020235,82.768,37.1471,64.636475,92.5642,NA,NA,47.2089,59.078262,66.92,12,15.641572,NA,69.2,50.6,0.15
2012-03-11,0.04,GPT,72,59,64.94,57.02,0.02,12.439637,108.09513,75.3967,83.42156,93.9243,NA,NA,60.08,66.215576,71.06,21,29,NA,69.4,50.8,0.15
2012-03-12,0.037,GPT,71,62,66.2,60.08,0.8,8.613399,123.12168,78.4937,89.69797,93.969,NA,NA,62.06,66.769394,71.06,17,30.41417,NA,69.6,51,0.14
2012-03-13,0.029,GPT,76,63,69.8,62.06,0.01,3.4947662,160.1129,81.7121,90.72384,100,NA,NA,62.96,69.92154,76.3362,9,13.034643,NA,69.8,51.2,0.15
2012-03-14,0.037,GPT,78,64,66.92,62.6,0.01,2.7669225,146.06671,61.3594,87.061226,96.342,NA,NA,64.4,69.48647,80.5591,8,13.034643,NA,70,51.4,0.15
2012-03-15,0.04,GPT,80,60,64.94,60.08,0,2.457083,157.8285,52.3744,80.79181,100,NA,NA,62.6,70.373695,80.6766,8,12.165668,NA,70.2,51.6,0.16
2012-03-16,0.036,GPT,79,58,64.4,55.4,0.02,2.380321,159.27881,50.3941,82.0073,100,NA,NA,57.2,67.10905,78.98,8,13.90362,NA,70.4,51.7,0.16
2012-03-17,0.037,GPT,78,59,69.8,57.2,0,4.226099,146.0272,66.4809,83.011185,100,NA,NA,60.8,69.59207,78.08,11,17.379524,NA,70.6,51.9,0.16
2012-03-18,0.041,GPT,78,67,68,64.94,0.01,6.9385905,130.98894,71.0816,83.39178,93.969,NA,NA,68,72.5809,77,13,18.2485,NA,70.8,52.1,0.17
2012-03-19,0.039,GPT,78,67,69.08,64.94,0,10.598743,130.95064,73.7806,83.12454,93.3839,NA,NA,68,72.813,80.2623,16,23,NA,71,52.3,0.17
2012-03-20,0.039,GPT,80,71,68,66.02,0,16.662247,126.04424,69.1109,79.24678,88.426,NA,NA,71.06,74.1982,81.325,21,32.152122,NA,71.2,52.5,0.17
2012-03-21,0.038,GPT,79,65,69.98,62.6,4.09,17.539429,126.42163,69.1109,83.28501,94.057,NA,NA,66.02,73.7073,81.325,22,41,NA,71.4,52.7,0.19
2012-03-22,0.028,GPT,74,61,69.98,57.2,2.13,6.2037683,131.39882,78.0446,87.536446,96.3583,NA,NA,60.8,68.198105,75.1442,20,39.10393,NA,71.6,52.9,0.19
2012-03-23,0.035,GPT,78,71,71.6,64.04,0.6,5.7243543,179.39642,73.7806,85.68631,94.1002,NA,NA,71.06,73.89272,77,11,17.379524,NA,71.8,53.1,0.19
2012-03-24,0.051,GPT,83,57,66.2,50,0,4.390091,319.6277,35.3361,64.7637,93.9243,NA,NA,57.92,71.62019,82.04,11,18.2485,NA,71.9,53.3,0.19
2012-03-25,0.052,GPT,85,53,57.02,48.92,0,3.8101885,331.14786,32.67,62.89194,89.9465,NA,NA,53.06,67.745766,81.5954,10,20,NA,72.1,53.5,0.19
2012-03-26,0.049,GPT,82,58,62.06,55.04,0,2.7487788,202.36543,42.1638,68.03429,90.1091,NA,NA,57.92,69.835014,81.3751,8,13.034643,NA,72.3,53.8,0.18
2012-03-28,0.05,GPT,80,67,66.2,60.98,0,7.7285414,149.39445,54.0767,71.06056,84.3813,NA,NA,66.92,74.26056,80.6766,15,21.724405,NA,72.7,54.2,0.17
2012-03-29,0.043,GPT,80,66,66.92,62.6,0,6.713189,139.1019,58.1365,77.43921,93.9243,NA,NA,64.4,73.75764,81.6805,15,21,NA,72.9,54.4,0.17
2012-03-30,0.042,GPT,82,69,69.08,60.98,0.02,3.9546406,186.23167,54.3521,74.27898,90.0191,NA,NA,69.8,75.57952,83.3581,11,19.117477,NA,73.1,54.6,0.18
2012-03-31,0.042,GPT,83,66,69.08,62.96,0.49,3.517097,253.08942,54.5512,76.98678,93.9243,NA,NA,66.02,74.65298,85.1199,9,16,NA,73.3,54.8,0.19
2012-04-01,0.034,GPT,82,65,71.06,64.04,0,4.0886254,187.58794,69.1109,82.241234,100,NA,NA,64.94,75.89799,84.88,9,14.772596,NA,73.5,55,0.21
2012-04-02,0.038,GPT,83,66,71.96,60.8,1.51,7.78716,159.02344,68.7495,80.06478,93.9243,NA,NA,66.2,77.956474,86.8654,18,31.283144,NA,73.7,55.3,0.21
2012-04-03,0.045,GPT,83,64,71.96,62.06,0.17,3.5736217,140.85493,54.5016,77.41503,93.9243,NA,NA,64.94,74.82221,83.5216,7,24.331335,NA,73.9,55.5,0.21
2012-04-04,0.043,GPT,76,64,71.6,60.08,2.3,6.525471,77.374245,64.0667,83.58145,93.8791,NA,NA,64.04,68.2224,78.3216,22,30.41417,NA,74.1,55.7,0.2
2012-04-05,0.044,GPT,84,62,69.08,53.06,0.06,4.2896023,262.92877,47.2297,73.69797,93.2756,NA,NA,64.04,72.17267,86.5171,10,19.117477,NA,74.3,55.9,0.2
2012-04-06,0.049,GPT,81,56,55.94,51.08,0,6.8471737,346.25934,41.9975,60.73225,83.2074,NA,NA,57.02,68.636986,80.2701,13,19.117477,NA,74.5,56.2,0.2
2012-04-07,0.049,GPT,75,58,60.08,53.96,0,6.600837,116.5096,55.4917,72.20456,89.6125,NA,NA,59,66.32134,73.94,16,22,NA,74.7,56.4,0.19
2012-04-08,0.056,GPT,80,55,59,53.96,0,2.1772506,179.15262,43.6849,70.44801,93.1031,NA,NA,57.02,67.15464,78.98,8,13.034643,NA,74.9,56.6,0.2
2012-04-09,0.056,GPT,83,57,62.06,55.04,0,3.0669923,357.5515,38.391,69.11897,90.1091,NA,NA,57.92,69.85758,82.94,7,13.90362,NA,75.1,56.8,0.2
2012-04-10,0.059,GPT,80,57,62.06,48.92,0,2.2191207,182.6765,35.9081,66.81615,89.6125,NA,NA,57.02,68.84297,78.98,8,13.90362,NA,75.3,57.1,0.19
2012-04-11,0.05,GPT,83,60,64.94,48.92,0,2.7069085,27.02956,47.5235,69.57213,93.1901,NA,NA,60.8,71.32935,83.4029,8,13.90362,NA,75.5,57.3,0.2
2012-04-12,0.059,GPT,73,57,55.04,39.92,0,5.6650386,93.97432,36.2762,52.56408,80.187,NA,NA,57.92,64.954346,71.8976,11,21.724405,NA,75.7,57.5,0.18
2012-04-13,0.063,GPT,77,56,59,51.98,0,4.8443823,137.62317,48.1861,65.97806,86.58,NA,NA,55.94,68.148346,77,13,19.117477,NA,75.9,57.8,0.19
2012-04-14,0.057,GPT,80,58,66.92,55.94,0,11.011863,126.50118,56.1834,75.47358,89.6125,NA,NA,59,71.52559,80.9885,19,27,NA,76.1,58,0.19
2012-04-15,0.043,GPT,83,73,71.6,62.96,0,13.188416,144.71843,66.9263,78.23596,88.5888,NA,NA,73.04,78.797264,86.3877,18,24.331335,NA,76.3,58.2,0.2
2012-04-16,0.043,GPT,82,74,71.6,66.2,0,9.19051,150.02502,64.8973,77.05276,88.5888,NA,NA,75.02,78.832085,85.4342,15,20.85543,NA,76.5,58.5,0.19
2012-04-17,0.041,GPT,79,61,69.8,57.92,0.45,9.013259,104.08697,68.568,80.96218,93.969,NA,NA,62.06,70.85668,78.0885,16,25.200312,NA,76.8,58.7,0.19
2012-04-18,0.043,GPT,79,57.2,57.92,53.06,0.01,8.288206,357.74243,48.3466,72.92395,89.6505,NA,NA,57.92,65.81852,78.08,12,19.117477,NA,77,58.9,0.19
2012-04-19,0.049,GPT,79,56,59,53.06,0,2.9727843,242.561,46.4735,69.33736,90.1091,NA,NA,57.02,67.56388,78.08,8,13.034643,NA,77.2,59.2,0.18
2012-04-20,0.069,GPT,79,58,60.98,55.04,0,2.2609909,227.58113,46.934,69.26796,92.5642,NA,NA,57.92,69.12396,78.98,7,15.641572,NA,77.4,59.4,0.18
2012-04-21,0.033,GPT,74,58,60.98,50,0,8.381717,354.3207,63.9366,76.69744,89.6957,NA,NA,59,65.6438,73.94,18,29,NA,77.6,59.7,0.18
2012-04-22,0.047,GPT,79,52,51.08,41,0,11.833915,335.46347,27.8372,51.79866,80.0979,NA,NA,51.98,64.74667,77.8863,19,29,NA,77.9,59.9,0.17
2012-04-23,0.05,GPT,71,45,42.98,33.98,0,9.534543,334.18445,27.5924,47.202805,68.5048,NA,NA,49.2658,60.5801,69.98,16,28,NA,78.1,60.2,0.17
2012-04-24,0.057,GPT,71,41,51.98,30.92,0,4.14515,203.5849,25.0368,55.242744,88.9012,NA,NA,41,60.020462,69.98,11,18.2485,NA,78.3,60.4,0.16
2012-04-25,0.063,GPT,78,53,64.04,50,0,6.3740406,194.36992,46.4948,67.926155,86.5214,NA,NA,55.04,68.86495,78.08,12,20.85543,NA,78.5,60.7,0.17
2012-04-26,0.054,GPT,81,67,66.02,62.96,0,6.591068,198.30318,58.1365,73.28029,87.1552,NA,NA,68,74.30704,82.1375,12,18.2485,NA,78.8,60.9,0.16
2012-04-27,0.05,GPT,80,63,66.2,60.8,0,5.7878575,171.55966,57.9938,72.95504,100,NA,NA,62.6,73.97714,80.6766,11,18.2485,NA,79,61.2,0.16
2012-04-28,0.041,GPT,82,71,66.02,62.06,0,8.219818,157.48758,54.2272,68.01152,78.6517,NA,NA,71.6,76.58818,82.5154,12,19.117477,NA,79.3,61.4,0.16
2012-04-29,0.028,GPT,82,67,69.08,64.04,0,6.186322,145.33861,60.4858,75.67592,93.9243,NA,NA,66.2,75.84649,83.3581,11,17.379524,NA,79.5,61.7,0.14
2012-04-30,0.036,GPT,86,65,69.98,62.6,0,2.8778787,154.2165,47.8155,74.95496,100,NA,NA,64.4,75.64415,86.2675,9,12.165668,NA,79.7,61.9,0.14
2012-05-01,0.032,GPT,85,65,69.98,62.6,0,8.31961,119.40989,54.7739,75.41713,93.9243,0,0,66.02,77.87981,87.7934,15,22.593382,NA,80,62.2,0.13
2012-05-02,0.027,GPT,78,69,73.94,66.02,2.38,12.203769,127.03739,76.1914,85.742,94.143,0,0,69.8,76.6008,81.7043,20,33.0211,NA,80.2,62.5,0.13
2012-05-03,0.028,GPT,82,74,73.04,69.08,0.01,10.026518,136.9763,71.5869,80.64223,88.5078,0,0,74.5999,79.24941,86.8654,19,23,NA,80.5,62.7,0.14
2012-05-04,0.036,GPT,87,72,73.4,69.08,0.01,5.290998,137.46825,57.1246,78.097145,94.143,0,0,72.8807,82.21438,93.1291,11,14.772596,NA,80.7,63,0.14
2012-05-05,0.035,GPT,87,71,73.4,69.08,0.04,3.2889044,167.72513,62.7745,79.54678,94.143,0,0,72.8807,81.20289,91.6606,11,17.379524,NA,81,63.3,0.15
2012-05-06,0.03,GPT,86,68,73.04,64.04,0.09,3.5052338,142.75845,62.7745,79.26047,94.1002,0,0,69.08,78.73665,90.8113,15,26.069286,NA,81.2,63.6,0.14
2012-05-07,0.029,GPT,85,67,71.6,62.96,0,4.4131193,149.71774,65.0019,76.20793,89.9397,0,0,66.92,78.36507,89.6043,12,19.117477,NA,81.5,63.8,0.15
2012-05-08,0.038,GPT,87,67,71.06,64.94,0,4.387997,126.60366,51.2489,73.560005,89.9397,0,0,68,78.922806,89.4153,10,14.772596,NA,81.7,64.1,0.14
2012-05-09,0.039,GPT,84,65,69.98,60.08,1e-4,5.247732,349.8363,52.6554,72.18005,90.6553,0,0,66.92,77.3851,84.6962,13,19.117477,NA,82,64.4,0.15
2012-05-10,0.064,GPT,82,59,60.08,48.02,0,2.4556873,154.02795,31.5416,62.306026,93.2205,0,0,60.08,71.076546,80.6411,8,13.90362,NA,82.2,64.7,0.14
2012-05-11,0.064,GPT,81,62,66.2,55.04,0.05,9.164689,116.30226,43.9869,65.85991,86.2888,0,0,62.06,72.47854,81.0219,17,24.331335,NA,82.5,65,0.13
2012-05-12,0.049,GPT,83,67,73.4,66.02,0.1,9.593859,156.65936,69.2256,77.6761,92.8335,0,0,69.08,78.16334,88.8378,18,27,NA,82.7,65.3,0.14
2012-05-13,0.043,GPT,84,64,69.8,62.06,0,3.6448011,282.6799,49.3749,73.61897,93.8791,0,0,64.04,74.41703,84.3678,9,13.90362,NA,83,65.5,0.12
2012-05-14,0.047,GPT,82,62,66.92,60.08,0,3.3349617,312.39386,54.2272,73.29349,93.2756,0,0,62.96,74.13212,83.5216,8,12.165668,NA,83.2,65.8,0.12
2012-05-15,0.06,GPT,86,64,66.92,60.08,0,1.9392883,185.93013,46.0276,66.06169,90.3879,0,0,64.94,76.33482,84.9911,6,10.427715,NA,83.5,66.1,0.12
2012-05-16,0.05,GPT,89,68,66.02,57.02,0,3.4138172,56.085205,35.0982,65.44248,87.2551,0,0,69.08,77.54433,86.8659,8,15.641572,NA,83.7,66.4,0.13
2012-05-17,0.065,GPT,89,64,64.94,55.94,0,2.4284718,59.26445,32.6203,63.444122,87.1552,0,0,64.04,75.84573,87.4085,8,14.772596,NA,83.9,66.7,0.14
2012-05-18,0.073,GPT,89,63,66.02,51.98,0,3.307746,166.95499,30.0511,62.0619,89.8593,0,0,64.04,76.90533,87.08,8,15.641572,NA,84.2,67,0.13
2012-05-19,0.054,GPT,86,68,69.08,64.94,0,3.9357991,137.42691,56.509,72.07031,87.2551,0,0,69.08,78.583954,88.8443,12,17.379524,NA,84.4,67.3,0.14
2012-05-20,0.067,GPT,91,67,66.92,57.02,0,3.8939288,66.172905,32.9712,62.779232,90.4644,0,0,66.92,77.128075,88.5732,9,14,NA,84.6,67.6,0.15
2012-05-21,0.058,GPT,93,63,66.02,57.02,0,4.2805305,326.36954,31.8725,58.23529,90.3104,0,0,62.96,78.87515,90.8485,10,22.593382,NA,84.9,67.8,0.15
2012-05-22,0.058,GPT,89,68,66.92,60.98,1e-4,3.6650383,308.67734,43.3689,63.319027,81.2946,0,0,68,78.60577,88.8255,8,13.90362,NA,85.1,68.1,0.16
2012-05-23,0.073,GPT,90,66,69.98,57.02,0,3.5861828,195.67906,48.1197,62.39617,84.0369,0,0,66.92,80.48158,92.856,9,15.641572,NA,85.3,68.4,0.17
2012-05-24,0.057,GPT,87,75,71.96,66.92,0,7.076762,166.9188,55.0443,66.60032,79.3669,0,0,76.9422,85.28375,91.3461,13,19.986454,NA,85.5,68.7,0.18
2012-05-25,0.046,GPT,89,70,71.96,62.06,0,3.6741102,150.8142,42.0151,66.838295,88.5078,0,0,71.06,82.544075,89.4341,11,18.2485,NA,85.7,69,0.18
2012-05-26,0.06,GPT,94,67,69.08,62.96,0,3.1402652,118.67013,38.4548,63.277794,87.2551,0,0,68,82.87055,97.4519,8,12.165668,NA,85.9,69.2,0.19
2012-05-27,0.066,GPT,97,72,71.96,64.94,0,2.1207256,316.85468,36.1059,60.134663,81.7121,0,0,73.04,87.97288,99.8185,7,10.427715,NA,86.1,69.5,0.19
2012-05-28,0.053,GPT,95,72,73.04,68,0,2.6378229,184.65567,41.5003,65.33815,88.426,0,0,72.616,88.93051,100.808,10,13.90362,NA,86.3,69.8,0.19
2012-05-29,0.059,GPT,96,77,73.04,62.06,1e-4,5.209351,284.958,39.4689,61.964573,79.0466,0,0,80.4184,88.462585,100.725,9,18.2485,NA,86.5,70,0.2
2012-05-30,0.051,GPT,93,73,73.04,62.96,1e-4,6.0732727,270.83295,38.4548,66.469475,87.5481,0,0,73.04,86.85871,97.0344,18,27,NA,86.7,70.3,0.2
2012-05-31,0.033,GPT,88,69,71.96,64.04,0.8,4.3321705,227.2696,55.2883,75.07751,88.5888,0,0,69.08,78.37746,93.5917,17,33.0211,NA,86.9,70.5,0.2
2012-06-01,0.048,GPT,87,68,71.06,55.04,0.65,5.625262,321.53668,40.1371,67.781975,93.437,NA,NA,69.08,78.37257,90.7111,13,19.117477,NA,87.1,70.8,0.2
2012-06-02,0.061,GPT,85,61,64.94,53.96,0,3.162596,178.66673,39.5276,61.004314,81.0014,NA,NA,62.96,74.39851,83.7184,9,12.165668,NA,87.2,71,0.2
2012-06-03,0.065,GPT,87,67,73.94,64.04,0,4.3391485,188.22382,55.1909,74.34152,90.4644,NA,NA,66.92,82.96586,95.4321,9,15.641572,NA,87.4,71.3,0.2
2012-06-04,0.05,GPT,92,73,75.02,68,0,4.743894,235.05855,50.2292,71.51973,90.7287,NA,NA,75.2982,87.345345,96.7159,11,15.641572,NA,87.5,71.5,0.2
2012-06-05,0.039,GPT,92,76,75.2,71.06,0.01,5.872296,237.75948,53.727,73.22177,90.8013,NA,NA,77.4797,88.72011,99.2553,14,20.85543,NA,87.7,71.7,0.21
2012-06-06,0.05,GPT,91,75,75.92,69.8,0.08,3.7250524,178.57431,57.4366,75.93369,94.143,NA,NA,76.8447,88.920166,100.66,13,18.2485,NA,87.8,71.9,0.21
2012-06-07,0.041,GPT,89,75,75.02,66.92,0.05,4.1625957,61.1032,65.0834,76.43404,88.5888,NA,NA,75.02,83.49636,96.551,12,20.85543,NA,88,72.1,0.21
2012-06-08,0.033,GPT,87,73,73.4,69.08,3.41,5.3247027,55.54145,67.6546,86.24274,94.143,NA,NA,74.5999,77.929726,91.6606,14,21,NA,88.1,72.3,0.21
2012-06-09,0.04,GPT,79,70,73.4,68,1.64,7.1556177,87.24031,73.8815,86.61036,94.143,NA,NA,72.0989,77.62576,82.3057,12,19.117477,NA,88.2,72.5,0.22
2012-06-10,0.032,GPT,80,73,75.92,69.8,1.81,5.9002094,173.36089,78.621,85.067245,94.1002,NA,NA,74.2806,79.7179,86.1651,15,21.724405,NA,88.3,72.7,0.22
2012-06-11,0.03,GPT,88,72,78.8,73.04,0.1,7.495464,196.8487,69.5389,80.45711,88.8267,NA,NA,82.0345,90.67971,100.222,12,41.71086,NA,88.4,72.8,0.23
2012-06-12,0.044,GPT,90,71,75.2,66.02,1e-4,5.3963714,301.0865,46.6422,71.86605,90.062,NA,NA,71.06,81.877045,93.0665,21,42,NA,88.5,73,0.23
2012-06-13,0.04,GPT,90,71,69.98,66.02,0,6.6378226,327.9161,49.9468,68.94918,86.7675,NA,NA,71.06,81.58611,94.3501,14,20.85543,NA,88.6,73.1,0.23
2012-06-14,0.053,GPT,91,73,71.06,64.94,1e-4,4.456385,292.49548,46.7745,68.27717,87.4073,NA,NA,74.1521,83.00923,93.1371,9,27.80724,NA,88.7,73.3,0.23
2012-06-15,0.05,GPT,88,72,71.96,66.02,0.1,6.6420097,86.95848,51.2356,73.04146,87.5043,NA,NA,71.96,79.853935,90.8113,15,28,NA,88.8,73.4,0.24
2012-06-16,0.048,GPT,89,71,69.98,60.08,0,7.7041173,96.832245,40.3023,66.09367,87.4515,NA,NA,71.96,81.021454,88.7806,14,21,NA,88.9,73.6,0.25
2012-06-17,0.041,GPT,87,69,73.04,62.96,0,9.482205,123.94046,52.7537,69.24861,81.4352,NA,NA,69.98,82.54405,93.1291,18,25.200312,NA,89,73.7,0.26
2012-06-18,0.037,GPT,88,78,71.06,68,0,11.939288,137.41783,53.181,63.86542,73.8815,NA,NA,80.2623,86.156006,91.9974,18,22.593382,NA,89.1,73.8,0.24
2012-06-19,0.042,GPT,88,72,71.6,66.92,0,8.911375,126.15188,56.916435,66.57817,84.2241,NA,NA,73.04,85.60573,92.8384,15,21.724405,NA,89.1,73.9,0.24
2012-06-20,0.041,GPT,88,72,71.96,66.02,0,6.8360085,115.280815,51.4025,66.750336,84.8003,NA,NA,73.94,83.193436,93.5917,14,20.85543,NA,89.2,74,0.26
2012-06-21,0.042,GPT,93,71,69.98,62.96,0,4.3545012,34.507633,39.3831,62.476307,84.1584,NA,NA,71.06,82.52084,93.6436,10,17.379524,NA,89.3,74.1,0.25
2012-06-22,0.043,GPT,92,76,75.02,64.94,0.02,5.987439,85.83082,50.3853,66.7793,84.5785,NA,NA,75.92,87.52931,100.503,18,24.331335,NA,89.3,74.2,0.25
2012-06-23,0.025,GPT,91,76,75.92,71.96,0,8.122819,105.064735,59.3022,73.59268,90.2933,NA,NA,77.3268,89.11742,101.618,15,21.724405,NA,89.4,74.2,0.25
2012-06-24,0.022,GPT,94,76,73.04,66.92,0,8.074669,18.828186,42.5082,64.640724,84.9155,NA,NA,77.203,88.274475,97.4519,14,22,NA,89.4,74.3,0.24
2012-06-25,0.041,GPT,97,77,71.06,64.04,0,9.260991,358.1903,34.0367,57.686993,73.8815,NA,NA,77,89.96854,101.36,17,29,NA,89.5,74.4,0.23
2012-06-26,0.055,GPT,100,76,73.94,62.96,0,4.0048847,8.805822,30.8531,56.770397,79.0466,NA,NA,75.92,91.931305,105.777,9,14,NA,89.6,74.4,0.23
2012-06-27,0.046,GPT,90,74,77,62.96,0,8.066295,125.44036,52.9345,62.947803,77.231,NA,NA,75.92,88.29825,97.1532,15,21.724405,NA,89.6,74.5,0.24
2012-06-28,0.057,GPT,92,82,78.08,71.06,0,5.654571,173.21764,61.1253,70.42233,85.314,NA,NA,87.4782,94.74059,103.089,12,17.379524,NA,89.7,74.5,0.24
2012-06-29,0.054,GPT,94,79,77,71.06,0,4.282624,200.7298,52.3867,67.9743,90.3687,NA,NA,82.3841,95.77733,107.275,10,13.90362,NA,89.7,74.6,0.23
2012-06-30,0.06,GPT,93,76,75.2,64.94,0,3.517097,218.94968,41.0402,68.12475,90.2933,NA,NA,78.51721,89.84251,97.6826,10,13.90362,NA,89.7,74.6,0.24
2012-07-01,0.033,GPT,95,75,75.92,71.96,0,3.6845777,223.18845,49.1197,70.35852,90.2933,NA,NA,78.5172,93.25692,105.745,8,15.641572,NA,89.8,74.6,0.24
2012-07-02,0.037,GPT,96,77,75.92,69.98,0,4.10328,335.58743,47.6426,67.557335,84.6417,NA,NA,78.3697,91.12185,105.777,10,18.2485,NA,89.8,74.7,0.24
2012-07-03,0.042,GPT,96,76,75.02,69.08,0.11,3.9804606,222.79836,47.5082,70.80096,90.2933,NA,NA,77.203,89.26157,107.149,14,22.593382,NA,89.9,74.7,0.25
2012-07-04,0.044,GPT,93,74,75.92,69.98,0.01,3.0565248,272.12332,55.4582,75.390396,90.7287,NA,NA,75.1442,85.397415,103.089,9,26.069286,NA,89.9,74.7,0.25
2012-07-05,0.046,GPT,96,73,75.92,69.08,0,3.2658758,240.18246,47.6426,69.66955,87.5043,NA,NA,75.0196,90.82348,103.134,9,13.90362,NA,90,74.7,0.25
2012-07-06,0.049,GPT,90,75,73.94,69.8,0,3.7892532,63.084785,60.88,73.36639,87.6003,NA,NA,77.203,85.46727,96.6438,13,19.117477,NA,90,74.8,0.25
2012-07-07,0.053,GPT,89,74,73.94,69.98,0,3.4459176,189.42015,59.1645,74.011696,90.7287,NA,NA,75.2982,86.05483,95.7386,9,13.034643,NA,90,74.8,0.25
2012-07-08,0.033,GPT,91,76,75.2,71.6,0.08,2.8639219,291.9093,59.1645,75.406044,87.1241,NA,NA,78.3697,87.12741,97.8094,9,14.772596,NA,90.1,74.8,0.25
2012-07-09,0.029,GPT,87,75,75.2,71.06,0.08,1.8276343,201.18129,65.0834,78.899536,90.2171,NA,NA,76.3347,84.31893,95.4321,11,14.772596,NA,90.1,74.8,0.26
2012-07-10,0.029,GPT,85,74,75.92,69.8,1.26,1.9064898,213.77289,69.4343,81.17897,94.1002,NA,NA,74.5999,82.57485,94.2691,11,19.117477,NA,90.2,74.8,0.26
2012-07-11,0.026,GPT,89,75,75.02,69.8,0.38,5.037683,187.2051,61.1253,75.59471,88.5888,NA,NA,76.3362,86.09252,98.0756,14,28,NA,90.2,74.9,0.26
2012-07-12,0.026,GPT,89,74,75.92,69.08,0.34,5.3398466000000004,158.4112,61.1253,78.085144,94.143,NA,NA,75.1442,85.867035,99.2892,19,24.331335,NA,90.3,74.9,0.27
2012-07-13,0.022,GPT,90,73,75.2,69.08,0,4.575715,119.809875,62.6837,74.62966,90.14,NA,NA,74.1521,87.06902,100.234,11,16,NA,90.3,74.9,0.25
2012-07-14,0.025,GPT,85,75,75.2,71.06,0.51,4.226099,72.03284,71.7319,84.46936,94.143,NA,NA,76.4488,82.11158,91.9577,9,15.641572,NA,90.3,74.9,0.23
2012-07-15,0.03,GPT,89,77,75.92,73.4,0.4,8.23238,149.59818,63.2554,75.44693,90.2146,NA,NA,78.5674,90.52786,99.3201,15,26.069286,NA,90.4,74.9,0.23
2012-07-16,0.025,GPT,91,77,75.02,69.08,0,3.2882066,154.296,55.5791,72.2721,87.6951,NA,NA,78.5172,90.10258,99.2892,10,15.641572,NA,90.4,74.9,0.22
2012-07-17,0.032,GPT,96,73,75.92,69.98,2.12,4.6950455,175.76044,46.0797,69.43347,94.1002,NA,NA,74.8627,91.02455,102.82,29,40,NA,90.5,74.9,0.22
2012-07-18,0.037,GPT,93,73.9,77,69.98,0.63,3.7892532,337.51663,59.5531,83.096596,94.1002,NA,NA,74.8627,81.66363,101.943,10,17.379524,NA,90.5,74.9,0.22
2012-07-19,0.037,GPT,87.8,73.4,77,71.06,0.96,1.9574319,277.5129,70.2674,86.865710000000007,93.56953,NA,NA,75.29825,80.3024,98.83666,9,17.379524,NA,90.5,75,0.22
2012-07-20,0.032,GPT,85,73.4,75.2,71.06,0.13,1.8004187,304.8888,69.685555,86.36785,94.14301,NA,NA,75.29825,80.84424,92.35637,9,14.772596,NA,90.6,75,0.2
2012-07-21,0.044,GPT,89.1,73,73.94,69.8,0,3.9588277,177.37856,56.916435,77.21509,94.10022,NA,NA,74.28058,84.426315,93.9477,12,15.641572,NA,90.6,75,0.21
2012-07-22,0.018,GPT,90,80,78.8,73.4,1e-4,6.8011165,150.98915,65.580185,74.50094,84.6941,NA,NA,87.26021,93.51655,103.27065,12,19.117477,NA,90.7,75,0.22
2012-07-23,0.03,GPT,91,78,78.8,71.6,0,4.2365665,124.14049,55.579052,74.52543,90.3345,NA,NA,80.69244,91.914185,103.27065,13,19.117477,NA,90.7,75,0.21
2012-07-24,0.039,GPT,93,77,77,71.06,0.44,2.333566,281.59415,50.6661,74.23259,90.3687,NA,NA,80.62385,91.87099,101.94336,11,21,NA,90.7,75,0.21
2012-07-25,0.03,GPT,93,78.8,77,73.4,0,3.6008375,258.75003,55.843468,72.831825,90.3687,NA,NA,82.95772,93.89493,104.302,9,16,NA,90.8,75,0.21
2012-07-26,0.025,GPT,94,78,77,73,0,3.726448,249.89508,55.71818,73.614426,90.3687,NA,NA,82.74614,92.11831,101.94336,10,17.379524,NA,90.8,75,0.21
2012-07-27,0.03,GPT,92,77,77,73,0.16,2.558967,253.74706,61.605896,77.33533,90.3345,NA,NA,78.51721,90.201035,101.76793,10,19.117477,NA,90.8,75,0.22
2012-07-28,0.031,GPT,94,77,77,73,1e-4,3.3914864,257.85495,52.38665,75.443016,90.3345,NA,NA,80.62385,91.66724,102.18239,9,19.986454,NA,90.9,75.1,0.23
2012-07-29,0.048,GPT,93,77,79,73,0,3.60642,221.8138,57.64435,73.2858,90.3345,NA,NA,80.62385,94.610085,106.14888,8,14.772596,NA,90.9,75.1,0.23
2012-07-30,0.053,GPT,96.1,80,80.6,73,0,5.260991,234.27895,52.511093,75.316376,93.698105,NA,NA,87.5861,97.8671,112.267914,17,24.331335,NA,90.9,75.1,0.22
2012-07-31,0.038,GPT,92,80,79,73.4,0,4.591068,247.21568,57.436607,76.48913,90.982346,NA,NA,85.3905,94.76619,100.66,9,14,NA,90.9,75.1,0.22
2012-08-01,0.037,GPT,93.92,78.08,78.98,64.4,0.06,4.4633636,251.10918,59.8019,75.25638,90.4094,NA,NA,78.08,95.54618,110.338,11,29,NA,91,75.1,0.21
2012-08-02,0.034,GPT,93,79,78.08,71.06,0,3.6845777,277.01837,55.9869,75.82312,93.6709,NA,NA,82.9577,93.25022,106.149,9,14.772596,NA,91,75.1,0.21
2012-08-03,0.035,GPT,92,77,77,69.08,0.03,2.73552,218.07744,59.0124,74.47019,93.0885,NA,NA,78.0885,91.900475,103.089,10,18,NA,91,75.1,0.22
2012-08-04,0.04,GPT,91,75,77,71.06,1.46,3.6015353,154.70718,55.4582,75.49486,94.143,NA,NA,76.8447,89.96068,101.943,10,15.641572,NA,91,75.1,0.22
2012-08-05,0.021,GPT,90,76,77,73.04,1e-4,3.3496163,122.40008,57.6443,76.590645,90.3345,NA,NA,78.5172,89.72513,100.373,10,17.379524,NA,91,75.1,0.23
2012-08-06,0.031,GPT,92,75,77,71.6,0.29,3.640614,319.59018,59.5531,81.973724,93.5928,NA,NA,76.4622,84.880745,102.541,10,26.069286,NA,91,75.1,0.23
2012-08-07,0.047,GPT,91,74,78.08,71.6,0,1.7815771,181.71681,61.6059,79.84622,93.5928,NA,NA,76.4622,89.46541,103.271,6,10.427715,NA,91,75,0.21
2012-08-08,0.036,GPT,90,77,78.08,73.94,1e-4,1.7041172,198.88814,67.3637,81.58958,93.6709,NA,NA,78.8002,89.78012,101.634,10,19.986454,NA,91,75,0.21
2012-08-09,0.032,GPT,88,71,75.92,69.08,0.52,2.9197488,311.5842,66.3535,86.32292,93.6205,NA,NA,73.1168,81.05042,97.7613,20,29,NA,91,75,0.2
2012-08-10,0.033,GPT,89,73,78.08,71.06,0.03,3.4494069,231.44576,69.5389,83.166565,94.143,NA,NA,74.4393,87.13329,101.634,9,21.724405,NA,91,75,0.19
2012-08-11,0.041,GPT,88,74,75.92,69.8,0.11,3.191905,273.34073,63.2495,81.799644,94.1002,NA,NA,74.8627,84.81551,96.6438,11,15,NA,91,75,0.19
2012-08-12,0.051,GPT,89,75,73.94,64.94,0,3.4752269,162.38109,49.5066,71.72726,90.8013,NA,NA,76.3347,86.85494,96.6438,8,12.165668,NA,91,74.9,0.19
2012-08-13,0.03,GPT,91,76,78.08,71.6,0.76,3.7278438,202.59175,61.1253,77.754074,93.6205,NA,NA,77.6109,90.27444,103.271,11,25.200312,NA,90.9,74.9,0.19
2012-08-14,0.031,GPT,92,78,77,71.06,0.02,4.145848,245.84352,54.1725,76.59659,90.2491,NA,NA,80.4554,92.066765,103.009,14,29,NA,90.9,74.9,0.2
2012-08-15,0.031,GPT,94,78,77,71.06,0,4.2728543,255.16599,55.7235,75.54828,93.670876,NA,NA,80.74534,92.437355,104.302,9,18.2485,NA,90.9,74.8,0.22
2012-08-16,0.029,GPT,91,76,78.08,69.98,0.02,3.5694346,238.34682,63.013,78.09091,93.0885,NA,NA,78.1113,88.96935,103.271,11,22.593382,NA,90.8,74.8,0.21
2012-08-17,0.035,GPT,89,74,77,71.06,1e-4,3.1877182,339.9501,59.1645,80.41118,93.5415,NA,NA,75.4305,85.01263,95.7386,22,29,NA,90.8,74.7,0.22
2012-08-23,0.05,GPT,90,69,71.96,57.92,0,3.307746,154.0814,35.0367,69.97806,93.437,NA,NA,69.98,80.9984,90.6202,10,14.772596,NA,90.5,74.3,0.24
2012-08-24,0.033,GPT,87,72,75.92,69.98,0.15,3.8960223,153.2903,63.013,78.847336,90.7287,NA,NA,74.2806,82.74834,93.1291,11,18.2485,NA,90.5,74.2,0.22
2012-08-25,0.042,GPT,88,74,73.94,71.06,0,6.4898815,129.8863,59.0494,74.31895,87.5481,NA,NA,76.3347,85.692276,95.4321,15,21,NA,90.4,74.2,0.22
2012-08-26,0.045,GPT,90,73,73.94,69.08,0,3.9776692,101.07599,53.6358,76.10365,90.8013,NA,NA,74.2806,83.87596,94.7269,10,18.2485,NA,90.3,74.1,0.2
2012-09-04,0.029,GPT,92,75,77,71.06,0.29,4.5024424,265.14185,52.1115,76.348595,90.8013,NA,NA,77.3268,89.37098,100.808,11,20.85543,NA,89.5,73,0.19
2012-09-05,0.034,GPT,92,77,78.08,73.04,0.12,5.4940686,6.6342096,55.8435,76.795074,93.6205,NA,NA,78.6438,90.740204,107.419,13,20.85543,NA,89.4,72.8,0.19
2012-09-06,0.034,GPT,89,75,77,73.04,0,6.338451,111.571625,67.4817,80.74605,94.143,NA,NA,76.8447,86.63625,99.9228,11,16,NA,89.3,72.7,0.19
2012-09-07,0.033,GPT,88,75,75.2,73.04,0,5.563852,125.12816,61.3631,77.943184,93.5928,NA,NA,77.4797,87.26705,95.7386,11,15.641572,NA,89.2,72.5,0.2
2012-09-08,0.039,GPT,94,75,77,68,0,4.7899513,344.9593,52.2368,75.27157,90.8013,NA,NA,75.92,86.94042,103.051,13,21.724405,NA,89.1,72.4,0.2
2012-09-09,0.037,GPT,85,66,68,55.94,0,6.418702,358.7655,38.3073,60.368584,78.8081,NA,NA,69.08,76.22536,84.92,11,15.641572,NA,89,72.2,0.21
2012-09-10,0.046,GPT,87,62,66.02,57.02,0,2.8471737,57.13153,38.6125,66.82137,86.9986,NA,NA,62.06,73.73408,86,8,13.90362,NA,88.8,72,0.21
2012-09-11,0.04,GPT,87,64,68,59,0,5.9455686,105.2804,47.8308,66.45621,89.778,NA,NA,64.04,77.514786,88.8593,14,18.2485,NA,88.7,71.8,0.21
2012-09-12,0.042,GPT,87,72,73.04,62.96,0,8.847174,103.15823,60.88,70.428055,81.8483,NA,NA,71.96,81.76471,93.5917,17,25.200312,NA,88.5,71.6,0.22
2012-09-13,0.035,GPT,86,71,73.94,64.94,0,7.889044,108.2284,63.2692,76.341545,93.4896,NA,NA,71.06,81.08962,91.6606,17,21,NA,88.4,71.4,0.19
2012-09-14,0.045,GPT,90,70,69.98,62.96,0,4.8569436,45.626366,41.9124,65.91121,90.6553,NA,NA,71.06,80.17773,89.9305,9,14.772596,NA,88.3,71.2,0.18
2012-09-15,0.04,GPT,88,68,71.96,64.04,0,4.507327,108.1174,51.4025,72.651840000000007,89.9397,NA,NA,68,79.70566,91.5039,10,14.772596,NA,88.1,71,0.18
2012-09-16,0.029,GPT,85,70,73.04,68,1e-4,6.1018844,123.68472,65.1269,80.204865,94.057,NA,NA,72.0989,81.48774,90.402,12,18.2485,NA,87.9,70.8,0.17
2012-09-17,0.029,GPT,80,73,73.94,71.06,1.61,6.2037683,164.21298,82.0559,89.711136,100,NA,NA,74.8627,78.37798,82.5018,15,23,NA,87.8,70.6,0.16
2012-09-18,0.034,GPT,84,69,73.4,64.4,0.05,7.080949,332.5569,54.6256,78.24726,100,NA,NA,69.8,77.06583,85.1199,15,24.331335,NA,87.6,70.3,0.15
2012-09-19,0.04,GPT,82,62,64.4,57.02,0,4.520586,10.18715,50.681,69.690735,86.8957,NA,NA,62.06,71.68264,81.7783,9,13.90362,NA,87.4,70.1,0.14
2012-09-20,0.052,GPT,83,61,66.92,53.96,0,2.512212,35.475677,47.5235,68.66412,93.3839,NA,NA,60.98,72.2213,83.4029,6,10.427715,NA,87.2,69.8,0.14
2012-09-21,0.053,GPT,85,65,69.98,62.06,0,2.5617585,141.05026,47.683,75.59456,93.4896,NA,NA,64.94,75.50922,86.2325,9,12.165668,NA,87,69.5,0.13
2012-09-22,0.041,GPT,86,66,73.04,64.4,0,2.2233078,191.39198,56.9815,81.88565,96.342,NA,NA,66.02,78.32487,91.6606,8,13.034643,NA,86.8,69.3,0.13
2012-09-23,0.058,GPT,90,68,71.96,64.94,0,2.1772506,149.78777,44.9219,76.42987,93.518,NA,NA,68,78.766525,91.3461,7,15.641572,NA,86.6,69,0.15
2012-09-24,0.06,GPT,88,69,69.98,62.06,0,2.721563,62.573166,53.2115,74.47094,96.3879,NA,NA,69.08,77.5337,89.412,7,11.296691,NA,86.4,68.7,0.14
2012-09-25,0.052,GPT,83,64,64.04,59,0,4.423587,120.98256,51.2122,66.50938,84.3813,NA,NA,64.94,74.077934,83.5216,13,15.641572,NA,86.2,68.4,0.16
2012-09-26,0.044,GPT,85,63,71.06,60.98,0,4.8569436,113.55695,58.6546,75.26849,93.2756,NA,NA,64.04,77.2552,87.7934,10,13.034643,NA,86,68.1,0.15
2012-09-27,0.037,GPT,85,69,71.96,68,0,3.46127,128.01326,60.8714,80.54695,96.9683,NA,NA,69.98,79.61667,90.1519,11,14.772596,NA,85.7,67.8,0.15
2012-09-28,0.031,GPT,86,70,73.94,69.08,0.24,2.8053036,130.13454,65.1269,84.594826,97.0174,NA,NA,72.2589,79.462776,90.8113,9,13.90362,NA,85.5,67.4,0.15
2012-09-29,0.028,GPT,76,72,73.4,71.06,0.4,2.7487788,104.56571,87.5043,92.61584,97.0174,NA,NA,74.4393,75.78806,77.4797,8,13.90362,NA,85.2,67.1,0.16
2012-09-30,0.028,GPT,82,73,75.92,69.8,1.31,7.295185,175.70215,76.737,88.01182,100,NA,NA,74.5999,79.96427,87.2602,18,29,NA,85,66.8,0.15
2012-10-01,0.032,GPT,79,64,73.04,59,1e-4,7.050942,266.21585,72.9178,81.59066,88.09,NA,NA,64.04,69.744774,82.3057,11,20.85543,NA,84.7,66.4,0.14
2012-10-02,0.045,GPT,79,61,62.96,55.94,0,4.319609,293.17188,48.1861,76.64494,93.8334,NA,NA,60.98,68.2678,77,10,18.2485,NA,84.5,66,0.14
2012-10-03,0.05,GPT,80,62,66.02,60.08,0,5.2756457,122.57455,57.9938,76.04155,93.2756,NA,NA,62.96,72.16721,81.6805,13,17.379524,NA,84.2,65.7,0.14
2012-10-04,0.04,GPT,85,65,69.98,60.98,0,2.3447313,106.51695,58.6546,77.873184,90.6553,NA,NA,64.94,75.45373,87.7934,7,12.165668,NA,83.9,65.3,0.14
2012-10-05,0.044,GPT,86,63,69.08,60.08,0,2.371947,123.061195,47.8155,75.43135,93.3839,NA,NA,64.94,75.07173,87.1645,7,11.296691,NA,83.6,64.9,0.13
2012-10-06,0.047,GPT,87,62,68,60.98,0,3.3914864,5.2246556,44.6264,72.04703,93.9243,NA,NA,64.04,75.53374,87.9241,9,14.772596,NA,83.3,64.5,0.13
2012-10-07,0.025,GPT,77,57,62.96,50,0,9.237265,356.27292,55.2824,72.18382,88.1753,NA,NA,57.92,66.032814,75.92,13,19.986454,NA,83,64.1,0.12
2012-10-08,0.034,GPT,76,53,53.96,44.96,0,7.2882066,358.58524,46.1732,63.787548,77.2303,NA,NA,53.06,62.860893,75.02,13,19.986454,NA,82.7,63.7,0.13
2012-10-09,0.04,GPT,78,51.8,60.08,48,0,2.9434752,10.090576,46.6366,71.432365,89.6957,NA,NA,52,63.89425,77,6,11.296691,NA,82.4,63.2,0.13
2012-10-10,0.047,GPT,86,57,66.92,55.94,0,1.2575017,195.16713,47.5235,75.350296,93.1031,NA,NA,57.92,70.72561,85.8331,6,12.165668,NA,82.1,62.8,0.11
2012-10-11,0.049,GPT,81,63,64.94,60.08,0,2.889044,134.84695,54.2272,76.215645,93.2456,NA,NA,62.96,71.50909,81.4524,9,12.165668,NA,81.7,62.4,0.11
2012-10-12,0.049,GPT,83,61,66.02,59,0.01,2.1772506,149.74152,47.3902,76.7184,93.2756,NA,NA,60.98,71.87247,83.5216,7,12.165668,NA,81.4,62,0.11
2012-10-13,0.054,GPT,83,61,71.06,57.92,0,4.6475925,138.32152,43.8663,77.926476,93.83344,NA,NA,60.98,73.83241,84.1017,10,17.379524,NA,81.1,61.5,0.11
2012-10-14,0.045,GPT,85,76,71.96,66.92,0,5.90649,166.55475,56.509,73.56177,87.5481,NA,NA,75.92,80.60605,87.7934,11,18.2485,NA,80.7,61.1,0.12
2012-10-15,0.039,GPT,85,60,71.96,55.04,1e-4,4.8094907,352.2718,40.9417,69.951744,96.993,NA,NA,62.06,75.76577,85.3966,11,19.117477,NA,80.4,60.6,0.11
2012-10-16,0.042,GPT,77,53,59,48.02,0,4.0195394,106.85048,35.9809,64.22827,90.0283,NA,NA,53.06,66.35802,77,9,13.034643,NA,80,60.2,0.12
2012-10-17,0.043,GPT,79,58,69.98,53.96,0,6.1130495,167.64647,59.7392,73.86742,93.1031,NA,NA,57.92,71.01001,79,12,19.117477,NA,79.7,59.7,0.13
2012-10-18,0.036,GPT,82,56,73.4,46.94,0.97,5.459874,328.28128,31.2353,69.71932,100,NA,NA,57.02,72.11922,80.96,21,31.283144,NA,79.3,59.3,0.12
2012-10-19,0.046,GPT,79,50,51.98,35.06,0,2.7487788,295.08655,21.0457,59.19095,92.9293,NA,NA,51.08,62.74206,76.5771,11,17.379524,NA,79,58.8,0.13
2012-10-20,0.048,GPT,80,47,55.94,37.94,0,1.7857641,219.33873,22.8924,67.8756,93.0196,NA,NA,46.94,60.958157,77.6539,6,12.165668,NA,78.6,58.3,0.12
2012-10-21,0.053,GPT,77,51,59,50,0,1.8422889,146.05037,40.3277,74.80596,96.7293,NA,NA,51.08,63.521854,77,7,21.724405,NA,78.2,57.9,0.12
2012-10-22,0.046,GPT,80,52,64.94,50,0.01,5.443126,112.88664,48.48,76.13815,96.2189,NA,NA,51.98,66.81009,78.98,12,17.379524,NA,77.9,57.4,0.11
2012-10-23,0.043,GPT,80,59,69.08,57.92,0,5.9455686,120.93452,62.1581,81.57815,96.2189,NA,NA,59,70.72318,82.3631,14,18.2485,NA,77.5,57,0.11
2012-10-24,0.04,GPT,81,61,68,60.08,0,3.8939288,110.09114,58.1365,82.02533,100,NA,NA,62.06,70.801414,82.1375,11,14.772596,NA,77.2,56.5,0.11
2012-10-25,0.038,GPT,80,60,71.06,60.08,0.01,3.8101885,127.195984,69.2256,85.842354,100,NA,NA,60.8,72.15412,82.9544,11,14.772596,NA,76.8,56.1,0.11
2012-10-26,0.037,GPT,84,58,66.2,57.02,0.01,5.0160503,354.45255,44.2872,75.69395,100,NA,NA,60.8,71.69435,83.4029,13,24.331335,NA,76.4,55.7,0.1
2012-10-27,0.018,GPT,59,45,55.4,42.98,0,12.589672,341.79242,67.3332,78.944084,88.9929,NA,NA,42.4396,52.479004,62.6,19,25.200312,NA,76.1,55.2,0.12
2012-10-28,0.033,GPT,65,42,42.98,33.98,0,9.684578,329.34497,32.4902,63.91128,92.7153,NA,NA,37.0658,49.782364,64.94,17,28,NA,75.7,54.8,0.11
2012-10-29,0.036,GPT,64,40,35.96,26.06,0,9.056525,333.64023,24.4495,55.63586,82.6035,NA,NA,35.0689,47.784103,64.04,19,26.069286,NA,75.4,54.4,0.11
2012-10-30,0.038,GPT,67,37,44.06,32,0,4.7955337,301.26312,29.3921,61.553127,88.9929,NA,NA,34.3566,50.17428,66.92,11,19.986454,NA,75,54,0.11
2012-10-31,0.054,GPT,75,44,59,42.08,0,3.95813,250.10912,47.8903,74.85094,92.8098,NA,NA,43.8154,59.96551,75.02,8,13.90362,NA,74.7,53.6,0.11
2013-02-28,0.016,GPT,58,39.9,43,26.6,0,6.302861,315.63214,32.6051,59.07851,85.1318,NA,NA,38.3664,48.17735,57.02,13,19.117477,NA,67.3,48.8,0.17
2013-03-01,0.044,GPT,61,39,37.04,28.04,0,6.3224006,317.62744,29.3762,56.54632,85.67097,NA,NA,36.3696,47.22412,60.08,16,22,NA,67.5,49,0.16
2013-03-02,0.039,GPT,50,32,28.94,23,0,8.810188,331.07593,43.8143,57.833138,81.5711,NA,NA,27.6779,35.072926,43.8487,14,26.069286,NA,67.7,49.1,0.16
2013-03-03,0.045,GPT,56,28,35.06,19.04,0,4.591068,317.78537,25.9628,57.195705,85.4872,NA,NA,22.7612,38.429295,55.04,10,18.2485,NA,67.9,49.3,0.16
2013-03-04,0.054,GPT,62.06,35.96,53.96,33.98,0,7.452896,160.08923,55.4673,75.40726,96.5228,NA,NA,35.96,53.369755,62.06,15,18,NA,68.1,49.5,0.17
2013-03-05,0.046,GPT,76,48,60.08,41,1e-4,7.3300767,257.12125,41.9791,68.02246,80.9295,NA,NA,48.02,63.338326,75.02,15,26.069286,NA,68.3,49.7,0.16
2013-03-06,0.047,GPT,63,39,39.92,24.98,0,7.8101883,335.03784,23.377,45.345284,85.2526,NA,NA,36.6688,48.778183,62.96,14,20.85543,NA,68.5,49.9,0.17
2013-03-07,0.045,GPT,57,39,41,28.94,0,3.5861828,56.175117,41.2004,62.64679,92.5904,NA,NA,36.3696,46.13268,55.94,7,13.90362,NA,68.7,50.1,0.17
2013-03-08,0.054,GPT,67,38,46.94,35.96,0,2.2191207,146.521,31.8004,68.007355,92.5558,NA,NA,36.7137,52.731026,66.92,8,19.986454,NA,68.8,50.2,0.16
2013-03-09,0.063,GPT,67,46,59,42.98,0,9.209351,116.68316,48.0004,77.82464,92.8699,NA,NA,46.94,59.00443,66.02,16,25.200312,NA,69,50.4,0.17
2013-03-10,0.063,GPT,73,62,62.96,59,1e-4,14.614097,123.28117,70.4701,83.43035,93.8334,NA,NA,62.06,66.42195,71.96,19,30.41417,NA,69.2,50.6,0.15
2013-03-11,0.036,GPT,67,45,64.4,39.02,0.06,8.414515,326.36713,55.4673,81.267044,93.9243,NA,NA,42.5166,54.32493,66.2,17,25.200312,NA,69.4,50.8,0.15
2013-03-12,0.048,GPT,68,40,42.08,33.08,0,5.0788555,344.21866,28.3519,59.303623,82.1715,NA,NA,38.3664,51.694244,66.92,11,19.986454,NA,69.6,51,0.14
2013-03-13,0.05,GPT,68,39,41,21.02,0,6.4480114,339.1972,18.4672,48.39213,88.8084,NA,NA,39.92,53.323116,66.92,14,23,NA,69.8,51.2,0.15
2013-03-14,0.05,GPT,66,41,42.08,19.04,0,4.529658,6.2188826,19.514,48.06407,89.5622,NA,NA,38.3664,49.65564,64.04,8,15.641572,NA,70,51.4,0.15
2013-03-15,0.055,GPT,67,41,51.08,39.02,0,4.6894627,199.32773,39.964,66.941315,92.7153,NA,NA,42.08,56.585136,66.92,11,18.2485,NA,70.2,51.6,0.16
2013-03-16,0.052,GPT,73,48,57.92,46.94,0,5.209351,194.07045,55.2162,74.00681,92.8699,NA,NA,48.0312,63.30615,71.96,11,19.117477,NA,70.4,51.7,0.16
2013-03-17,0.049,GPT,73,55,62.6,53.06,0,5.3642707,153.58087,65.6712,83.142395,93.0771,NA,NA,55.04,64.17365,71.96,12,20,NA,70.6,51.9,0.16
2013-03-18,0.038,GPT,78,65,68,60.08,0,6.370551,164.98962,71.0816,84.76107,93.437,NA,NA,64.94,69.78091,77,11,16,NA,70.8,52.1,0.17
2013-03-19,0.048,GPT,74,55,66.02,46.04,0.02,6.6699233,48.300556,39.439,69.569954,93.8791,NA,NA,55.94,64.59454,73.94,12,21,NA,71,52.3,0.17
2013-03-20,0.048,GPT,69,44,42.98,30.02,1e-4,7.2191205,4.4660378,25.0368,45.94725,76.3453,NA,NA,42.9898,57.737976,68,14,20,NA,71.2,52.5,0.17
2013-03-21,0.055,GPT,65,42,42.08,28.04,0,4.7955337,116.97944,27.696,49.47806,67.8137,NA,NA,41.2407,53.51112,64.04,11,15.641572,NA,71.4,52.7,0.19
2013-03-22,0.056,GPT,68,50,59,42.98,0.07,10.293092,107.54571,57.8443,73.38969,83.6643,NA,NA,51.08,61.289505,64.94,18,26.069286,NA,71.6,52.9,0.19
2013-03-23,0.048,GPT,73,63,69.8,59,0.2,7.747383,131.18639,82.6172,88.579094,100,NA,NA,62.96,67.73877,72.9616,13,19,NA,71.8,53.1,0.19
2013-03-24,0.043,GPT,74,46,68,28.04,0,11.170272,307.98337,23.1075,66.67495,96.3583,NA,NA,42.3908,64.76363,73.94,18,29,NA,71.9,53.3,0.19
2013-03-25,0.048,GPT,61,37,32,17.96,0,10.716679,321.96262,20.1436,45.01402,72.2449,NA,NA,30.3215,44.773323,60.08,22,29,NA,72.1,53.5,0.19
2013-03-26,0.038,GPT,58,34,28.04,21.02,0,8.219121,335.87494,27.6487,45.76035,72.4535,NA,NA,29.606,42.38493,57.02,13,21,NA,72.3,53.8,0.18
2013-03-27,0.046,GPT,55,34,39.02,26.06,0,3.5764132,152.26082,39.0705,59.064484,85.671,NA,NA,32.1867,44.05846,55.04,8,14.772596,NA,72.5,54,0.17
2013-03-28,0.056,GPT,64,36,44.96,32,0,3.4333565,157.50946,31.1673,66.619896,92.5268,NA,NA,37.04,51.16409,62.96,10,17.379524,NA,72.7,54.2,0.17
2013-03-29,0.059,GPT,67,41,55.94,39.2,0,3.1821353,158.054,44.6436,78.02282,100,NA,NA,42.8,55.88787,66.92,10,14.772596,NA,72.9,54.4,0.17
2013-03-30,0.065,GPT,73,50,59,48.02,1e-4,4.3126307,185.3708,50.8914,75.03468,93.0196,NA,NA,50,62.7079,71.06,10,19.117477,NA,73.1,54.6,0.18
2013-03-31,0.041,GPT,75,54,64.94,53.06,0.32,4.7103977,183.08232,68.568,86.813156,100,NA,NA,53.6,64.25568,73.94,18,26.069286,NA,73.3,54.8,0.19
2013-04-01,0.045,GPT,78,55,59,51.08,0,3.593859,347.28958,40.3277,80.34731,100,NA,NA,55.04,63.074932,77,9,14.772596,NA,73.5,55,0.21
2013-04-02,0.051,GPT,75,50,60.08,48.02,0.01,5.987439,117.550476,39.8489,68.84447,93.6455,NA,NA,50,64.97638,75.02,12,17.379524,NA,73.7,55.3,0.21
2013-04-03,0.04,GPT,68,54,62.96,50,2.51,9.665736,53.892494,75.118,86.9594,93.8791,NA,NA,55.04,60.616608,68,39,52.138573,NA,73.9,55.5,0.21
2013-04-04,0.03,GPT,65,52,55.04,46.94,0,6.406141,314.53558,69.7242,82.09684,93.5972,NA,NA,53.06,56.919262,64.94,13,21,NA,74.1,55.7,0.2
2013-04-05,0.044,GPT,71,49,48.02,42.98,0,8.080949,341.2781,40.5926,67.84279,86.3033,NA,NA,44.6286,56.346107,69.98,14,22.593382,NA,74.3,55.9,0.2
2013-04-06,0.054,GPT,69,44,55.04,42.98,0,4.4382415,147.0816,46.9795,71.569435,92.8098,NA,NA,44.96,59.066574,68,9,14.772596,NA,74.5,56.2,0.2
2013-04-07,0.052,GPT,72,51,62.06,50,0,6.7955337,135.91869,59.3231,75.39033,92.9613,NA,NA,51.98,64.88624,71.96,11,18.2485,NA,74.7,56.4,0.19
2013-04-08,0.044,GPT,77,64,68,62.06,0,10.103977,130.12903,66.6534,81.813614,93.2756,NA,NA,64.04,70.59451,75.92,17,24.331335,NA,74.9,56.6,0.2
2013-04-09,0.042,GPT,79,70,69.8,66.2,1e-4,12.870202,128.25815,73.7806,84.791306,94.0132,NA,NA,69.8,73.51337,80.2623,18,26.069286,NA,75.1,56.8,0.2
2013-04-10,0.033,GPT,79,70,69.8,66.2,0,12.365666,129.16069,71.7228,84.38279,93.437,NA,NA,69.8,74.317924,81.5195,18,26.069286,NA,75.3,57.1,0.19
2013-04-11,0.032,GPT,79,54,71.96,53.06,1.46,11.507327,167.20137,78.621,87.65737,94.0132,NA,NA,55.94,70.61712,81.7043,17,28,NA,75.5,57.3,0.2
2013-04-12,0.045,GPT,77,50,53.96,42.98,0,7.900907,345.5607,32.1042,61.771275,89.9465,NA,NA,46.7197,61.921837,74.7209,13,19.986454,NA,75.7,57.5,0.18
2013-04-13,0.055,GPT,76,50,57.02,44.96,0,6.144452,123.7708,38.2627,63.09039,86.3033,NA,NA,51.08,64.17199,73.04,12,17.379524,NA,75.9,57.8,0.19
2013-04-14,0.048,GPT,69,58,62.96,53.6,3.21,7.290998,59.43212,69.9372,84.599754,93.8334,NA,NA,57.2,63.516956,68,31,52.138573,NA,76.1,58,0.19
2013-04-15,0.043,GPT,77,65,69.98,60.8,0,6.7369156,123.086334,81.5744,89.51118,94.057,NA,NA,62.6,71.291046,77.0589,14,20,NA,76.3,58.2,0.2
2013-04-16,0.033,GPT,80,71,73.4,69.08,0,9.988137,130.1879,78.7617,88.12,100,NA,NA,72.8807,75.84549,85.3244,15,18.2485,NA,76.5,58.5,0.19
2013-04-17,0.039,GPT,80,69,71.96,66.92,0,10.453594,123.01347,73.8815,85.36365,94.057,NA,NA,69.08,75.69816,82.0793,16,22,NA,76.8,58.7,0.19
2013-04-18,0.039,GPT,79,72,73.4,66.92,0,12.630147,143.64984,73.9485,85.091125,94.143,NA,NA,71.96,75.94815,81.3927,16,22.593382,NA,77,58.9,0.19
2013-04-19,0.026,GPT,76,44,73.4,42.08,1.11,7.6210747,310.3825,66.175,84.46265,93.6455,NA,NA,44.9556,54.7776,77.4797,18,29,NA,77.2,59.2,0.18
2013-04-20,0.047,GPT,71,41,48.02,35.06,0,4.8569436,37.365135,27.5924,59.685116,92.6872,NA,NA,38.3664,55.61596,69.98,10,19.117477,NA,77.4,59.4,0.18
2013-04-21,0.052,GPT,71,49,53.96,39.92,0,5.507327,100.511826,37.4923,62.363792,89.3961,NA,NA,47.7723,60.02098,69.98,12,17.379524,NA,77.6,59.7,0.18
2013-04-22,0.044,GPT,75,51,62.96,46.94,0,7.526867,122.53484,63.8277,77.2011,89.3961,NA,NA,53.06,64.67773,73.94,13,19.117477,NA,77.9,59.9,0.17
2013-04-23,0.041,GPT,76,67,64.94,60.8,0,12.032101,131.22626,69.1387,78.916405,88.1753,NA,NA,66.2,70.75514,75.2,16,19.986454,NA,78.1,60.2,0.17
2013-04-24,0.037,GPT,73,59,68,57.02,0.53,6.340544,148.54742,76.1334,86.806244,94.0132,NA,NA,59,69.72031,73.04,19,27,NA,78.3,60.4,0.16
2013-04-25,0.034,GPT,78,55,59,46.94,0,7.0886254,15.710818,46.6366,69.39839,93.134,NA,NA,55.04,64.23695,77,11,19.117477,NA,78.5,60.7,0.17
2013-04-26,0.056,GPT,75,56,62.06,44.06,0,5.926029,106.647545,40.5926,62.363373,90.3879,NA,NA,57.02,66.687195,75.02,12,19.986454,NA,78.8,60.9,0.16
2013-04-27,0.051,GPT,77,61,68,60.98,0,5.4173064,145.10484,73.6791,83.7996,93.3004,NA,NA,62.96,70.90875,75.92,14,18.2485,NA,79,61.2,0.16
2013-04-28,0.042,GPT,77,65,69.98,60.98,0.1,3.8066993,160.84724,70.6759,85.697205,94.057,NA,NA,64.94,72.143234,77.0589,11,19.117477,NA,79.3,61.4,0.16
2013-04-29,0.04,GPT,80,64,66.92,60.08,0,3.2616887,111.85413,61.3594,78.440636,93.3004,NA,NA,64.04,71.71936,80.8155,9,13.034643,NA,79.5,61.7,0.14
2013-04-30,0.037,GPT,78,65,69.08,62.96,0.75,6.560363,102.12513,68.5868,87.06032,93.96902,NA,NA,64.94,70.32361,78.08,16,24.331335,NA,79.7,61.9,0.14
2013-05-01,0.04,GPT,78.1,64.4,70,62.06,1.72,7.5177946,97.45181,78.96287,88.5064,96.3118,NA,NA,64.4,70.3792,78.1113,17,26.069286,NA,80,62.2,0.13
2013-05-02,0.044,GPT,76,64.4,64.94,62.6,0.81,7.55254,68.74774,70.879745,85.71561,93.9243,NA,NA,64.4,68.409355,75.02,15,20.85543,NA,80.2,62.5,0.13
2013-05-03,0.026,GPT,73.4,48,64.94,42.8,0.18,9.939986,6.0113745,68.9449,83.66886,93.6933,NA,NA,43.2405,63.324608,73.4,19,30.41417,NA,80.5,62.7,0.14
2013-05-04,0.05,GPT,72,42.8,48.92,35.06,0,6.85485,323.76593,28.485779,57.472736,88.9012,NA,NA,39.435253,56.958584,69.98,14,25.200312,NA,80.7,63,0.14
2013-05-05,0.038,GPT,67,50,54,39.2,0,8.354501,301.27606,38.323826,57.407845,77.58649,NA,NA,51.08,61.138268,66.02,15,26.069286,NA,81,63.3,0.15
2013-05-06,0.051,GPT,74,46.4,54,42.8,0,4.940684,264.9562,39.537235,61.50532,89.648575,NA,NA,46.94,61.643158,73.04,12,23,NA,81.2,63.6,0.14
2013-05-07,0.043,GPT,78.1,53,63,51.08,0,3.0983949,218.6,43.2147,72.70933,93.04584,NA,NA,53.96,66.47634,75.92,11,19.117477,NA,81.5,63.8,0.15
2013-05-08,0.066,GPT,80.6,57,64.94,55.4,0,3.1821353,203.55482,46.79198,70.01421,93.103065,NA,NA,57.92,70.72104,80.72731,11,24.331335,NA,81.7,64.1,0.14
2013-05-09,0.049,GPT,78.8,62,66.2,60.8,0,6.2581997,153.73077,61.3594,75.8158,93.275604,NA,NA,62.96,72.44574,80.5591,12,18.2485,NA,82,64.4,0.15
2013-05-10,0.044,GPT,73.4,64,69.8,62.06,1.1,8.355897,168.16997,73.4019,85.27908,96.2812,NA,NA,64.04,70.09922,73.4,17,25.200312,NA,82.2,64.7,0.14
2013-05-11,0.047,GPT,75,62.6,66.92,60.8,0.38,2.0104675,152.81512,73.49157,87.04664,96.90411,NA,NA,62.6,68.28702,73.94,8,13.034643,NA,82.5,65,0.13
2013-05-12,0.046,GPT,81,62,66.2,53.06,0,6.04187,0.13444981,42.302082,63.590927,93.96902,NA,NA,62.06,71.68687,80.84825,11,17.379524,NA,82.7,65.3,0.14
2013-05-13,0.055,GPT,79,53.6,57.2,39.2,0,4.0788555,41.816177,26.404785,56.572124,83.4673,NA,NA,53.96,65.94959,75.69414,8,13.90362,NA,83,65.5,0.12
2013-05-14,0.063,GPT,80.1,55,61,50,0,3.726448,177.47772,36.291275,63.989754,90.10909,NA,NA,55.94,70.011024,78.98,9,13.90362,NA,83.2,65.8,0.12
2013-05-15,0.063,GPT,81,60,63,53.06,0,4.6078157,162.93137,43.56477,64.93726,92.5642,NA,NA,60.08,72.01324,80.42231,11,15.641572,NA,83.5,66.1,0.12
2013-05-16,0.054,GPT,80.6,71,70,62.6,0,8.675506,150.7948,62.291298,75.52279,84.1584,NA,NA,71.6,76.3534,82.137535,14,19.986454,NA,83.7,66.4,0.13
2013-05-17,0.045,GPT,82.4,75,73.4,69.8,0,9.459177,160.44298,69.4343,79.44013,88.5888,NA,NA,76.18615,80.479515,86.38774,13,19.117477,NA,83.9,66.7,0.14
2013-05-18,0.043,GPT,84.2,75.2,72,69.8,0,6.9504538,181.47112,65.0019,77.15189,88.5888,NA,NA,76.58367,81.93491,89.005684,11,14.772596,NA,84.2,67,0.13
2013-05-19,0.027,GPT,83,75.2,73.94,71.06,0,7.115841,163.336,74.0652,80.297646,84.91552,NA,NA,77.203026,82.22871,87.478195,11,17.379524,NA,84.4,67.3,0.14
2013-05-20,0.025,GPT,86,75.2,73.4,71.06,0,8.942778,146.82861,65.2306,78.029,88.588776,NA,NA,76.58367,83.53682,90.81126,12,18.2485,NA,84.6,67.6,0.15
2013-05-21,0.029,GPT,85,77,72,69.8,0,8.484997,157.336,65.1269,73.564964,83.437645,NA,NA,78.250336,84.08716,89.61728,13,19.986454,NA,84.9,67.8,0.15
2013-05-22,0.04,GPT,82,69,71.6,64.4,0.57,3.2023726,170.97232,62.401833,79.2247,90.65528,NA,NA,69.8,77.27986,83.35806,21,27,NA,85.1,68.1,0.16
2013-05-23,0.034,GPT,87.8,68,73.4,66,0,2.2191207,185.04848,60.87999,75.36197,90.0191,NA,NA,69.08,81.95751,93.59172,9,12.165668,NA,85.3,68.4,0.17
2013-05-24,0.047,GPT,92,73,73.4,59,0,5.150035,16.393164,42.211063,62.56496,90.80131,NA,NA,74.28058,83.44101,93.88468,9,15.641572,NA,85.5,68.7,0.18
2013-05-25,0.061,GPT,84,66.2,64.94,48.2,0,5.6182833,91.938736,36.460014,52.22671,81.43524,NA,NA,66.92,75.89791,83.7184,10,19.986454,NA,85.7,69,0.18
2013-05-26,0.057,GPT,84,64.4,71.6,57,0,4.731333,136.6323,41.2465,65.20052,87.10025,NA,NA,64.94,77.15817,84.3678,11,20,NA,85.9,69.2,0.19
2013-05-27,0.055,GPT,85,77,71.6,60.8,0,11.087928,147.54613,45.895004,59.77434,78.621,NA,NA,78.08,82.57925,85.0285,16,21,NA,86.1,69.5,0.19
2013-05-28,0.046,GPT,84.2,68,72,62.06,0.27,9.354501,135.48555,52.928852,67.128235,83.9813,NA,NA,69.08,80.31049,86.65559,15,19.117477,NA,86.3,69.8,0.19
2013-05-29,0.033,GPT,85,77,73.94,69.08,0.61,14.779484,129.57779,67.14597,75.541466,88.6689,NA,NA,78.32156,84.218925,91.04214,23,29,NA,86.5,70,0.2
2013-05-30,0.028,GPT,84.2,77,73.4,71.06,0.15,15.790649,128.3334,69.5285,75.93064,88.668915,NA,NA,78.51721,84.50736,90.9369,23,29,NA,86.7,70.3,0.2
2013-05-31,0.03,GPT,84.2,78.8,75.92,71.6,0.02,12.85485,138.19987,74.1149,79.32835,84.6941,NA,NA,81.70433,85.53331,92.448814,17,22.593382,NA,86.9,70.5,0.2
2013-06-01,0.027,GPT,87,78,75.2,71.6,0,8.688765,157.27809,69.7345,76.30916,83.5503,NA,NA,81.7043,87.81128,95.0015,13,18.2485,NA,87.1,70.8,0.2
2013-06-02,0.042,GPT,86,69,73.94,66.02,0.66,4.380321,126.57415,56.9815,73.62308,89.9831,NA,NA,69.08,82.57527,90.1519,25,31.283144,NA,87.2,71,0.2
2013-06-03,0.036,GPT,89,73,75.02,69.98,0.43,2.555478,162.08083,61.1182,74.95138,90.14,NA,NA,74.2806,86.06796,96.6438,8,13.034643,NA,87.4,71.3,0.2
2013-06-04,0.021,GPT,87,77,75.92,73.04,0.04,7.208653,135.97696,65.0834,76.61765,90.3345,NA,NA,78.6438,88.54724,96.551,14,18.2485,NA,87.5,71.5,0.2
2013-06-05,0.022,GPT,86,78,75.2,69.98,0.01,9.67411,133.40637,65.3545,72.551254,79.2676,NA,NA,81.6878,89.23739,95.0015,13,18.2485,NA,87.7,71.7,0.21
2013-06-06,0.043,GPT,92,69,69.98,62.96,0.08,5.1898117,332.71262,44.6264,72.21849,90.6553,NA,NA,69.08,79.44844,95.9667,15,26.069286,NA,87.8,71.9,0.21
2013-06-07,0.044,GPT,88,71,71.6,66.92,0.01,2.9553385,289.7003,51.2356,75.46985,94.057,NA,NA,72.0989,80.13374,90.6202,9,15.641572,NA,88,72.1,0.21
2013-06-08,0.048,GPT,88,73,73.94,68,0.03,5.5408235,152.56445,59.1645,72.16572,84.8003,NA,NA,73.94,84.625916,94.7269,12,24.331335,NA,88.1,72.3,0.21
2013-06-09,0.031,GPT,83,76,73.94,69.08,0.28,7.359386,149.1195,71.5869,77.79827,88.6689,NA,NA,77,83.52751,89.4601,16,25.200312,NA,88.2,72.5,0.22
2013-06-10,0.022,GPT,87,74,77,68,0.73,4.9043965,188.65169,66.3535,79.02478,94.1002,NA,NA,74.8627,87.52782,97.7613,11,18.2485,NA,88.3,72.7,0.22
2013-06-11,0.025,GPT,91,77,77,71.06,0,3.2930915,197.39822,53.9078,73.40565,90.3687,NA,NA,78.6438,91.71155,103.051,8,14,NA,88.4,72.8,0.23
2013-06-12,0.036,GPT,92,76,77,68,0,2.9309142,208.47252,46.9327,70.44652,90.3345,NA,NA,78.5172,91.47078,101.618,7,13.034643,NA,88.5,73,0.23
2013-06-13,0.048,GPT,93,78,75.02,68,0,4.2288904,262.78027,45.6309,68.24625,87.6951,NA,NA,80.6238,91.32633,101.825,10,13.90362,NA,88.6,73.1,0.23
2013-06-14,0.046,GPT,96,78,75.92,66.02,0.06,5.078158,342.79538,42.5082,64.61861,87.6951,NA,NA,80.9885,92.06638,105.745,10,15.641572,NA,88.7,73.3,0.23
2013-06-15,0.055,GPT,91,73,75.92,64.94,0,5.423587,128.22644,49.9468,67.34369,81.7687,NA,NA,73.94,88.705444,103.089,11,17.379524,NA,88.8,73.4,0.24
2013-06-16,0.044,GPT,92,76,77,71.06,1e-4,3.299372,174.0151,59.5531,73.23786,90.2933,NA,NA,78.5172,91.94877,101.943,9,19.117477,NA,88.9,73.6,0.25
2013-06-17,0.033,GPT,91,78,75.92,71.06,0,4.7069087,213.79099,53.9078,68.925186,87.1241,NA,NA,80.6238,92.53282,100.373,12,19,NA,89,73.7,0.26
2013-06-18,0.039,GPT,94,78,73.94,66.02,1e-4,5.3300767,256.50342,41.203,61.80668,82.0559,NA,NA,78.08,91.06101,98.787,9,18.2485,NA,89.1,73.8,0.24
2013-06-19,0.032,GPT,89,74,73.94,69.08,0,3.2721562,317.36996,51.8344,69.557106,84.8003,NA,NA,75.0196,86.820465,95.2623,10,17.379524,NA,89.1,73.9,0.24
2013-06-20,0.038,GPT,94,74,73.94,69.98,1.11,2.7913468,322.5325,48.9909,75.371994,90.2171,NA,NA,75.1442,83.86314,100.118,19,29,NA,89.2,74,0.26
2013-06-21,0.054,GPT,89,72,75.02,68,1e-4,3.307746,109.60082,56.9815,75.76127,90.14,NA,NA,74.152145,83.82539,96.551,12,15.641572,NA,89.3,74.1,0.25
2013-06-22,0.043,GPT,89,74,73.94,66.92,1e-4,3.95813,107.59766,60.88,75.06036,87.5043,NA,NA,76.1861,83.39468,95.4321,11,19.986454,NA,89.3,74.2,0.25
2013-06-23,0.037,GPT,89,74,75.02,69.98,1e-4,3.9406838,132.52052,58.7818,74.6498,90.7287,NA,NA,75.1442,86.82405,97.1331,11,17.379524,NA,89.4,74.2,0.25
2013-06-24,0.028,GPT,90,79,75.02,66.02,1e-4,5.1946964,170.46733,45.3383,67.8152,87.6951,NA,NA,82.7461,90.95868,96.3615,11,18.2485,NA,89.4,74.3,0.24
2013-06-25,0.027,GPT,90,77,75.02,71.06,0,5.3349614,167.4307,55.4582,67.15337,82.0559,NA,NA,82.3057,91.48325,97.1331,10,16,NA,89.5,74.4,0.23
2013-06-26,0.029,GPT,92,77,75.92,71.96,1e-4,4.0753665,185.9021,53.727,68.293495,90.2933,NA,NA,78.6438,93.54248,100.66,11,17.379524,NA,89.6,74.4,0.23
2013-06-27,0.033,GPT,95,80.06,77,71.06,0,3.3517096,276.60938,47.5082,68.92965,87.2222,NA,NA,85.3905,96.29193,105.777,9,14,NA,89.6,74.5,0.24
2013-06-28,0.045,GPT,96,80,78.98,73.04,0,4.3656664,288.28012,49.2736,70.47383,94.2687,NA,NA,87.2602,96.46966,105.735,10,17.379524,NA,89.7,74.5,0.24
2013-06-29,0.047,GPT,92,75,75.92,66.92,0,4.6308446,289.1361,55.7235,68.90484,84.5785,NA,NA,75.92,88.74325,100.516,11,17.379524,NA,89.7,74.6,0.23
2013-06-30,0.052,GPT,94,73,71.96,57.02,0,3.2240057,326.34015,29.9639,62.15521,90.7287,NA,NA,75.2982,84.25728,93.02,9,18.2485,NA,89.7,74.6,0.24
2013-07-01,0.047,GPT,92,69,68,60.8,0,4.716678,322.8405,37.988888,60.799984,86.6643,NA,NA,69.08,81.17537,91.04,11,17.379524,NA,89.8,74.6,0.24
2013-07-02,0.053,GPT,90,71,70,64.4,0,3.2658758,72.4472,47.830826,63.34974,81.14318,NA,NA,73,82.72901,92.13003,8,13.90362,NA,89.8,74.7,0.24
2013-07-03,0.047,GPT,88,73,73.94,68,1.89,4.43545,46.222538,56.916435,80.09145,94.14301,NA,NA,74.28058,79.85735,92.838356,11,20.85543,NA,89.9,74.7,0.25
2013-07-04,0.037,GPT,88,73.4,75.2,71.06,0.2,5.907188,143.12454,59.164536,79.902794,94.10022,NA,NA,74.86271,83.57603,95.001495,12,22,NA,89.9,74.7,0.25
2013-07-05,0.043,GPT,79,73,75.2,68,0.44,6.2456384,129.14368,73.780556,86.0766,94.14301,NA,NA,73.94,77.5124,86.1651,21,32.152122,NA,90,74.7,0.25
2013-07-06,0.028,GPT,80.1,73.4,73.94,71.06,0.95,6.179344,115.31657,79.11601,88.21585,94.14301,NA,NA,74.86271,78.39794,82.5018,16,21.724405,NA,90,74.8,0.25
2013-07-07,0.031,GPT,82.4,75,77,71.6,0.17,2.7976274,131.74033,79.34958,88.64376,94.14301,NA,NA,75.2,80.947205,88.723076,10,13.034643,NA,90,74.8,0.25
2013-07-08,0.024,GPT,86,75,77,71.6,1e-4,3.2930915,142.63747,71.92741,82.66163,93.56953,NA,NA,76.61977,83.93292,97.15324,14,35,NA,90.1,74.8,0.25
2013-07-09,0.025,GPT,88,73,75.92,71.6,0,2.9309142,182.62384,65.08342,77.899345,93.56953,NA,NA,75.43045,87.07488,97.55716,9,13.90362,NA,90.1,74.8,0.26
2013-07-10,0.035,GPT,91,75.9,77,71.6,0.06,2.9309142,238.8494,57.177517,80.22707,93.6205,NA,NA,78.51721,87.14727,103.10775,12,17.379524,NA,90.2,74.8,0.26
2013-07-11,0.035,GPT,84,73,75.92,69.8,1.31,3.7445917,288.27512,77.068,88.165474,94.10022,NA,NA,74.28058,80.31188,90.9713,20,30.41417,NA,90.2,74.9,0.26
2013-07-12,0.044,GPT,91,71,75.92,66.2,0.96,3.821354,308.35056,59.302208,79.65788,94.057,NA,NA,71.06,82.22863,100.37349,25,31.283144,NA,90.3,74.9,0.27
2013-07-13,0.048,GPT,88,72,75.92,66.2,0.1,3.3363574,69.078156,61.363068,80.09711,90.13999,NA,NA,73.4,82.253235,96.551025,13,24.331335,NA,90.3,74.9,0.25
2013-07-14,0.044,GPT,87.1,73,73.94,69.8,0,4.859735,123.6294,61.20137,77.51781,90.728714,NA,NA,74.28058,84.256,93.9477,11,15.641572,NA,90.3,74.9,0.23
2013-07-15,0.034,GPT,89.1,73.9,75.2,71.06,0,7.478716,97.98422,61.363068,76.93699,87.54806,NA,NA,76.3347,85.73894,97.7613,20,27,NA,90.4,74.9,0.23
2013-07-16,0.031,GPT,85,75.2,75.2,71.6,0.03,9.908584,90.39925,69.64109,80.2575,94.14301,NA,NA,75.9,84.81745,92.00654,17,24.331335,NA,90.4,74.9,0.22
2013-07-17,0.031,GPT,89.6,73.4,75.2,71.06,0,4.286811,111.59995,59.302208,78.3634,90.80131,NA,NA,75.29825,85.19205,97.80939,10,18.2485,NA,90.5,74.9,0.22
2013-07-18,0.049,GPT,89.1,73,75.2,69.08,1e-4,3.914166,76.98079,59.164536,77.20591,93.54147,NA,NA,75.14422,83.79606,96.64381,12,26,NA,90.5,74.9,0.22
2013-07-19,0.031,GPT,89.1,73,75.2,69.8,1e-4,4.8646197,93.49292,59.164536,78.09821,93.51795,NA,NA,74.28058,85.29824,97.814644,14,19.986454,NA,90.5,75,0.22
2013-07-20,0.035,GPT,88,73.4,75.2,71.6,1e-4,3.478018,217.30743,63.142265,78.029274,94.14301,NA,NA,75.43045,86.41443,95.001495,8,17.379524,NA,90.6,75,0.2
2013-07-21,0.027,GPT,85,73.9,75.2,69.8,0.72,3.2344732,218.86662,69.64109,81.52823,93.56953,NA,NA,75.9,83.51528,92.448814,15,27,NA,90.6,75,0.21
2013-07-22,0.025,GPT,89.6,73.9,78.8,69.8,0.43,3.8597348,248.94164,65.08342,81.92663,90.80131,NA,NA,76.33622,86.64407,101.76793,20,28,NA,90.7,75,0.22
2013-07-23,0.032,GPT,92,78,78.8,73,0,4.3300767,267.37833,54.172462,74.38967,93.698105,NA,NA,80.74534,92.20325,100.808,10,17.379524,NA,90.7,75,0.21
2013-07-24,0.032,GPT,92,78,77,71.96,1e-4,5.2979765,286.38794,53.727,74.88786,87.695145,NA,NA,82.74614,91.44562,101.94336,10,17.379524,NA,90.7,75,0.21
2013-07-25,0.041,GPT,93,75,75.2,71.06,0,4.5840893,315.8914,50.6661,73.871826,90.2171,NA,NA,76.462204,87.49366,99.6704,9,17.379524,NA,90.8,75,0.21
2013-07-26,0.045,GPT,95,73.9,75.92,64,0,1.6329379,300.50168,38.4548,67.968315,87.60026,NA,NA,76.18615,86.64045,99.26306,8,11.296691,NA,90.8,75,0.21
2013-07-27,0.017,GPT,84.2,77,77,71.6,0.6,2.3258898,232.2934,71.782036,81.91465,90.3687,NA,NA,78.32156,86.267555,92.8119,14,24.331335,NA,90.8,75,0.22
2013-07-28,0.024,GPT,89.1,75,75.92,71.6,0,4.3817167,322.99158,61.363068,78.69612,94.14301,NA,NA,76.61977,86.29605,96.6438,10,15.641572,NA,90.9,75.1,0.23
2013-07-29,0.03,GPT,94,75.2,78.8,73,0,2.637125,252.08008,52.38665,76.33485,90.80131,NA,NA,77.47966,91.94071,106.14888,6,12.165668,NA,90.9,75.1,0.23
2013-07-30,0.041,GPT,90,78,79,75,0.09,2.6601536,166.37985,63.377693,77.9433,90.3687,NA,NA,80.69244,92.99265,103.05127,8,13.034643,NA,90.9,75.1,0.22
2013-07-31,0.028,GPT,92,78,78.8,71.6,0,3.1953943,235.1389,55.85145,78.41175,90.62405,NA,NA,78,90.630615,104.506775,12,16,NA,90.9,75.1,0.22
2013-08-01,0.033,GPT,94,76,78,71.06,0,4.256106,311.2454,53.9972,75.27725,100,NA,NA,77,90.285416,103.22,11,19.986454,NA,91,75.1,0.21
2013-08-02,0.055,GPT,94,74,75.92,68,0,2.5959525,134.24454,46.9327,74.038,90.2171,NA,NA,76.3347,89.65864,103.089,7,13.034643,NA,91,75.1,0.21
2013-08-03,0.048,GPT,96,75,77,68,0,2.1772506,204.1061,42.9079,71.48509,93.5928,NA,NA,77.4797,92.74416,103.329,7,13.034643,NA,91,75.1,0.22
2013-08-04,0.037,GPT,97,78,77,73.04,0,4.0195394,304.12436,47.664,69.23512,93.6709,NA,NA,82.9577,95.37417,106.092,9,14.772596,NA,91,75.1,0.22
2013-08-05,0.038,GPT,96,77,77,73.04,0.21,4.3189116,279.55286,52.6599,74.37049,90.3687,NA,NA,80.6238,92.33617,108.491,13,26.069286,NA,91,75.1,0.23
2013-08-06,0.037,GPT,94,78,78.08,73.04,1e-4,4.427076,262.07687,52.5111,73.34321,90.3687,NA,NA,80.6924,93.44581,105.803,12,21,NA,91,75.1,0.23
2013-08-07,0.037,GPT,94,77,78.98,73.94,0.02,1.9204466,195.91103,57.9012,77.8707,90.3687,NA,NA,80.6238,92.83636,107.275,10,NA,NA,91,75,0.21
2013-08-08,0.041,GPT,93,80,78.98,69.98,0.01,4.8736916,124.188545,54.1779,74.44475,93.6981,NA,NA,85.8695,95.04085,101.943,13,20.85543,NA,91,75,0.21
2013-08-09,0.032,GPT,89,78,78.8,73.94,0.49,6.5464063,131.35419,65.0834,76.735214,94.2272,NA,NA,82.3841,93.194496,101.634,12,19.117477,NA,91,75,0.2
2013-08-10,0.029,GPT,91,77,75.92,73.04,0,5.2247033,138.13805,57.4366,71.26638,90.3687,NA,NA,80.6924,92.893364,100.66,12,17.379524,NA,91,75,0.19
2013-08-11,0.032,GPT,91,78,77,73.04,0,5.0369854,153.20009,59.3022,71.45268,90.3345,NA,NA,80.6924,92.99091,100.503,11,15.641572,NA,91,75,0.19
2013-08-12,0.026,GPT,90,78,78.8,73.04,1e-4,2.6482904,214.36662,61.3631,78.96617,90.4094,NA,NA,82.384094,91.981926,100.19,9,12.165668,NA,91,74.9,0.19
2013-08-13,0.025,GPT,93,75,78.8,71.96,0.06,3.3196092,272.9889,55.8435,82.239395,94.143,NA,NA,76.4622,85.673485,101.825,10,22.593382,NA,90.9,74.9,0.19
2013-08-14,0.025,GPT,81,74,75.2,71.06,0.02,3.5917656,302.03024,74.148,88.88217,96.4461,NA,NA,75.4305,78.9835,86.1651,10,12.165668,NA,90.9,74.9,0.2
2013-08-15,0.032,GPT,90,74,73.94,69.08,0,2.9016752,355.8755,53.455,77.57437,100,NA,NA,74.8627,83.69335,94.3501,7,17.379524,NA,90.9,74.8,0.22
2013-08-16,0.041,GPT,90,74,75.02,69.98,0.18,4.5617585,63.309433,51.9606,77.737114,90.7287,NA,NA,75.2982,84.206665,95.4228,11,15.641572,NA,90.8,74.8,0.21
2013-08-17,0.037,GPT,80,73,73.4,69.8,0.27,5.6775994,64.35251,73.9485,86.05999,94.143,NA,NA,74.4393,77.83907,82.0793,14,23,NA,90.8,74.7,0.22
2013-08-18,0.022,GPT,83,72,77,69.8,6.06,6.4375434,72.17169,74.2799,90.43329,100,NA,NA,72.8807,78.64581,88.2557,28,42,NA,90.8,74.7,0.22
2013-08-19,0.039,GPT,88,72,75.92,69.8,0.01,3.2247033,173.15411,67.4817,82.58703,96.993,NA,NA,72.8807,84.55851,96.551,9,13.034643,NA,90.7,74.6,0.22
2013-08-20,0.027,GPT,88,74,75.92,71.06,0,4.277739,133.10382,61.1182,78.24262,93.5695,NA,NA,75.4305,87.987114,97.7613,11,15.641572,NA,90.7,74.5,0.22
2013-08-21,0.034,GPT,88,74,77,71.06,0.26,3.568737,97.95227,63.2495,80.65646,93.6205,NA,NA,76.3347,84.68225,97.8094,10,13.90362,NA,90.6,74.5,0.23
2013-08-22,0.034,GPT,91,74,75.92,71.96,0,4.942777,88.30945,55.5791,77.735245,93.5928,NA,NA,76.4622,86.88236,98.286,13,18.2485,NA,90.6,74.4,0.23
2013-08-23,0.031,GPT,88,75,75.2,71.96,0.1,6.281926,79.10826,67.3637,81.67568,93.5928,NA,NA,76.4622,83.42444,93.9477,14,19.986454,NA,90.5,74.3,0.24
2013-08-24,0.034,GPT,82,73.4,73.94,71.06,0.34,5.759944,95.68663,74.247,87.044106,94.143,NA,NA,74.86271,79.332695,87.4782,15,19.986454,NA,90.5,74.2,0.22
2013-08-25,0.03,GPT,86,76,75.2,71.6,0.23,6.4249825,86.382576,65.9485,84.113045,94.143,NA,NA,76.5837,82.011215000000007,91.6606,15,24.331335,NA,90.4,74.2,0.22
2013-08-26,0.039,GPT,87,74,73.94,66.92,0.01,5.7634335,89.389465,54.8971,77.34106,93.5928,NA,NA,76.3347,81.63217,90.0969,11,14.772596,NA,90.3,74.1,0.2
2013-08-27,0.043,GPT,88,68,71.96,62.96,0,2.2463365,25.581598,43.3689,70.2658,90.6553,NA,NA,69.08,79.175674,88.8255,6,12.165668,NA,90.2,74,0.2
2013-08-28,0.044,GPT,90,68,71.06,64.04,0,1.9678996,340.5119,43.5312,70.31985,93.4658,NA,NA,68,79.99195,90.9356,7,10.427715,NA,90.2,73.9,0.2
2013-08-29,0.043,GPT,90,70,71.96,62.96,0,2.05164,185.22495,43.5312,69.16809,90.6553,NA,NA,69.98,82.02338,91.5691,8,12.165668,NA,90.1,73.7,0.19
2013-08-30,0.063,GPT,92,72,73.04,66.02,0,2.5540824,237.37418,46.6422,70.98813,93.518,NA,NA,74.2806,84.60324,95.4228,8,12.165668,NA,90,73.6,0.2
2013-08-31,0.051,GPT,93,74,73.94,68,0,2.889044,271.97717,52.1115,71.1765,90.7287,NA,NA,75.2982,86.98884,100.66,9,13.034643,NA,89.9,73.5,0.19
2013-09-01,0.047,GPT,93,77,77,69.98,0,3.5024424,235.84857,47.2213,72.67202,90.3687,NA,NA,80.6924,92.28667,104.302,7,13.90362,NA,89.8,73.4,0.2
2013-09-02,0.034,GPT,92,77,77,71.06,1e-4,4.1723657,208.93538,52.1115,71.53807,90.3345,NA,NA,80.6238,92.71575,101.943,8,13.90362,NA,89.7,73.3,0.2
2013-09-03,0.036,GPT,93,77,78.08,71.6,0.04,3.244243,303.79855,57.6443,77.80813,93.0885,NA,NA,80.4857,90.68951,104.562,11,17.379524,NA,89.6,73.1,0.18
2013-09-04,0.039,GPT,91,74,75.92,71.06,0,1.8325192,159.07945,53.727,76.95407,90.3687,NA,NA,76.3347,87.990685,101.618,10,13.90362,NA,89.5,73,0.19
2013-09-05,0.026,GPT,91,75,75.92,71.96,1e-4,2.6594558,154.11913,57.6443,76.465,93.6205,NA,NA,76.61977,88.603584,100.234,11,17.379524,NA,89.4,72.8,0.19
2013-09-06,0.041,GPT,92,75,77,71.06,1e-4,2.05164,108.388954,53.9078,77.046875,90.8013,NA,NA,76.4622,86.96753,98.286,9,13.034643,NA,89.3,72.7,0.19
2013-09-07,0.059,GPT,92,73,73.04,66.92,0,2.2609909,146.51619,45.2158,71.56117,93.5695,NA,NA,75.2982,85.28609,95.9667,9,13.034643,NA,89.2,72.5,0.2
2013-09-08,0.05,GPT,90,74,73.94,69.08,0,2.512212,159.45732,53.6358,74.27886,90.7287,NA,NA,75.2982,85.79013,97.2022,8,15.641572,NA,89.1,72.4,0.2
2013-09-09,0.052,GPT,92,74,73.04,66.2,0,2.9420795,131.16255,43.6082,70.9829,90.8013,NA,NA,75.2982,85.663055,97.0344,10,17.379524,NA,89,72.2,0.21
2013-09-10,0.048,GPT,92,75,73.94,64.94,0,5.4682484,122.460686,42.2111,68.305885,87.5481,NA,NA,76.1861,87.21729,97.2022,16,21,NA,88.8,72,0.21
2013-09-11,0.045,GPT,92,74,73.94,68,0,6.674808,98.07111,46.9327,69.40485,90.7287,NA,NA,75.2982,86.82071,99.6704,13,19.117477,NA,88.7,71.8,0.21
2013-09-12,0.042,GPT,91,73,73.4,69.08,0,3.7117934,134.16653,50.3853,72.62081,87.6003,NA,NA,74.1521,85.45279,98.286,12,15.641572,NA,88.5,71.6,0.22
2013-09-13,0.043,GPT,92,72,73.4,68,0,2.7913468,271.75153,46.9327,69.791275,93.518,NA,NA,74.4393,86.51012,98.6408,8,13.034643,NA,88.4,71.4,0.19
2013-09-14,0.057,GPT,90,73,73.04,66.02,0.03,3.8939288,35.67202,49.9468,68.186966,90.2171,NA,NA,73.04,82.6796,92.856,10,14.772596,NA,88.3,71.2,0.18
2013-09-15,0.043,GPT,90,73,73.94,59,0,4.5443125,109.55054,57.1775,65.794815,84.5785,NA,NA,73.04,85.06591,97.1331,11,14.772596,NA,88.1,71,0.18
2013-09-16,0.039,GPT,92,73,73.94,69.98,0.02,3.4333565,122.30149,53.9078,74.701645,93.5415,NA,NA,75.2982,86.603226,99.2553,8,13.90362,NA,87.9,70.8,0.17
2013-09-17,0.041,GPT,92,74,75.02,69.98,0,4.4382415,114.397896,55.5791,70.772575,87.5043,NA,NA,76.3347,87.922035,100.503,10,15.641572,NA,87.8,70.6,0.16
2013-09-18,0.039,GPT,88,77,75.2,69.8,0.12,7.4494066,81.65016,65.3545,77.713715,87.6003,NA,NA,78.3216,84.972755,95.1851,17,28,NA,87.6,70.3,0.15
2013-09-19,0.039,GPT,89,76,77,71.96,0.33,10.259595,109.3051,63.2495,79.93228,88.8267,NA,NA,77.3268,85.31353,96.6438,20,29,NA,87.4,70.1,0.14
2013-09-20,0.03,GPT,88,80,77,73.04,0.06,8.5806,153.23389,67.4817,74.41012,84.6941,NA,NA,86.202,91.64754,98.8509,14,19.986454,NA,87.2,69.8,0.14
2013-09-21,0.021,GPT,83,72,77,69.08,0.65,4.324494,201.71204,77.068,85.58244,93.6205,NA,NA,74.1521,82.66905,90.2592,11,19.986454,NA,87,69.5,0.13
2013-09-22,0.029,GPT,83,69,69.8,62.06,1e-4,6.979065,22.410225,58.255,74.626045,94.057,NA,NA,69.08,75.49805,85.4994,11,15.641572,NA,86.8,69.3,0.13
2013-09-23,0.028,GPT,87,68,77,59,0,5.9972085999999996,101.59448,65.2306,74.34032,87.789,NA,NA,68,83.6992,95.9429,12,17.379524,NA,86.6,69,0.15
2013-09-24,0.024,GPT,84,76,78.8,75.02,1.26,5.595255,115.79352,77.068,88.42569,97.0415,NA,NA,77.7729,84.42471,94.1611,14,19.117477,NA,86.4,68.7,0.14
2013-09-25,0.042,GPT,90,73,75.2,66.92,0,3.9344034,335.7791,49.7919,79.46709,100,NA,NA,74.4393,81.87847,92.2139,8,13.034643,NA,86.2,68.4,0.16
2013-09-26,0.043,GPT,91,66,71.06,62.06,0,3.3496163,336.7818,40.604,68.90969,90.4644,NA,NA,66.92,79.10726,90.8703,8,18.2485,NA,86,68.1,0.15
2013-09-27,0.045,GPT,85,72,69.98,64.94,0,5.3349614,103.15813,52.7537,74.43192,90.6553,NA,NA,73.1168,78.92264,86.2325,11,15.641572,NA,85.7,67.8,0.15
2013-09-28,0.048,GPT,86,69,68,62.06,0,4.628053,107.77029,47.683,70.8812,90.0191,NA,NA,69.08,76.52437,85.3966,9,13.034643,NA,85.5,67.4,0.15
2013-09-29,0.039,GPT,84,66,66.02,62.96,1e-4,3.726448,97.406654,54.6256,70.927574,90.4644,NA,NA,66.92,76.47365,86.2325,10,15.641572,NA,85.2,67.1,0.16
2013-09-30,0.036,GPT,82,72,71.06,64.04,0.03,4.632938,106.28381,64.7712,77.15702,90.6553,NA,NA,72.9616,78.20892,84.4433,12,13.90362,NA,85,66.8,0.15
2013-10-01,0.032,GPT,87,71,73.04,68,0,6.161898,114.135994,58.9106,76.041626,90.6553,NA,NA,72.0989,81.925545,91.6606,15,20,NA,84.7,66.4,0.14
2013-10-02,0.037,GPT,85,74,73.94,69.8,0.05,6.0321007,92.828964,60.9838,81.33512,94.143,NA,NA,75.1442,81.9263,91.104,11,17.379524,NA,84.5,66,0.14
2013-10-03,0.039,GPT,88,74,75.02,71.06,0.01,8.785764,118.42593,65.0834,80.55622,94.143,NA,NA,75.4305,84.72108,96.551,17,28,NA,84.2,65.7,0.14
2013-10-07,0.03,GPT,78,58,57.02,46.04,0,8.581298,344.5699,33.3938,58.746758,83.5372,NA,NA,60.08,67.813614,77,17,22.593382,NA,83,64.1,0.12
2013-10-08,0.036,GPT,80,56,60.08,51.08,0,3.5443127,350.81592,39.0526,69.16731,86.952,NA,NA,55.94,66.18995,78.98,8,13.90362,NA,82.7,63.7,0.13
2013-10-09,0.038,GPT,81,60,69.98,57.02,0,4.159805,105.497086,69.3207,81.002945,89.6125,NA,NA,60.08,72.16293,84.4433,10,13.90362,NA,82.4,63.2,0.13
2013-10-10,0.036,GPT,82,67,69.98,64.04,0,4.9364967,104.40763,56.4515,80.055916,92.8335,NA,NA,69.08,74.972115,84.5316,10,17.379524,NA,82.1,62.8,0.11
2013-10-11,0.037,GPT,83,64.9,69.98,64.94,0,3.4333565,139.47295,60.7359,80.91666,100,NA,NA,66.02,76.229034,85.9886,11,17.379524,NA,81.7,62.4,0.11
2013-10-12,0.036,GPT,85,67,71,62.96,0.01,2.1772506,178.10063,49.2195,76.473114,93.4658,NA,NA,69,77.39467,87.202,9,12.165668,NA,81.4,62,0.11
2013-10-13,0.04,GPT,87,69,73.94,66.92,0.03,1.256106,98.31205,53.0308,80.37951,93.5415,NA,NA,69.08,79.09013,89.4153,5,12.165668,NA,81.1,61.5,0.11
2013-10-14,0.047,GPT,84,66,68,59,0,3.3768318,106.42995,42.7696,73.78468,92.8335,NA,NA,66.92,74.80136,84.0625,9,13.034643,NA,80.7,61.1,0.12
2013-10-15,0.033,GPT,82,68,68,64.94,0,4.14515,123.66642,60.4858,76.01949,89.9831,NA,NA,68,75.52743,83.7169,8,13.90362,NA,80.4,60.6,0.11
2013-10-16,0.039,GPT,83,68,71.06,64.94,1e-4,3.3349617,165.3208,60.2464,73.30175,93.3839,NA,NA,68,78.46228,84.9661,8,13.034643,NA,80,60.2,0.12
2013-10-17,0.025,GPT,84,67,73.4,60.08,0.01,6.390091,324.18756,62.5339,76.42519,90.7287,NA,NA,66.92,78.057884,86.9895,10,18.2485,NA,79.7,59.7,0.13
2013-10-18,0.027,GPT,78,64,60.8,55.94,1e-4,5.267969,10.138188,46.4948,69.60319,88.09,NA,NA,64.04,69.45482,78.08,10,14,NA,79.3,59.3,0.12
2013-10-19,0.026,GPT,70,59,62.96,57.02,0.5,4.3998604,5.05451,67.5935,84.55276,93.8791,NA,NA,60.08,64.923164,69.98,9,30.41417,NA,79,58.8,0.13
2013-10-20,0.036,GPT,75,55,60.08,51.98,0.01,3.5345428,10.2748995,49.5217,74.8439,90.1091,NA,NA,55.04,64.05934,73.94,7,14.772596,NA,78.6,58.3,0.12
2013-10-21,0.029,GPT,75,59,62.06,53.96,1e-4,3.6427076,45.631058,57.1976,72.45739,83.4673,NA,NA,60.08,67.094475,75.02,5,11.296691,NA,78.2,57.9,0.12
2013-10-22,0.041,GPT,82,60,62.06,53.06,0,5.0062804,342.3682,38.0838,66.9385,86.2888,NA,NA,60.98,69.90373,82.04,9,13.90362,NA,77.9,57.4,0.11
2013-10-23,0.039,GPT,76,53,55.94,39.92,0,5.9678993,336.92532,27.3697,60.91348,86.58,NA,NA,53.96,63.525955,74.5534,13,20,NA,77.5,57,0.11
2013-10-24,0.041,GPT,74,49,57.02,44.96,0,1.6922541,171.54189,39.439,70.636604,90.1091,NA,NA,48.92,61.08189,73.4,7,12.165668,NA,77.2,56.5,0.11
2013-10-25,0.036,GPT,70,50,53.96,35.96,0,7.2665734,20.363297,29.5214,56.498795,89.4819,NA,NA,52,59.755966,69.08,13,19.986454,NA,76.8,56.1,0.11
2013-10-26,0.041,GPT,73,44,46.94,28.04,0,2.3621771,61.744488,20.8012,54.179344,82.8679,NA,NA,43.8154,56.498974,69.98,5,10.427715,NA,76.4,55.7,0.1
2013-10-27,0.049,GPT,75,48,62.96,44.96,0.05,2.3028612,126.92242,50.5993,76.70993,93.7872,NA,NA,48.02,62.213623,73.94,7,12.165668,NA,76.1,55.2,0.12
2013-10-28,0.051,GPT,79,57,64.04,55.4,0,3.0146546,141.99965,56.1834,79.224594,100,NA,NA,57.2,67.823784,80.3874,9,13.034643,NA,75.7,54.8,0.11
2013-10-29,0.052,GPT,79,60,64.94,57.2,0.01,3.8939288,108.10651,57.9938,79.03554,93.8334,NA,NA,60.8,69.50115,80.8155,12,15.641572,NA,75.4,54.4,0.11
2013-10-30,0.044,GPT,81,62,69.08,60.08,0,6.0921144,123.72945,64.7712,81.52314,93.8334,NA,NA,62.06,72.69027,83.7169,15,39.972908,NA,75,54,0.11
2013-10-31,0.04,GPT,80,72,73.4,69.08,0.57,8.150733,169.027,69.2256,80.558365,94.143,NA,NA,72.8807,77.665276,82.9544,12,20.85543,NA,74.7,53.6,0.11
2014-02-28,0.042,GPT,60,34,51.08,28.94,0,7.494766,126.22288,41.8232,66.35526,88.4165,NA,NA,33.98,50.210243,60.08,15,19.986454,NA,67.3,48.8,0.17
2014-03-01,0.05,GPT,71,57,60.08,51.98,0,7.674808,148.47502,62.9316,78.0901,90.3104,NA,NA,57.02,64.164856,69.98,14,17.379524,NA,67.5,49,0.16
2014-03-02,0.046,GPT,71,54,62.6,51.08,0,6.3412423,145.55751,68.2518,84.67672,93.7405,NA,NA,53.96,63.567577,71.06,13,19.117477,NA,67.7,49.1,0.16
2014-03-03,0.034,GPT,67,35,62.96,26.06,1e-4,12.184927,339.99832,49.9731,72.06528,96.2812,NA,NA,25.4886,47.200417,66.92,20,32.152122,NA,67.9,49.3,0.16
2014-03-04,0.028,GPT,40,34,35.96,26.06,0.31,6.542219,15.800086,69.401,78.74507,86.7947,NA,NA,25.451,31.13597,37.94,11,16.51055,NA,68.1,49.5,0.17
2014-03-05,0.019,GPT,58,40,48.92,35.6,0.04,5.568737,19.089767,71.6984,78.24442,86.7947,NA,NA,34.2018,48.779686,57.92,9,12.165668,NA,68.3,49.7,0.16
2014-03-06,0.022,GPT,64,49,51.98,46.04,0.23,7.1772504,340.23346,62.5779,81.84385,89.7339,NA,NA,45.5402,54.157635,62.96,13,19.117477,NA,68.5,49.9,0.17
2014-03-07,0.031,GPT,61,47,46.94,39.92,0,4.909979,342.4625,51.1808,76.25292,89.7339,NA,NA,41.3465,50.358788,59,11,16.51055,NA,68.7,50.1,0.17
2014-03-08,0.04,GPT,68,45,55.04,42.98,0,4.4382415,135.98535,60.5106,76.25895,89.0836,NA,NA,46.04,57.780445,66.92,12,14.772596,NA,68.8,50.2,0.16
2014-03-09,0.044,GPT,72,53,55.94,51.08,1e-4,3.1674807,174.06693,54.9386,74.42629,90.0283,NA,NA,53.96,62.49926,71.06,9,12.165668,NA,69,50.4,0.17
2014-03-10,0.051,GPT,76,51,57.02,48.02,0,3.6008375,181.60622,43.21474,70.1382,89.9465,NA,NA,51.98,63.906223,75.92,11,14.772596,NA,69.2,50.6,0.15
2014-03-11,0.035,GPT,68,58,64.04,53.96,0.74,4.8988137,114.358345,74.9353,86.79016,93.2756,NA,NA,57.92,64.04063,66.92,13,20.85543,NA,69.4,50.8,0.15
2014-03-12,0.043,GPT,71,50,62.6,28.94,0,10.221214,317.52893,39.2846,68.23934,93.8791,NA,NA,51.98,62.70627,71.06,21,30,NA,69.6,51,0.14
2014-03-13,0.043,GPT,66,38,42.98,26.96,0,3.7662246,263.61975,25.6821,54.61435,83.0928,NA,NA,39.02,51.82737,64.94,9,16.51055,NA,69.8,51.2,0.15
2014-03-14,0.051,GPT,66,40,55.04,37.94,0,5.443126,122.53387,52.2226,71.59834,88.8084,NA,NA,42.08,56.257954,66.02,12,17.379524,NA,70,51.4,0.15
2014-03-15,0.047,GPT,67,60,62.96,53.96,0.35,5.8562455,105.17522,75.6864,84.82966,90.3879,NA,NA,60.08,64.13032,66.92,13,19.117477,NA,70.2,51.6,0.16
2014-03-16,0.039,GPT,80,65,66.92,59,1.03,6.9323096,191.6794,50.3941,81.148094,90.0191,NA,NA,64.94,69.937874,80.3874,16,27,NA,70.4,51.7,0.16
2014-03-17,0.028,GPT,65,46,60.8,37.04,0,9.882764,318.4732,54.3362,68.6224,88.09,NA,NA,41.8119,50.592342,64.94,15,27,NA,70.6,51.9,0.16
2014-03-18,0.039,GPT,56,44,48.02,35.96,0,5.8653173,197.57674,52.9087,69.32901,80.2516,NA,NA,40.5763,49.637398,55.94,12,18,NA,70.8,52.1,0.17
2014-03-19,0.053,GPT,69,48,57.02,44.6,0,4.937195,172.34196,58.7975,76.07867,89.7339,NA,NA,45.6346,60.257755,68,10,15.641572,NA,71,52.3,0.17
2014-03-20,0.048,GPT,75,54,55.04,42.98,0,4.2288904,318.78616,39.224,65.03478,86.6864,NA,NA,55.94,63.227432,73.04,10,16.51055,NA,71.2,52.5,0.17
2014-03-21,0.055,GPT,72,49,57.92,39.92,0,4.10328,143.4568,33.4395,68.65204,89.9465,NA,NA,48.92,61.31954,70.7785,12,17.379524,NA,71.4,52.7,0.19
2014-03-22,0.055,GPT,76,58,64.04,55.04,0,3.0146546,170.81407,57.3195,77.92273,89.6125,NA,NA,59,66.67933,75.92,10,15.641572,NA,71.6,52.9,0.19
2014-03-23,0.038,GPT,79,56,66.02,44.06,1e-4,8.641312,346.03986,53.2379,72.50546,93.3839,NA,NA,57.02,68.14935,78.08,16,24.331335,NA,71.8,53.1,0.19
2014-03-24,0.045,GPT,69,53,50,39.02,1e-4,4.893231,42.157833,37.4923,57.76571,77.324,NA,NA,53.96,59.2006,69.08,10,17.379524,NA,71.9,53.3,0.19
2014-03-25,0.049,GPT,69,46,48.02,17.06,0,11.997209,343.93314,17.909300000000002,36.99495,82.8679,NA,NA,41.8927,56.763103,68,24,32.152122,NA,72.1,53.5,0.19
2014-03-26,0.05,GPT,58,37,37.94,21.02,1e-4,7.0886254,113.74876,24.4574,43.23733,69.856,NA,NA,36.7137,49.98486,57.02,13,17.379524,NA,72.3,53.8,0.18
2014-03-27,0.05,GPT,69,57,62.06,39.02,0.19,13.371947,121.16665,50.8821,69.68328,90.3879,NA,NA,57.02,63.691807,69.08,20,27,NA,72.5,54,0.17
2014-03-28,0.045,GPT,70,63,64.94,59,4.79,9.17097,116.80109,82.9759,88.6716,93.9243,NA,NA,62.6,64.95734,69.8,17,33.0211,NA,72.7,54.2,0.17
2014-03-29,0.043,GPT,75,55,60.98,39.02,0.62,9.153524,329.4577,32.9129,65.40399,93.2205,NA,NA,57.02,65.23139,73.94,17,28,NA,72.9,54.4,0.17
2014-03-30,0.044,GPT,71,46,50,33.08,0,5.1946964,358.0121,25.522087,59.88774,86.3033,NA,NA,44.8243,57.480053,69.98,13,18.2485,NA,73.1,54.6,0.18
2014-03-31,0.047,GPT,71,45,55.04,41,0,6.0711794,127.94813,39.224,68.1428,86.6285,NA,NA,43.5042,59.209106,69.98,15,19.986454,NA,73.3,54.8,0.19
2014-04-01,0.045,GPT,72,52,60.08,50,0,7.411026,131.35446,65.6712,79.12375,90.3104,NA,NA,53.96,64.02467,71.06,15,19.986454,NA,73.5,55,0.21
2014-04-02,0.044,GPT,77,65,66.2,60.08,0,11.756455,139.6661,68.7828,81.85101,90.4644,NA,NA,64.04,70.51661,75.92,18,24.331335,NA,73.7,55.3,0.21
2014-04-03,0.043,GPT,78,70,66.92,64.94,0,11.946266,148.06192,68.7828,81.31169,90.0191,NA,NA,69.98,72.63817,77,17,23.462358,NA,73.9,55.5,0.21
2014-04-04,0.039,GPT,79,69,69.8,60.98,0.3,5.983252,138.83333,63.9366,81.23762,90.062,NA,NA,69.98,73.60432,81.3927,12,25.200312,NA,74.1,55.7,0.2
2014-04-05,0.035,GPT,69,59,66.2,46.04,0.07,8.02582,25.692081,50.6192,68.12753,89.9831,NA,NA,60.08,63.640434,69.8,12,20.85543,NA,74.3,55.9,0.2
2014-04-06,0.025,GPT,73,58,69.8,53.96,0.1,8.127007,102.60741,77.9199,86.35042,93.2205,NA,NA,57.92,66.03186,74.1521,15,22,NA,74.5,56.2,0.2
2014-04-07,0.035,GPT,78,59,71.6,46.94,0.35,7.781577,280.8069,49.3612,69.62207,90.7287,NA,NA,60.98,72.4309,76.5837,13,21.724405,NA,74.7,56.4,0.19
2014-04-08,0.045,GPT,68,50,53.06,44.96,0.28,6.230286,306.396,50.6192,70.72971,85.6699,NA,NA,51.08,57.32297,66.92,21,33.0211,NA,74.9,56.6,0.2
2014-04-09,0.048,GPT,76,49,48.92,35.96,0,6.283322,320.75793,24.1445,56.854973,83.2272,NA,NA,44.1859,60.239594,73.4489,13,19.986454,NA,75.1,56.8,0.2
2014-04-10,0.065,GPT,73,48,55.04,42.08,0,4.3963714,162.3438,33.9887,61.01568,86.1312,NA,NA,48.92,62.7022,71.8357,10,18.2485,NA,75.3,57.1,0.19
2014-04-11,0.054,GPT,76,59,64.04,53.96,0,8.270761,140.57442,55.2824,71.88356,89.5667,NA,NA,59,69.275826,75.02,16,20.85543,NA,75.5,57.3,0.2
2014-04-12,0.053,GPT,77,64,64.94,57.02,0,9.020935,128.46852,51.9362,73.808334,93.275604,NA,NA,64.04,70.7976,75.92,16,21.724405,NA,75.7,57.5,0.18
2014-04-13,0.044,GPT,78,69,68,64.04,0,11.928821,136.48267,68.8991,79.49134,87.3539,NA,NA,69.08,73.095184,77,19,25.200312,NA,75.9,57.8,0.19
2014-04-14,0.036,GPT,79,67,69.8,60.08,2.83,8.51291,119.49773,70.8096,82.298330000000007,89.9831,NA,NA,66.92,72.11432,81.5195,16,30.41417,NA,76.1,58,0.19
2014-04-15,0.045,GPT,67,47,62.96,26.06,0.45,13.780182,343.13705,25.2373,57.97868,89.8593,NA,NA,42.972,53.53871,66.92,23,32,NA,76.3,58.2,0.2
2014-04-16,0.049,GPT,62,40,46.94,28.94,0,4.9853454,104.09276,31.6773,59.425587,86.1923,NA,NA,37.9299,50.802155,62.06,11,14.772596,NA,76.5,58.5,0.19
2014-04-17,0.041,GPT,69,51,60.08,44.96,0.07,5.9937196,69.466774,67.6882,74.78245,84.26,NA,NA,51.08,62.04505,68,15,20.85543,NA,76.8,58.7,0.19
2014-04-18,0.035,GPT,72,59,59,51.98,0.22,9.960921,11.06436,64.0426,76.60832,89.6957,NA,NA,60.98,64.64318,69.98,16,23.462358,NA,77,58.9,0.19
2014-04-19,0.052,GPT,82,56,55.94,48.02,0,7.874389,354.01324,31.5416,59.019302,86.58,NA,NA,55.94,67.93382,80.96,13,23.462358,NA,77.2,59.2,0.18
2014-04-20,0.052,GPT,82,56,59,51.98,0,5.6796927,120.556496,36.6003,67.023834,83.2074,NA,NA,57.02,67.350716,80.96,11,15.641572,NA,77.4,59.4,0.18
2014-04-21,0.041,GPT,73,57,57.92,53.06,0,3.674808,145.35588,57.0508,72.777504,86.7917,NA,NA,57.02,65.96498,71.96,11,14.772596,NA,77.6,59.7,0.18
2014-04-22,0.037,GPT,79,57,66.02,53.96,1e-4,3.4849966,278.2604,57.7305,76.15049,86.952,NA,NA,57.92,69.14331,78.08,10,15.641572,NA,77.9,59.9,0.17
2014-04-23,0.049,GPT,82,61,66.02,57.92,0,3.9120727,188.66595,54.0767,71.81044,89.6957,NA,NA,60.98,73.11247,81.6805,10,13.034643,NA,78.1,60.2,0.17
2014-04-24,0.056,GPT,79,62,68,59,0,4.7878575,173.50076,57.9938,75.42271,93.8791,NA,NA,62.6,72.69324,80.6766,11,17.379524,NA,78.3,60.4,0.16
2014-04-25,0.049,GPT,85,73,69.98,64.04,0,5.1953945,219.08127,51.1205,70.99032,84.3436,NA,NA,73.04,79.43636,85.7611,10,15.641572,NA,78.5,60.7,0.17
2014-04-26,0.034,GPT,82,69,71.96,64.4,0,6.0188417,150.70174,64.8973,78.49497,89.9831,NA,NA,69.08,78.12236,85.4342,12,17.379524,NA,78.8,60.9,0.16
2014-04-27,0.031,GPT,84,77,73.94,69.8,1e-4,11.896023,152.45776,65.0019,77.706764,88.6689,NA,NA,78.2503,82.32233,87.5973,20,27,NA,79,61.2,0.16
2014-04-28,0.033,GPT,84,78,73.94,71.96,1e-4,11.227495,175.46767,72.1122,79.616165,84.5785,NA,NA,80.4857,83.50323,88.8378,16,26.069286,NA,79.3,61.4,0.16
2014-04-29,0.045,GPT,79,68,75.2,62.96,5.96,10.221214,157.07643,66.6534,83.230835,94.057,NA,NA,69,74.902466,85.3244,19,30.41417,NA,79.5,61.7,0.14
2014-04-30,0.043,GPT,81,63,73.94,48.02,0.01,7.51291,308.24475,33.6452,57.66279,87.5481,NA,NA,64.04,73.30666,80.6238,13,21,NA,79.7,61.9,0.14
2014-05-01,0.046,GPT,75,57,53.96,41,0,6.8695045,343.8978,30.4949,51.667984,65.0736,NA,NA,57.02,65.00349,72.5283,13,21.724405,NA,80,62.2,0.13
2014-05-02,0.052,GPT,78,58,53.96,42.08,0,3.9162595,358.6869,28.7075,50.16366,77.6629,NA,NA,60.08,68.29771,75.7968,9,15.641572,NA,80.2,62.5,0.13
2014-05-03,0.068,GPT,84,55,57.92,44.06,0,3.795534,276.2315,26.2512,54.808895,80.554,NA,NA,55.94,70.00102,81.0403,9,20.85543,NA,80.5,62.7,0.14
2014-05-04,0.071,GPT,87,59,66.02,55.04,0,4.4605722,228.92142,35.9494,62.195976,86.7917,NA,NA,59,74.46366,84.8411,10,16.51055,NA,80.7,63,0.14
2014-05-05,0.074,GPT,85,62,62.96,48.02,0,3.8792744,215.16225,28.741,56.219193,86.952,NA,NA,62.96,75.09093,82.6452,10,14.772596,NA,81,63.3,0.15
2014-05-06,0.063,GPT,81,60,64.04,55.94,0,4.7250524,174.12355,48.6395,65.163635,86.1801,NA,NA,60.08,73.948654,82.2381,11,15.641572,NA,81.2,63.6,0.14
2014-05-07,0.051,GPT,84,74,69.08,64.04,0,10.51291,149.60362,58.5141,69.70102,76.4766,NA,NA,73.94,79.189064,86.5171,15,21.724405,NA,81.5,63.8,0.15
2014-05-08,0.037,GPT,84,75,71.96,68,0,11.796231,140.37775,62.5339,74.31053,81.7866,NA,NA,75.02,81.060745,87.5973,16,23.462358,NA,81.7,64.1,0.14
2014-05-09,0.038,GPT,80,68,73.94,64.04,2.47,9.502442,131.98709,79.0466,84.26043,89.9831,NA,NA,68,78.673996,84.5852,15,28,NA,82,64.4,0.15
2014-05-10,0.038,GPT,82,68,73.94,64.04,0.47,7.336357,138.91222,71.5869,81.94599,89.9831,NA,NA,68,78.61064,86.8654,13,17.379524,NA,82.2,64.7,0.14
2014-05-11,0.035,GPT,84,78,75.02,73.04,0,12.250524,137.54027,74.3291,80.986404,87.1241,NA,NA,80.56288,85.320694,92.0065,17,23.462358,NA,82.5,65,0.13
2014-05-12,0.037,GPT,84,78,73.94,71.06,0,12.541521,139.55847,69.8975,76.4279,84.5785,NA,NA,81.8977,85.63807,91.104,16,23.462358,NA,82.7,65.3,0.14
2014-05-13,0.039,GPT,86,74,71.96,66.02,0,9.163294,137.78036,58.654602,69.69263,79.3669,NA,NA,75.92,83.73271,89.6162,14,18.2485,NA,83,65.5,0.12
2014-05-14,0.032,GPT,82,60,71.96,53.06,0.77,7.1835313,320.25037,64.8973,77.23246,87.3539,NA,NA,62.96,75.275345,85.4342,16,24.331335,NA,83.2,65.8,0.12
2014-05-15,0.047,GPT,76,53,51.98,41,0,10.753664,340.00397,29.4111,55.29303,80.2516,NA,NA,53.06,63.232468,74.6106,17,26.069286,NA,83.5,66.1,0.12
2014-05-16,0.07,GPT,81,52,60.08,48.02,0,4.2930913,252.82713,40.1591,58.33784,85.7845,NA,NA,53.06,68.55859,78.98,11,18.2485,NA,83.7,66.4,0.13
2014-05-17,0.069,GPT,80,61,60.08,55.04,0,4.7020235,186.36197,45.1363,58.685177,86.7917,NA,NA,60.98,73.13571,80.9089,10,16.51055,NA,83.9,66.7,0.14
2014-05-18,0.066,GPT,83,61,62.96,50,0,3.5352407,169.02922,32.8376,62.989017,86.8957,NA,NA,62.06,73.46046,82.94,9,14.772596,NA,84.2,67,0.13
2014-05-19,0.062,GPT,83,62,66.92,57.02,0,4.773203,139.75543,43.9869,66.60622,86.952,NA,NA,62.96,74.79495,83.7184,12,17.379524,NA,84.4,67.3,0.14
2014-05-20,0.056,GPT,84,64,69.08,60.98,0,4.7878575,148.04105,58.3966,71.750175,87.1552,NA,NA,64.94,77.54569,85.9886,12,16.51055,NA,84.6,67.6,0.15
2014-05-21,0.055,GPT,84,70,69.08,60.98,0,4.10328,172.47649,45.895,67.87633,86.7675,NA,NA,71.06,78.99666,86.2325,9,18.2485,NA,84.9,67.8,0.15
2014-05-22,0.055,GPT,88,66,69.08,60.98,0,2.4284718,184.61371,41.6121,65.271515,84.3813,NA,NA,66.92,78.84168,88.416,7,14.772596,NA,85.1,68.1,0.16
2014-05-23,0.049,GPT,89,69,69.08,57.02,0,3.2930915,220.51573,35.0982,65.07117,87.2551,NA,NA,69.98,80.06235,87.9241,7,13.034643,NA,85.3,68.4,0.17
2014-05-24,0.041,GPT,87,71,69.98,64.04,0,2.7487788,239.89128,49.6623,69.61288,87.4073,NA,NA,71.06,80.94067,90.6202,7,11.296691,NA,85.5,68.7,0.18
2014-05-25,0.051,GPT,89,69,69.08,60.98,0,2.7487788,199.8408,39.0815,66.34056,87.3539,NA,NA,69.98,80.758,90.9356,8,12.165668,NA,85.7,69,0.18
2014-05-26,0.05,GPT,88,70,71.06,62.06,0,4.3545012,143.20406,44.748,67.99692,87.2551,NA,NA,69.98,82.072365,90.6202,11,19.986454,NA,85.9,69.2,0.19
2014-05-27,0.024,GPT,88,80,73.94,69.08,0.07,8.663883,162.34712,60.88,67.66799,76.5296,NA,NA,84.1017,87.41376,93.5917,14,22,NA,86.1,69.5,0.19
2014-05-28,0.026,GPT,83,72,75.02,66.92,1.39,8.7480810000000009,163.94785,69.4343,78.780014,90.6553,NA,NA,73.1168,82.213585,88.8378,15,24.331335,NA,86.3,69.8,0.19
2014-05-29,0.034,GPT,82,70,71.96,66.92,1.7,12.903699,125.39178,69.2256,80.589485,90.14,NA,NA,71.06,78.64096,86.3877,24,35,NA,86.5,70,0.2
2014-05-30,0.032,GPT,84,75,73.94,69.08,0.42,13.14515,136.86353,71.3899,76.13605,84.9155,NA,NA,76.1861,83.47081,91.104,20,28.676216,NA,86.7,70.3,0.2
2014-05-31,0.027,GPT,83,74,73.04,69.08,0.13,10.314724,122.27439,69.5285,79.93644,87.5043,NA,NA,75.1442,79.6134,88.1401,18,29,NA,86.9,70.5,0.2
2014-06-01,0.033,GPT,85,74,75.02,69.98,0.22,8.7362175,113.25936,67.6546,80.41563,90.7287,NA,NA,75.1442,82.73646,92.0065,18,23.462358,NA,87.1,70.8,0.2
2014-06-02,0.029,GPT,86,76,73.94,69.08,0.36,11.342638000000001,116.1839,65.2306,77.05457,87.6003,NA,NA,78.5172,84.68898,90.8113,18,26.069286,NA,87.2,71,0.2
2014-06-03,0.032,GPT,84,76,73.04,71.06,0.4,8.124215,112.587395,67.4378,78.7085,90.8013,NA,NA,77.3268,82.701355,88.8378,14,17.379524,NA,87.4,71.3,0.2
2014-06-04,0.033,GPT,86,72,71.96,68,0,5.5994415,148.46974,56.9815,73.51079,90.14,NA,NA,74.1521,83.5089,90.8113,11,18.2485,NA,87.5,71.5,0.2
2014-06-05,0.029,GPT,87,76,73.94,71.06,0,5.8101883,163.78027,61.1182,72.63446,87.6003,NA,NA,78.3216,87.05334,93.1291,10,16.51055,NA,87.7,71.7,0.21
2014-06-06,0.039,GPT,90,76,75.92,71.06,0,4.3740406,192.44615,55.4582,71.25654,87.6003,NA,NA,77.3268,90.947495,98.0756,9,16.51055,NA,87.8,71.9,0.21
2014-06-07,0.04,GPT,92,79,77,71.06,0,4.7069087,216.63342,52.1115,71.62341,84.6941,NA,NA,85.0132,95.098236,104.302,10,15.641572,NA,88,72.1,0.21
2014-06-08,0.037,GPT,93,80,77,71.06,0,5.591068,222.00557,50.6661,68.69328,84.6417,NA,NA,85.0132,93.98334,104.555,9,15.641572,NA,88.1,72.3,0.21
2014-06-09,0.024,GPT,91,80,75.92,71.96,0,7.729937,191.51962,59.1645,69.01059,81.41737,NA,NA,84.6436,93.1098,101.618,15,20.85543,NA,88.2,72.5,0.22
2014-06-10,0.03,GPT,88,73,75.02,66.02,1.31,8.486392,192.77591,63.2495,76.457085,87.5481,NA,NA,73.04,84.11986,96.6438,13,23.462358,NA,88.3,72.7,0.22
2014-06-11,0.058,GPT,89,75,71.96,64.94,0.07,4.903001,220.76665,46.4831,64.28299,84.9155,NA,NA,76.066,84.22716,90.6202,11,19.117477,NA,88.4,72.8,0.23
2014-06-12,0.064,GPT,90,72,73.94,64.94,0,2.9309142,218.45378,46.6422,64.74129,87.4515,NA,NA,72.9616,84.76855,92.13,9,14.772596,NA,88.5,73,0.23
2014-06-13,0.043,GPT,83,72,73.94,64.94,0.36,3.9246337,290.8967,56.2428,78.44567,87.5043,NA,NA,72.9616,79.164276,87.4782,12,21.724405,NA,88.6,73.1,0.23
2014-06-14,0.06,GPT,88,72,73.04,68,0,4.0844383,181.90811,60.88,73.71959,87.4515,NA,NA,72.9616,85.06476,94.5631,13,18,NA,88.7,73.3,0.23
2014-06-15,0.035,GPT,88,73,73.04,69.98,0,5.4633636,160.61125,59.1645,72.1807,87.4515,NA,NA,75.1442,86.577675,94.7269,12,17.379524,NA,88.8,73.4,0.24
2014-06-16,0.021,GPT,90,79,73.94,71.06,NA,5.743894,153.08595,55.4582,68.34378,84.5785,NA,NA,82.5018,90.987305,97.1331,13,17.379524,NA,88.9,73.6,0.25
2014-06-17,0.026,GPT,92,77,73.94,66.92,0,3.2882066,174.25293,43.9617,65.37201,84.5256,NA,NA,80.5629,90.15017,96.3615,9,19.117477,NA,89,73.7,0.26
2014-06-18,0.03,GPT,93,76,73.94,66.92,0,2.3028612,180.78514,46.7745,67.20268,87.5481,NA,NA,77.203,88.45163,97.0344,8,13.034643,NA,89.1,73.8,0.24
2014-06-19,0.039,GPT,92,77,75.2,66.92,0,2.1667829,174.64102,48.1197,66.96452,84.5785,NA,NA,80.56288,89.57436,97.7998,7,19.117477,NA,89.1,73.9,0.24
2014-06-20,0.047,GPT,93,76,75.02,69.98,0.49,2.919051,311.5064,48.836,73.53431,87.6003,NA,NA,77.203,86.528534,100.808,9,17.379524,NA,89.2,74,0.26
2014-06-21,0.039,GPT,95,75,73.94,71.06,0,3.8101885,247.90245,48.9909,70.17809,87.5481,NA,NA,76.3347,89.65707,103.22,9,13.90362,NA,89.3,74.1,0.25
2014-06-22,0.041,GPT,94,76,73.94,71.06,0.04,3.8478715,291.54388,50.5097,73.75418,87.6003,NA,NA,78.3697,87.04836,101.021,13,21.724405,NA,89.3,74.2,0.25
2014-06-23,0.04,GPT,90,76,77,69.98,0.14,3.0969994,131.88681,59.4165,77.69874,88.6689,NA,NA,78.3697,86.101845,99.2553,9,20,NA,89.4,74.2,0.25
2014-06-24,0.032,GPT,93,76,75.92,68,0.02,3.9776692,241.26065,52.1115,71.63051,87.6003,NA,NA,77.0589,87.586975,100.66,9,18.2485,NA,89.4,74.3,0.24
2014-06-25,0.032,GPT,90,74,73.94,69.98,0.34,3.4291697,193.35448,55.4582,72.513855,87.4515,NA,NA,75.1442,85.899864,95.7386,10,21.724405,NA,89.5,74.4,0.23
2014-06-26,0.023,GPT,89,75,75.92,69.08,0.39,2.6078157,75.698166,62.7745,78.15513,87.695145,NA,NA,76.18615,84.92052,97.814644,10,14.772596,NA,89.6,74.4,0.23
2014-06-27,0.019,GPT,91,75,78.08,68,0.01,4.7934403,144.1588,61.1253,75.1127,87.5481,NA,NA,75.92,87.59081,101.768,14,33,NA,89.6,74.5,0.24
2014-06-28,0.023,GPT,91,77,78.08,68,0,6.8520584,149.57932,65.8039,72.04412,79.0466,NA,NA,77,92.41421,104.596,12,19.986454,NA,89.7,74.5,0.24
2014-06-29,0.03,GPT,91,83,77,75.92,0,5.242847,173.42189,63.4841,70.82827,76.6961,NA,NA,92.8119,98.083244,103.051,10,18.2485,NA,89.7,74.6,0.23
2014-06-30,0.033,GPT,93,79,78.08,69.08,0,3.558967,219.16183,45.7897,71.144264,87.789,NA,NA,82.7461,95.51884,105.803,9,13.034643,NA,89.7,74.6,0.24
2014-07-01,0.035,GPT,97,79,77,71.06,0,3.837404,301.03928,44.5744,67.08989,87.6951,NA,NA,82.7461,95.95494,106.09154,10,17.379524,NA,89.8,74.6,0.24
2014-07-02,0.028,GPT,98,79,77,69.08,NA,4.3963714,294.90854,44.7067,67.028175,84.5785,NA,NA,82.5018,95.6414,108.564,13,23.462358,NA,89.8,74.7,0.24
2014-07-03,0.038,GPT,95,76,73.04,66.02,0,4.2882066,7.634269,41.203,62.11066,81.8483,NA,NA,77.0589,88.713455,99.4116,9,15.641572,NA,89.9,74.7,0.25
2014-07-04,0.049,GPT,93,76,73.04,59,0,5.359386,4.571874,32.1729,54.747227,79.1989,NA,NA,75.92,84.50682,93.02,9,14.772596,NA,89.9,74.7,0.25
2014-07-05,0.042,GPT,92,69,68,60.08,0,3.0321004,19.868357,35.5671,56.784515,78.8081,NA,NA,71.06,81.58153,91.04,8,14.772596,NA,90,74.7,0.25
2014-07-06,0.054,GPT,92,71,69.08,60.08,0,2.9309142,198.45222,35.7044,58.00561,81.5744,NA,NA,71.96,83.26892,91.94,8,14.772596,NA,90,74.8,0.25
2014-07-07,0.064,GPT,94,72,71.06,60.08,0,3.8520586,208.31606,33.4372,58.71389,84.8003,NA,NA,73.04,86.481834,93.5781,9,15.641572,NA,90,74.8,0.25
2014-07-08,0.043,GPT,92,75,75.02,68,0,3.5024424,202.35248,52.1115,67.23915,84.45763,NA,NA,75,88.13815,98.548004,13,20.85543,NA,90.1,74.8,0.25
2014-07-09,0.028,GPT,94,75,75.02,69.08,0.21,2.8513608,296.5435,48.7064,74.34437,87.6003,NA,NA,78.2503,86.42908,101.021,11,20.85543,NA,90.1,74.8,0.26
2014-07-10,0.027,GPT,95,75,73.94,69.98,0,2.6378229,232.98088,50.5097,71.49108,87.6003,NA,NA,76.3347,87.95748,101.021,11,23.462358,NA,90.2,74.8,0.26
2014-07-11,0.03,GPT,95,76,75.02,71.06,1.24,3.150035,304.0522,49.1197,76.68677,90.2933,NA,NA,77.203,85.44319,102.15,17,26.069286,NA,90.2,74.9,0.26
2014-07-12,0.042,GPT,93,75,75.02,71.06,1e-4,3.0983949,205.04381,52.1115,72.83601,87.6003,NA,NA,76.3347,88.92918,104.555,8,13.034643,NA,90.3,74.9,0.27
2014-07-13,0.046,GPT,90,77,75.92,69.8,1e-4,3.107467,163.87593,57.6443,70.766335,84.5785,NA,NA,78.3697,89.73778,98.286,8,15.641572,NA,90.3,74.9,0.25
2014-07-14,0.046,GPT,91,77,75.92,71.06,1e-4,3.081647,194.20744,61.1253,73.35988,84.5785,NA,NA,80.5629,90.068756,100.503,9,17.379524,NA,90.3,74.9,0.23
2014-07-15,0.035,GPT,92,77,77,71.06,0.23,4.5108166,267.31345,55.7235,77.42036,90.2933,NA,NA,78.2503,88.468704,100.66,14,22.593382,NA,90.4,74.9,0.23
2014-07-16,0.038,GPT,91,73,73.04,62.06,0,6.046755,327.22333,40.604,66.06159,90.2171,NA,NA,73.94,82.19893,92.856,11,19.986454,NA,90.4,74.9,0.22
2014-07-17,0.056,GPT,88,68,69.98,60.08,0,3.5443127,120.81352,40.439606,62.308064,79.3669,NA,NA,69.08,80.00581,89.4341,7,13.90362,NA,90.5,74.9,0.22
2014-07-18,0.019,GPT,85,75,78.08,69.98,0.76,1.7369156,180.65291,76.737,83.255455,88.5888,NA,NA,76.3347,83.79402,96.5974,12,26,NA,90.5,74.9,0.22
2014-07-19,0.028,GPT,91,78,78.8,73.94,1.06,4.900907,206.8983,59.4165,79.46489,90.3345,NA,NA,80.6924,90.43573,99.2553,10,17,NA,90.5,75,0.22
2014-07-20,0.03,GPT,89.6,75.9,75.92,71.96,1e-4,4.1304955,236.43802,63.377693,79.52168,87.695145,NA,NA,77,86.02124,99.28918,13,27,NA,90.6,75,0.2
2014-07-21,0.035,GPT,94,77,75.92,66.92,0,3.7683182,315.72156,44.1222,67.9343,90.3345,NA,NA,80.4857,88.615715,98.3262,9,15.641572,NA,90.6,75,0.21
2014-07-22,0.051,GPT,93,74,73.04,66.92,0,4.0195394,342.64255000000003,46.9327,68.815125,84.9155,NA,NA,76.9422,85.08741,98.548,8,13.034643,NA,90.7,75,0.22
2014-07-23,0.052,GPT,87,72,73.04,68,0,3.4459176,136.51418,56.9164,74.575226,87.3539,NA,NA,72.9616,82.817024,92.8384,9,14.772596,NA,90.7,75,0.21
2014-07-24,0.049,GPT,89,75,75.02,71.06,0,3.0788555,166.05696,55.4582,72.1422,87.5481,NA,NA,77.203,87.98512,96.0795,10,15.641572,NA,90.7,75,0.21
2014-07-25,0.053,GPT,95,78,77,73.04,0.05,3.1828332,258.96387,49.2736,73.348976,87.1241,NA,NA,80.5629,91.554085,104.708,8,16.51055,NA,90.8,75,0.21
2014-07-26,0.041,GPT,94,78,77,71.06,0,3.9357991,234.499,48.9909,69.98745,87.6951,NA,NA,82.7461,95.47237,105.745,11,19.986454,NA,90.8,75,0.21
2014-07-27,0.03,GPT,97,80,77,69.98,0,4.14515,261.42996,41.7961,66.62099,87.2222,NA,NA,85.3905,96.56155,104.708,10,16.51055,NA,90.8,75,0.22
2014-07-28,0.032,GPT,99,81,77,73.04,0,6.884159,288.9148,46.3679,66.05707,82.3196,NA,NA,89.3452,99.405754,109.801,12,19.117477,NA,90.9,75.1,0.23
2014-07-29,0.042,GPT,93,76,73.04,62.06,0,5.739009,0.4455132,35.8689,54.21682,73.6791,NA,NA,75.92,86.30116,93.02,9,15.641572,NA,90.9,75.1,0.23
2014-07-30,0.048,GPT,91,71,64.94,55.04,0,5.157711,4.5596223,31.5713,49.142685,70.4701,NA,NA,71.06,80.87487,88.266,10,13.90362,NA,90.9,75.1,0.22
2014-07-31,0.061,GPT,93,71,69.08,55.94,0,3.4187021,7.1763086,32.0092,54.748234,71.0139,NA,NA,71.96,81.61624,90.8485,9,11.296691,NA,90.9,75.1,0.22
2014-08-01,0.064,GPT,89,76,69.98,62.96,1e-4,2.1772506,27.590176,46.1899,63.736336,78.9629,NA,NA,77,82.6885,89.799,6,8.689762,NA,91,75.1,0.21
2014-08-02,0.059,GPT,92,73,71.96,62.96,0,2.512212,154.08226,39.3831,63.61093,84.8003,NA,NA,75.0196,85.42889,95.1311,9,13.034643,NA,91,75.1,0.21
2014-08-03,0.051,GPT,93,75,78.08,69.98,0.47,3.8227494,8.271853,52.3867,74.48373,88.6689,NA,NA,76.1861,85.86793,102.182,10,19.986454,NA,91,75.1,0.22
2014-08-04,0.051,GPT,90,74,78.08,69.98,0.46,2.9420795,104.17086,59.1645,79.7025,97.0174,NA,NA,75.1442,84.39607,97.8094,13,19.117477,NA,91,75.1,0.22
2014-08-05,0.051,GPT,91,72,77,69.98,0,3.0697837,163.091,57.1775,77.26826,97.0174,NA,NA,73.25,86.68977,97.8094,9,13.90362,NA,91,75.1,0.23
2014-08-06,0.05,GPT,92,75,75.92,71.06,0,3.029309,217.08958,57.4366,77.12388,93.6205,NA,NA,77.6109,88.50298,101.943,11,13.90362,NA,91,75.1,0.23
2014-08-07,0.046,GPT,91,74,77,73.04,0,3.0565248,215.1216,57.4366,75.7396,93.5695,NA,NA,76.6198,90.393036,101.943,7,16.51055,NA,91,75,0.21
2014-08-08,0.037,GPT,92,78,77,73.94,NA,3.7850664,203.9583,57.4366,74.865974,93.6709,NA,NA,82.9577,94.200714,104.562,10,17.379524,NA,91,75,0.21
2014-08-09,0.036,GPT,91,74,78.08,69.98,1.1,4.392882,274.61197,59.3022,81.65071,97.0174,NA,NA,75.4305,87.7385,101.618,13,23,NA,91,75,0.2
2014-08-10,0.033,GPT,89,72,77,71.06,0,3.6845777,276.13742,65.5802,83.23885,96.993,NA,NA,73.4147,83.95046,98.8367,10,16,NA,91,75,0.19
2014-08-11,0.038,GPT,93,73,75.02,69.08,0.02,4.0997906,313.37814,48.836,78.88609,97.0415,NA,NA,74.5756,84.190575,100.66,11,25.200312,NA,91,75,0.19
2014-08-12,0.039,GPT,90,74,75.92,71.06,1e-4,3.8743894,260.9572,61.3631,78.000984,93.5695,NA,NA,75.4305,86.44149,100.373,8,14.772596,NA,91,74.9,0.19
2014-08-13,0.045,GPT,89,75,73.94,66.92,0,4.901605,348.17224,53.6358,70.503365,87.5043,NA,NA,76.3347,86.25144,98.0756,8,13.034643,NA,90.9,74.9,0.19
2014-08-14,0.052,GPT,90,71,71.06,62.06,0,3.5443127,22.423004,42.0151,62.16682,84.8003,NA,NA,71.96,80.88221,90.4644,7,11.296691,NA,90.9,74.9,0.2
2014-08-15,0.053,GPT,92,69,68,60.98,0,2.7069085,318.71072,37.9889,64.22426,86.7675,NA,NA,69.08,80.608505,93.1371,6,13.90362,NA,90.9,74.8,0.22
2014-08-16,0.039,GPT,91,71,77,68,1e-4,4.117934,201.82693,57.4366,74.16515,90.062,NA,NA,72.0989,87.7969,100.66,12,20.85543,NA,90.8,74.8,0.21
2014-08-17,0.023,GPT,88,75,78.08,71.06,0.17,3.1695743,261.01453,74.5084,84.99321,93.6709,NA,NA,76.3347,86.81525,97.1532,17,22.593382,NA,90.8,74.7,0.22
2014-08-18,0.028,GPT,92,76,78.08,71.96,0,3.4752269,227.80641,52.2368,77.35529,97.0415,NA,NA,77.7729,90.59379,101.618,10,18.2485,NA,90.8,74.7,0.22
2014-08-19,0.033,GPT,93,77,77,71.96,1e-4,4.0565248,216.27519,54.1779,74.037346,93.0885,NA,NA,80.7453,92.0266,103.134,11,17.379524,NA,90.7,74.6,0.22
2014-08-20,0.029,GPT,92,76,77,73.04,0,3.4752269,192.99481,54.1779,74.31621,93.6205,NA,NA,78.8002,92.11096,103.134,9,14.772596,NA,90.7,74.5,0.22
2014-08-21,0.027,GPT,93,77,77,71.96,0,2.512212,193.9606,52.2368,73.61652,93.6205,NA,NA,78.8002,91.83227,104.555,8,13.90362,NA,90.6,74.5,0.23
2014-08-22,0.046,GPT,95,76,75.92,69.98,0,3.1123517,242.151,50.9449,71.842674,93.5928,NA,NA,77.6109,91.90935,105.735,7,13.90362,NA,90.6,74.4,0.23
2014-08-23,0.034,GPT,97,78,77,73.04,1e-4,3.2240057,297.11288,50.7884,73.598045,90.3687,NA,NA,80.6924,92.9351,105.777,8,13.90362,NA,90.5,74.3,0.24
2014-08-24,0.029,GPT,99,77,75.92,69.08,0,5.260991,355.2922,39.2152,62.580627,90.3687,NA,NA,78.3697,93.581635,105.066,9,20.85543,NA,90.5,74.2,0.22
2014-08-25,0.035,GPT,87,78,78.08,69.98,0.25,6.436846,85.35942,65.1269,77.95564,97.0782,NA,NA,83.2215,88.03695,95.0015,15,20.85543,NA,90.4,74.2,0.22
2014-08-26,0.045,GPT,89,75,73.94,66.02,0,6.9951153,96.028465,53.6358,68.48754,84.5785,NA,NA,75.02,85.49335,93.9423,12,18.2485,NA,90.3,74.1,0.2
2014-08-27,0.037,GPT,91,75,75.02,69.08,0,6.3866014,119.27563,51.8344,71.76148,90.8013,NA,NA,77.203,87.49604,98.286,17,21.724405,NA,90.2,74,0.2
2014-08-28,0.041,GPT,90,76,73.94,66.02,0,4.3126307,128.87758,45.3383,70.27699,90.2933,NA,NA,78.5172,87.38204,96.0795,11,14.772596,NA,90.2,73.9,0.2
2014-08-29,0.035,GPT,91,75,77,71.06,0.46,6.752966,114.06563,63.3777,84.9322,97.0415,NA,NA,76.3347,83.560745,99.2892,29,43.44881,NA,90.1,73.7,0.19
2014-08-30,0.021,GPT,89,75,78.08,71.96,0.2,6.9036984,156.90097,70.1589,82.99748,96.4461,NA,NA,76.6198,87.792435,103.271,15,23.462358,NA,90,73.6,0.2
2014-08-31,0.019,GPT,90,75,78.8,73.04,0,6.1291,152.8438,67.5795,78.401924,96.4461,NA,NA,76.6198,92.69317,100.19,12,17.379524,NA,89.9,73.5,0.19
2014-09-01,0.022,GPT,90,77,77,73.04,1e-4,8.711794,147.84827,63.2495,75.28452,93.6205,NA,NA,78.8002,92.52844,101.618,16,21.724405,NA,89.8,73.4,0.2
2014-09-02,0.028,GPT,90,73,77,71.06,0.46,4.3984647,160.62025,59.3022,76.90232,96.4172,NA,NA,74.5756,90.28886,100.373,11,28.676216,NA,89.7,73.3,0.2
2014-09-03,0.038,GPT,92,73,75.92,69.08,1e-4,3.0146546,312.92346,48.7064,77.99687,97.0174,NA,NA,74.4393,84.53541,95.9667,7,14.772596,NA,89.6,73.1,0.18
2014-09-04,0.038,GPT,90,75,75.02,69.98,0,3.6845777,108.40499,55.3127,76.504265,93.5928,NA,NA,76.6198,86.04189,99.2892,8,13.90362,NA,89.5,73,0.19
2014-09-05,0.031,GPT,88,74,75.92,71.96,1e-4,2.679693,137.69987,61.3631,80.937546,97.0174,NA,NA,75.5938,84.39187,96.6438,10,15.641572,NA,89.4,72.8,0.19
2014-09-06,0.037,GPT,90,73,75.02,69.98,0,2.889044,203.94357,53.455,76.77078,93.5695,NA,NA,75.2982,85.70504,98.0756,9,14.772596,NA,89.3,72.7,0.19
2014-09-07,0.039,GPT,92,74,75.92,71.06,0.04,3.1360781,320.3208,53.9078,81.950005,97.0174,NA,NA,75.5938,83.44617,101.825,7,20.85543,NA,89.2,72.5,0.2
2014-09-08,0.047,GPT,90,74,78.08,71.06,0.34,3.4556873,357.2411,61.1253,83.21632,93.5928,NA,NA,75.4305,83.56355,101.768,11,16.51055,NA,89.1,72.4,0.2
2014-09-09,0.045,GPT,90,74,75.02,71.96,0,4.368458,139.68977,61.1253,75.7428,93.5415,NA,NA,75.4305,88.311455,99.2892,10,14.772596,NA,89,72.2,0.21
2014-09-10,0.034,GPT,90,77,75.02,73.04,0.01,4.7585487,152.9963,61.1253,75.18601,93.6205,NA,NA,78.6438,90.13743,99.2892,10,19,NA,88.8,72,0.21
2014-09-11,0.026,GPT,90,78,77,73.04,0.01,4.95813,139.00546,59.4165,72.75483,93.0885,NA,NA,80.7453,92.03274,99.2892,11,18.2485,NA,88.7,71.8,0.21
2014-09-12,0.026,GPT,91,76,77,73.04,0,4.6929517,104.15316,57.4366,78.43829,93.6205,NA,NA,77.6109,89.12362,100.66,13,19.117477,NA,88.5,71.6,0.22
2014-09-13,0.023,GPT,89,73,75.02,69.08,0,7.905094,15.102366,60.88,80.49641,93.6205,NA,NA,75.0196,82.72826,96.6438,13,18.2485,NA,88.4,71.4,0.19
2014-09-14,0.033,GPT,91,69,75.92,66.02,0,6.2330775,51.921097,57.3855,75.09442,90.0191,NA,NA,69.08,84.12604,99.2553,10,13.90362,NA,88.3,71.2,0.18
2014-09-15,0.03,GPT,90,76,75.92,73.04,0,4.1849265,87.47,63.2495,78.77937,90.8013,NA,NA,77.4797,87.45163,97.8094,9,15.641572,NA,88.1,71,0.18
2014-09-16,0.032,GPT,90,74,75.92,71.06,0.75,4.011863,325.30713,59.3022,85.41065,100,NA,NA,75.2982,80.992386,97.1331,14,20,NA,87.9,70.8,0.17
2014-09-17,0.038,GPT,89,72,73.94,69.98,0,2.3028612,190.33084,59.0494,80.456474,96.993,NA,NA,73.25,82.364395,94.5631,8,13.034643,NA,87.8,70.6,0.16
2014-09-18,0.038,GPT,88,72,73.94,69.08,0.49,3.0607119,128.80309,60.88,81.349304,96.4172,NA,NA,73.25,82.40029,93.9477,14,22.593382,NA,87.6,70.3,0.15
2014-09-19,0.043,GPT,87,71,71.96,64.04,0.03,5.9176555,99.81386,47.974,74.769714,96.3879,NA,NA,72.3962,80.10722,89.4153,13,22,NA,87.4,70.1,0.14
2014-09-20,0.044,GPT,89,72,71.06,64.94,0,7.349616,72.453575,47.8308,69.42914,84.8003,NA,NA,71.96,80.56149,90.7111,11,17.379524,NA,87.2,69.8,0.14
2014-09-21,0.045,GPT,87,68,71.06,64.94,0,3.4556873,94.85528,53.181,74.27748,90.14,NA,NA,68,79.16404,90.6202,11,13.90362,NA,87,69.5,0.13
2014-09-22,0.037,GPT,91,67,73.04,53.96,0.4,4.8792744,9.465634,44.9219,69.72517,93.4658,NA,NA,66.92,78.820915,92.8384,22,31,NA,86.8,69.3,0.13
2014-09-23,0.046,GPT,86,60,60.98,53.06,0,6.534543,37.495743,33.5037,54.27178,77.5865,NA,NA,60.08,73.39362,84.4674,10,17.379524,NA,86.6,69,0.15
2014-09-24,0.048,GPT,86,64,66.02,59,0,7.2191205,46.81607,43.1824,69.4066,93.2756,NA,NA,64.04,74.11864,85.12682,12,16.51055,NA,86.4,68.7,0.14
2014-09-25,0.044,GPT,84,63,66.92,60.98,0,5.1039777,71.37565,47.683,75.99602,90.3879,NA,NA,64.94,72.38525,84.6781,13,16.51055,NA,86.2,68.4,0.16
2014-09-26,0.04,GPT,83,66,66.02,62.06,0,5.2882066,60.80681,52.6554,72.78949,87.2551,NA,NA,66.02,73.50158,82.0216,11,17.379524,NA,86,68.1,0.15
2014-09-27,0.025,GPT,81,65,69.98,60.08,0,6.8960223,53.871883,67.2191,76.59237,87.0542,NA,NA,66.02,75.5034,84.1017,11,14.772596,NA,85.7,67.8,0.15
2014-09-28,0.024,GPT,83,73,73.94,68,0.33,7.9337053,71.40538,69.4343,85.20463,96.4461,NA,NA,73.04,77.55479,86.8654,13,19.117477,NA,85.5,67.4,0.15
2014-09-29,0.019,GPT,85,73,73.04,69.98,1e-4,5.252617,27.318203,62.7745,81.940895,97.0174,NA,NA,74.4393,80.51031,89.0057,8,15.641572,NA,85.2,67.1,0.16
2014-09-30,0.036,GPT,83,70,73.4,69.08,0,4.8339148,125.67389,71.5869,82.74395,96.9683,NA,NA,69.98,79.20578,88.8378,10,13.90362,NA,85,66.8,0.15
2014-10-01,0.025,GPT,83,70,73.94,69.08,1e-4,6.0446615,123.54754,69.4343,83.114044,96.9683,NA,NA,69.98,80.12104,87.4782,11,15.641572,NA,84.7,66.4,0.14
2014-10-02,0.028,GPT,87,78,78.98,73.4,0.01,7.482903,158.43427,69.5389,83.749565,93.7207,NA,NA,80.62385,89.59236,97.5508,13,18.2485,NA,84.5,66,0.14
2014-10-03,0.034,GPT,82,65,78.8,62.06,1.1,6.8443823,302.22116,66.5828,82.906204,96.9683,NA,NA,68,79.04563,90.9969,18,28,NA,84.2,65.7,0.14
2014-10-04,0.03,GPT,72,51,60.98,35.06,0,7.349616,338.83057,28.9352,63.35225,93.1901,NA,NA,53.06,62.561447,70.216,16,25.200312,NA,83.9,65.3,0.14
2014-10-05,0.044,GPT,75,49,59,41,0,3.8520586,152.50273,33.6111,63.736134,92.8699,NA,NA,50,63.977283,75.02,10,19.986454,NA,83.6,64.9,0.13
2014-10-06,0.045,GPT,81,61,66.92,57.92,NA,7.6266575,155.71297,58.1365,70.0571,93.1901,NA,NA,60.98,75.14664,83.0776,13,18.2485,NA,83.3,64.5,0.13
2014-10-07,0.043,GPT,84,69,71.96,66.92,0,4.461968,166.40741,60.7359,78.55539,96.9683,NA,NA,69.98,79.29937,86.5171,10,13.90362,NA,83,64.1,0.12
2014-10-08,0.035,GPT,86,67,73.04,66.02,0,3.2421494,148.48584,60.9838,83.64717,100,NA,NA,66.2,77.66424,90.1519,12,16.51055,NA,82.7,63.7,0.13
2014-10-09,0.032,GPT,84,67,75.02,66.02,NA,5.0544314,148.03452,62.7745,82.09569,96.9296,NA,NA,66.92,79.862564,90.402,11,16.51055,NA,82.4,63.2,0.13
2014-10-10,0.037,GPT,87,73,75.02,69.08,NA,4.5505934,173.3603,59.135,79.22583,96.4172,NA,NA,74.5756,83.12919,90.1519,8,14.772596,NA,82.1,62.8,0.11
2014-10-11,0.038,GPT,86,72,73.04,68,0,5.003489,164.24397,56.9815,77.686035,93.5415,NA,NA,74.4393,83.24802,90.8113,12,18.2485,NA,81.7,62.4,0.11
2014-10-12,0.037,GPT,84,72,73.94,68,0.6,6.231682,156.93321,65.0019,79.05063,97.0174,NA,NA,73.04,82.062874,88.1401,12,18.2485,NA,81.4,62,0.11
2014-10-13,0.029,GPT,85,71,78.8,69.08,1.95,12.034746,161.95332,72.3041,82.40331,100,NA,NA,72.3962,85.21714,95.3901,29,40,NA,81.1,61.5,0.11
2014-10-14,0.035,GPT,75,59,71.96,48.02,1e-4,7.7927427,287.97546,41.074,67.698654,96.4172,NA,NA,60.08,66.011345,74.5756,13,21.724405,NA,80.7,61.1,0.12
2014-10-15,0.038,GPT,77,50,51.08,42.08,NA,4.3300767,296.79745,29.7565,62.388058,92.8699,NA,NA,50,62.330883,74.6598,12,20.85543,NA,80.4,60.6,0.11
2014-10-16,0.045,GPT,81,49,55.94,44.96,0,2.2191207,303.25488,31.2353,66.89435,92.8699,NA,NA,48.92,63.66815,80.06,9,14.772596,NA,80,60.2,0.12
2014-10-17,0.067,GPT,80,53,64,51,0,2.4284718,207.59515,41.9975,74.594574,93.5972,NA,NA,53.6,67.42475,80.9089,9,13.90362,NA,79.7,59.7,0.13
2014-10-18,0.043,GPT,85,59,66.92,55.04,0,4.0195394,297.8456,47.683,74.090225,96.8783,NA,NA,60.98,72.39053,85.3966,9,19.117477,NA,79.3,59.3,0.12
2014-10-19,0.041,GPT,77,56,57.02,48.92,0,4.0321007,43.64852,38.5741,65.98642,90.04272,NA,NA,57.02,64.91212,75.92,10,16.51055,NA,79,58.8,0.13
2014-10-20,0.042,GPT,80,51,55.04,46.94,0,1.4654571,353.89804,32.362,66.98638,92.9613,NA,NA,51.98,63.87608,78.98,5,10.427715,NA,78.6,58.3,0.12
2014-10-21,0.046,GPT,83,52,60.08,50,0,2.889044,17.413553,36.7684,69.22335,92.9293,NA,NA,51.98,65.70748,82.04,8,15.641572,NA,78.2,57.9,0.12
2014-10-22,0.041,GPT,81,54,55.04,48.02,0,5.3279834,26.826881,36.2913,61.379604,93.0771,NA,NA,55.94,66.96397,80.06,10,14.772596,NA,77.9,57.4,0.11
2014-10-23,0.045,GPT,76,50,53.96,42.08,0,4.251221,22.90789,30.6636,59.1904,79.9424,NA,NA,47.7723,62.006565,74.7209,8,13.90362,NA,77.5,57,0.11
2014-10-24,0.041,GPT,78,50,51.08,42.98,0,3.790649,356.28256,28.6751,59.859913,85.6699,NA,NA,51.08,62.703403,76.9357,9,14.772596,NA,77.2,56.5,0.11
2014-10-25,0.046,GPT,81,48,60.08,46.04,0,2.953245,356.60413,39.2206,70.52074,92.5642,NA,NA,48.92,63.756077,80.7129,9,17.379524,NA,76.8,56.1,0.11
2014-10-26,0.053,GPT,83,57,64.04,55.04,0,2.3447313,181.51395,49.0857,77.03954,93.3004,NA,NA,57.02,68.58749,81.7783,8,12.165668,NA,76.4,55.7,0.1
2014-10-27,0.055,GPT,78,59,66.92,57.92,0,2.4284718,155.21478,66.358,84.427704,100,NA,NA,60.08,68.541504,78.08,11,18,NA,76.1,55.2,0.12
2014-10-28,0.047,GPT,82,61,69.08,59,0,5.5540824,137.01694,54.2272,79.028564,96.8783,NA,NA,60.98,72.68063,83.5216,12,16.51055,NA,75.7,54.8,0.11
2014-10-29,0.036,GPT,86,62,69.8,57.02,1e-4,4.5331473,355.16098,49.2195,78.319855,100,NA,NA,62.06,72.67417,84.9911,11,19,NA,75.4,54.4,0.11
2014-10-30,0.041,GPT,75,49,55.04,35.96,0,6.5024424,14.70439,25.8038,54.07071,80.0979,NA,NA,51.08,62.310143,72.4084,12,19.117477,NA,75,54,0.11
2014-10-31,0.044,GPT,76,46,46.94,37.04,0,8.317515,321.51456,29.7565,59.164787,88.9929,NA,NA,46.04,59.87601,74.6106,22,30,NA,74.7,53.6,0.11
2015-02-28,0.031,GPT,62,36,51.98,24.08,0,9.183531,88.66808,47.0796,66.37221,89.9465,NA,NA,27.9339,48.248478,62.06,14,19.986454,NA,67.3,48.8,0.17
2015-03-01,0.028,GPT,63,53,59,51.08,0.1,8.004885,84.16317,83.6915,92.34708,96.7842,NA,NA,53.06,57.53827,62.06,14,20.85543,NA,67.5,49,0.16
2015-03-02,0.02,GPT,65,57,64.04,55.4,0.44,5.08374,115.2552,92.5642,96.7806,100,NA,NA,57.02,61.825737,64.94,16,21.724405,NA,67.7,49.1,0.16
2015-03-03,0.025,GPT,71,62,64.94,60.98,0,8.965806,138.8572,78.0446,92.39533,100,NA,NA,62.06,65.551346,71.6,14,20.85543,NA,67.9,49.3,0.16
2015-03-04,0.029,GPT,73,63,68,62.06,0.34,6.8471737,157.57503,81.1432,93.290924,100,NA,NA,62.6,67.685005,73.04,14,17.379524,NA,68.1,49.5,0.17
2015-03-05,0.04,GPT,69,33,68,19.94,0.01,14.0034895,344.6954,58.0778,79.53976,100,NA,NA,22.5544,41.23074,69.08,23,35,NA,68.3,49.7,0.16
2015-03-06,0.046,GPT,56,28,21.02,12.92,0,9.692254,4.912136,19.4133,40.488483,63.0955,NA,NA,18.5994,35.85998,55.04,15,24,NA,68.5,49.9,0.17
2015-03-07,0.048,GPT,58,33,42.08,21.02,0,4.209351,103.10945,35.8891,58.40528,91.9788,NA,NA,26.831,44.455845,57.92,8,12.165668,NA,68.7,50.1,0.17
2015-03-08,0.057,GPT,67,39,55.04,33.98,0,4.3126307,118.74468,30.3231,68.04991,91.9788,NA,NA,41,55.667423,66.02,13,17.379524,NA,68.8,50.2,0.16
2015-03-09,0.033,GPT,67,58,66.02,55.04,2.91,7.028611,94.01178,86.1801,92.263115,100,NA,NA,57.92,61.90638,66.92,21,30,NA,69,50.4,0.17
2015-03-10,0.028,GPT,73,62,66.92,60.8,1.53,7.6699233,146.5537,84.0369,93.487366,100,NA,NA,62.06,65.61528,71.06,13,24.331335,NA,69.2,50.6,0.15
2015-03-11,0.025,GPT,74,60,66.2,59,0.41,5.0488486,25.912542,73.4401,88.78948,100,NA,NA,60.08,67.292435,73.4,12,16.51055,NA,69.4,50.8,0.15
2015-03-12,0.028,GPT,72,65,68,64.04,0.24,11.49058,101.46358,84.1034,92.23615,96.9296,NA,NA,64.94,68.56134,72.9616,17,26.069286,NA,69.6,51,0.14
2015-03-13,0.031,GPT,69,60,66.92,59,1.58,12.974965,117.697,83.9141,93.43997,100,NA,NA,60.08,65.97644,69.08,24,33.0211,NA,69.8,51.2,0.15
2015-03-14,0.035,GPT,70,59,59,55.04,0,3.7997208,245.99963,63.4542,80.087265,96.2189,NA,NA,59,63.640057,69.98,9,13.90362,NA,70,51.4,0.15
2015-03-15,0.031,GPT,74,57,59,55.04,0,2.6566644,226.69005,59.0816,79.316055,93.134,NA,NA,57.02,64.1121,73.04,8,19.986454,NA,70.2,51.6,0.16
2015-03-16,0.041,GPT,78,56,60.98,53.96,0,3.1402652,192.82602,48.1861,71.03274,93.134,NA,NA,55.94,68.14194,78.08,9,14.772596,NA,70.4,51.7,0.16
2015-03-17,0.038,GPT,86,61,64.94,57.92,0,4.6475925,315.09515,47.8155,70.457565,93.2205,NA,NA,60.98,73.56665,85.8331,13,19.986454,NA,70.6,51.9,0.16
2015-03-18,0.055,GPT,79,64,64.04,57.02,1e-4,2.9727843,145.75418,48.3466,73.71291,93.2756,NA,NA,64.04,70.89181,78.08,9,12.165668,NA,70.8,52.1,0.17
2015-03-19,0.039,GPT,80,66,66.92,62.96,0,3.3496163,200.42218,57.9938,77.79103,93.3839,NA,NA,66.02,73.41753,81.1383,8,14.772596,NA,71,52.3,0.17
2015-03-20,0.033,GPT,82,64,68,62.06,0,4.1304955,211.8265,54.3521,76.64236,100,NA,NA,64.04,74.276634,83.5216,11,18.2485,NA,71.2,52.5,0.17
2015-03-21,0.04,GPT,78,66,69.98,64.04,0,6.0013957,124.310074,66.358,83.39799,93.4896,NA,NA,66.02,71.8205,77,12,17.379524,NA,71.4,52.7,0.19
2015-03-22,0.032,GPT,80,64.4,69.98,60.98,0.3,5.4375434,271.1676,62.1581,81.99844,100,NA,NA,64.94,71.98938,81.325,11,19.117477,NA,71.6,52.9,0.19
2015-03-23,0.031,GPT,69,59,60.98,53.6,0,7.939986,344.08145,60.7683,72.93164,83.4088,NA,NA,59,64.2872,68,11,18.2485,NA,71.8,53.1,0.19
2015-03-24,0.035,GPT,73,61,62.96,55.94,0,7.7843685,110.3448,63.6965,79.09343,89.8593,NA,NA,60.98,66.093605,71.96,15,19.117477,NA,71.9,53.3,0.19
2015-03-25,0.042,GPT,76,61,64.94,60.08,0.02,6.1727147,130.15312,68.6854,83.911674,96.8522,NA,NA,60.98,68.38864,75.02,14,20.85543,NA,72.1,53.5,0.19
2015-03-26,0.028,GPT,70,60,66.2,60.08,1.31,3.2854152,196.97089,82.9759,89.599144,93.3546,NA,NA,62.96,66.36606,69.8,10,19.117477,NA,72.3,53.8,0.18
2015-03-27,0.043,GPT,70,51,60.08,30.02,0,10.813678,334.632,24.125,53.283707,90.3104,NA,NA,51.08,59.54829,69.08,15,26.069286,NA,72.5,54,0.17
2015-03-28,0.047,GPT,62,43,46.04,33.98,0,4.748779,111.96978,40.3673,59.589756,80.0979,NA,NA,41.5033,53.04851,62.06,9,14.772596,NA,72.7,54.2,0.17
2015-03-29,0.051,GPT,69,46,60.98,33.98,0,9.22889,122.472496,60.4722,69.315384,81.2172,NA,NA,42.4396,58.980392,68,17,23.462358,NA,72.9,54.4,0.17
2015-03-30,0.048,GPT,79,60,64.94,59,0,5.4508023,207.35529,56.1834,75.66007,93.2756,NA,NA,60.98,71.15297,80.3874,10,21.724405,NA,73.1,54.6,0.18
2015-03-31,0.045,GPT,81,60,66.02,57.92,0,4.800419,221.98749,52.1938,75.085655,93.3004,NA,NA,60.08,71.545425,81.0692,10,21.724405,NA,73.3,54.8,0.19
2015-04-01,0.047,GPT,78,60,69.08,57.92,1e-4,5.824843,154.15388,66.358,81.1699,93.1901,NA,NA,60.98,70.80916,77,13,16.51055,NA,73.5,55,0.21
2015-04-02,0.048,GPT,80,72,69.98,68,1e-4,9.382415,161.05981,71.1909,83.07162,93.4896,NA,NA,72.9616,75.2776,81.5195,15,23.462358,NA,73.7,55.3,0.21
2015-04-03,0.045,GPT,79,70,69.98,66.02,0,8.610607,172.06142,69.1109,81.058205,90.14,NA,NA,69.98,75.14011,81.5195,16,21.724405,NA,73.9,55.5,0.21
2015-04-04,0.038,GPT,77,55,69.98,42.08,0.11,7.594557,1.7015353,31.7432,65.00352,93.6455,NA,NA,55.4,66.93496,75.02,15,23.462358,NA,74.1,55.7,0.2
2015-04-05,0.047,GPT,72,50,62.96,39.02,0.4,6.5540824,92.76127,43.573,68.06322,87.1003,NA,NA,50,62.3989,71.06,12,21.724405,NA,74.3,55.9,0.2
2015-04-06,0.032,GPT,77,67,71.06,64.04,0.13,8.583391,134.29924,78.9629,89.14411,96.3583,NA,NA,66.92,72.95848,78.2503,14,19.986454,NA,74.5,56.2,0.2
2015-04-07,0.033,GPT,79,67,71.06,66.02,0,7.1639915,139.6351,73.9652,86.57701,96.9683,NA,NA,66.92,74.58519,81.6878,14,20.85543,NA,74.7,56.4,0.19
2015-04-08,0.033,GPT,80,68,70,66.02,0,7.0272155,144.25371,71.7228,83.37131,96.3583,NA,NA,68,75.99184,81.6878,13,17.379524,NA,74.9,56.6,0.2
2015-04-09,0.032,GPT,80,73,73.04,69.98,0.02,9.7480810000000009,154.21053,73.9652,84.09405,93.5695,NA,NA,75.1442,77.66947,81.8977,16,20.85543,NA,75.1,56.8,0.2
2015-04-10,0.036,GPT,84,69,73.04,66.02,0.09,4.9637127,188.83565,62.5339,83.3917,93.5695,NA,NA,69.08,77.36531,88.3231,9,21.724405,NA,75.3,57.1,0.19
2015-04-11,0.031,GPT,81,64,68,60.98,0.09,4.559665,20.449652,60.2337,82.36529,93.3546,NA,NA,64.04,70.7619,80.6766,11,14.772596,NA,75.5,57.3,0.2
2015-04-12,0.028,GPT,76,69,69.98,66.2,3.6,5.21284,107.62306,76.4766,89.371826,100,NA,NA,69.08,71.953705,76.1861,12,17.379524,NA,75.7,57.5,0.18
2015-04-13,0.032,GPT,75,69,73.04,68,1.08,8.235868,120.40697,81.7866,91.06336,96.9683,NA,NA,69.08,73.86341,76.6198,13,19.117477,NA,75.9,57.8,0.19
2015-04-14,0.036,GPT,76,67,73.94,64.4,2.09,5.042568,118.387085,88.3433,93.92446,96.9296,NA,NA,66.2,71.2209,76.8447,11,27.80724,NA,76.1,58,0.19
2015-04-15,0.036,GPT,79,66,71.06,64.04,0.2,2.789951,127.05738,66.6534,88.92789,96.9296,NA,NA,66.02,71.54521,77,8,15.641572,NA,76.3,58.2,0.2
2015-04-16,0.043,GPT,78,68,71.96,66.92,0.23,4.3440337,130.53995,73.7806,85.824455,93.5415,NA,NA,69.08,74.497345,77,9,14.772596,NA,76.5,58.5,0.19
2015-04-17,0.034,GPT,83,70,71.96,68,0.27,7.5017447,156.74486,69.4343,85.19923,94.057,NA,NA,72.0989,76.32072,86.3877,19,23.462358,NA,76.8,58.7,0.19
2015-04-18,0.031,GPT,76,68,71.06,66.92,0.55,6.2421494,144.59848,81.1432,90.70165,96.3583,NA,NA,69.08,72.328804,76.1861,15,24.331335,NA,77,58.9,0.19
2015-04-19,0.058,GPT,83,72,69.98,59,0,5.6301465,200.95197,45.5983,74.85483,94.057,NA,NA,72.8807,76.63107,83.4029,11,20.85543,NA,77.2,59.2,0.18
2015-04-20,0.051,GPT,82,61,66.92,51.98,0,5.623168,293.8484,39.0526,67.38769,93.3839,NA,NA,60.98,71.939125,80.4223,11,19.117477,NA,77.4,59.4,0.18
2015-04-21,0.049,GPT,77,55,55.94,44.96,0,4.7955337,100.789764,34.2373,59.780502,86.4723,NA,NA,55.04,65.83175,75.02,11,15.641572,NA,77.6,59.7,0.18
2015-04-22,0.055,GPT,79,57,64.04,53.06,0,3.5024424,141.84961,41.8585,70.61219,93.0771,NA,NA,57.02,69.52768,78.08,9,13.90362,NA,77.9,59.9,0.17
2015-04-23,0.031,GPT,84,62,71.06,60.08,0,3.687369,129.33592,64.2645,81.45636,93.2756,NA,NA,62.96,73.612854,84.1017,9,12.165668,NA,78.1,60.2,0.17
2015-04-24,0.043,GPT,78,64,73.04,60.08,1e-4,8.36148,106.03487,70.4701,80.18834,93.5695,NA,NA,64.04,72.35927,77,17,21.724405,NA,78.3,60.4,0.16
2015-04-25,0.029,GPT,83,65,75.2,64.04,1.81,4.808095,240.95638,66.6534,86.895226,93.6205,NA,NA,66.02,76.09943,89.4601,25,36.497,NA,78.5,60.7,0.17
2015-04-26,0.038,GPT,85,63,73.94,62.06,0,1.8562456,261.6052,60.2464,81.55922,96.3879,NA,NA,64.04,76.34457,89.6162,6,12.165668,NA,78.8,60.9,0.16
2015-04-27,0.033,GPT,74,60,71.96,57.2,1.19,8.465457,42.720135,78.2462,88.11995,96.993,NA,NA,60.08,67.08664,75.4305,26,33.0211,NA,79,61.2,0.16
2015-04-28,0.035,GPT,77,60,66.92,55.04,1e-4,5.6901603,9.103639,64.3036,80.27725,93.2205,NA,NA,60.98,67.79437,77,13,19.117477,NA,79.3,61.4,0.16
2015-04-29,0.046,GPT,75,57,53.96,51.08,0,9.177251,342.50778,46.1732,65.06608,80.4859,NA,NA,57.02,64.95621,73.94,16,22,NA,79.5,61.7,0.14
2015-04-30,0.059,GPT,81,52,55.94,42.98,0,5.214236,325.1929,27.8372,56.962082,89.2615,NA,NA,51.98,67.14899,80.06,11,19.986454,NA,79.7,61.9,0.14
2015-05-01,0.06,GPT,83,55,55.04,46.04,0,5.260991,352.17654,29.2823,54.27269,86.6864,NA,NA,55.94,69.37462,80.96,10,16.51055,NA,80,62.2,0.13
2015-05-02,0.064,GPT,78,52,55.94,39.02,0,4.0886254,157.80757,27.2319,56.76869,86.413,NA,NA,53.06,67.00752,77,9,13.90362,NA,80.2,62.5,0.13
2015-05-03,0.065,GPT,78,55,62.96,53.06,1e-4,5.150035,136.95598,43.2615,65.607376,90.0283,NA,NA,55.94,68.94623,78.08,13,18.2485,NA,80.5,62.7,0.14
2015-05-04,0.055,GPT,81,65,66.92,60.08,0.05,10.2582,120.242226,59.7392,72.028305,90.4644,NA,NA,66.02,74.209175,82.3631,20,24.331335,NA,80.7,63,0.14
2015-05-05,0.042,GPT,80,64,64.94,60.08,0,10.497558,120.642784,53.9508,68.19312,86.952,NA,NA,64.04,73.544235,80.8155,18,24.331335,NA,81,63.3,0.15
2015-05-06,0.039,GPT,80,64,69.08,62.06,0,8.834613,117.652016,66.5828,78.993286,93.2756,NA,NA,64.04,73.99739,82.9544,17,24.331335,NA,81.2,63.6,0.14
2015-05-07,0.035,GPT,82,64,69.08,62.06,0,4.4801116,145.18646,52.6554,76.0066,93.3546,NA,NA,64.94,74.68276,82.762,11,16.51055,NA,81.5,63.8,0.15
2015-05-08,0.036,GPT,83,65,69.08,62.96,0,4.10328,150.68454,58.3966,75.71786,93.3004,NA,NA,64.94,75.509865,84.1938,12,19.117477,NA,81.7,64.1,0.14
2015-05-09,0.042,GPT,82,66,68,62.96,0,5.0160503,155.57825,55.9745,73.81947,93.3546,NA,NA,66.02,75.775604,82.5154,11,15.641572,NA,82,64.4,0.15
2015-05-10,0.046,GPT,83,65,69.98,64.04,0,6.3775296,149.67955,58.5141,75.462074,93.3839,NA,NA,66.92,77.34876,85.4994,14,19.986454,NA,82.2,64.7,0.14
2015-05-11,0.029,GPT,84,72,71.96,66.02,0,5.524773,151.7811,67.4378,76.71749,84.9155,NA,NA,73.04,80.837814,88.1401,12,17.379524,NA,82.5,65,0.13
2015-05-12,0.022,GPT,87,72,73.94,62.96,0.19,3.8876483,142.99017,59.7392,76.20448,90.14,NA,NA,73.94,81.687126,91.5039,8,12.165668,NA,82.7,65.3,0.14
2015-05-13,0.045,GPT,87,71,71.96,66.2,0,4.7634335,76.31602,57.1246,75.554695,87.5043,NA,NA,71.06,80.21878,90.0969,9,14.772596,NA,83,65.5,0.12
2015-05-14,0.04,GPT,85,72,71.06,62.96,0,5.7362175,119.13488,56.9815,74.03416,90.6553,NA,NA,73.04,81.39302,88.3231,14,19.117477,NA,83.2,65.8,0.12
2015-05-15,0.031,GPT,86,75,73.04,71.06,0.04,11.411026,139.68391,65.2306,76.12685,87.5043,NA,NA,76.3347,83.970345,90.8113,18,26.069286,NA,83.5,66.1,0.12
2015-05-16,0.022,GPT,85,70,75.2,68,2.17,11.431961,145.00298,70.0832,83.04374,94.143,NA,NA,69.98,81.66914,92.0065,18,25.200312,NA,83.7,66.4,0.13
2015-05-17,0.022,GPT,84,71,73.94,68,0.47,10.014654,143.01718,72.1122,80.384735,94.057,NA,NA,69.98,83.11003,89.4601,15,20.85543,NA,83.9,66.7,0.14
2015-05-18,0.023,GPT,85,70,73.4,68,0.03,7.071877,139.45236,67.146,80.66139,90.6553,NA,NA,72.0989,80.42496,89.6162,13,21.724405,NA,84.2,67,0.13
2015-05-19,0.029,GPT,86,69,73.04,66.2,0,3.546406,264.87637,60.9838,78.457436,93.437,NA,NA,69.08,79.58452,90.1519,9,13.90362,NA,84.4,67.3,0.14
2015-05-20,0.037,GPT,88,71,71.96,66.02,1e-4,2.9720864,204.09122,59.0494,76.38745,93.5415,NA,NA,72.2589,82.21711,92.8384,9,17.379524,NA,84.6,67.6,0.15
2015-05-21,0.032,GPT,90,70,73.04,66.02,0.23,5.059316,338.37354,51.8344,78.176506,93.4658,NA,NA,69.98,79.16217,93.6436,16,23.462358,NA,84.9,67.8,0.15
2015-05-22,0.038,GPT,84,61,68,53.96,0,5.598744,28.36913,52.193794,71.62193,90.062,NA,NA,60.98,72.27965,83.1929,15,20,NA,85.1,68.1,0.16
2015-05-23,0.052,GPT,85,67,71.06,59,0,8.856943,114.93031,49.6623,65.85446,76.737,NA,NA,66.92,79.26224,87.202,16,24.331335,NA,85.3,68.4,0.17
2015-05-24,0.043,GPT,88,75,77,62.96,0.18,16.027216,140.95374,61.9123,76.36812,87.6951,NA,NA,77,87.12075,95.0015,22,32.152122,NA,85.5,68.7,0.18
2015-05-25,0.032,GPT,81,71,75.92,66.2,0.78,9.397069,146.38724,74.0652,83.60736,93.4658,NA,NA,71.96,80.6539,86.1651,14,29,NA,85.7,69,0.18
2015-05-26,0.029,GPT,84,66,75.2,62.96,0.53,7.595255,117.51807,64.8973,81.44416,93.5928,NA,NA,66.92,79.00005,86.8654,21,33.0211,NA,85.9,69.2,0.19
2015-05-27,0.037,GPT,84,73,73.94,64.04,1e-4,5.0411725,120.72695,56.509,77.71616,97.0174,NA,NA,75.02,80.45473,87.5973,10,20.85543,NA,86.1,69.5,0.19
2015-05-28,0.033,GPT,85,71,73.94,69.08,1e-4,5.7927427,144.88515,60.9838,77.953186,93.518,NA,NA,72.2589,82.22321,92.4199,21,26.069286,NA,86.3,69.8,0.19
2015-05-29,0.041,GPT,85,73,73.04,68,0.02,8.9211445,141.09418,59.135,72.76735,93.518,NA,NA,74.4393,83.775375,89.0057,16,22.593382,NA,86.5,70,0.2
2015-05-30,0.036,GPT,85,71,71.06,66.02,0,5.2463365,134.00797,56.509,71.15773,90.6553,NA,NA,73.04,80.815575,87.202,10,19.117477,NA,86.7,70.3,0.2
2015-05-31,0.037,GPT,86,69,71.06,64.94,0.02,4.3782277,155.21603,58.6546,75.310974,90.14,NA,NA,69.08,78.89636,89.4153,12,20,NA,86.9,70.5,0.2
2015-06-01,0.039,GPT,86,69,71.6,66.92,0,3.4382415,149.36981,57.1246,75.80579,92.8335,NA,NA,69.08,79.66985,90.1519,9,13.034643,NA,87.1,70.8,0.2
2015-06-02,0.044,GPT,88,71,73.04,68,0.34,3.140963,43.94851,55.0443,78.92118,90.6553,NA,NA,73.04,80.156555,89.412,16,19.117477,NA,87.2,71,0.2
2015-06-03,0.052,GPT,86,71,71.06,66.02,0.37,4.0314026,129.59843,58.5141,73.739746,93.4896,NA,NA,72.0989,81.29615,90.7111,11,14.772596,NA,87.4,71.3,0.2
2015-06-04,0.053,GPT,89,72,69.98,64.94,0,3.8792744,85.28318,51.2356,67.42591,87.4073,NA,NA,73.04,81.84248,93.6436,7,19.986454,NA,87.5,71.5,0.2
2015-06-05,0.054,GPT,91,70,71.96,66.02,0,2.0097697,169.37682,46.6422,70.41524,90.6553,NA,NA,69.98,82.02706,93.6436,8,13.034643,NA,87.7,71.7,0.21
2015-06-06,0.049,GPT,92,69,71.96,64.94,0,2.512212,331.3673,43.8275,67.85,89.9831,NA,NA,69.08,82.42325,93.7641,7,15.641572,NA,87.8,71.9,0.21
2015-06-07,0.054,GPT,92,72,73.04,66.92,0,5.233775,150.57812,45.2158,67.648796,90.6553,NA,NA,72.9616,86.187294,96.3615,11,17.379524,NA,88,72.1,0.21
2015-06-08,0.05,GPT,89,75,75.2,69.08,0.21,4.012561,183.05289,53.6358,68.95996,87.5043,NA,NA,76.3347,87.56572,94.7269,10,19.117477,NA,88.1,72.3,0.21
2015-06-09,0.038,GPT,81,70,73.04,68,0.92,2.333566,356.06094,66.9263,83.23652,93.5415,NA,NA,69.98,79.11321,85.8517,14,21,NA,88.2,72.5,0.22
2015-06-10,0.052,GPT,87,70,73.04,68,0,3.2658758,157.38261,56.9815,75.04045,93.4896,NA,NA,69.98,83.30543,93.1291,9,12.165668,NA,88.3,72.7,0.22
2015-06-11,0.037,GPT,88,73,73.04,68,0.03,5.8618283,147.73155,53.181,72.08049,90.7287,NA,NA,75.2982,85.15415,93.5917,13,20.85543,NA,88.4,72.8,0.23
2015-06-12,0.025,GPT,84,73,73.94,68,0.65,5.756455,178.22444,66.7046,79.47254,90.7287,NA,NA,74.2806,81.80919,88.1401,17,30,NA,88.5,73,0.23
2015-06-13,0.023,GPT,88,76,78.98,71.06,0.39,11.389393,144.969,71.9753,78.56161,90.2171,NA,NA,76.4622,89.46475,98.8367,20,35,NA,88.6,73.1,0.23
2015-06-14,0.025,GPT,86,76,75.92,71.06,0.58,10.61619,132.83691,67.146,78.33631,90.8013,NA,NA,77.203,87.55937,94.2691,18,32.152122,NA,88.7,73.3,0.23
2015-06-15,0.021,GPT,89,76,78.8,73.04,0.49,10.464759,121.3086,67.5795,81.18422,93.5928,NA,NA,77.6109,88.221214,100.19,20,36,NA,88.8,73.4,0.24
2015-06-16,0.018,GPT,89.06,78.8,77,73.94,NA,7.3203073,142.6326,67.4817,77.45131,90.4094,NA,NA,82.9577,91.21094,97.5508,13,NA,NA,88.9,73.6,0.25
2015-06-17,0.02,GPT,89,76,75.92,73.04,0,5.0662947,156.40833,63.249527,76.362495,93.6205,NA,NA,76,88.95667,97.8094,11,17.379524,NA,89,73.7,0.26
2015-06-18,0.027,GPT,89,77,77,71.96,0.06,5.3258896,167.4404,61.3631,72.88691,96.4901,NA,NA,80.6924,91.11556,99.2892,10,18.2485,NA,89.1,73.8,0.24
2015-06-19,0.024,GPT,90,77,75.92,71.06,0,5.1137476,199.80708,59.3022,72.99983,87.6951,NA,NA,82.7461,90.25831,97.1331,13,19.117477,NA,89.1,73.9,0.24
2015-06-20,0.038,GPT,91,76,77,71.96,0,4.576413,216.50586,55.5791,71.39629,90.2933,NA,NA,78.6438,91.188484,99.2892,8,14.772596,NA,89.2,74,0.26
2015-06-21,0.027,GPT,93,79,78.08,66.02,0,3.406141,234.71347,55.58441,72.07534,90.4094,NA,NA,81.5195,92.00063,103.089,16,33.0211,NA,89.3,74.1,0.25
2015-06-22,0.028,GPT,93,78,75.02,69.08,0,2.9937196,214.2002,52.3867,69.684,84.5785,NA,NA,80.5629,90.73308,104.555,11,15,NA,89.3,74.2,0.25
2015-06-23,0.028,GPT,94,76,78.08,64.4,2.16,2.7117934,307.32736,57.6937,77.70504,90.3687,NA,NA,75.92,88.84949,105.745,24,58.22141,NA,89.4,74.2,0.25
2015-06-24,0.033,GPT,89,72,75.92,69.08,1.11,3.7599442,232.5078,60.88,82.86558,93.5415,NA,NA,73.25,82.38653,99.2892,20,27,NA,89.4,74.3,0.24
2015-06-26,0.034,GPT,89,73,75.92,69.98,0.37,4.1779485,239.75462,55.4582,75.56738,93.5695,NA,NA,74.2806,86.33808,96.6438,11,17,NA,89.6,74.4,0.23
2015-06-27,0.028,GPT,91,77,77,73.04,0.07,4.0886254,257.5694,57.4366,77.84344,90.3687,NA,NA,78.5172,89.05087,100.66,9,19.117477,NA,89.6,74.5,0.24
2015-06-28,0.039,GPT,87,75,73.94,71.96,1e-4,4.2930913,287.64716,65.2306,81.12702,90.8013,NA,NA,76.4622,83.02919,93.1291,11,17.379524,NA,89.7,74.5,0.24
2015-06-29,0.031,GPT,85,73,75.02,69.08,0.26,3.3572924,260.25662,67.146,86.74552,94.143,NA,NA,74.4393,79.30392,89.6162,13,22,NA,89.7,74.6,0.23
2015-06-30,0.029,GPT,90,74,75.92,69,0.03,3.076475,253.30807,57.1775,78.775024,93.5695,NA,NA,75,84.94085,97.8094,8,17.379524,NA,89.7,74.6,0.24
2015-07-01,0.03,GPT,88,72,73.94,66.02,0.86,3.7257502,225.88362,55.1909,79.94098,93.5415,NA,NA,73.04,80.192116,96.6438,15,28,NA,89.8,74.6,0.24
2015-07-02,0.022,GPT,88,74,77,71.06,1e-4,4.726448,196.88358,72.08,80.2711,93.5415,NA,NA,75.2982,88.438065,98.8367,11,17.379524,NA,89.8,74.7,0.24
2015-07-03,0.025,GPT,90,78,78.08,69.98,0,4.665736,186.14264,53.455,75.96388,93.6709,NA,NA,83.2215,92.986244,101.618,11,16.51055,NA,89.9,74.7,0.25
2015-07-04,0.025,GPT,89,76,75.92,68,1e-4,4.628053,208.0319,55.0443,74.040344,87.6951,NA,NA,78.2503,88.284485,100.373,12,19.117477,NA,89.9,74.7,0.25
2015-07-05,0.025,GPT,84,70,78.08,66.02,1.54,5.0697837,137.5391,71.9184,85.92101,94.057,NA,NA,69.98,77.931625,94.9594,18,30.41417,NA,90,74.7,0.25
2015-07-06,0.032,GPT,87,70,78.08,66.92,0,3.517097,150.92293,63.1423,80.353714,93.437,NA,NA,69.98,84.35606,95.9429,8,12.165668,NA,90,74.8,0.25
2015-07-07,0.035,GPT,89,78,78.08,73.04,0,5.842289,172.55789,65.5802,75.36224,93.6709,NA,NA,80.7453,92.10455,97.8094,10,17.379524,NA,90,74.8,0.25
2015-07-08,0.028,GPT,90,76,75.92,69.98,0,5.0369854,162.14203,51.9606,69.82025,90.3345,NA,NA,79,91.07459,98.0756,12,17.379524,NA,90.1,74.8,0.25
2015-07-09,0.033,GPT,92,75,75.02,69.98,0,3.3496163,166.46906,50.2292,72.205284,93.5695,NA,NA,76.6198,88.660645,97.6826,10,14.772596,NA,90.1,74.8,0.26
2015-07-10,0.031,GPT,90,77,75.92,71.96,NA,3.4731333,132.43181,57.1775,73.75333,90.2933,NA,NA,78.6438,89.33174,97.8094,10,16.51055,NA,90.2,74.8,0.26
2015-07-11,0.034,GPT,93,76,75.02,68,0,2.5540824,202.43579,46.9327,69.27501,90.8013,NA,NA,77.4797,90.237335,100.808,8,12.165668,NA,90.2,74.9,0.26
2015-07-12,0.031,GPT,95,78,78.98,71.96,1e-4,4.591068,303.39755,49.1197,74.646965,90.9823,NA,NA,80.6238,93.09635,104.708,11,17.379524,NA,90.3,74.9,0.27
2015-07-13,0.036,GPT,96,77,77,71.06,0,4.7927427,261.03403,50.5097,68.41195,87.789,NA,NA,80.6238,93.42059,104.555,10,17.379524,NA,90.3,74.9,0.25
2015-07-14,0.045,GPT,94,78,77,68,0,5.0662947,263.37592,44.1222,69.753555,87.1241,NA,NA,80.6238,92.47495,101.943,9,16.51055,NA,90.3,74.9,0.23
2015-07-15,0.034,GPT,102,79,77,71.06,0,5.251221,256.84543,37.2262,66.269264,87.6951,NA,NA,82.5018,93.52194,111.493,11,17.379524,NA,90.4,74.9,0.23
2015-07-16,0.033,GPT,95,80,78.08,71.06,0,6.046755,262.43713,47.6426,68.05491,87.2222,NA,NA,85.0132,95.70864,104.555,11,18.2485,NA,90.4,74.9,0.22
2015-07-17,0.037,GPT,96,74,80.06,71.96,0.94,7.2798324,307.35052,49.2736,74.46135,93.5695,NA,NA,75.4305,92.23353,104.708,27,39.10393,NA,90.5,74.9,0.22
2015-07-18,0.032,GPT,96,75,78.98,73.04,1e-4,2.5959525,297.93478,55.9869,81.11365,93.5928,NA,NA,76.6198,88.254974,105.745,7,12.165668,NA,90.5,74.9,0.22
2015-07-19,0.033,GPT,95,76,78.98,71.06,0.21,3.2812283,104.39576,56.1059,79.72733,93.6709,NA,NA,77.4797,90.65432,113.133,15,24.331335,NA,90.5,75,0.22
2015-07-20,0.03,GPT,94,76,80.96,73.4,0.06,2.470342,250.8186,64.0965,85.05288,93.6709,NA,NA,78.6438,89.32563,112.353,16,22.593382,NA,90.6,75,0.2
2015-07-21,0.036,GPT,93,78,78.98,68,0,3.8101885,226.63026,45.6309,75.74094,93.6709,NA,NA,82.9577,94.514084,107.419,10,17.379524,NA,90.6,75,0.21
2015-07-22,0.03,GPT,94,78,78.08,71.96,1e-4,3.824145,242.29585,49.1197,74.199165,93.6709,NA,NA,82.95772,93.72176,103.134,9,17.379524,NA,90.7,75,0.22
2015-07-23,0.032,GPT,96,79,77,69.98,0,4.842289,268.40314,45.9217,67.19225,93.6709,NA,NA,82.9577,93.91272,103.329,11,17.379524,NA,90.7,75,0.21
2015-07-24,0.039,GPT,96,77,80.06,71.96,0.06,6.0886254,291.7276,49.2736,72.79066,93.7476,NA,NA,78.5172,94.33788,107.275,11,24.331335,NA,90.7,75,0.21
2015-07-25,0.033,GPT,97,75,75.92,71.96,0.12,3.9665039,317.58893,50.9397,80.47468,93.5695,NA,NA,76.6198,86.002014,108.564,17,28.676216,NA,90.8,75,0.21
2015-07-26,0.042,GPT,90,73,78.08,69.98,0.02,4.9672017,140.9414,61.6059,80.63093,93.5928,NA,NA,75.4305,87.2335,101.768,18,22,NA,90.8,75,0.21
2015-07-27,0.048,GPT,94,73,75.02,69.98,0,2.995115,92.03646,48.836,70.45017,90.8013,NA,NA,75.1442,87.87786,101.021,6,15.641572,NA,90.8,75,0.22
2015-07-28,0.048,GPT,96,76,75.02,66.92,0,2.9309142,268.537,42.5082,70.4984,90.8013,NA,NA,77.4797,89.69774,101.535,9,13.90362,NA,90.9,75.1,0.23
2015-07-29,0.039,GPT,99,75,77,71.96,0.88,4.821354,319.32056,46.2442,75.7571,93.6205,NA,NA,76.4622,90.22709,109.745,18,33.0211,NA,90.9,75.1,0.23
2015-07-30,0.034,GPT,96,76,78.08,71.06,1.09,4.927425,332.68988,50.9397,78.22904,93.6205,NA,NA,77.4797,88.6107,110.158,15,41,NA,90.9,75.1,0.22
2015-07-31,0.044,GPT,95,76,75.92,66.02,0,6.4207954,8.2536125,54.4461,67.06268,93.5928,NA,NA,77.6109,90.008965,105.745,12,15.641572,NA,90.9,75.1,0.22
2015-08-01,0.049,GPT,95,73,69.08,60.08,0,6.046755,12.304196,37.0954,56.741104,76.3059,NA,NA,73.04,84.41671,98.5221,10,16.51055,NA,91,75.1,0.21
2015-08-02,0.057,GPT,94,71,73.94,64.94,0,3.307746,207.5641,45.7897,66.79138,84.1584,NA,NA,71.96,87.15803,102.182,11,15,NA,91,75.1,0.21
2015-08-03,0.06,GPT,96,76,77,62.96,0,4.2707605,223.1145,34.8246,71.095795,90.3345,NA,NA,78.5172,89.33414,103.051,10,19.117477,NA,91,75.1,0.22
2015-08-04,0.031,GPT,90,76,78.98,73.04,0.25,4.1053734,184.24062,63.2495,77.5239,93.5928,NA,NA,77.4797,89.83711,98.8509,10,17.379524,NA,91,75.1,0.22
2015-08-05,0.032,GPT,90,78,78.08,73.94,1.12,5.1339846,241.43785,61.1253,77.1613,96.4901,NA,NA,80.8031,93.08453,103.271,13,22,NA,91,75.1,0.23
2015-08-06,0.028,GPT,91,77,78.08,73.04,0.24,6.2540126,222.64323,59.4165,75.27289,93.6709,NA,NA,80.6238,94.012764,101.618,11,18.2485,NA,91,75.1,0.23
2015-08-07,0.03,GPT,96,79,78.98,71.96,0,5.1304955,267.71375,47.5082,70.05325,87.2222,NA,NA,85.3905,96.11427,106.942,11,19.117477,NA,91,75,0.21
2015-08-08,0.034,GPT,95,73,78.98,69.08,0.82,8.241451,280.29385,52.6599,76.87233,96.4172,NA,NA,74.4393,93.82923,110.387,31,44,NA,91,75,0.21
2015-08-09,0.039,GPT,96,74,80.06,69.08,0,4.842289,74.885056,58.2943,77.24194,93.5695,NA,NA,76.066,93.960045,111.631,9,13.90362,NA,91,75,0.2
2015-08-10,0.038,GPT,92,76,78.08,71.06,0,4.620377,139.20013,61.3686,76.659515,90.2933,NA,NA,78.6438,93.17479,103.089,10,15.641572,NA,91,75,0.19
2015-08-11,0.042,GPT,94,78,78.08,71.96,1e-4,3.8234472,303.92984,57.1775,74.506165,93.6709,NA,NA,80.7453,93.694984,103.134,9,15.641572,NA,91,75,0.19
2015-08-12,0.03,GPT,95,78,77,71.96,0,4.2930913,300.7497,53.9972,73.3975,87.2222,NA,NA,82.3057,92.107315,103.22,8,14.772596,NA,91,74.9,0.19
2015-08-13,0.052,GPT,93,75,75.92,64.94,0,4.6475925,99.08253,42.2111,61.248375,90.3687,NA,NA,75.92,86.938675,97.0344,11,14.772596,NA,90.9,74.9,0.19
2015-08-14,0.059,GPT,93,74,71.96,62.96,0,3.726448,111.82959,38.2907,61.700138,84.3436,NA,NA,75.92,85.15399,95.3918,9,14.772596,NA,90.9,74.9,0.2
2015-08-15,0.038,GPT,88,73,75.02,68,0.19,8.711794,97.385284,63.013,75.83812,87.5043,NA,NA,73.94,84.857124,96.6438,20,29,NA,90.9,74.8,0.22
2015-08-16,0.031,GPT,83,75,75.92,69.98,0.18,8.662945,100.98018,69.3207,80.61947,93.5928,NA,NA,77.3268,82.93371,88.1401,17,25.200312,NA,90.8,74.8,0.21
2015-08-17,0.032,GPT,86,73,75.92,71.06,0.65,6.078158,156.64252,69.846,82.81824,97.0174,NA,NA,74.4393,85.65831,95.0015,11,20.85543,NA,90.8,74.7,0.22
2015-08-18,0.024,GPT,89,78,77,73.04,0.09,3.8939288,196.0262,59.3022,79.89788,94.2272,NA,NA,80.7453,90.097626,98.8509,10,14.772596,NA,90.8,74.7,0.22
2015-08-19,0.02,GPT,89,77,78.98,73.04,0.07,5.210747,176.77646,62.4672,81.21903,93.6205,NA,NA,78.8002,90.96134,102.922,11,19.117477,NA,90.7,74.6,0.22
2015-08-20,0.023,GPT,90,76,78.08,73.04,0,4.4263783,149.16042,59.4165,79.52347,96.4747,NA,NA,78.8002,91.58926,103.271,11,15.641572,NA,90.7,74.5,0.22
2015-08-21,0.021,GPT,91,75,77,71.96,0.05,3.9009073,114.436455,57.6443,81.19215,93.5928,NA,NA,76.4622,85.540596,103.089,16,21.724405,NA,90.6,74.5,0.23
2015-08-22,0.028,GPT,92,74,75.92,71.06,0,2.623866,289.6647,52.1115,80.26986,97.0415,NA,NA,75.4305,86.51308,103.089,7,10.427715,NA,90.6,74.4,0.23
2015-08-23,0.025,GPT,96,75,78,69.98,0,4.3963714,313.70468,45.9217,73.30725,93.5928,NA,NA,77.4797,91.93759,104.708,10,15.641572,NA,90.5,74.3,0.24
2015-08-24,0.038,GPT,97,77,75.92,69.98,0,5.3866014,346.19876,45.9563,68.83999,93.6205,NA,NA,78.6438,92.77056,106.092,11,17.379524,NA,90.5,74.2,0.22
2015-08-25,0.041,GPT,89,67,73.04,53.96,0,6.8053036,356.95694,31.4066,57.930748,81.922,NA,NA,69.08,80.559135,89.06,14,19.117477,NA,90.4,74.2,0.22
2015-08-26,0.044,GPT,88,61,60.98,51.08,0,5.7362175,1.3256056,29.0682,55.65396,89.6505,NA,NA,60.98,74.77297,84.9894,12,19.986454,NA,90.3,74.1,0.2
2015-08-27,0.05,GPT,88,63,64.04,57.92,0,4.842289,4.9207587,39.1666,61.038113,86.8957,NA,NA,62.96,76.075195,87.98,11,17.379524,NA,90.2,74,0.2
2015-08-28,0.057,GPT,88,68,68,60.08,NA,6.09351,111.77381,47.8308,64.59621,84.1584,NA,NA,69.08,79.13933,90.6202,15,19.117477,NA,90.2,73.9,0.2
2015-08-29,0.055,GPT,89,70,71.6,66.02,0,3.7117934,127.141495,53.6358,70.86218,87.4073,NA,NA,71.06,81.3705,92.3883,11,17.379524,NA,90.1,73.7,0.19
2015-08-30,0.059,GPT,89,70,71.06,64.94,0,2.7634335,173.63606,48.2631,69.88293,90.062,NA,NA,69.98,81.15281,91.6323,9,13.90362,NA,90,73.6,0.2
2015-08-31,0.05,GPT,92,70,69.98,62.96,0,3.0983949,167.97397,39.7697,69.00079,90.6553,NA,NA,72.9616,82.98163,93.5781,10,15.641572,NA,89.9,73.5,0.19
2015-09-01,0.042,GPT,92,70,71.96,62.06,0,2.3028612,158.31276,39.4689,69.32948,93.437,NA,NA,69.98,82.619354,93.1007,7,13.034643,NA,89.8,73.4,0.2
2015-09-02,0.04,GPT,90,75,73.94,68,0,2.3866014,166.09608,49.9468,75.78163,90.8013,NA,NA,77.3268,85.66697,95.4321,7,11.296691,NA,89.7,73.3,0.2
2015-09-03,0.028,GPT,88,74,75.92,71.96,1e-4,2.8792744,170.232,63.1423,80.909744,93.5695,NA,NA,76.4622,84.12099,95.4321,10,13.90362,NA,89.6,73.1,0.18
2015-09-04,0.03,GPT,90,74,75.92,71.06,1e-4,2.8988137,187.6692,57.1775,78.24912,93.5415,NA,NA,75.2982,86.2523,100.503,10,14.772596,NA,89.5,73,0.19
2015-09-05,0.035,GPT,94,74,75.02,71.06,0.09,4.176553,187.93192,52.5111,78.56929,97.0174,NA,NA,75.5938,85.68517,104.382,14,22.593382,NA,89.4,72.8,0.19
2015-09-06,0.039,GPT,89,73,78.98,69.8,0.78,3.919051,55.25515,63.2495,84.70302,93.5415,NA,NA,74.2806,81.14913,100.373,14,31.283144,NA,89.3,72.7,0.19
2015-09-07,0.047,GPT,92,72,73.94,68,1e-4,3.5024424,60.60452,49.9468,76.11811,93.518,NA,NA,74.2806,84.00106,95.4228,10,14.772596,NA,89.2,72.5,0.2
2015-09-08,0.04,GPT,91,73,73.04,69.08,0,3.517097,270.72324,50.2292,71.55726,93.518,NA,NA,74.4393,86.00464,96.7159,8,13.034643,NA,89.1,72.4,0.2
2015-09-09,0.04,GPT,89,74,75.02,69.98,1e-4,3.628053,194.89769,55.3127,77.34863,93.5695,NA,NA,75.4305,85.26377,96.0795,11,19.986454,NA,89,72.2,0.21
2015-09-10,0.027,GPT,90,72,75.02,69.8,0.07,2.692254,239.07635,59.164536,86.91415,97.0174,NA,NA,74.2806,80.2704,97.13307,13,27,NA,88.8,72,0.21
2015-09-11,0.019,GPT,77,72,73.04,69.98,0.53,2.1486392,244.9656,87.6003,92.43204,97.0174,NA,NA,73.4147,75.698326,78.5172,9,16.51055,NA,88.7,71.8,0.21
2015-09-12,0.031,GPT,84,68,71.96,51.08,1e-4,5.5024424,351.16635,49.3749,73.62473,96.4172,NA,NA,69.08,76.968414,85.1199,12,16.51055,NA,88.5,71.6,0.22
2015-09-13,0.038,GPT,81,59,57.02,46.04,0,5.0690856,15.227114,30.1912,55.5344,80.3375,NA,NA,60.08,69.13803,80.06,10,16.51055,NA,88.4,71.4,0.19
2015-09-14,0.045,GPT,83,57,62.96,50,0,6.4480114,94.48028,43.6849,65.72223,83.9141,NA,NA,57.02,70.87063,83.7184,16,21.724405,NA,88.3,71.2,0.18
2015-09-15,0.048,GPT,85,65,69.98,57.92,0,4.3168178,80.49967,52.4748,67.22156,84.3813,NA,NA,66.02,76.56429,86.2325,10,14.772596,NA,88.1,71,0.18
2015-09-16,0.039,GPT,90,72,73.94,66.02,0,6.362875,98.10204,56.9164,76.21874,90.8013,NA,NA,71.96,82.49978,93.1291,12,17.379524,NA,87.9,70.8,0.17
2015-09-17,0.03,GPT,89,72,73.94,62.96,0,5.2177253,33.30714,43.3689,74.04062,93.5928,NA,NA,73.25,80.02492,91.5691,10,17.379524,NA,87.8,70.6,0.16
2015-09-18,0.046,GPT,89,68,69.98,64.04,0,3.5812979,70.29109,45.044,69.7821,90.6553,NA,NA,69.08,79.325035,90.9356,7,14.772596,NA,87.6,70.3,0.15
2015-09-19,0.051,GPT,92,68,69.08,62.06,NA,2.4284718,354.3899,37.0954,68.92298,92.8335,NA,NA,68,79.980034,92.856,8,16.51055,NA,87.4,70.1,0.14
2015-09-20,0.053,GPT,92,68,73.94,64.04,0,3.0837405,212.15158,40.9043,71.49509,93.437,NA,NA,68,83.11608,95.4228,8,12.165668,NA,87.2,69.8,0.14
2015-09-21,0.032,GPT,80,67,71.6,64.04,0.03,6.436846,14.870013,71.0816,79.278275,88.5888,NA,NA,68,75.840416,81.5195,15,20.85543,NA,87,69.5,0.13
2015-09-22,0.042,GPT,87.98,64.94,64.04,60.98,NA,6.792841,25.48598,41.6121,65.63244,90.3879,NA,NA,64.94,76.0282,87.5454,13,18,NA,86.8,69.3,0.13
2015-09-23,0.041,GPT,86,68,73.04,66.02,0.01,5.188119,82.89633,58.821873,78.65196,93.3839,NA,NA,68,78.5658,89.0057,13,NA,NA,86.6,69,0.15
2015-09-24,0.041,GPT,88,65,71.06,66.02,1e-4,5.251221,69.47706,51.4025,76.28364,93.4896,NA,NA,69.08,78.73973,88.7806,13,19.986454,NA,86.4,68.7,0.14
2015-09-25,0.041,GPT,87,67,68,62.96,0,4.586183,94.35068,49.5066,72.71084,87.2551,NA,NA,66.92,76.32321,87.7497,10,15.641572,NA,86.2,68.4,0.16
2015-09-26,0.048,GPT,87,68,71.6,62.96,0,4.1479416,104.65542,44.6264,74.70475,90.0191,NA,NA,69.08,78.77373,87.9241,8,13.90362,NA,86,68.1,0.15
2015-09-27,0.02,GPT,83,72,73.04,66.02,0.93,8.230984,60.454296,69.4343,84.87456,96.993,NA,NA,71.96,76.25938,86.3877,16,21,NA,85.7,67.8,0.15
2015-09-28,0.02,GPT,80.6,71,73.04,69.08,1e-4,6.456385,40.465637,74.0652,86.568954,94.1002,NA,NA,72.8807,77.12222,83.86573,13,15.641572,NA,85.5,67.4,0.15
2015-09-29,0.028,GPT,84,73,73.94,71.06,0.01,2.7250524,40.384575,69.5285,84.30132,94.1002,NA,NA,74.4393,80.5158,91.104,7,10.427715,NA,85.2,67.1,0.16
2015-09-30,0.026,GPT,89,72,73.04,64.94,0,6.3049545,357.48654,49.9468,75.376785,93.5695,NA,NA,73.25,81.540886,92.856,11,19.117477,NA,85,66.8,0.15
2015-10-01,0.035,GPT,82,64,64.94,60.98,NA,9.327749,0.68605036,50.8367,69.51996,83.9813,NA,NA,68,73.48877,82.9378,14,21.724405,NA,84.7,66.4,0.14
2015-10-02,0.026,GPT,73.04,62.06,60.08,55,NA,10.385475,352.95325,59.3231,71.856766,84.26,NA,NA,62.06,65.80403,71.96,17,26,NA,84.5,66,0.14
2015-10-03,0.019,GPT,65,60,55.04,51.08,0,9.497558,346.5587,69.7242,73.297554,77.80562,NA,NA,60.98,62.38367,64.04,14,21.724405,NA,84.2,65.7,0.14
2015-10-04,0.018,GPT,72,57,55.94,50,0,9.773203,342.55386,57.0508,70.923195,80.3375,NA,NA,57.92,62.77749,71.96,14,19.986454,NA,83.9,65.3,0.14
2015-10-05,0.022,GPT,79,60,66.92,55.94,0,6.6720166,5.1939554,59.9796,73.84888,86.1801,NA,NA,60.08,70.25497,80.6766,11,16.51055,NA,83.6,64.9,0.13
2015-10-06,0.04,GPT,86,66,69.08,62.96,0,2.5959525,99.43811,54.7739,80.017784,93.437,NA,NA,66.02,74.751854,86.2325,9,17.379524,NA,83.3,64.5,0.13
2015-10-07,0.037,GPT,85,66,69.08,62.96,0,2.5540824,146.74332,49.2195,77.07202,96.9296,NA,NA,66.02,75.13622,85.7611,10,14.772596,NA,83,64.1,0.12
2015-10-08,0.049,GPT,85,64,68,57.92,0,2.9309142,124.90207,39.9714,77.33814,96.9041,NA,NA,64.4,74.145096,84.9911,9,13.034643,NA,82.7,63.7,0.13
2015-10-09,0.05,GPT,87,65,66.92,60.98,0,2.1353803,152.3529,45.895004,76.027405,93.3839,NA,NA,66.02,74.33178,86.658356,8,16.51055,NA,82.4,63.2,0.13
2015-10-10,0.034,GPT,80,59,66.92,57.02,0,7.0027914000000004,358.1461,55.9745,77.789986,96.9041,NA,NA,60.98,70.83581,81.4524,12,24.331335,NA,82.1,62.8,0.11
2015-10-11,0.037,GPT,80,55,60.08,53.96,0,4.046755,348.92044,43.2615,74.62838,93.1031,NA,NA,55.94,65.943504,78.08,8,12.165668,NA,81.7,62.4,0.11
2015-10-12,0.04,GPT,78,56,64.04,53.96,0,3.2240057,189.5,50.1053,73.141235,93.1031,NA,NA,57.02,68.54364,78.08,8,13.034643,NA,81.4,62,0.11
2015-10-13,0.042,GPT,82,62,71.96,60.98,0.01,3.0886252,222.52892,69.4343,83.63677,93.4658,NA,NA,64.94,73.79565,86.3877,7,14.772596,NA,81.1,61.5,0.11
2015-10-14,0.018,GPT,87,52,59,39.02,0,2.5394278,23.837513,21.2654,58.721127,89.6957,NA,NA,53.06,67.755104,83.035,6,13.90362,NA,80.7,61.1,0.12
2015-10-15,0.061,GPT,89,53,64.04,44.96,0,1.8422889,158.25465,22.4529,66.41129,93.0196,NA,NA,53.96,68.94004,84.7047,9,24,NA,80.4,60.6,0.11
2015-10-16,0.062,GPT,92,57,64.94,48.02,0,3.0565248,34.495533,27.4345,62.95643,93.1031,NA,NA,57.02,72.44868,87.3634,10,13.90362,NA,80,60.2,0.12
2015-10-17,0.047,GPT,77,58,44.06,32,0,8.088625,19.020313,20.0015,33.620663,47.2203,NA,NA,57.92,66.243256,74.2746,14,22,NA,79.7,59.7,0.13
2015-10-18,0.042,GPT,75,52,37.04,28.04,0,7.8792744,25.009983,18.1909,34.574127,48.9547,NA,NA,53.06,62.335342,73.1161,14,21.724405,NA,79.3,59.3,0.12
2015-10-19,0.044,GPT,75,52,53.96,37.04,0,8.108165,85.17505,42.4819,57.956795,83.3381,NA,NA,53.06,63.02803,73.4,15,22.593382,NA,79,58.8,0.13
2015-10-20,0.04,GPT,78,58,62.96,46.94,0,9.800419,98.22879,59.7233,70.75282,89.6957,NA,NA,57.92,67.32271,77,18,23.462358,NA,78.6,58.3,0.12
2015-10-21,0.037,GPT,81,62,66.02,55.94,0,6.0711794,87.90539,61.9123,78.764145,93.3301,NA,NA,62.06,68.995964,77,13,20.85543,NA,78.2,57.9,0.12
2015-10-22,0.032,GPT,82,62,69.98,57.92,0,7.441033,95.5024,64.8973,80.86908,93.8791,NA,NA,64.04,72.38527,85.4342,18,23.462358,NA,77.9,57.4,0.11
2015-10-23,0.031,GPT,83,65,71.06,64.04,0,7.8715982,110.82913,66.9263,84.77322,96.9296,NA,NA,64.94,74.56096,86.3877,16,23.462358,NA,77.5,57,0.11
2015-10-24,0.032,GPT,83,68,71.6,66.02,0,9.584089,106.25442,69.3207,81.96321,96.342,NA,NA,68,75.998184,86.3877,19,27,NA,77.2,56.5,0.11
2015-10-25,0.029,GPT,79,70,73.94,66.02,1.01,13.289895,94.793434,75.9253,85.86085,94.143,NA,NA,71.06,74.514496,80.3345,26,42.579834,NA,76.8,56.1,0.11
2015-10-26,0.025,GPT,79,70,73.94,68,0.81,16.692951,139.6935,76.1914,89.02055,97.0174,NA,NA,69.98,75.420876,80.4857,32,43,NA,76.4,55.7,0.1
2015-10-27,0.02,GPT,76,70,71.06,66.2,0.01,6.2505236,185.98856,75.9253,84.51031,93.518,NA,NA,69.98,73.90448,76.3362,13,16.51055,NA,76.1,55.2,0.12
2015-10-28,0.053,GPT,79,67,66.92,60.98,0,5.494766,242.01967,55.7042,75.64725,89.9831,NA,NA,68,72.79734,80.3874,10,17.379524,NA,75.7,54.8,0.11
2015-10-29,0.044,GPT,83,62,69.98,55.94,1e-4,4.3733425,285.0758,43.5648,72.13649,90.14,NA,NA,64.04,74.16277,81.9574,10,18.2485,NA,75.4,54.4,0.11
2015-10-30,0.046,GPT,78,59,60.98,55.04,0,5.3447313,113.97119000000001,46.4948,70.158844,93.134,NA,NA,59,68.75253,78.08,14,21.724405,NA,75,54,0.11
2015-10-31,0.034,GPT,79,69,75.02,59,0.6,11.686671,144.75005,61.4143,81.07672,93.43703,NA,NA,69,75.29172,81.8977,20,27,NA,74.7,53.6,0.11
2016-02-29,0.025,GPT,72,48,57.92,46.04,0,4.2707605,181.82433,61.1622,78.23696,96.6859,NA,NA,48.02,61.92836,71.06,12,17.379524,NA,67.4,48.9,0.17
2016-03-01,0.045,GPT,74,59,62.96,57.02,0.21,5.094208,201.54225,65.9022,83.00189,96.2812,NA,NA,60.08,66.45185,73.04,10,27,NA,67.5,49,0.16
2016-03-02,0.038,GPT,69,50,60.98,32,0.01,6.4207954,17.632633,25.2013,59.737926,88.09,NA,NA,50,58.315422,69.08,13,22.593382,NA,67.7,49.1,0.16
2016-03-03,0.038,GPT,72,47,64.94,44.96,0.26,7.214236,178.35582,67.1108,81.76374,90.4644,NA,NA,48.02,61.284103,71.06,17,33.0211,NA,67.9,49.3,0.16
2016-03-04,0.039,GPT,72,48,51.98,42.98,0,4.345429,1.257504,37.6356,75.33771,92.8699,NA,NA,46.4897,56.17196,69.98,11,19.117477,NA,68.1,49.5,0.17
2016-03-05,0.047,GPT,70,47,55.94,44.96,0,2.729937,159.04144,60.7683,78.37882,93.0458,NA,NA,47.0023,57.94821,68,9,13.034643,NA,68.3,49.7,0.16
2016-03-06,0.05,GPT,70,46,51.08,24.08,0,4.802512,117.08381,17.6536,61.063778,100,NA,NA,47.1786,58.775963,69.98,13,19.117477,NA,68.5,49.9,0.17
2016-03-07,0.05,GPT,72,46,62.06,42.98,NA,10.34194,124.457954,58.5552,77.055275,92.8372,NA,NA,44.7388,62.3887,71.96,18,25,NA,68.7,50.1,0.17
2016-03-08,0.047,GPT,73,65,62.96,59,0,17.610607,115.9256,63.8277,78.27135,87.1003,NA,NA,64.94,68.49729,73.04,22,34,NA,68.8,50.2,0.16
2016-03-09,0.039,GPT,74,68,66.02,62.06,0,18.482903,119.63563,73.4916,82.06076,87.2551,NA,NA,68,70.10272,73.94,23,34,NA,69,50.4,0.17
2016-03-10,0.035,GPT,74,69,68,64.94,0.03,17.648989,120.0237,81.7121,87.2887,93.437,NA,NA,69.08,70.74545,73.94,21,30.41417,NA,69.2,50.6,0.15
2016-03-11,0.034,GPT,71,65,68,62.96,2.58,11.041172,115.672165,80.8582,92.58644,100,NA,NA,64.94,67.629196,69.98,24,31,NA,69.4,50.8,0.15
2016-03-12,0.032,GPT,71,61,64.94,59,0.06,5.3279834,133.35477,78.4068,87.041824,96.2503,NA,NA,60.98,67.37747,69.98,17,29.545193,NA,69.6,51,0.14
2016-03-13,0.048,GPT,78,60,66.92,50,0,6.285415,200.74915,38.7434,75.32164,93.2456,NA,NA,62.96,70.56811,78.08,13,19.117477,NA,69.8,51.2,0.15
2016-03-14,0.052,GPT,80,68,68,62.96,0,6.962317,217.84343,60.2337,77.85237,89.9831,NA,NA,68,73.034485,80.8155,13,21.724405,NA,70,51.4,0.15
2016-03-15,0.038,GPT,77,67,68,60.98,0,7.427076,200.64796,66.1311,79.65933,92.8335,NA,NA,68,71.3784,75.92,13,19.986454,NA,70.2,51.6,0.16
2016-03-16,0.034,GPT,80,64,69.08,64.04,0,4.102582,172.3226,60.2337,80.62597,96.9041,NA,NA,64.94,73.30175,80.8155,10,15.641572,NA,70.4,51.7,0.16
2016-03-17,0.044,GPT,79,58,69.98,53.96,0.29,6.9518495,105.72267,68.5868,85.31352,96.9683,NA,NA,57.92,71.2555,78.08,26,36,NA,70.6,51.9,0.16
2016-03-18,0.041,GPT,69,57,66.02,53.96,0.81,9.148818,110.93321,80.4864,89.05613,93.9243,NA,NA,57.02,63.740334,69.8,17,26.069286,NA,70.8,52.1,0.17
2016-03-19,0.035,GPT,74,54,64.04,42.08,0.03,10.491277,9.878468,61.5557,80.44546,96.9041,NA,NA,55.04,62.92847,73.94,20,31.283144,NA,71,52.3,0.17
2016-03-20,0.04,GPT,63,42,42.08,24.08,0,13.399162,345.85126,30.4796,44.641064,65.4271,NA,NA,39.4793,51.51839,62.96,19,30,NA,71.2,52.5,0.17
2016-03-21,0.043,GPT,60,36,39.02,26.96,0,5.3349614,308.0377,29.2033,55.80261,82.314,NA,NA,32.0445,47.03874,59,10,17.379524,NA,71.4,52.7,0.19
2016-03-22,0.057,GPT,64,40,51.08,37.04,0,4.3963714,176.70267,50.0262,68.981834,92.5558,NA,NA,39.92,54.194515,62.96,11,18.2485,NA,71.6,52.9,0.19
2016-03-23,0.054,GPT,75,58,64.94,51.08,0,9.1130495,150.94728,53.2379,70.44295,89.9397,NA,NA,59,67.36353,73.94,16,21.724405,NA,71.8,53.1,0.19
2016-03-24,0.036,GPT,71,62,66.92,60.8,0.7,7.570535,156.24986,84.1034,91.96263,100,NA,NA,62.96,67.04934,71.06,16,23.462358,NA,71.9,53.3,0.19
2016-03-25,0.041,GPT,75,54,60.98,44.96,1e-4,5.939986,357.91327,41.074,68.87517,93.2456,NA,NA,55.04,62.492332,71.9745,12,17.379524,NA,72.1,53.5,0.19
2016-03-26,0.039,GPT,76,54,66.2,51.08,0.14,7.667132,105.29293,66.6534,85.95588,93.1031,NA,NA,55.04,64.32476,75.92,18,25.200312,NA,72.3,53.8,0.18
2016-03-27,0.039,GPT,70,61,66.02,60.8,1.17,8.152189,141.81702,80.8582,90.131546,96.9296,NA,NA,62.06,67.128395,69.8,19,25.200312,NA,72.5,54,0.17
2016-03-28,0.04,GPT,78,60,64.94,59,0,4.3237963,4.733365,57.8744,85.4887,96.8783,NA,NA,60.08,67.32635,78.08,9,13.90362,NA,72.7,54.2,0.17
2016-03-29,0.047,GPT,75,58,62.96,46.04,0,8.075366,96.2068,42.6003,65.92767,96.8783,NA,NA,57.92,66.19695,71.96,14,20.85543,NA,72.9,54.4,0.17
2016-03-30,0.045,GPT,73,64,66.92,60.98,1e-4,13.865317,116.86728,78.5658,87.11764,93.8791,NA,NA,64.04,69.11002,71.96,19,28,NA,73.1,54.6,0.18
2016-03-31,0.03,GPT,76,70,71.6,66.02,1e-4,10.327983,169.77773,84.3436,88.53548,93.518,NA,NA,69.98,73.492516,76.3347,15,24.331335,NA,73.3,54.8,0.19
2016-04-01,0.03,GPT,73,55.4,71.96,51.98,3.3,8.333566,352.81357,80.554,91.42859,96.9041,NA,NA,55.94,66.790184,74.8627,22,30.41417,NA,73.5,55,0.21
2016-04-02,0.048,GPT,72,48,51.98,33.08,0,10.512212,341.9518,25.5221,51.185642,80.554,NA,NA,51.08,59.916946,69.98,18,27,NA,73.7,55.3,0.21
2016-04-03,0.046,GPT,74,42.8,46.94,35.06,0,3.6601536,225.43349,24.8986,55.72965,85.788086,NA,NA,42.98,58.295128,71.2142,10,15.641572,NA,73.9,55.5,0.21
2016-04-04,0.052,GPT,78,51,57.02,37.94,0,5.568737,261.43732,26.1045,55.702374,83.4673,NA,NA,51.98,64.588646,75.02,11,19.117477,NA,74.1,55.7,0.2
2016-04-05,0.058,GPT,79,51,55.04,44.96,0,4.632938,146.68361,32.0531,63.72759,90.0283,NA,NA,51.98,65.20429,78.08,9,14.772596,NA,74.3,55.9,0.2
2016-04-06,0.06,GPT,75,54,62.96,51.98,NA,5.7327285,191.69984,51.1815,76.85792,93.0196,NA,NA,53.96,66.00618,73.94,13,20.85543,NA,74.5,56.2,0.2
2016-04-07,0.052,GPT,78,58,60.98,41,0,4.8227496,241.57698,28.541,58.26318,93.1901,NA,NA,59,68.53934,75.7968,11,18.2485,NA,74.7,56.4,0.19
2016-04-08,0.047,GPT,77,52,53.96,32,NA,8.182136,331.80496,20.0015,44.736874,74.7507,NA,NA,55.04,65.44986,74.2298,15,23.462358,NA,74.9,56.6,0.2
2016-04-09,0.048,GPT,74,43,53.06,33.98,NA,2.7634335,193.10173,26.4585,57.0809,89.5622,NA,NA,44.96,60.83906,71.4607,10,16.51055,NA,75.1,56.8,0.2
2016-04-10,0.053,GPT,74,53,60.98,50,NA,9.797627,135.51605,53.2379,69.3664,86.4723,NA,NA,53.96,66.12438,73.94,17,24.331335,NA,75.3,57.1,0.19
2016-04-11,0.052,GPT,78,69,68,60.98,NA,10.600838,145.21913,66.358,76.84531,87.3539,NA,NA,69.08,72.519035,77,22,27,NA,75.5,57.3,0.2
2016-04-12,0.039,GPT,73,63,68,60.08,0.72,6.1284018,73.56384,71.0139,84.23801,93.2756,NA,NA,62.96,67.08987,72.9616,16,25.200312,NA,75.7,57.5,0.18
2016-04-13,0.024,GPT,72,61,64.94,59,1.22,6.711096,55.783604,81.0014,89.443634,96.2503,NA,NA,62.06,65.56592,71.06,14,16.51055,NA,75.9,57.8,0.19
2016-04-14,0.044,GPT,73,65,66.02,60.8,0.64,7.6475925,107.52236,73.3022,86.44193,96.9041,NA,NA,64.94,67.92388,71.96,17,23.462358,NA,76.1,58,0.19
2016-04-15,0.037,GPT,69,64,62.06,59,0,9.759246,86.53389,73.0234,81.72112,87.0542,NA,NA,64.04,66.05392,69.08,13,19.117477,NA,76.3,58.2,0.2
2016-04-16,0.037,GPT,71,65,62.06,59,0,8.871598,74.84093,73.1109,78.54619,84.26,NA,NA,64.94,67.39694,71.06,14,19.986454,NA,76.5,58.5,0.19
2016-04-17,0.046,GPT,73,63,62.06,57.92,0,13.244243,100.889175,61.4143,73.20144,84.3813,NA,NA,64.04,68.74148,73.04,23,33,NA,76.8,58.7,0.19
2016-04-18,0.058,GPT,75,60,62.96,48.02,0,10.884159,115.213196,39.8489,71.71763,93.1901,NA,NA,60.98,67.92434,73.94,19,28,NA,77,58.9,0.19
2016-04-19,0.044,GPT,76,58,66.02,57.02,NA,7.413817,124.95825,57.4651,80.693565,93.134,NA,NA,59,68.36389,75.02,13,21.724405,NA,77.2,59.2,0.18
2016-04-20,0.05,GPT,77,65,66.92,57.92,NA,6.8269367,138.26273,53.6469,78.940834,96.9041,NA,NA,64.4,70.279205,75.92,16,20.85543,NA,77.4,59.4,0.18
2016-04-21,0.047,GPT,79,64,69.08,62.96,0.01,6.2784367,159.41266,66.4809,81.2281,93.3301,NA,NA,66.02,72.443184,78.08,13,19.986454,NA,77.6,59.7,0.18
2016-04-22,0.045,GPT,83,63,66.02,59,0,4.2707605,274.24637,47.3902,74.002945,96.3118,NA,NA,64.94,72.34255,82.4317,9,14.772596,NA,77.9,59.9,0.17
2016-04-23,0.051,GPT,84,62,57.92,48.92,0,5.2044663,354.64984,31.5416,54.366062,77.8296,NA,NA,62.06,72.0033,81.5954,10,19.117477,NA,78.1,60.2,0.17
2016-04-24,0.061,GPT,81,57,59,50,0,4.3817167,145.58609,35.0277,61.079643,86.6285,NA,NA,57.92,70.82267,80.5566,11,16.51055,NA,78.3,60.4,0.16
2016-04-25,0.053,GPT,80,68,66.02,57.02,0,6.4549894,158.17023,54.0767,65.750470000000007,76.3059,NA,NA,71.06,75.63339,82.1375,10,16.51055,NA,78.5,60.7,0.17
2016-04-26,0.043,GPT,81,70,69.08,66.02,0,8.787858,151.16039,62.2913,74.4315,87.3539,NA,NA,71.06,77.34782,83.3581,15,21.724405,NA,78.8,60.9,0.16
2016-04-27,0.041,GPT,80.1,68,73.4,64.04,0.29,8.867411,166.3727,66.6534,80.59995,90.6553,NA,NA,69.08,76.55845,83.5647,15,25.200312,NA,79,61.2,0.16
2016-04-28,0.04,GPT,78,64,73.04,62.96,5.48,8.422192,133.60849,71.1909,85.13402,100,NA,NA,64.04,73.44066,80.2623,37,55.61448,NA,79.3,61.4,0.16
2016-04-29,0.033,GPT,82,69,73.4,66.92,0,9.468946,135.76715,74.247,85.44417,94.143,NA,NA,69.08,77.96111,87.4782,15,19,NA,79.5,61.7,0.14
2016-04-30,0.043,GPT,80,69,73.94,64.399994,0.44,12.139025,137.30702,73.4916,85.41834,94.143,NA,NA,69.08,77.31805,84.2481,20,26.069286,NA,79.7,61.9,0.14
2016-05-01,0.045,GPT,79,69,73.94,60.08,0.66,8.386063,150.3997,55.9133,82.51066,96.4461,NA,NA,69.98,75.52771,80.6238,18,32,NA,80,62.2,0.13
2016-05-02,0.03,GPT,80,66,73.4,57.199997,0,4.0376306,154.831,79.17114,87.38252,96.65066,NA,NA,66.02,75.33057,84.2481,12,14.772596,NA,80.2,62.5,0.13
2016-05-03,0.03,GPT,80,64,71.6,60.08,0.06,4.236237,347.04474,64.3036,83.72985,100,NA,NA,66.02,71.52075,78.08,11,15.641572,NA,80.5,62.7,0.14
2016-05-04,0.044,GPT,78,58,64.4,42.8,0,9.192334,338.70673,30.9281,56.45594,80.554,NA,NA,57.92,67.07748,78.08,17,23.462358,NA,80.7,63,0.14
2016-05-05,0.05,GPT,80,57,55.4,42.08,0,7.96446,328.87888,28.7075,50.67405,83.2074,NA,NA,57.02,68.78591,78.98,17,24.331335,NA,81,63.3,0.15
2016-05-06,0.046,GPT,77,50,53.06,42.8,0,5.6383276,351.91986000000003,33.2244,54.617176,80.554,NA,NA,51.08,64.042076,74.7735,12,19.117477,NA,81.2,63.6,0.14
2016-05-07,0.052,GPT,79,52,57.2,44.6,0,2.8665504,187.93604,34.5487,61.774487,92.9293,NA,NA,51.98,66.573875,77,11,14.772596,NA,81.5,63.8,0.15
2016-05-08,0.066,GPT,78,56,60.8,51.8,0,3.9550524,173.14474,46.4735,66.03053,93.1031,NA,NA,55.94,68.775444,77,12,23.462358,NA,81.7,64.1,0.14
2016-05-09,0.053,GPT,80,71,69.8,55.4,0,9.882927,154.24725,58.1365,70.22898,87.4073,NA,NA,71.96,75.28494,81.6805,19,27,NA,82,64.4,0.15
2016-05-10,0.05,GPT,82,71,73.4,64.399994,0,7.666202,149.59048,66.9263,83.192955,90.7287,NA,NA,73.1168,78.66334,86.3877,18,22.593382,NA,82.2,64.7,0.14
2016-05-11,0.04,GPT,84,73,71.96,66.2,0,7.170035,149.24791,60.2464,77.75104,90.7287,NA,NA,75.2982,79.98468,85.9886,13,17.379524,NA,82.5,65,0.13
2016-05-12,0.033,GPT,85,71,73.4,66.2,0.03,3.513589,172.9972,56.509,81.21083,96.993,NA,NA,72.2589,79.20828,88.2072,11,14.772596,NA,82.7,65.3,0.14
2016-05-13,0.048,GPT,89,66,71.6,59,0,4.871777,345.09573,40.4396,67.62904,93.518,NA,NA,68,79.51626,89.799,12,16.51055,NA,83,65.5,0.12
2016-05-14,0.056,GPT,89,62,64.4,44.6,0,3.6735191,349.59854,24.9027,55.05281,83.7899,NA,NA,62.96,74.42928,85.0064,10,14.772596,NA,83.2,65.8,0.12
2016-05-15,0.047,GPT,84,64,62.6,51.08,0,5.922648,35.89952,43.8663,60.089977,81.1523,NA,NA,64.94,72.92852,83.4029,14,18.2485,NA,83.5,66.1,0.12
2016-05-16,0.049,GPT,81,66,69.98,53.06,0,9.1986065,102.551346,51.1815,66.679184,84.3436,NA,NA,66.02,73.39303,82.2381,21,26.069286,NA,83.7,66.4,0.13
2016-05-17,0.035,GPT,78,71,75.2,64.399994,3.3,8.797213,130.50966,78.9629,89.36347,96.4172,NA,NA,71.96,75.97088,78.8267,18,20.85543,NA,83.9,66.7,0.14
2016-05-18,0.022,GPT,84,71,73.4,68,0,5.5080137,346.25488,67.4378,87.70713,100,NA,NA,72,77.20045,88.8378,11,13.034643,NA,84.2,67,0.13
2016-05-19,0.043,GPT,82,67,73.04,62.6,0.52,5.755052,65.27213,69.3207,81.83514,90.4644,NA,NA,66.92,75.75991,84.88,9,45.186764,NA,84.4,67.3,0.14
2016-05-20,0.048,GPT,81,69,73.4,66.02,0.22,5.4536586,169.37885,69.2256,82.9905,96.9296,NA,NA,66.92,77.30491,83.5647,20,45,NA,84.6,67.6,0.15
2016-05-21,0.043,GPT,90,71,73.4,64.04,0.01,4.425784,313.35785,43.5312,70.63123,93.5695,NA,NA,71.96,82.57721,92.5592,14,18.2485,NA,84.9,67.8,0.15
2016-05-22,0.051,GPT,85,65,69.8,57.02,0,4.62439,28.904814,45.5983,63.802948,86.6643,NA,NA,68,75.77719,84.3304,14,17.379524,NA,85.1,68.1,0.16
2016-05-23,0.06,GPT,83,60,66.2,48.199997,0,4.067596,142.02045,33.6452,59.300182,89.6125,NA,NA,60.08,73.23339,82.04,12,15,NA,85.3,68.4,0.17
2016-05-24,0.052,GPT,83,62,68,59,0,5.475261,137.15686,50.8367,69.643135,90.3104,NA,NA,62.06,75.14188,83.1929,13,17.379524,NA,85.5,68.7,0.18
2016-05-25,0.044,GPT,84,68,71.6,64.399994,0,6.436237,136.55353,58.5141,74.52824,93.3839,NA,NA,68,78.81684,86.5171,15,21,NA,85.7,69,0.18
2016-05-26,0.053,GPT,85,71,71.6,66.2,0,7.96446,141.7641,56.509,71.34004,90.062,NA,NA,72.0989,81.70913,87.7934,15,19.117477,NA,85.9,69.2,0.19
2016-05-27,0.056,GPT,86,78,71.6,62.6,0,11.735191,143.95609,51.2489,65.61519,74.0652,NA,NA,79,83.42637,88.3231,20,24.331335,NA,86.1,69.5,0.19
2016-05-28,0.047,GPT,84,69,71.6,64.399994,0,6.7059236,143.35431,54.6256,70.02297,93.518,NA,NA,72.0989,80.15094,85.1199,18,20.85543,NA,86.3,69.8,0.19
2016-05-29,0.048,GPT,87,66,71.6,64.399994,0,2.6369338,171.05948,54.8971,74.168945,96.9296,NA,NA,66.92,79.651474,90.0969,9,13.034643,NA,86.5,70,0.2
2016-05-30,0.041,GPT,92,70,73.94,66.02,0.57,3.5191638,201.18921,43.8275,73.26045,93.5928,NA,NA,69.98,82.27872,94.3602,25,37.36598,NA,86.7,70.3,0.2
2016-05-31,0.047,GPT,88,73,73.4,68,0,3.5735192,189.69043,55.0443,73.16171,93.5415,NA,NA,74.4393,83.56706,94.5631,11,14.772596,NA,86.9,70.5,0.2
2016-06-03,0.025,GPT,88,72,75.2,69.8,1.18,9.520209,144.252,60.88,73.449066,94.1002,NA,NA,73.25,86.748085,95.4321,17,21,NA,87.4,71.3,0.2
2016-06-04,0.032,GPT,87,72,77,69.08,0.89,5.6738524,134.27914,65.3545,85.20292,94.1002,NA,NA,73,81.43398,94.2691,17,32,NA,87.5,71.5,0.2
2016-06-05,0.029,GPT,84,73,73.94,69.08,0.06,7.2418118,136.12627,69.5285,80.40569,93.4896,NA,NA,73.1168,82.71884,89.4601,13,16.51055,NA,87.7,71.7,0.21
2016-06-08,0.061,GPT,95,71,73.4,55.4,0,4.1013937,49.344402,28.8162,62.886932,90.7287,NA,NA,71.96,84.24129,93.92,13,16.51055,NA,88.1,72.3,0.21
2016-06-09,0.067,GPT,89,73,73.4,57.199997,0,3.5059233,110.40024,36.4201,63.257454,90.2171,NA,NA,73.94,82.19036,90.3974,10,13.90362,NA,88.2,72.5,0.22
2016-06-10,0.037,GPT,88,72,75.92,66.2,1e-4,3.554704,146.11165,61.3631,75.90555,90.14,NA,NA,73.04,86.031296,95.7386,11,14.772596,NA,88.3,72.7,0.22
2016-06-11,0.028,GPT,89,77,75.92,73.04,0,4.2815332,155.94563,61.1253,75.5663,90.3345,NA,NA,80.6924,90.31505,98.0756,9,14.772596,NA,88.4,72.8,0.23
2016-06-12,0.026,GPT,91,77,77,68,0,2.8031359,260.8069,59.4165,77.26115,93.0885,NA,NA,80.7453,88.64848,101.768,11,17.379524,NA,88.5,73,0.23
2016-06-13,0.027,GPT,90,73,75.92,68,0.08,3.1567943,299.17538,59.3022,83.412544,93.5415,NA,NA,74.4393,81.659515,97.5508,12,19.986454,NA,88.6,73.1,0.23
2016-06-14,0.027,GPT,89,73,77,71.06,0.03,2.4843206,209.43416,65.3545,82.860245,93.5415,NA,NA,74.4393,83.69125,98.8509,15,23.462358,NA,88.7,73.3,0.23
2016-06-15,0.033,GPT,91,77,78.98,71.6,0,3.845993,230.21342,63.3777,77.94242,90.3687,NA,NA,80.6924,93.268135,103.271,10,15.641572,NA,88.8,73.4,0.24
2016-06-16,0.033,GPT,95,79,78.98,69.8,0,5.770732,276.54257,48.9909,70.979805,93.7207,NA,NA,83.2215,93.87795,103.329,12,19.117477,NA,88.9,73.6,0.25
2016-06-17,0.035,GPT,95,72,78.8,62.6,1e-4,6.0132403,279.95642,52.6599,73.860214,90.3345,NA,NA,73.4,90.60192,107.419,19,35,NA,89,73.7,0.26
2016-06-18,0.04,GPT,88,72,73.94,66.2,0.66,4.257491,281.14374,56.9164,75.80671,93.4896,NA,NA,73.25,83.39018,95.4321,18,27,NA,89.1,73.8,0.24
2016-06-19,0.038,GPT,86,75,75.92,69.8,0.42,9.796515,113.19919,66.9263,81.004845,96.718666,NA,NA,76,84.54304,94.2691,23,29,NA,89.1,73.9,0.24
2016-06-20,0.038,GPT,88,75,73.94,69.8,0,7.3121953,127.61262,63.013,73.75362,90.2171,NA,NA,76.3347,85.35924,95.43206,16,19.986454,NA,89.2,74,0.26
2016-06-21,0.044,GPT,88,72,73.4,59,0,3.2543554,170.60014,41.6121,67.56242,93.4896,NA,NA,73.25,82.45474,89.4341,11,15.641572,NA,89.3,74.1,0.25
2016-06-22,0.046,GPT,90,72,71.6,55.4,0,3.784669,164.83958,33.9195,66.05404,90.7287,NA,NA,74.2806,82.96201,90.4644,15,19.117477,NA,89.3,74.2,0.25
2016-06-23,0.046,GPT,89,70,71.6,60.8,0,3.1986063,179.5039,45.044,63.76344,87.2551,NA,NA,69.98,82.13338,90.3974,10,15.641572,NA,89.4,74.2,0.25
2016-06-24,0.052,GPT,91,72,73.4,66.2,0,3.194425,233.46964,49.9468,69.85292,90.6553,NA,NA,73.1168,86.03568,94.7269,10,14.772596,NA,89.4,74.3,0.24
2016-06-25,0.049,GPT,94,75,75.2,69.8,0,3.4160278,212.97136,50.5097,69.19122,93.5695,NA,NA,76.6198,90.12301,101.021,11,15.641572,NA,89.5,74.4,0.23
2016-06-26,0.044,GPT,95,76,76,71,0,3.897561,196.28479,48.9909,68.28771,90.2933,NA,NA,78.6438,93.81625,105.735,10,14.772596,NA,89.6,74.4,0.23
2016-06-28,0.032,GPT,89,72,77,69.8,3.64,4.6905923,63.2964,61.3631,82.443886,94.1002,NA,NA,74.8627,84.08464,97.8094,15,26.069286,NA,89.7,74.5,0.24
2016-06-29,0.041,GPT,89,74,75.2,71.06,0.23,3.7170732,29.939941,63.2495,83.42368,93.5695,NA,NA,75.2982,81.17548,97.8094,26,31,NA,89.7,74.6,0.23
2016-06-30,0.046,GPT,88,73,75.2,69.8,1e-4,4.5745645,119.395004,65.2306,80.07846,93.5928,NA,NA,74,84.2437,96.551,12,22.593382,NA,89.7,74.6,0.24
2016-07-01,0.045,GPT,96,74,77,66.2,0,3.3149827,342.90613,39.9822,71.61096,93.5415,NA,NA,74,90.25833,103.134,9,13.034643,NA,89.8,74.6,0.24
2016-07-02,0.054,GPT,97,77,77,66.02,0,3.102439,211.71597,41.203,66.323906,93.6709,NA,NA,78.8002,92.626015,103.51,10,13.034643,NA,89.8,74.7,0.24
2016-07-03,0.041,GPT,92,77,77,71.6,NA,3.8557491,200.90099,59.5531,73.245895,90.3687,NA,NA,80.6924,93.84663,103.089,12,21.724405,NA,89.9,74.7,0.25
2016-07-04,0.024,GPT,93,80,78.8,71.6,0,6.883972,205.81636,52.2368,67.476036,82.1885,NA,NA,86.7629,96.34276,104.562,12,19.117477,NA,89.9,74.7,0.25
2016-07-05,0.031,GPT,92,83,78,74,0,5.8209057,207.99724,55.8435,70.87775,82.3196,NA,NA,90.9713,97.34162,104.596,11,16.51055,NA,90,74.7,0.25
2016-07-06,0.024,GPT,93,83,78.98,73.399994,0,6.215331,197.59433,57.9012,71.599045,85.314,NA,NA,92.8666,98.32677,106.149,11,15.641572,NA,90,74.8,0.25
2016-07-07,0.025,GPT,92,80,78.98,73.94,0,5.434843,181.64458,57.4366,71.65309,87.789,NA,NA,87.8949,97.60433,105.973,12,18.2485,NA,90,74.8,0.25
2016-07-08,0.031,GPT,91,80,79,69.98,0.07,3.4386759,202.76575,60.9838,72.59968,87.789,NA,NA,87.2602,95.44283,102.983215,11,16,NA,90.1,74.8,0.25
2016-07-09,0.032,GPT,94,76,75.92,71.6,0,4.0139375,248.96858,50.5097,71.66853,93.6205,NA,NA,78.8002,93.79452,105.745,13,18.2485,NA,90.1,74.8,0.26
2016-07-10,0.03,GPT,93,76,75.92,71.06,1e-4,3.7940767,343.2271,53.9972,78.245026,90.8013,NA,NA,77.4797,87.83967,103.22,12,15.641572,NA,90.2,74.8,0.26
2016-07-13,0.027,GPT,93,78,78.08,75,0.03,3.852265,177.27025,59.58785,76.959694,90.4094,NA,NA,80.6924,93.050476,103.089,13,17.379524,NA,90.3,74.9,0.25
2016-07-14,0.024,GPT,90,74,78.8,71.06,0.49,2.8543553,322.73248,65.3099,85.88347,93.6205,NA,NA,76.3347,81.92295,101.55416,15,18.2485,NA,90.3,74.9,0.23
2016-07-15,0.026,GPT,85,73,75.02,71.06,0.03,3.5916376,310.33475,67.146,85.45511,93.5695,NA,NA,74.4393,80.47569,92.0065,13,19.117477,NA,90.4,74.9,0.23
2016-07-16,0.045,GPT,90,72,75.2,71.06,0,3.440418,172.92044,55.5791,75.350685,96.4172,NA,NA,74.4393,86.4665,97.8094,10,14.772596,NA,90.4,74.9,0.22
2016-07-17,0.024,GPT,91,75,77,74,0,3.9512196,122.620735,57.6443,77.71886,93.5928,NA,NA,76.6198,88.7506,100.503,11,18.2485,NA,90.5,74.9,0.22
2016-07-18,0.027,GPT,91,78,77,73.04,0.05,4.042857,88.98491,55.7235,77.3238,93.0885,NA,NA,80.7453,91.79647,100.373,13,14.772596,NA,90.5,74.9,0.22
2016-07-19,0.027,GPT,93,77,77,73.04,0,3.9418118,128.62724,55.7235,73.100586,93.6205,NA,NA,78.8002,92.46238,103.089,11,15.641572,NA,90.5,75,0.22
2016-07-20,0.032,GPT,97,76,77,71.06,0.51,3.0425086,343.16727,49.1293,78.29141,93.6709,NA,NA,76.5837,89.13707,107.174,20,27.80724,NA,90.6,75,0.2
2016-07-21,0.043,GPT,93,76,78.08,73.94,0,2.866899,161.93414,55.8435,74.5953,93.6205,NA,NA,78.8002,93.635254,104.555,10,14,NA,90.6,75,0.21
2016-07-22,0.04,GPT,88,74,78.08,71.96,0.71,3.1254356,273.61234,65.0834,81.53258,97.0174,NA,NA,74,85.165215,97.1532,20,31.283144,NA,90.7,75,0.22
2016-07-23,0.052,GPT,91,74,77,71.06,0,2.8972125,152.71692,59.4165,76.87865,90.8013,NA,NA,75.2982,89.321205,100.373,11,15.641572,NA,90.7,75,0.21
2016-07-24,0.042,GPT,89,77,77,75,0.6,3.5658536,125.682045,65.5802,81.45758,93.6709,NA,NA,77,89.63742,101.768,11,14.772596,NA,90.7,75,0.21
2016-07-25,0.026,GPT,91,77,77,71.96,0.33,7.7602787,109.34899,59.461464,80.051,96.732025,NA,NA,77,89.71869,101.775444,19,25.200312,NA,90.8,75,0.21
2016-07-26,0.03,GPT,86,77,78.08,71.96,0.99,4.754007,127.491005,74.6054,88.85662,96.4901,NA,NA,77,83.94026,97.1532,11,23,NA,90.8,75,0.21
2016-07-27,0.028,GPT,88,74,75.92,69.8,0.05,5.0383277,232.5937,60.88,74.26447,90.7287,NA,NA,75.2982,86.8371,95.4321,24,38,NA,90.8,75,0.22
2016-07-28,0.025,GPT,90,74,78.08,71.96,0,3.384669,194.41034,61.1253,78.61458,93.5928,NA,NA,76.6198,88.9301,103.051,11,17,NA,90.9,75.1,0.23
2016-07-29,0.034,GPT,91,75,77,71.6,0.71,2.5686412,188.04446,59.4165,78.16436,93.5928,NA,NA,76.6198,88.54561,100.19,18,24.331335,NA,90.9,75.1,0.23
2016-07-30,0.029,GPT,94,76,78.08,71.06,0,3.2041812,243.97452,48.9909,77.85232,93.6205,NA,NA,78.8002,91.32705,103.089,12,13.90362,NA,90.9,75.1,0.22
2016-07-31,0.029,GPT,93,76,77,73,0.82,2.7052264,330.35532,59.6664,83.40601,97.0415,NA,NA,77.7729,86.36123,104.302,15,21,NA,90.9,75.1,0.22
2016-08-01,0.035,GPT,92,75,76,71.96,0,2.877352,172.6089,57.4366,76.08438,96.4461,NA,NA,76.4622,90.74926,103.089,10,13.034643,NA,91,75.1,0.21
2016-08-02,0.035,GPT,94,76,80.06,73.04,1.08,3.2397213,234.10991,55.9869,78.55731,93.6709,NA,NA,78.6438,93.27637,107.419,9,33.0211,NA,91,75.1,0.21
2016-08-03,0.032,GPT,96,74,80.06,71.96,0.07,4.2940764,314.13846,58.2943,79.22669,97.0415,NA,NA,76.4622,94.31212,111.631,21,29,NA,91,75.1,0.22
2016-08-04,0.041,GPT,95,74,80.06,71.6,1.75,3.518467,322.32352,59.8019,87.77059,97.0415,NA,NA,76,87.989105,109.379,24,44.317787,NA,91,75.1,0.22
2016-08-05,0.042,GPT,94,73.4,77,71.6,0,3.736237,257.5291,52.3867,76.80272,97.01743,NA,NA,73.9,89.11111,105.803,10,15.641572,NA,91,75.1,0.23
2016-08-06,0.042,GPT,97,76,78.98,71.06,0.04,3.5108013,289.689,50.7884,76.52225,93.6205,NA,NA,77.4797,91.42818,108.564,16,23.462358,NA,91,75.1,0.23
2016-08-07,0.036,GPT,95,75,78.08,71.96,0,5.1045294,307.1619,53.727,75.783455,93.5928,NA,NA,76.6198,90.78252,105.745,10,13.034643,NA,91,75,0.21
2016-08-08,0.033,GPT,92,76,78.08,73.04,0.03,5.63224,310.60806,59.6664,79.764885,93.6205,NA,NA,78.8002,89.36926,104.302,14,19.117477,NA,91,75,0.21
2016-08-09,0.032,GPT,92,76,78.98,73.4,0.27,3.6800418,328.19434,61.3686,85.2659,93.6709,NA,NA,77.6109,87.527306,103.089,10,13.90362,NA,91,75,0.2
2016-08-10,0.028,GPT,88,77,78.98,75.02,0.34,3.1916375,289.90057,72.08,90.53613,97.0782,NA,NA,78.8002,86.26945,100.222,10,16.51055,NA,91,75,0.19
2016-08-11,0.022,GPT,80,77,78.08,75.2,4.06,3.7909408,252.65775,90.3687,94.199844,97.0782,NA,NA,78,81.89536,87.5861,10,14.772596,NA,91,75,0.19
2016-08-12,0.02,GPT,80,75,77,71.96,2.34,5.170035,207.48564,81.4972,91.17768,97.0415,NA,NA,76,79.31399,87.1028,14,19.986454,NA,91,74.9,0.19
2016-08-13,0.027,GPT,84,74,75.92,69.98,0.05,6.1965156,176.72754,66.9263,80.97483,93.5415,NA,NA,75.4305,82.10444,88.1401,16,23,NA,90.9,74.9,0.19
2016-08-14,0.027,GPT,88,75,78.8,71.06,1e-4,9.154704,135.06285,71.9753,82.57703,93.6709,NA,NA,75.4305,88.89976,100.222,18,21.724405,NA,90.9,74.9,0.2
2016-08-15,0.025,GPT,88,78,78.08,75.02,1e-4,9.929617,135.79597,69.5389,80.715485,93.6981,NA,NA,82.3841,92.00313,101.634,18,22.593382,NA,90.9,74.8,0.22
2016-08-16,0.024,GPT,89,78,78.98,75.02,0,7.3567944,128.09422,67.5795,84.207695,93.6981,NA,NA,80.6924,91.86322,104.611,15,19.117477,NA,90.8,74.8,0.21
2016-08-17,0.02,GPT,90,77,78.98,75.2,0,5.354007,131.38895,65.30986,84.3831,100,NA,NA,77,91.919395,103.271,14,19.117477,NA,90.8,74.7,0.22
2016-08-18,0.023,GPT,89,77,78.98,75.2,0.3,3.9080138,133.39163,62.6837,83.86604,97.0782,NA,NA,80.7453,91.13982,103.271,11,18.2485,NA,90.8,74.7,0.22
2016-08-19,0.027,GPT,90,77,78.98,73.94,0.29,2.5581882,178.94695,65.3099,85.102745,100,NA,NA,77,89.652534,100.373,11,15.641572,NA,90.7,74.6,0.22
2016-08-20,0.027,GPT,90,77,79,73.94,1e-4,3.1310105,190.72258,63.3777,82.1764,100,NA,NA,77,90.82305,103.271,12,17.379524,NA,90.7,74.5,0.22
2016-08-21,0.025,GPT,91,76,78.98,69.98,0.05,2.533101,271.988,63.2495,83.38942,97.0782,NA,NA,77,87.91474,101.618,16,20,NA,90.6,74.5,0.23
2016-08-22,0.023,GPT,93,73,78.98,73.04,0,2.276655,241.9194,55.7235,79.955986,100,NA,NA,74.744,90.33065,105.803,8,13.90362,NA,90.6,74.4,0.23
2016-08-23,0.038,GPT,93,77,78.08,73.94,0.04,2.2529616,188.42769,59.4165,79.9972,100,NA,NA,77,92.173325,105.803,10,13.90362,NA,90.5,74.3,0.24
2016-08-24,0.032,GPT,94,77,78.98,73.4,1e-4,2.8408933,32.009712,57.9012,85.254036,96.4747,NA,NA,78.1,86.4843,108.859,12,17.379524,NA,90.5,74.2,0.22
2016-08-25,0.037,GPT,90,77,80.6,75.2,0.18,3.5756097,76.60656,65.803856,89.17715,100,NA,NA,77,88.13186,103.05127,21,27,NA,90.4,74.2,0.22
2016-08-26,0.047,GPT,92,73.9,77,69.8,0,6.4857144,94.26454,51.96061,77.53374,100,NA,NA,76.61977,88.71618,101.76793,14,18.2485,NA,90.3,74.1,0.2
2016-08-27,0.039,GPT,93,75.2,78.08,71.96,1e-4,5.8445992,75.65362,50.5097,79.69089,96.4747,NA,NA,77,88.236885,101.021,20,26.069286,NA,90.2,74,0.2
2016-08-28,0.021,GPT,85,75,78.08,73.94,0.41,4.085017,48.195377,79.4176,91.95591,97.0415,NA,NA,76.755,81.6272,94.9594,11,21,NA,90.2,73.9,0.2
2016-08-29,0.032,GPT,91,75,78.98,73.94,0,5.620906,91.88198,61.3686,81.62828,96.4461,NA,NA,76.755,89.88786,105.973,15,17.379524,NA,90.1,73.7,0.19
2016-08-30,0.036,GPT,93,76,78.08,69.08,0,4.698258,73.58016,47.3554,76.04912,100,NA,NA,77,89.500755,100.503,13,17.379524,NA,90,73.6,0.2
2016-08-31,0.031,GPT,94,77,75.02,69.98,0,6.1519165,39.86024,47.2213,68.119804,87.6003,NA,NA,78.5172,89.92805,102.15,12,19.117477,NA,89.9,73.5,0.19
2016-09-01,0.031,GPT,95,76,78.08,71.06,0,5.871777,31.609766,50.9449,72.53486,90.2933,NA,NA,77.203,91.06882,106.149,16,20.85543,NA,89.8,73.4,0.2
2016-09-02,0.041,GPT,95,76,80.06,71.96,0,3.958885,333.34946,49.1197,78.01839,91.052,NA,NA,78.5172,92.01359,105.973,10,15.641572,NA,89.7,73.3,0.2
2016-09-03,0.039,GPT,92,76,78.08,73,0.31,3.4383276,59.161694,63.4841,83.32775,97.0415,NA,NA,77,87.32398,103.271,12,17.379524,NA,89.6,73.1,0.18
2016-09-04,0.03,GPT,89,76,80.06,73.94,1.02,3.538676,126.44029,67.5795,89.59301,100,NA,NA,77,86.845604,100.222,13,21.724405,NA,89.5,73,0.19
2016-09-05,0.028,GPT,81,75,77,75.02,0.06,3.4153311,62.55331,87.6951,95.17482,100,NA,NA,76.922,80.60321,85.8695,10,16.51055,NA,89.4,72.8,0.19
2016-09-06,0.03,GPT,88,74,78.08,73.4,0.13,3.7310104,116.91355,67.3637,87.29762,100,NA,NA,75.734,84.75854,97.1532,14,19.117477,NA,89.3,72.7,0.19
2016-09-07,0.04,GPT,88,73,73.94,69.08,0,3.9972126,137.72456,58.9106,78.601036,100,NA,NA,74.744,83.64354,93.5917,13,18.2485,NA,89.2,72.5,0.2
2016-09-08,0.035,GPT,88,71,75.02,69.98,0,4.583972,133.02011,59.0494,79.70271,96.993,NA,NA,72.3962,84.90582,94.5631,13,17.379524,NA,89.1,72.4,0.2
2016-09-09,0.038,GPT,88,74,75.92,68,0.08,5.2369337,127.81048,53.181,78.291695,100,NA,NA,76.755,85.083824,93.5917,13,18.2485,NA,89,72.2,0.21
2016-09-10,0.036,GPT,91,73,77,66.92,0,4.032056,168.96918,48.1197,74.48809,96.4172,NA,NA,74.5756,87.47318,96.3615,10,13.90362,NA,88.8,72,0.21
2016-09-11,0.034,GPT,89,73,77,69.98,0.14,3.687805,83.53902,60.88,83.90089,100,NA,NA,73,85.242615,98.8367,16,22.593382,NA,88.7,71.8,0.21
2016-09-12,0.034,GPT,91,73,75.92,71.06,0,5.3059235,61.62741,57.6443,80.90745,100,NA,NA,74.4393,84.561485,100.373,13,17.379524,NA,88.5,71.6,0.22
2016-09-13,0.033,GPT,88,73,75.92,69.98,0.1,5.006272,68.55877,63.1423,83.46214,96.4747,NA,NA,74.2806,81.88109,96.551,13,18.2485,NA,88.4,71.4,0.19
2016-09-14,0.033,GPT,91,74,77,71.06,0,5.5003486,82.62478,53.9078,80.20491,97.0174,NA,NA,75.5938,86.565414,97.5508,13,16.51055,NA,88.3,71.2,0.18
2016-09-15,0.032,GPT,91,5,77,71.96,0,7.6912894,110.24731,55.5791,78.00636,97.0415,NA,NA,76.755,89.23549,98.286,15,19.117477,NA,88.1,71,0.18
2016-09-16,0.026,GPT,89,77,78.98,75.02,1.18,5.409059,124.147484,65.5802,87.11081,100,NA,NA,77,87.59684,98.8367,15,23,NA,87.9,70.8,0.17
2016-09-17,0.019,GPT,87,77,80.6,75.2,0.41,3.6818814,158.6046,79.6463,91.81262,100,NA,NA,80.7453,86.427055,99.6203,14,16.51055,NA,87.8,70.6,0.16
2016-09-18,0.026,GPT,85,77,78.8,75.02,0.02,1.933798,264.25293,74.5084,90.79897,100,NA,NA,77,84.391914,94.2691,11,13.90362,NA,87.6,70.3,0.15
2016-09-19,0.033,GPT,93,75,77,69.08,0,4.3132405,346.7798,48.836,78.78426,100,NA,NA,76,86.60565,100.118,11,15.641572,NA,87.4,70.1,0.14
2016-09-20,0.048,GPT,95,73,75.92,69.08,0,3.1341465,34.892982,44.5296,75.45172,96.4172,NA,NA,74.5756,86.4326,99.4116,10,17.379524,NA,87.2,69.8,0.14
2016-09-21,0.053,GPT,92,72,77,68,0,3.5944252,130.00769,50.2292,75.1151,100,NA,NA,73.25,87.48138,99.2892,10,13.034643,NA,87,69.5,0.13
2016-09-22,0.044,GPT,92,76,78.08,71.06,0,2.2891986,154.2491,52.1115,76.11208,97.0415,NA,NA,77.7729,88.62496,97.6826,9,12.165668,NA,86.8,69.3,0.13
2016-09-23,0.048,GPT,94,75,75.92,69.08,0,2.2390244,284.59232,48.7064,76.566246,97.0415,NA,NA,76.6198,86.5104,98.787,8,12.165668,NA,86.6,69,0.15
2016-09-24,0.047,GPT,95,73,75.02,68,0,2.6850173,313.16125,44.1222,74.62176,97.0174,NA,NA,75.4305,86.780876,101.021,9,12.165668,NA,86.4,68.7,0.14
2016-09-25,0.047,GPT,93,74,74,69.98,0,3.5059233,292.07315,50.2292,74.07992,97.0174,NA,NA,75,86.6845,99.6704,9,12.165668,NA,86.2,68.4,0.16
2016-09-26,0.046,GPT,92,72,75.02,69.08,1.68,2.7017422,335.6791,48.7064,76.81492,100,NA,NA,74.2806,83.60497,97.6826,16,24,NA,86,68.1,0.15
2016-09-27,0.035,GPT,88,72,77,71.06,1e-4,2.6076655,289.36624,63.2692,83.73888,96.993,NA,NA,73.4147,83.14347,95.4321,8,10.427715,NA,85.7,67.8,0.15
2016-09-28,0.045,GPT,90,72,71.96,59,0,4.2407665,319.6093,42.3142,65.0814,87.4515,NA,NA,73.04,80.877594,91.4207,9,13.90362,NA,85.5,67.4,0.15
2016-09-29,0.044,GPT,86,64,69.08,53.96,0,5.210453,336.49472,44.4503,68.05169,96.9296,NA,NA,64.04,75.19684,85.8331,13,15.641572,NA,85.2,67.1,0.16
2016-09-30,0.045,GPT,82,58,62.06,51.98,0,3.634843,351.16635,38.0008,64.03829,89.778,NA,NA,59,69.57297,82.04,9,14.772596,NA,85,66.8,0.15
2016-10-01,0.048,GPT,84,60,64.94,53.96,0,1.9240419,318.69504,36.9081,70.86999,96.8522,NA,NA,60.08,71.39214,82.6388,9,11.296691,NA,84.7,66.4,0.14
2016-10-02,0.048,GPT,85,65,66.02,59,0,2.445993,19.351864,44.2872,71.14465,93.3546,NA,NA,66.02,73.81689,84.0625,12,14.772596,NA,84.5,66,0.14
2016-10-03,0.052,GPT,87,63,66.02,57.02,0,3.1735191,59.701675,37.3812,69.2114,93.3301,NA,NA,62.96,74.09264,86,11,15.641572,NA,84.2,65.7,0.14
2016-10-04,0.047,GPT,87,66,75.02,62.96,0,5.0041814,122.08155,54.3521,77.71376,93.5695,NA,NA,66.92,80.20498,95.0015,16,20.85543,NA,83.9,65.3,0.14
2016-10-05,0.047,GPT,88,70,71.96,64.94,0,5.3470383,77.15442,47.8308,76.45302,96.4172,NA,NA,73.04,79.822914,90.0969,13,17.379524,NA,83.6,64.9,0.13
2016-10-06,0.035,GPT,87,69,75.02,62.06,0,4.4898953,72.553925,60.9838,76.92719,97.0174,NA,NA,69.08,79.45465,90.8113,11,14.772596,NA,83.3,64.5,0.13
2016-10-07,0.041,GPT,90,69,69.98,60.08,0,6.616028,359.7451,37.8513,65.27115,87.3539,NA,NA,69.98,78.71856,89.9305,17,21,NA,83,64.1,0.12
2016-10-08,0.047,GPT,90,68,64.94,46.94,0,9.750523,348.5373,39.0815,57.111237,78.334,NA,NA,69.08,77.569275,89.06,18,25.200312,NA,82.7,63.7,0.13
2016-10-09,0.042,GPT,83,57,57.02,41,0,7.128223,9.303199,35.7112,47.985332,80.9295,NA,NA,57.02,69.6935,82.04,15,19.117477,NA,82.4,63.2,0.13
2016-10-10,0.042,GPT,84,63,64.94,44.96,0,8.298955,90.17224,48.48,61.347410000000004,93.3004,NA,NA,64.04,72.61508,84.6962,19,26.069286,NA,82.1,62.8,0.11
2016-10-11,0.043,GPT,83,60,64.94,57.02,0,5.5358887,105.523895,42.4675,73.12309,96.2812,NA,NA,60.08,71.23935,83.1929,14,18.2485,NA,81.7,62.4,0.11
2016-10-12,0.041,GPT,82,59,69.08,55.94,0,4.5310535,117.08514,53.5196,76.6237,96.3118,NA,NA,59,71.44445,84.5316,15,19.117477,NA,81.4,62,0.11
2016-10-13,0.045,GPT,84,63,66.92,60.08,0,2.6369338,135.36978,44.4503,77.10522,100,NA,NA,62.96,72.55098,84.0625,10,13.90362,NA,81.1,61.5,0.11
2016-10-14,0.046,GPT,86,61,69.98,57.92,0,3.010453,133.93614,41.1451,74.66982,96.8783,NA,NA,62.06,73.511375,85.8061,11,14,NA,80.7,61.1,0.12
2016-10-15,0.039,GPT,86,66,73.04,64.04,0,5.816376,109.49245,49.6623,78.70294,100,NA,NA,66.92,76.87835,86.2675,16,19.117477,NA,80.4,60.6,0.11
2016-10-16,0.034,GPT,85,68,73.94,66.02,0,5.779094,98.709915,65.2306,84.92366,96.993,NA,NA,69.08,77.164604,90.8113,14,18.2485,NA,80,60.2,0.12
2016-10-17,0.032,GPT,82,70,75.02,69.08,0.15,5.533101,117.97942,74.0652,87.452446,100,NA,NA,69.98,77.890785,87.4782,15,22,NA,79.7,59.7,0.13
2016-10-18,0.035,GPT,86,73,75.92,71.6,0,6.1777005,148.55234,65.2306,81.47087,96.4172,NA,NA,74.5756,84.58458,92.4199,12,15.641572,NA,79.3,59.3,0.12
2016-10-19,0.032,GPT,85,70,73.94,69.08,0,5.137979,133.63142,60.8714,81.760666,100,NA,NA,72.566,80.64319,91.6606,16,18.2485,NA,79,58.8,0.13
2016-10-20,0.036,GPT,87,66,69.98,62.96,0,2.6658537,217.8117,47.8155,77.37062,100,NA,NA,66.92,76.93779,87.3309,10,13.034643,NA,78.6,58.3,0.12
2016-10-21,0.037,GPT,77,53,69.98,44.06,0,11.965157,348.8171,32.0531,59.882416,87.4515,NA,NA,55.04,66.55003,75.9065,22,28.676216,NA,78.2,57.9,0.12
2016-10-22,0.034,GPT,75,49,48.02,33.08,0,6.226481,8.371992,23.0056,54.02563,86.3033,NA,NA,51.08,59.57127,72.2106,16,21.724405,NA,77.9,57.4,0.11
2016-10-23,0.041,GPT,76,46,53.06,35.96,0,2.5700347,131.88605,23.4302,64.3554,90.0283,NA,NA,44.7388,59.95195,74.3132,12,16.51055,NA,77.5,57,0.11
2016-10-24,0.047,GPT,81,51,55.94,46.04,0,1.5331011,326.6092,31.2803,70.79857,92.9879,NA,NA,51.98,63.866146,78.98,8,22.593382,NA,77.2,56.5,0.11
2016-10-25,0.051,GPT,82,52,57.02,42.98,0,1.9839721,121.953354,26.868,68.1484,93.0771,NA,NA,53.06,65.31946,80.4576,9,12.165668,NA,76.8,56.1,0.11
2016-10-26,0.048,GPT,82,54,71.96,53.06,0,5.1013937,107.19052,50.8367,75.39636,93.518,NA,NA,55.94,70.8967,83.1929,14,18.2485,NA,76.4,55.7,0.1
2016-10-27,0.043,GPT,83,66,69.98,64.04,0,4.755741,106.74124,56.4515,83.10632,96.9296,NA,NA,66,73.799644,83.3581,16,19.117477,NA,76.1,55.2,0.12
2016-10-28,0.043,GPT,84,61,64.94,59,0,3.7010453,83.072945,44.2872,80.37654,100,NA,NA,61,70.38412,83.1591,15,18.2485,NA,75.7,54.8,0.11
2016-10-29,0.044,GPT,84,59,66.02,55.94,0,4.163763,104.984955,43.5648,76.14505,96.9041,NA,NA,60.08,70.54089,83.7184,13,17.379524,NA,75.4,54.4,0.11
2016-10-30,0.048,GPT,85,60,66.02,57.02,0,3.0557492,94.3267,38.6968,80.05189,100,NA,NA,60.08,70.2198,84.92,12,20.85543,NA,75,54,0.11
2016-10-31,0.047,GPT,87,57,62.96,53.06,NA,1.904878,146.69434,33.5037,73.25785,96.8783,NA,NA,57.02,70.02496,84.92,9,12.165668,NA,74.7,53.6,0.11
2017-02-28,0.016,GPT,77,67,71.1,64.9,0,9.522648,145.65666,82.0334,93.549446,100,NA,NA,66.9,72.31871,78.2556,15,22,NA,67.3,48.8,0.17
2017-03-01,0.04,GPT,80,63,71.1,46.9,0.26,7.1916375,208.8311,55.6402,84.73544,96.3227,NA,NA,63,74.24849,81.7209,19,29.545193,NA,67.5,49,0.16
2017-03-02,0.044,GPT,69,50,46,21.9,0,11.210453,12.550761,17.9066,31.960312,51.9256,NA,NA,48.4397,59.506107,66.9,20,27,NA,67.7,49.1,0.16
2017-03-03,0.048,GPT,72,40,36,23,0,6.5449476,31.838133,16.4958,38.291306,82.2232,NA,NA,37.0838,55.96951,70,16,25.200312,NA,67.9,49.3,0.16
2017-03-04,0.053,GPT,67,46,46.9,28,0,7.631359,102.352905,29.1199,48.207733,69.2973,NA,NA,42.941,56.113056,66,17,26.069286,NA,68.1,49.5,0.17
2017-03-05,0.05,GPT,72,55,62.1,42.1,0,11.121951,107.38016,57.3798,71.08932,84.559,NA,NA,55,64.20077,71.1,20,27,NA,68.3,49.7,0.16
2017-03-06,0.049,GPT,75,64,63,61,0,14.089895,128.4322,68.6589,78.85286,87.2377,NA,NA,64.9,69.093864,73.9,22,29,NA,68.5,49.9,0.17
2017-03-07,0.044,GPT,74,64,68,63,0.8,7.9156795,155.11932,76.3554,87.238914,100,NA,NA,64,69.084946,73.9,13,19.117477,NA,68.7,50.1,0.17
2017-03-08,0.044,GPT,75,56,64.4,42.1,0.01,5.5979095,45.448055,38.1144,70.69261,100,NA,NA,55.9,63.630436,71.8533,14,24.331335,NA,68.8,50.2,0.16
2017-03-09,0.04,GPT,74,53,66,53.1,0,3.4874566,157.86993,66.0379,85.326546,96.9293,NA,NA,54,65.19826,73.9,10,13.90362,NA,69,50.4,0.17
2017-03-10,0.031,GPT,78,58,66,57,1e-4,2.8581882,288.81558,64.2136,84.62354,100,NA,NA,57.9,68.37428,77,9,16.51055,NA,69.2,50.6,0.15
2017-03-11,0.045,GPT,69,55,60.1,46,0,6.41115,97.68421,53.7216,74.32296,93.035,NA,NA,55.9,62.608154,68,17,20.85543,NA,69.4,50.8,0.15
2017-03-12,0.032,GPT,63,46,57,44.1,0.49,9.312892,17.630966,64.2573,81.328545,93.449,NA,NA,39.8199,50.05449,63,17,23.462358,NA,69.6,51,0.14
2017-03-13,0.028,GPT,62,50,55,46,0.07,7.7825785,13.946597,77.7214,87.53567,93.2919,NA,NA,44.1151,53.78639,61,17,25.200312,NA,69.8,51.2,0.15
2017-03-14,0.031,GPT,60,43,45,36,0,8.221602,338.5578,42.0928,69.65011,96.629,NA,NA,40.7654,48.527054,60.1,16,20.85543,NA,70,51.4,0.15
2017-03-15,0.044,GPT,58,40,36,27,0,7.452265,5.5334625,31.4307,54.538544,79.3394,NA,NA,33.337,44.31023,57.9,14,20.85543,NA,70.2,51.6,0.16
2017-03-16,0.049,GPT,60,36,45,27,NA,2.892683,132.6044,32.70631,58.361374,82.8577,NA,NA,35.5944,48.74934,60.1,9,12.165668,NA,70.4,51.7,0.16
2017-03-17,0.051,GPT,69,50,57,46.9,0,4.491289,155.77673,56.2711,72.18824,86.175,NA,NA,51.1,60.907665,69.1,12,16.51055,NA,70.6,51.9,0.16
2017-03-18,0.05,GPT,79,50,62.1,48.9,0,3.4069686,215.71506,55.707,75.37033,96.7575,NA,NA,51.1,66.26446,78.1,12,16.51055,NA,70.8,52.1,0.17
2017-03-19,0.051,GPT,77,54,59,45,0,2.7456446,184.15239,33.2971,65.59575,96.7837,NA,NA,54,66.498505,75.9,10,13.034643,NA,71,52.3,0.17
2017-03-20,0.048,GPT,80,57,66.9,57,0,4.3066993,207.95944,51.8766,80.11818,100,NA,NA,57,68.55345,78.1,11,19.986454,NA,71.2,52.5,0.17
2017-03-21,0.045,GPT,81,58,64.9,57.2,0,5.12892,235.70718,52.1625,78.351074,100,NA,NA,57.9,70.32832,81.104,12,19,NA,71.4,52.7,0.19
2017-03-22,0.042,GPT,87,65,64.9,55.9,0,6.6803136,295.65427,34.6602,73.42967,96.9036,NA,NA,64.9,72.83456,85.6091,12,17.379524,NA,71.6,52.9,0.19
2017-03-23,0.05,GPT,76,62,66.9,50,0,10.439024,104.16806,49.3307,71.19195,89.8954,NA,NA,62.1,69.74439,75,18,24.331335,NA,71.8,53.1,0.19
2017-03-24,0.047,GPT,77,69,66.9,66,0,16.760975,126.34615,71.4148,82.726845,89.8954,NA,NA,70,71.70404,75.9,24,31,NA,71.9,53.3,0.19
2017-03-25,0.049,GPT,77,62,68,60.1,0.79,10.266202,148.60869,71.177376,84.74797,96.8788,NA,NA,62.1,69.84223,76,22,29,NA,72.1,53.5,0.19
2017-03-26,0.042,GPT,79,67,71.1,64,0,7.3331013,159.04692,71.144,86.254524,96.9935,NA,NA,66.9,73.31957,80.2926,15,17.379524,NA,72.3,53.8,0.18
2017-03-27,0.036,GPT,78,72,71.1,69.1,0,9.705227,160.20093,76.6215,86.39211,94.057,NA,NA,72.8807,75.338295,78.1138,17,23.462358,NA,72.5,54,0.17
2017-03-28,0.039,GPT,80,68,70,66.9,0,6.35605,176.7384,66.493,81.52449,96.2923,NA,NA,69.1,75.658690000000007,82.6976,13,18.2485,NA,72.7,54.2,0.17
2017-03-29,0.038,GPT,80,71,70,66,0,11.802091,145.87184,64.4512,78.81768,87.6289,NA,NA,72,75.25579,81.35,18,22.593382,NA,72.9,54.4,0.17
2017-03-30,0.044,GPT,78,62,71.6,60.1,0.18,8.085714,171.17934,78.391,85.68172,96.1826,NA,NA,62.1,70.8588,80.4554,28,44.317787,NA,73.1,54.6,0.18
2017-03-31,0.051,GPT,84,56,62.1,48,0,3.4665506,300.19937,30.8204,71.313675,100,NA,NA,57,68.58011,82.0914,10,15.641572,NA,73.3,54.8,0.19
2017-04-01,0.062,GPT,82,55,62.1,52,0,4.32892,140.78734,36.5796,70.40433,93.0668,NA,NA,57.9,69.87007,82,14,18.2485,NA,73.5,55,0.21
2017-04-02,0.033,GPT,78,66,72,63,0,12.999303,129.19177,69.3309,84.893394,93.7942,NA,NA,66.9,73.80214,77.0421,22,29,NA,73.7,55.3,0.21
2017-04-03,0.051,GPT,80,62,73.4,60.1,1.6,9.310104,162.87065,50.5206,79.84624,100,NA,NA,62.6,73.67487,81.4954,20,30.41417,NA,73.9,55.5,0.21
2017-04-04,0.057,GPT,82,57,73.9,55.9,0.04,6.2867594,134.31976,43.8979,75.49112,97.0169,NA,NA,57.9,71.34826,81.104,16,19.986454,NA,74.1,55.7,0.2
2017-04-05,0.049,GPT,88,60,75.2,43,0.01,11.363067,251.2857,35.3833,67.504135,100,NA,NA,62.1,79.25106,89.9609,22,32.152122,NA,74.3,55.9,0.2
2017-04-06,0.046,GPT,73,50,45,34,0,10.148432,314.04083,26.4615,48.291893,76.9423,NA,NA,52,61.397167,71.2654,21,30,NA,74.5,56.2,0.2
2017-04-07,0.048,GPT,75,46,45,30.9,0,4.890244,323.0176,22.0575,52.93043,89.1962,NA,NA,44.6931,58.98456,72.0413,14,20.85543,NA,74.7,56.4,0.19
2017-04-08,0.057,GPT,72,44,48.9,34,0,3.4794426,142.64877,26.7688,56.08358,83.2823,NA,NA,45.722,59.261337,70.4301,11,15,NA,74.9,56.6,0.2
2017-04-09,0.057,GPT,75,49,54,46.9,0,7.3505225,144.88979,41.0986,62.09002,89.1291,NA,NA,49.2658,64.594864,75,16,23.462358,NA,75.1,56.8,0.2
2017-04-10,0.059,GPT,78,67,66.9,55,0,9.618815,138.05447,53.7991,66.760155,87.135,NA,NA,66.9,71.9984,77,16,19.986454,NA,75.3,57.1,0.19
2017-04-11,0.047,GPT,78,61,68,60.1,0,5.774913,135.68913,57.7715,79.0726,96.8525,NA,NA,61,71.3177,78.1,15,18.2485,NA,75.5,57.3,0.2
2017-04-12,0.048,GPT,82,61,66.9,51.1,0,4.2383275,133.77312,35.3833,73.41177,100,NA,NA,64,71.85408,81.104,14,19.117477,NA,75.7,57.5,0.18
2017-04-13,0.055,GPT,84,59,66,55.9,0,3.9365854,131.7085,39.6604,71.85071,93.2642,NA,NA,60.1,71.32073,82.9,14,19.117477,NA,75.9,57.8,0.19
2017-04-14,0.045,GPT,80,61,64.9,57.9,0,8.434843,117.69895,48.4133,72.48397,93.5383,NA,NA,61,70.92224,81.3137,20,24.331335,NA,76.1,58,0.19
2017-04-15,0.041,GPT,80,66,68,60.1,0,12.287805,132.3572,65.3286,73.20091,83.093,NA,NA,68,74.25828,81.35,19,25.200312,NA,76.3,58.2,0.2
2017-04-16,0.041,GPT,81,67,69.1,64.9,0,9.685715,136.39963,59.8318,78.17524,93.319,NA,NA,68,74.65178,82.4025,18,27,NA,76.5,58.5,0.19
2017-04-17,0.04,GPT,80,67,69.1,64.9,0,6.8773518,152.21355,64.4512,76.60906,89.8954,NA,NA,68,75.10706,81.1579,17,21,NA,76.8,58.7,0.19
2017-04-18,0.043,GPT,81,62,66.9,61,0,4.880836,139.56436,54.0795,78.086975,96.9036,NA,NA,64,72.45063,82.4025,18,22.593382,NA,77,58.9,0.19
2017-04-19,0.044,GPT,83,63,70,61,0,7.571429,122.0588,52.6169,77.99585,93.5383,NA,NA,63,74.37382,83.7631,17,21,NA,77.2,59.2,0.18
2017-04-20,0.04,GPT,81,66,70,64.4,0,6.29338,144.39133,57.8427,76.82491,96.2753,NA,NA,68,75.97965,83.113,14,20,NA,77.4,59.4,0.18
2017-04-21,0.043,GPT,82,64,68,61,0,4.5777,163.99449,54.2327,73.28672,96.5519,NA,NA,64,74.327835,83.3954,14,18.2485,NA,77.6,59.7,0.18
2017-04-22,0.042,GPT,83,66,73,64,1.08,6.583972,192.703,54.496,70.57785,93.2642,NA,NA,66,78.25191,84.9203,13,19.117477,NA,77.9,59.9,0.17
2017-04-23,0.031,GPT,73,56,70,48.9,0.09,10.521952,324.29846,47.692,74.88567,100,NA,NA,57.9,64.88414,73.2911,20,27,NA,78.1,60.2,0.17
2017-04-24,0.051,GPT,80,51,57.9,46.9,0,7.2909408000000004,317.4013,34.6691,63.803528,96.0004,NA,NA,51.1,65.782906,80.1,17,24,NA,78.3,60.4,0.16
2017-04-25,0.06,GPT,77,56,59,52,0,4.96446,198.30708,43.27544,67.829094,93.035,NA,NA,57,68.6561,77,12,17.379524,NA,78.5,60.7,0.17
2017-04-26,0.049,GPT,79,70,73,59,0.01,11.772125,154.52097,64.2136,74.9276,97.0169,NA,NA,70,74.80645,81.1579,18,23.462358,NA,78.8,60.9,0.16
2017-04-27,0.042,GPT,84,66,73.9,60.1,1e-4,6.3247385,198.35225,46.12,73.9814,96.381,NA,NA,66,76.171715,84.6419,13,18.2485,NA,79,61.2,0.16
2017-04-28,0.024,GPT,83,77,75.9,73.9,0,13.700628,145.16014,79.3996,88.55072,93.5579,NA,NA,78.6381,82.63215,88.6396,18,23,NA,79.3,61.4,0.16
2017-04-29,0.027,GPT,83,77,75.2,73.9,0,16.894773,137.15456,76.5262,86.74092,94.1853,NA,NA,78.6381,83.134224,88.6396,24,31.283144,NA,79.5,61.7,0.14
2017-04-30,0.046,GPT,81,69,75.9,66.9,1.26,15.240418,148.11502,83.9864,89.446014,97.0413,NA,NA,69.1,78.66338,85.0852,26,34,NA,79.7,61.9,0.14
2017-05-01,0.053,GPT,84,58,73,42.1,1e-4,5.5080137,290.7118,23.6589,62.000874,97.0169,NA,NA,59,70.67571,81.481,16,21,NA,80,62.2,0.13
2017-05-02,0.058,GPT,83,54,60.1,48.9,0,3.0909407,166.16548,32.603,63.99212,93.3172,NA,NA,55.9,70.22998,82,11,14.772596,NA,80.2,62.5,0.13
2017-05-03,0.054,GPT,80,60,68,59,1.84,7.8182344,132.58138,57.9179,82.76851,96.9036,NA,NA,61,68.44823,80.6892,25,33.0211,NA,80.5,62.7,0.14
2017-05-04,0.037,GPT,74,51,66,46,0.81,12.259582,305.2299,58.6155,80.56683,100,NA,NA,52,63.926968,73.9,36,43.44881,NA,80.7,63,0.14
2017-05-05,0.051,GPT,75,48,48,39,0,10.560627,301.24237,29.2599,57.52626,89.6651,NA,NA,46.4659,60.651073,72.4875,23,34,NA,81,63.3,0.15
2017-05-06,0.06,GPT,77,48,60.1,43,0,4.301742,233.38121,32.982433,62.550835,89.6651,NA,NA,48.0083,64.97807,77,13,19.986454,NA,81.2,63.6,0.14
2017-05-07,0.063,GPT,81,55,62.1,52,0,4.591289,236.28331,37.6713,63.52575,93.3172,NA,NA,55.9,70.42787,80.1,10,14.772596,NA,81.5,63.8,0.15
2017-05-08,0.058,GPT,85,58,64,57,0,3.5839722,214.279,39.83,68.0539,93.0668,NA,NA,59,72.80905,84.987,10,13.90362,NA,81.7,64.1,0.14
2017-05-09,0.059,GPT,85,60,63,52,0,3.062021,198.20961,35.4082,65.05338,93.5383,NA,NA,61,72.9425,83.4724,10,12.165668,NA,82,64.4,0.15
2017-05-10,0.06,GPT,83,60,66,54,0,3.5317073,163.42464,38.1059,71.59005,93.1553,NA,NA,61,73.29417,82.2832,11,17.379524,NA,82.2,64.7,0.14
2017-05-11,0.049,GPT,83,71,69.1,64.9,0,5.594425,187.73932,56.2374,71.88612,84.3378,NA,NA,72,77.91052,84.1592,12,17.379524,NA,82.5,65,0.13
2017-05-12,0.046,GPT,79,66,73.4,64.9,1.18,4.5352407,164.67163,75.9235,90.51668,100,NA,NA,66,72.75628,80.6001,17,23.462358,NA,82.7,65.3,0.14
2017-05-13,0.043,GPT,82,63,66.9,61,0,8.524738,330.94507,52.1625,76.75519,100,NA,NA,64,72.24567,82.2832,16,21,NA,83,65.5,0.12
2017-05-14,0.049,GPT,83,62,69.1,60.1,0,3.4020905,159.30127,50.9747,73.90298,96.1826,NA,NA,62.1,74.082146,84.1453,9,13.034643,NA,83.2,65.8,0.12
2017-05-15,0.055,GPT,86,66,70,64.9,0,3.4229965,170.96852,51.2104,73.75905,96.2443,NA,NA,66,78.02068,87.134,10,13.90362,NA,83.5,66.1,0.12
2017-05-16,0.049,GPT,85,66,73,62.1,0,4.7101045,146.2294,47.7812,72.38305,96.9293,NA,NA,66.9,78.22717,86.2028,12,18.2485,NA,83.7,66.4,0.13
2017-05-17,0.043,GPT,85,74,75.2,69.1,0,12.217422,153.56247,65.1306,77.06072,87.5789,NA,NA,78.1138,84.04736,90.3435,19,24.331335,NA,83.9,66.7,0.14
2017-05-18,0.027,GPT,85,78,75.9,73,0,12.330314,143.67299,71.7319,80.76817,90.2491,NA,NA,80.7386,86.27973,91.9577,18,21.724405,NA,84.2,67,0.13
2017-05-19,0.033,GPT,87,77,75.9,73,0,12.522648,129.78577,69.4484,78.790146,87.4822,NA,NA,78.5117,87.093735,97.5572,18,22.593382,NA,84.4,67.3,0.14
2017-05-20,0.028,GPT,86,70,79,70,0.75,11.380487,145.62535,72.3021,84.332344,100,NA,NA,72.4372,85.406784,94.2174,20,31.283144,NA,84.6,67.6,0.15
2017-05-21,0.038,GPT,78,68,73.9,66,0.51,5.470383,80.33447,87.135,94.17507,100,NA,NA,68,74.12584,77.5859,18,28.676216,NA,84.9,67.8,0.15
2017-05-22,0.038,GPT,78,67,72,66,0.25,2.4724739,23.258211,68.4941,89.23301,100,NA,NA,66.9,72.601135,78.1,12,16.51055,NA,85.1,68.1,0.16
2017-05-23,0.04,GPT,86,71,73.9,66.9,0.21,7.8278747,223.51367,54.8943,80.49992,97.0169,NA,NA,74.2452,80.709015,89.0062,15,23.462358,NA,85.3,68.4,0.17
2017-05-24,0.044,GPT,79,59,69.1,48.9,0,7.8236933,298.02435,37.1865,65.36001,93.4028,NA,NA,60.1,71.46659,78.1,16,26.069286,NA,85.5,68.7,0.18
2017-05-25,0.053,GPT,84,54,62.1,50,0,4.268293,276.67294,35.81,60.915894,93.3172,NA,NA,55,70.8658,82,13,19.117477,NA,85.7,69,0.18
2017-05-26,0.059,GPT,83,73,73,61,0,7.0337977,173.86916,58.0979,67.096214,87.4822,NA,NA,73,78.41971,84.4808,14,18.2485,NA,85.9,69.2,0.19
2017-05-27,0.03,GPT,86,77,78.1,72,0,7.049942,180.29848,70.2674,83.06052,93.6373,NA,NA,77,86.528625,97.1532,13,19.117477,NA,86.1,69.5,0.19
2017-05-28,0.032,GPT,86,75,78.1,66.9,0.28,5.821603,182.36891,66.493,82.10416,96.4264,NA,NA,76.9253,87.18844,95.9213,14,20,NA,86.3,69.8,0.19
2017-05-29,0.039,GPT,86,69,75.9,64.9,0.76,4.5003486,298.9451,51.2104,78.14402,96.9686,NA,NA,69.8,79.67264,89.0062,18,27,NA,86.5,70,0.2
2017-05-30,0.027,GPT,80,69,73.9,66.9,0.08,4.4933796,69.80044,66.493,86.1323,96.9686,NA,NA,69.1,76.09522,81.7209,12,15.641572,NA,86.7,70.3,0.2
2017-05-31,0.032,GPT,82,70,75,66.9,1.58,5.373519,150.91267,71.9224,86.287445,97.0169,NA,NA,70,77.884735,85.3462,17,24,NA,86.9,70.5,0.2
2017-06-01,0.027,GPT,85,71,75.9,71.1,0.12,3.9860628,108.33613,67.617,89.79695,100,NA,NA,73.4587,78.61602,88.1092,17,20.85543,NA,87.1,70.8,0.2
2017-06-02,0.025,GPT,84,71,75.9,70,0.19,7.645296,135.43214,65.1306,87.765945,100,NA,NA,72.61,80.16908,88.6396,18,21.724405,NA,87.2,71,0.2
2017-06-03,0.022,GPT,83,74,75.9,72,0.28,6.9832754,149.57835,72.1083,89.8459,100,NA,NA,75.3983,79.75471,89.3693,12,18,NA,87.4,71.3,0.2
2017-06-04,0.03,GPT,83,73,75.9,71.1,0.46,5.2898955,151.02516,69.6191,86.731224,97.0413,NA,NA,74.5439,81.313614,87.3931,11,16.51055,NA,87.5,71.5,0.2
2017-06-05,0.028,GPT,84,76,75.9,71.1,0.03,7.6804876,171.0803,71.7319,82.16257,90.2491,NA,NA,78.2556,85.18024,92.7604,15,24,NA,87.7,71.7,0.21
2017-06-06,0.03,GPT,84,72,75.9,69.1,1.04,4.1881533,43.946587,63.1562,89.764824,100,NA,NA,73.6,78.6757,87.5676,11,14,NA,87.8,71.9,0.21
2017-06-07,0.047,GPT,90,70,72,59,0.04,8.689896,351.3954,44.8027,70.668450000000007,100,NA,NA,72,80.89645,92.9015,16,22.593382,NA,88,72.1,0.21
2017-06-08,0.048,GPT,87,65,61,55.9,0,6.431359,352.39832,36.0669,54.62295,75.3985,NA,NA,66,76.50396,86,13,16.51055,NA,88.1,72.3,0.21
2017-06-09,0.058,GPT,85,61,68,57,0,3.7428572,151.94788,41.142,65.15417,87.2356,NA,NA,63,75.461205,85.3618,12,15,NA,88.2,72.5,0.22
2017-06-10,0.05,GPT,85,67,71.1,64.9,0,6.312892,138.64749,51.2104,72.58141,93.319,NA,NA,66.9,79.831314,87.7813,16,21,NA,88.3,72.7,0.22
2017-06-11,0.032,GPT,87,72,79,70,0.06,8.714983,136.62497,69.7993,81.627594,93.7942,NA,NA,73.2911,85.21657,97.1532,19,22.593382,NA,88.4,72.8,0.23
2017-06-12,0.03,GPT,86,75,75.9,70,0.01,9.157492,139.27577,61.0647,79.10935,87.5789,NA,NA,78.5117,86.57092,92.7604,20,24.331335,NA,88.5,73,0.23
2017-06-13,0.028,GPT,86,73,75.9,72,1.05,2.2459931,109.90308,63.0984,86.69602,100,NA,NA,74.5439,82.673225,92.3564,13,15.641572,NA,88.6,73.1,0.23
2017-06-14,0.027,GPT,87,75,77,73,0.03,2.301742,169.86613,67.6068,84.05516,97.0413,NA,NA,76.7299,86.17922,93.8111,8,10.427715,NA,88.7,73.3,0.23
2017-06-15,0.036,GPT,90,71,78.1,69.1,1.04,4.985366,203.43272,50.3565,78.5944,100,NA,NA,75.3983,87.20426,98.8556,18,36,NA,88.8,73.4,0.24
2017-06-16,0.033,GPT,90,69,77,64.9,0.44,4.852265,264.67728,53.9133,78.42973,100,NA,NA,69.1,86.601494,100.404,25,47,NA,88.9,73.6,0.25
2017-06-17,0.029,GPT,83,69,77,66.9,0.02,3.7665505,216.59882,69.1824,85.188385,96.2923,NA,NA,69.1,78.208694,90.8847,9,17,NA,89,73.7,0.26
2017-06-18,0.029,GPT,88,76,77,71.1,0,5.073971,190.51219,61.2415,76.449295,93.5579,NA,NA,78.7972,89.5083,97.8146,13,18.2485,NA,89.1,73.8,0.24
2017-06-19,0.027,GPT,91,74,77,71.1,1e-4,6.405443,105.454735,55.4636,78.50929,96.381,NA,NA,76.5948,88.05289,98.8556,13,21.724405,NA,89.1,73.9,0.24
2017-06-20,0.023,GPT,82,71,75.9,71.1,4.27,10.802228,60.489365,76.5262,94.00875,100,NA,NA,72.61,76.71353,87.9336,19,27,NA,89.2,74,0.26
2017-06-21,0.019,GPT,84,72,79,71.1,4.1,16.878048,115.27489,84.8668,93.63572,100,NA,NA,73.16,83.90779,92.8048,33,43,NA,89.3,74.1,0.25
2017-06-22,0.02,GPT,85,77,80.1,75,0.89,12.579791,167.48705,82.5566,92.287834,97.0785,NA,NA,78.7972,87.11226,99.0679,24,32,NA,89.3,74.2,0.25
2017-06-23,0.02,GPT,86,81,79,78.1,0.05,9.918467,178.47386,80.1446,87.21126,93.66,NA,NA,87.6819,92.354164,97.661,16,23,NA,89.4,74.2,0.25
2017-06-24,0.027,GPT,88,75,80.1,73,0.39,3.479791,241.13925,67.3937,91.05788,100,NA,NA,76.9,86.13841,99.0679,10,19.117477,NA,89.4,74.3,0.24
2017-06-25,0.028,GPT,90,74,75,66.9,0,5.266202,7.0988536,58.9508,76.687225,100,NA,NA,75,85.038895,95.7257,11,16.51055,NA,89.5,74.4,0.23
2017-06-26,0.057,GPT,90,70,69.1,62.1,0,4.630662,32.054325,41.9184,64.30142,87.5852,NA,NA,71.1,79.94686,89.9909,10,13.90362,NA,89.6,74.4,0.23
2017-06-27,0.042,GPT,89,71,72,64,0,2.6308444,29.077053,47.7338,68.850975,83.9864,NA,NA,72,80.846016,89.4443,9,13.90362,NA,89.6,74.5,0.24
2017-06-28,0.032,GPT,85,73,75.9,69.1,0.71,5.3986063,116.09686,67.059,78.80129,97.0413,NA,NA,75.1086,83.136765,92.7604,15,22,NA,89.7,74.5,0.24
2017-06-29,0.018,GPT,81,74,79,72,6.78,6.24669,146.48929,83.6618,93.87258,100,NA,NA,75.14,79.983345,88.5273,20,33.0211,NA,89.7,74.6,0.23
2017-06-30,0.023,GPT,88,80,79,75,0,6.024739,198.25331,67.4917,83.34718,96.4553,NA,NA,87.6819,92.73474,98.8672,13,18.2485,NA,89.7,74.6,0.24
2017-07-01,0.027,GPT,89.1,79,79,72,0.01,4.7310104,202.56018,61.2415,78.35919,97.0785,NA,NA,83,91.97573,103.35916,12,17.379524,NA,89.8,74.6,0.24
2017-07-02,0.026,GPT,94,76,77,69.1,0,3.7606273,268.54153,47.447067,73.688736,96.42644,NA,NA,78.63809,88.88827,98.77585,11,14.772596,NA,89.8,74.7,0.24
2017-07-03,0.032,GPT,92,73.9,78.1,72,0,4.3331013,212.11807,53.867287,74.484505,97.0413,NA,NA,76.729904,90.78779,100.563,9,12.165668,NA,89.9,74.7,0.25
2017-07-04,0.024,GPT,92,77,78.1,73,0,5.08223,189.29204,54.172462,73.54094,92.96513,NA,NA,80.79532,94.303,103.056,11,16.51055,NA,89.9,74.7,0.25
2017-07-05,0.026,GPT,92,78,78.1,73,0,4.7825785,176.20717,55.71818,71.401794,90.2911,NA,NA,85.9628,95.19337,100.563,13,17.379524,NA,90,74.7,0.25
2017-07-06,0.028,GPT,91,77,77,72,0.09,3.4348433,214.45998,57.18277,74.886635,96.41042,NA,NA,78.93129,91.36254,101.64724,15,19.117477,NA,90,74.8,0.25
2017-07-07,0.023,GPT,90,77,77,72,0.16,3.8027875,265.80945,61.2415,80.95464,93.55792,NA,NA,77,88.32886,100.23442,16,20,NA,90,74.8,0.25
2017-07-08,0.036,GPT,88,74,79,71.1,0.23,3.4655051,254.23175,67.617,86.85599,97.0413,NA,NA,76.32105,86.369576,99.647,13,19.117477,NA,90.1,74.8,0.25
2017-07-09,0.04,GPT,90,73.9,75.9,73,0,3.2167246,240.75613,60.9662,81.75254,100,NA,NA,75.69,86.89592,101.64724,10,13.90362,NA,90.1,74.8,0.26
2017-07-10,0.047,GPT,90,73,75.9,73,0.18,2.5602787,236.32639,60.9662,80.11061,97.0413,NA,NA,75.5498,86.50186,100.40434,10,17.379524,NA,90.2,74.8,0.26
2017-07-11,0.038,GPT,90,73.9,77,73,0,3.013589,143.11714,60.9662,79.398254,97.016945,NA,NA,75.5498,87.53736,98.08501,13,20,NA,90.2,74.9,0.26
2017-07-12,0.024,GPT,90,75.9,77,71.1,0.01,4.1665506,125.74805,59.092064,80.34692,97.0413,NA,NA,77.75094,87.99607,97.143906,11,17,NA,90.3,74.9,0.27
2017-07-13,0.027,GPT,89.1,75,78.1,73,0.05,2.7146342,76.54638,64.9547,85.18313,96.42644,NA,NA,76.729904,86.84351,100.22006,10,13.90362,NA,90.3,74.9,0.25
2017-07-14,0.042,GPT,89.1,73.9,77,71.1,1.04,3.9324043,123.47189,59.147587,81.83139,100,NA,NA,76.59478,85.87588,97.814644,13,16.51055,NA,90.3,74.9,0.23
2017-07-15,0.03,GPT,89.1,75.9,78.1,75,0,3.1560977,86.98753,65.4948,84.42089,97.0413,NA,NA,77.75094,87.568474,98.8556,13,16.51055,NA,90.4,74.9,0.23
2017-07-16,0.025,GPT,89.1,75.9,80.1,73.9,0,2.8114982,34.88379,63.2554,89.92999,97.0785,NA,NA,78.63809,86.76525,99.3201,11,15.641572,NA,90.4,74.9,0.22
2017-07-17,0.024,GPT,86,75,75.9,72,0,4.5570235,176.84044,71.73187,82.55605,96.38104,NA,NA,76.59478,86.344864,94.21741,12,16.51055,NA,90.5,74.9,0.22
2017-07-18,0.038,GPT,89.1,75.9,77,72,1e-4,3.471777,202.22949,63.124584,80.63046,97.0413,NA,NA,77,89.11797,98.8556,12,17.379524,NA,90.5,74.9,0.22
2017-07-19,0.047,GPT,92,77,78.1,73,1e-4,2.5794425,182.78246,59.147587,80.158745,96.42644,NA,NA,78.93129,92.769455,104.507,9,13.034643,NA,90.5,75,0.22
2017-07-20,0.044,GPT,95,78,79,73,1e-4,2.8710802,268.48904,50.907776,78.85325,97.0785,NA,NA,80.85919,93.482765,105.691475,8,11.296691,NA,90.6,75,0.2
2017-07-21,0.042,GPT,93.2,75.9,79,72,0,3.5296168,352.9841,61.92397,83.85964,97.0785,NA,NA,75.9,89.957405,110.33831,13,16.51055,NA,90.6,75,0.21
2017-07-22,0.049,GPT,90,75,80.1,70,0.18,3.133798,264.9151,61.064674,82.12995,97.0413,NA,NA,76.59478,86.98908,100.40434,14,20.85543,NA,90.7,75,0.22
2017-07-23,0.03,GPT,88,73.9,77,71.1,0.81,3.5742161,288.448,64.9547,86.410614,100,NA,NA,75.69,82.57734,95.4194,14,18.2485,NA,90.7,75,0.21
2017-07-24,0.01,GPT,80.1,73.4,78.1,73,1.09,3.0229964,320.0612,87.5789,94.51285,100,NA,NA,75.14,78.136116,87.68191,12,16.51055,NA,90.7,75,0.21
2017-07-25,0.034,GPT,86,73,79,73,0.92,2.8383274,297.97983,74.325455,90.0337,100,NA,NA,75.14,82.42548,97.15324,20,29,NA,90.8,75,0.21
2017-07-26,0.028,GPT,93,75,78.8,73.9,1e-4,3.0752614,324.7296,59.5878,84.692764,97.0413,NA,NA,76.729904,86.06423,103.108,10,16,NA,90.8,75,0.21
2017-07-27,0.028,GPT,96.1,73.9,77,69.1,0,3.2355402,317.70554,43.09826,72.77242,100,NA,NA,75.5498,91.054016,105.683,10,14,NA,90.8,75,0.22
2017-07-28,0.037,GPT,95,75,75.9,68,0,3.8944252,276.25153,41.500286,69.94163,93.55792,NA,NA,77.45475,91.18927,105.691475,11,13.90362,NA,90.9,75.1,0.23
2017-07-29,0.022,GPT,88,79,80.1,73.9,0.17,5.800697,288.76212,69.4484,86.818245,100,NA,NA,83,90.22919,97.5572,15,19.117477,NA,90.9,75.1,0.23
2017-07-30,0.038,GPT,92,75,77,64.9,0,6.087805,356.25177,45.2412,68.43477,96.42644,NA,NA,76.32105,85.48981,96.1334,13,16.51055,NA,90.9,75.1,0.22
2017-07-31,0.042,GPT,88,76,73.9,66.9,0,6.6439023,104.881485,49.72598,72.39142,87.4822,NA,NA,78.11379,85.274345,92.3564,16,20,NA,90.9,75.1,0.22
2017-08-01,0.048,GPT,90,70,72,63,0,3.7114983,124.59646,44.6608,68.22161,93.4268,NA,NA,72.137200000000007,82.58424,92.9015,13,14.772596,NA,91,75.1,0.21
2017-08-02,0.054,GPT,89,72,73,66,0,3.6494772,135.11496,49.726,68.99614,93.7715,NA,NA,74.2452,84.48151,94.414,12,17.379524,NA,91,75.1,0.21
2017-08-03,0.043,GPT,85,74,75.9,70,0.24,4.420906,74.819565,71.7319,84.717476,96.381,NA,NA,75.1086,81.85432,91.0421,10,13.034643,NA,91,75.1,0.22
2017-08-04,0.033,GPT,88,75,79,73.9,3.55,3.3630662,251.79875,67.4917,92.83915,100,NA,NA,76.7299,82.893486,98.8556,13,19.986454,NA,91,75.1,0.22
2017-08-05,0.036,GPT,87,75,77,73.9,0,3.5344949,159.85356,69.6856,85.608116,100,NA,NA,76.9,86.46661,95.9213,13,16.51055,NA,91,75.1,0.23
2017-08-06,0.018,GPT,88,76,80.1,75.9,0.53,5.5358887,173.99327,74.6054,84.624214,100,NA,NA,77,90.89781,99.647,11,16.51055,NA,91,75.1,0.23
2017-08-07,0.025,GPT,89,76,79,73.9,0.05,4.344948,167.9924,70.0046,84.15144,100,NA,NA,77,90.93486,103.359,12,17.379524,NA,91,75,0.21
2017-08-08,0.021,GPT,89,76,78.1,73.9,0.08,3.2052264,109.34068,63.1246,82.39679,93.6373,NA,NA,77.5859,88.57936,100.22,9,13.034643,NA,91,75,0.21
2017-08-09,0.016,GPT,90,77,80.6,73.9,0.03,4.0334496,144.35004,63.1246,83.020424,96.4264,NA,NA,78.7972,91.07135,103.108,12,18.2485,NA,91,75,0.2
2017-08-10,0.02,GPT,91,76,79,75,0.05,3.6585367,155.30266,68.1568,86.97773,97.0785,NA,NA,77.7509,88.1682,104.684,13,19.117477,NA,91,75,0.19
2017-08-11,0.021,GPT,87,74,80.1,73,2.8,2.4,241.27371,74.51558,92.95312,100,NA,NA,75.5498,83.7703,99.0679,15,23,NA,91,75,0.19
2017-08-12,0.035,GPT,93,76,80.1,75,0,3.9393728,277.7766,57.6911,83.871826,100,NA,NA,77.7509,92.22332,106.122,11,15.641572,NA,91,74.9,0.19
2017-08-13,0.027,GPT,93,76,78.1,73.4,0.07,3.9456446,269.7995,59.7012,82.992065,97.0785,NA,NA,78.7972,89.2088,106.122,13,18.2485,NA,90.9,74.9,0.19
2017-08-14,0.03,GPT,93,77,79,72,1e-4,2.691986,264.9561,61.924,86.07827,100,NA,NA,77,90.08868,107.394,15,18.2485,NA,90.9,74.9,0.2
2017-08-15,0.017,GPT,85,76,80.1,73.9,0.28,1.9003484,250.1226,79.55,91.509834,100,NA,NA,77,86.47568,97.661,10,13.034643,NA,90.9,74.8,0.22
2017-08-16,0.026,GPT,91,76,80.1,72,0.01,3.2202091,213.84462,59.2621,82.68927,100,NA,NA,77,89.46735,106.122,12,23,NA,90.8,74.8,0.21
2017-08-17,0.03,GPT,93,75,79,75,NA,3.4501743,218.5371,61.4046,79.87233,97.0413,NA,NA,77.7509,93.6121,106.122,10,14.772596,NA,90.8,74.7,0.22
2017-08-18,0.023,GPT,96,78,79,73,0.47,5.2020907,289.59607,49.2072,79.851456,97.0785,NA,NA,80.8592,93.44443,106.122,16,31.283144,NA,90.8,74.7,0.22
2017-08-19,0.03,GPT,95,74,78.1,73,0.58,3.8989546,334.89212,52.6247,85.445755,96.4264,NA,NA,76.7299,85.43813,107.123,21,31.283144,NA,90.7,74.6,0.22
2017-08-20,0.046,GPT,93,73,79,72,NA,3.2051103,108.795235,55.8381,78.62227,97.0169,NA,NA,74.5439,89.61378,103.056,10,12.165668,NA,90.7,74.5,0.22
2017-08-21,0.042,GPT,92,76,79,71.1,NA,3.4616725,80.469795,57.4314,79.77417,97.0785,NA,NA,77.5859,90.043625,103.108,13,21,NA,90.6,74.5,0.23
2017-08-22,0.033,GPT,89,74,78.1,73,1e-4,3.389547,95.21701,67.6068,83.7826,96.381,NA,NA,76.5948,85.844574,100.22,12,14.772596,NA,90.6,74.4,0.23
2017-08-23,0.04,GPT,91,74,77,73,1e-4,2.6243901,157.07433,57.4314,78.47545,96.381,NA,NA,76.5948,89.44212,101.647,9,12.165668,NA,90.5,74.3,0.24
2017-08-24,0.047,GPT,91,77,78.1,69.1,0.02,3.9682927,40.128227,60.9524,79.569695,90.9237,NA,NA,78.5117,87.35914,100.533,12,21.724405,NA,90.5,74.2,0.22
2017-08-25,0.052,GPT,90,74,75,66,0,4.0376306,69.95033,48.1991,67.47854,81.8915,NA,NA,73.9,85.54867,94.7882,12,14.772596,NA,90.4,74.2,0.22
2017-08-26,0.048,GPT,94,77,75.9,72,0,3.1777003,68.886955,52.3486,74.0757,87.4822,NA,NA,78.3751,89.76221,103.009,11,13.90362,NA,90.3,74.1,0.2
2017-08-27,0.029,GPT,88,76,75.9,71.1,0,5.415331,78.74534,57.4271,77.45366,93.5579,NA,NA,77.5859,87.303795,96.629,15,18.2485,NA,90.2,74,0.2
2017-08-28,0.031,GPT,84,74,75,69.1,0.38,6.563154,56.808197,67.2803,80.85867,93.5294,NA,NA,75.1086,81.30141,89.6173,13,17.379524,NA,90.2,73.9,0.2
2017-08-29,0.033,GPT,78,70,75.9,68,1.73,8.512196,58.59223,81.8219,92.96413,100,NA,NA,72.2999,75.23589,78.9313,16,23,NA,90.1,73.7,0.19
2017-08-30,0.034,GPT,87,77,79,75,0.29,10.217073,157.24611,76.9519,87.83946,100,NA,NA,77,89.015114,101.52,21,27,NA,90,73.6,0.2
2017-08-31,0.047,GPT,88,77,77,70,0.17,8.998607,207.46968,63.0171,74.48962,90.2146,NA,NA,78.6381,90.02321,98.8556,17,29,NA,89.9,73.5,0.19
2017-09-01,0.035,GPT,87,74,75,72,0,3.9512196,249.07602,63.0171,78.99312,93.7942,NA,NA,75.3983,84.52904,94.552,9,13.90362,NA,89.8,73.4,0.2
2017-09-02,0.039,GPT,91,72,73.9,69.1,0,2.5372822,341.0036,50.3265,75.7287,93.7942,NA,NA,74.2452,83.959206,96.6851,9,12.165668,NA,89.7,73.3,0.2
2017-09-03,0.047,GPT,91,70,73,62.1,0,2.030662,29.58629,39.488,73.35457,93.7942,NA,NA,70,82.16713,92.4261,8,13.90362,NA,89.6,73.1,0.18
2017-09-04,0.048,GPT,89,69,73,64.9,0,2.4118466,157.49222,46.3888,73.004776,96.3227,NA,NA,70,81.53877,91.6008,9,13.034643,NA,89.5,73,0.19
2017-09-05,0.051,GPT,90,73,75.9,68,0,3.3512194,216.45615,48.4894,77.22887,93.7942,NA,NA,75.3983,85.30897,97.2908,12,16.51055,NA,89.4,72.8,0.19
2017-09-06,0.03,GPT,81,64,75,61,0,6.137979,7.2835665,52.1625,75.25249,93.4268,NA,NA,66.9,76.051895,85.0852,14,19,NA,89.3,72.7,0.19
2017-09-07,0.043,GPT,83,60,62.1,51.1,0,5.6125436,22.723417,35.4082,58.834053,90.642,NA,NA,60.1,71.42967,81,12,16.51055,NA,89.2,72.5,0.2
2017-09-08,0.044,GPT,86,60,59,54,0,6.6606274,18.635553,38.2765,58.080418,80.2472,NA,NA,60.1,73.13643,84.9,13,18.2485,NA,89.1,72.4,0.2
2017-09-09,0.05,GPT,86,65,63,57,0,8.113589,27.589176,41.5763,59.770603,78.0474,NA,NA,64.9,75.196075,84.8296,16,23,NA,89,72.2,0.21
2017-09-10,0.038,GPT,86,68,64.9,55.9,0,9.304529,24.71804,49.4376,61.55805,70.8116,NA,NA,68,74.828476,87.7305,17,23.462358,NA,88.8,72,0.21
2017-09-11,0.041,GPT,84,65,55.9,53.1,0,11.396516,346.25214,35.718548,52.31285,65.2154,NA,NA,66,73.20161,82.672905,21,30,NA,88.7,71.8,0.21
2017-09-12,0.044,GPT,83,59,60.1,53.1,0,6.626481,284.25604,36.870266,61.796555,85.994,NA,NA,60.1,70.80623,82,13,18.2485,NA,88.5,71.6,0.22
2017-09-13,0.059,GPT,82,58,68,55.9,0,3.8083625,178.49825,52.6611,72.75494,92.4318,NA,NA,60.1,73.418915,83.4716,13,16.51055,NA,88.4,71.4,0.19
2017-09-14,0.057,GPT,86,66,71.1,62.1,0,2.9073172,160.13544,46.4181,75.71007,96.2443,NA,NA,66,77.91833,87.7813,11,15.641572,NA,88.3,71.2,0.18
2017-09-15,0.031,GPT,88,72,75.9,71.1,1e-4,6.810453,112.088974,67.3937,82.756454,93.7942,NA,NA,74.4073,84.78424,97.5572,19,22.593382,NA,88.1,71,0.18
2017-09-16,0.027,GPT,87,75,77,73.4,NA,4.7965155,128.81708,67.2733,83.5987,97.0413,NA,NA,76.84472,86.18379,95.9213,11,14.772596,NA,87.9,70.8,0.17
2017-09-17,0.028,GPT,91,73,77,72,NA,2.1038327,156.14609,57.4943,81.6071,100,NA,NA,75.14,84.57429,98.2954,9,11.296691,NA,87.8,70.6,0.16
2017-09-18,0.038,GPT,92,74,75.9,73,NA,2.7045295,209.58598,57.431393,77.64902,97.0169,NA,NA,75.5498,88.32077,100.563,11,14,NA,87.6,70.3,0.15
2017-09-19,0.04,GPT,89,75,77,72,0.29,2.9623694,216.74236,59.2072,81.769806,93.5579,NA,NA,75.9,87.73959,98.8672,10,16,NA,87.4,70.1,0.14
2017-09-20,0.032,GPT,89,74,77,72,1e-4,2.020209,226.97488,59.1476,81.75497,97.0413,NA,NA,76.7299,86.44262,97.1439,9,13.90362,NA,87.2,69.8,0.14
2017-09-21,0.04,GPT,91,73,75,69.1,0,2.3351917,44.060196,55.5844,78.70125,93.7942,NA,NA,74.2452,84.27551,99.3201,10,13.90362,NA,87,69.5,0.13
2017-09-22,0.051,GPT,91,71.1,77,69.1,0.02,2.4759247,130.64865,59.1476,78.911705,96.3227,NA,NA,72.2999,83.87374,98.085,11,NA,NA,86.8,69.3,0.13
2017-09-23,0.046,GPT,91,70,73,64,0.05,5.118467,97.92205,48.48942,73.6496,93.4268,NA,NA,71,81.14218,95.8553,13,26.069286,NA,86.6,69,0.15
2017-09-24,0.044,GPT,86,70,73,66.9,0.34,5.749129,83.67966,54.8943,81.97728,96.9935,NA,NA,70,78.02312,90.1551,17,26.069286,NA,86.4,68.7,0.14
2017-09-25,0.042,GPT,86,71,75,69.1,0.03,5.096167,59.416023,63.3959,84.17731,97.0413,NA,NA,72.2999,79.836044,91.60043,14,16.51055,NA,86.2,68.4,0.16
2017-09-26,0.033,GPT,88,72,75,70,0.01,3.543554,122.13803,60.9237,83.05826,96.9935,NA,NA,73.4587,82.22331,94.552,10,13.90362,NA,86,68.1,0.15
2017-09-27,0.039,GPT,91,72,75,70,0.01,2.3031359,52.237988,53.424,80.10584,93.7942,NA,NA,74.4073,83.28113,96.1671,10,16.51055,NA,85.7,67.8,0.15
2017-09-28,0.053,GPT,93,71,72,64.9,0,2.8243902,10.098275,39.6527,73.5765,96.99354,NA,NA,73.29106,83.09028,95.275,8,14.772596,NA,85.5,67.4,0.15
2017-09-29,0.054,GPT,93,72,71.1,66,0,5.3297276,4.031947,45.2412,68.42648,93.4268,NA,NA,73.0001,83.34571,95.0847,10,15.641572,NA,85.2,67.1,0.16
2017-09-30,0.05,GPT,92,70,72,61,0,4.9658537,14.946329,46.6834,65.413414,81.5538,NA,NA,70,82.19317,96.68508,12,17.379524,NA,85,66.8,0.15
2017-10-01,0.045,GPT,86,69,73.9,64,0.21,10.075261,81.08718,57.0181,75.11767,97.016945,NA,NA,70,79.974396,88.3108,21,28,NA,84.7,66.4,0.14
2017-10-02,0.037,GPT,81,69,73,62.1,0.01,11.185624,75.01029,73.8834,80.501396,89.859,NA,NA,69.1,76.83939,84.3025,18,25.200312,NA,84.5,66,0.14
2017-10-03,0.04,GPT,86,73,70,63,0,10.724042,93.59482,49.6247,71.23819,87.5852,NA,NA,73,79.46823,89.4043,20,24.331335,NA,84.2,65.7,0.14
2017-10-04,0.04,GPT,84,69,68,62.1,0,7.8947735,77.66497,54.6201,70.39253,87.2356,NA,NA,69.1,76.80992,87.1796,14,20.85543,NA,83.9,65.3,0.14
2017-10-05,0.045,GPT,87,68,66.9,62.1,0,6.6,56.86272,44.8112,65.27408,81.4094,NA,NA,68,77.2827,87.5874,14,19.986454,NA,83.6,64.9,0.13
2017-10-11,0.028,GPT,89,72,77,72,0.29,2.9825785,315.33035,63.2554,87.12697,100,NA,NA,73.6,83.95461,99.3201,14,17.379524,NA,81.7,62.4,0.11
2017-10-12,0.03,GPT,87.8,73,75,68,NA,4.6258063,2.0749912,51.9784,73.24682,100,NA,NA,74.7,84.05803,91.4294,9,NA,NA,81.4,62,0.11
2017-10-13,0.056,GPT,89,73,77,60.8,0.13,4.134495,99.371475,54.5512,73.85401,97.0169,NA,NA,69.8,81.428116,95.4194,16,22,NA,81.1,61.5,0.11
2017-10-14,0.035,GPT,86,73,77,72,1e-4,7.626481,107.839165,69.7129,83.901276,96.6781,NA,NA,74.5439,83.64885,93.3477,17,22.593382,NA,80.7,61.1,0.12
2017-10-15,0.032,GPT,86,73,77,73,1e-4,5.9439025,117.03802,74.6054,89.21416,97.0413,NA,NA,75.5498,83.456696,97.1532,14,17.379524,NA,80.4,60.6,0.11
2017-10-16,0.037,GPT,76,60,73,46,0,10.201394,359.63303,35.6392,69.35127,97.0169,NA,NA,62.1,69.687485,75.5498,18,23.462358,NA,80,60.2,0.12
2017-10-17,0.044,GPT,79,53,60.1,48,0,6.430662,33.346386,48.2799,65.952545,82.7577,NA,NA,53.1,65.28453,78.1,13,18.2485,NA,79.7,59.7,0.13
2017-10-18,0.051,GPT,80,58,55.9,48.9,NA,4.9109178,44.658913,42.0313,62.20416,83.46,NA,NA,59,67.07547,79,10,13.90362,NA,79.3,59.3,0.12
2017-10-19,0.046,GPT,82,57,66.9,54,0,5.0174217,93.78544,55.98,77.19873,93.0088,NA,NA,57,69.787544,84.4808,17,19.986454,NA,79,58.8,0.13
2017-10-20,0.045,GPT,80,64,69.1,59,0,6.770732,82.76359,62.0306,77.54223,90.5947,NA,NA,64.9,72.72978,81.35,16,19.986454,NA,78.6,58.3,0.12
2017-10-21,0.04,GPT,85,69,75,66,1e-4,10.488153,103.58953,71.7319,84.15932,93.5294,NA,NA,69.1,79.12766,91.0421,20,27,NA,78.2,57.9,0.12
2017-10-22,0.036,GPT,78,67,74,66,4.58,6.8229966,38.833694,79.0168,93.48155,100,NA,NA,68,73.06458,78.3751,17,35.628025,NA,77.9,57.4,0.11
2017-10-23,0.038,GPT,77,53,64.9,46.9,0,8.41115,323.98364,38.2564,74.18178,100,NA,NA,55,65.256226,75.9,16,25.200312,NA,77.5,57,0.11
2017-10-24,0.041,GPT,74,50,51.1,35.1,0,7.044251,318.62155,26.7688,61.48603,92.8937,NA,NA,51.1,60.54794,71.5435,19,29,NA,77.2,56.5,0.11
2017-10-25,0.043,GPT,68,44,46,32,0,5.4432054,307.28403,27.1656,60.522278,86.3268,NA,NA,41.55,54.650524,68,16,21.724405,NA,76.8,56.1,0.11
2017-10-26,0.057,GPT,72,46,55.9,41,NA,3.6125436,178.52663,32.5563,64.80955,93.0581,NA,NA,46,60.299057,70.4301,10,13.034643,NA,76.4,55.7,0.1
2017-10-27,0.051,GPT,78,55,66.9,54,0,3.799303,139.46075,59.9224,80.44434,96.4183,NA,NA,55,67.18237,77,11,14.772596,NA,76.1,55.2,0.12
2017-10-28,0.033,GPT,70,43,64.9,37.9,0.05,10.331011,334.90405,43.9267,74.52816,92.8002,NA,NA,40.6251,53.609344,70,17,22.593382,NA,75.7,54.8,0.11
2017-10-29,0.044,GPT,63,37.9,43,30.9,0,5.7554007,313.124,30.7292,67.67277,92.7839,NA,NA,33.40219,47.271694,63,17,22,NA,75.4,54.4,0.11
2017-10-30,0.048,GPT,69,41,54,39.9,0,2.5487804,190.3996,50.5647,74.97492,96.7575,NA,NA,42.1,56.234844,69.1,9,12.165668,NA,75,54,0.11
2017-10-31,0.051,GPT,75,49,57.9,46.9,0,2.0090592,153.40591,48.1799,76.93519,96.8109,NA,NA,48.9,61.669758,73.9,9,12.165668,NA,74.7,53.6,0.11
2018-02-28,0.02,GPT,80,71,71.1,69.1,0,8.420906,170.73318,71.7248,84.69464,96.66443,NA,NA,72,76.4167,81.9376,14.772596,19.986454,NA,67.3,48.8,0.17
2018-03-01,0.034,GPT,85,61,70,52,1e-4,8.04878,266.1623,46.418087,71.43108,90.32327,NA,NA,62.1,74.669044,85.49416,19.117477,25.200312,NA,67.5,49,0.16
2018-03-02,0.044,GPT,74,53,55,33.1,0,8.105924,12.220994,22.367392,54.411407,86.56035,NA,NA,53.1,62.09001,72.0413,19.117477,24,NA,67.7,49.1,0.16
2018-03-03,0.048,GPT,76,45,46.9,28.9,0,3.9094076,44.748257,17.64775,55.814754,86.326836,NA,NA,43.021835,56.936855,74.0194,11.296691,15.641572,NA,67.9,49.3,0.16
2018-03-04,0.052,GPT,71,42,50,32,0,3.0550523,135.80441,26.15378,62.32585,89.921104,NA,NA,40.2347,57.53296,70,10.427715,12.165668,NA,68.1,49.5,0.17
2018-03-05,0.062,GPT,75,50,64,48.9,0,6.2083626,151.61519,53.51672,74.94802,93.29195,NA,NA,51.1,66.68453,75,13.90362,17.379524,NA,68.3,49.7,0.16
2018-03-06,0.041,GPT,70,49,66,37,0.71,6.850871,308.14706,31.921968,69.65096,96.783690000000007,NA,NA,50,62.269688,70,20.85543,28,NA,68.5,49.9,0.17
2018-03-07,0.041,GPT,63,44,36,28.9,0,8.2031355,327.17468,28.326746,45.293392,67.405655,NA,NA,41.549988,51.736637,62.1,18.2485,21.724405,NA,68.7,50.1,0.17
2018-03-08,0.046,GPT,64,36,39,24.1,0,4.954704,332.63263,22.502592,56.675934,88.77747,NA,NA,34.404476,49.698303,64,17.379524,21.724405,NA,68.8,50.2,0.16
2018-03-09,0.052,GPT,64,39,48,32,0,4.914983,136.23784,31.123516,63.01581,86.17496,NA,NA,39.9,53.978607,63,14.772596,19.986454,NA,69,50.4,0.17
2018-03-10,0.047,GPT,74,51,64.9,48.9,0,7.1853657,139.34697,66.03794,81.81773,93.28895,NA,NA,51.1,64.92885,73,18.2485,23.462358,NA,69.2,50.6,0.15
2018-03-11,0.041,GPT,71,60,64.9,55,0.79,4.7163763,327.54834,70.48765,87.48066,96.55186,NA,NA,60.1,64.86752,70,19.117477,24,NA,69.4,50.8,0.15
2018-03-12,0.046,GPT,64,45,50,30,0,12.400697,341.99963,28.701931,53.75212,74.72303,NA,NA,41.27277,53.797268,63,22.593382,34,NA,69.6,51,0.14
2018-03-13,0.045,GPT,66,39,37.9,28,0,6.276655,337.83414,24.746288,56.536617,85.8089,NA,NA,37.69444,49.96946,64.9,13.90362,18.2485,NA,69.8,51.2,0.15
2018-03-14,0.05,GPT,68,36,39,25,0,5.1595817,327.12006,20.392508,53.45987,85.689926,NA,NA,35.43334,51.112988,66.9,13.90362,18.2485,NA,70,51.4,0.15
2018-03-15,0.065,GPT,66,36,52,28.9,0,4.242509,172.55977,28.326746,59.60014,89.52968,NA,NA,37.9,54.138817,64.9,13.034643,18.2485,NA,70.2,51.6,0.16
2018-03-16,0.043,GPT,67,57,64.4,52,0.83,7.6271777,138.8484,77.531395,88.80149,96.55186,NA,NA,59,63.990383,66.9,15.641572,21.724405,NA,70.4,51.7,0.16
2018-03-17,0.037,GPT,78,64,68,61,0.01,3.983972,187.94656,73.677185,87.3922,96.24429,NA,NA,64.9,69.162674,75.9,11.296691,15,NA,70.6,51.9,0.16
2018-03-18,0.034,GPT,75,64,70,63,0.97,3.7902439,139.45694,87.58521,94.348,100,NA,NA,64.9,69.24141,74.1165,15.641572,19.986454,NA,70.8,52.1,0.17
2018-03-19,0.037,GPT,85,68,73,64.9,1e-4,5.7979093,231.96762,52.71415,83.51936,100,NA,NA,68,75.16418,87.17958,14.772596,23.462358,NA,71,52.3,0.17
2018-03-20,0.038,GPT,71,49,66.9,42.1,0,9.815331,303.0014,40.484375,61.083874,89.89542,NA,NA,47.772274,62.38093,71.1,22.593382,31.283144,NA,71.2,52.5,0.17
2018-03-21,0.046,GPT,70,45,44.1,30.9,0,7.828223,312.71198,24.420633,53.11359,86.162994,NA,NA,42.600967,56.68874,70,19.986454,27,NA,71.4,52.7,0.19
2018-03-22,0.042,GPT,69,42,50,36,0,3.9491289,307.94955,31.872791,60.89903,92.14252,NA,NA,43,55.96778,66.9,11.296691,20.85543,NA,71.6,52.9,0.19
2018-03-23,0.054,GPT,70,45,57.9,44.1,0,4.7229967,160.7953,48.730923,72.880066,93.05812,NA,NA,46,60.207664,69.1,13.034643,18.2485,NA,71.8,53.1,0.19
2018-03-24,0.052,GPT,77,65,64.9,57.9,0,7.9658537,179.48106,62.300663,77.46785,89.814255,NA,NA,64.9,70.229965000000007,75.9,17.379524,21.724405,NA,71.9,53.3,0.19
2018-03-25,0.046,GPT,79,66,66.9,64,0,4.898955,198.78404,60.1099,80.83248,96.58053,NA,NA,66,72.33642,81.0068,13.034643,18.2485,NA,72.1,53.5,0.19
2018-03-26,0.041,GPT,75,66,69.8,64,1e-4,12.487456,114.91669,81.82193,88.54356,100,NA,NA,66.9,69.32243,74.1165,24.331335,29.545193,NA,72.3,53.8,0.18
2018-03-27,0.041,GPT,75,65,66.9,61,1e-4,14.507318,110.98987,78.7032,85.31976,89.89542,NA,NA,66,68.94627,73,22.593382,30,NA,72.5,54,0.17
2018-03-28,0.047,GPT,79,69,68,66,0,12.468292,127.430275,68.494095,83.40995,92.705696,NA,NA,69.1,72.20836,78.1,19.986454,26,NA,72.7,54.2,0.17
2018-03-29,0.039,GPT,78,59,70,59,1.25,10.667596,135.9237,73.88337,89.89548,96.878845,NA,NA,61,68.86377,81.3927,19.986454,25.200312,NA,72.9,54.4,0.17
2018-03-30,0.036,GPT,77,57,61,46.9,0,6.5414634,358.84512,38.570995,71.16204,100,NA,NA,59,65.08751,75.9,13.90362,21,NA,73.1,54.6,0.18
2018-03-31,0.05,GPT,69,51,52,42.1,0,4.995122,104.05065,43.355286,65.49126,92.89372,NA,NA,51.1,60.000835,68,13.90362,17.379524,NA,73.3,54.8,0.19
2018-04-01,0.053,GPT,73,48,64,46.9,0,3.9470384,147.30283,56.89107,77.4781,92.8002,NA,NA,48.00833,62.766758,73,11.296691,13.90362,NA,73.5,55,0.21
2018-04-02,0.038,GPT,80,60,71.1,57.9,0,5.6278744,166.10272,59.831806,82.9293,96.18263,NA,NA,60.1,71.77122,81.9118,13.90362,18.2485,NA,73.7,55.3,0.21
2018-04-03,0.03,GPT,80,72,72,69.8,0,8.471777,163.1831,76.790886,87.787544,94.05696,NA,NA,72.8807,76.763855,82.1219,17.379524,24.331335,NA,73.9,55.5,0.21
2018-04-04,0.042,GPT,74,53,72,39,0.99,8.033449,352.573,32.16281,66.90604,100,NA,NA,53.1,64.37388,75.3983,24.331335,32.152122,NA,74.1,55.7,0.2
2018-04-05,0.048,GPT,70,47,51.1,37.9,0,4.625784,73.58512,33.072166,57.4872,86.66236,NA,NA,44.090683,58.06424,69.1,12.165668,16,NA,74.3,55.9,0.2
2018-04-06,0.052,GPT,74,51,66.9,48.9,0.02,5.522648,167.00993,70.21416,81.98859,92.86074,NA,NA,52,65.3492,73,13.90362,18.2485,NA,74.5,56.2,0.2
2018-04-07,0.036,GPT,74,48,68,45,0.86,8.1519165,341.97577,68.756775,85.68325,96.55186,NA,NA,43.219406,64.141655,73.9,19.117477,25.200312,NA,74.7,56.4,0.19
2018-04-08,0.028,GPT,58,44,54,39.9,1e-4,6.311498,26.220139,62.070465,78.8084,93.31721,NA,NA,39.27018,49.718304,57.9,14.772596,19.986454,NA,74.9,56.6,0.2
2018-04-09,0.033,GPT,77,56,61,54,1e-4,5.757491,2.64534,57.771458,78.296555,96.783690000000007,NA,NA,55.9,65.123344,77,13.90362,18.2485,NA,75.1,56.8,0.2
2018-04-10,0.048,GPT,79,58,59,43,0,8.332331,354.10202,29.91122,49.89351,78.13813,NA,NA,60,68.852486,78.1,15.641572,20.85543,NA,75.3,57.1,0.19
2018-04-11,0.052,GPT,77,49,54,42.1,0,4.8982577,333.20795,33.155643,59.94795,89.67755,NA,NA,47.155212,62.06807,73.9,12.165668,13.90362,NA,75.5,57.3,0.2
2018-04-12,0.055,GPT,75,51,63,48.9,0,6.583972,138.44507,57.355286,75.299324,92.92053,NA,NA,51.1,65.170105,75,15.641572,19.986454,NA,75.7,57.5,0.18
2018-04-13,0.05,GPT,79,63,71.1,60.1,0,11.617421,135.88614,57.917896,81.16723,93.77152,NA,NA,63,72.57314,78.1,20.85543,25.200312,NA,75.9,57.8,0.19
2018-04-14,0.048,GPT,75,60,72,57.9,3.92,11.395122,149.57199,87.628876,92.76896,96.678116,NA,NA,60,70.673874,76.3211,21.724405,31,NA,76.1,58,0.19
2018-04-15,0.04,GPT,62,46,59,37,0.01,9.995819,300.9689,42.236824,65.35524,96.15043,NA,NA,46.465904,55.067482,62.1,22.593382,34,NA,76.3,58.2,0.2
2018-04-16,0.051,GPT,74,44,46,33.1,0,6.7393727,306.9318,22.367392,55.864594,89.921104,NA,NA,41.549988,56.54628,72.1287,19.986454,26.938263,NA,76.5,58.5,0.19
2018-04-17,0.067,GPT,75,47,59,45,0,4.3958187,184.26895,37.956196,67.983154,92.7389,NA,NA,48,62.810894,73,12.165668,17.379524,NA,76.8,58.7,0.19
2018-04-18,0.058,GPT,80,66,66,59,0,7.316376,202.88292,54.232742,72.93644,87.28321,NA,NA,66.9,72.30417,81.313675,13.034643,19.117477,NA,77,58.9,0.19
2018-04-19,0.05,GPT,81,56,64,43,0,8.167596,330.91815,32.15175,59.744717,93.56222,NA,NA,57.9,69.95856,80.1,14.772596,20.85543,NA,77.2,59.2,0.18
2018-04-20,0.048,GPT,70,48,51.1,39,0,4.9672475,25.28719,37.49546,59.638203,86.2867,NA,NA,45.378853,58.33426,69.1,12.165668,16.51055,NA,77.4,59.4,0.18
2018-04-21,0.046,GPT,76,51,65,48,0,8.8446,114.96271,64.20016,79.624756,89.88164,NA,NA,52,65.86474,75.9,20.85543,24.331335,NA,77.6,59.7,0.18
2018-04-22,0.043,GPT,80,63,71.1,62.1,0.25,9.239721,155.90816,56.225796,85.56052,96.9686,NA,NA,64,71.60995,80.8291,20.85543,29,NA,77.9,59.9,0.17
2018-04-23,0.051,GPT,73,56,62.1,50,0,7.1930313,295.07712,50.85981,70.43764,93.53832,NA,NA,55.9,64.48781,73,13.90362,19.117477,NA,78.1,60.2,0.17
2018-04-24,0.046,GPT,81,53,57.9,51.1,0,6.727526,307.94858,40.828888,67.26378,93.29195,NA,NA,54,67.22023,80.7329,18.2485,23.462358,NA,78.3,60.4,0.16
2018-04-25,0.049,GPT,84,55,57.9,52,0,4.8209057,329.65735,35.809956,65.519775,93.31721,NA,NA,55,68.61036,82,13.90362,19.117477,NA,78.5,60.7,0.17
2018-04-26,0.041,GPT,77,56,64,48.9,0.04,7.2494774,307.76138,42.507446,71.1905,93.20864,NA,NA,57.9,67.01475,75.9,15.641572,22.593382,NA,78.8,60.9,0.16
2018-04-27,0.049,GPT,78,55,55,48.9,0,6.3209057,332.59006,38.570995,67.01128,89.592415,NA,NA,55,64.86878,75.9,13.90362,17.379524,NA,79,61.2,0.16
2018-04-28,0.057,GPT,80,52,61,51,0,3.64669,223.64883,37.77841,64.78361,92.92053,NA,NA,53.1,68.23958,79,12.165668,17,NA,79.3,61.4,0.16
2018-04-29,0.061,GPT,84,55,59,52,0,3.0439024,120.164665,34.389896,64.604485,93.29195,NA,NA,55,69.46445,82,10.427715,13.034643,NA,79.5,61.7,0.14
2018-04-30,0.06,GPT,80,54,55,41,0,5.1449475,117.79768,28.56002,53.61725,86.56035,NA,NA,55,67.83073,79,13.90362,17.379524,NA,79.7,61.9,0.14
2018-05-01,0.053,GPT,81,57,70,55.9,0,9.539372,120.95027,66.61727,79.98409,93.56222,NA,NA,57.9,72.79633,83.01213,20.85543,25.200312,NA,80,62.2,0.13
2018-05-02,0.051,GPT,83,67,70,57,NA,9.603484,134.34576,42.492073,70.59444,86.48417,NA,NA,68,76.53805,82.17465,19.117477,23.462358,NA,80.2,62.5,0.13
2018-05-03,0.046,GPT,82,66,69.1,62.1,0,9.430662,137.60132,64.136,73.333786,90.400345,NA,NA,66.9,76.21284,85.39448,18.2485,23.462358,NA,80.5,62.7,0.14
2018-05-04,0.046,GPT,81,63,66.9,62.1,0,3.430662,167.13568,58.09791,75.294464,93.924324,NA,NA,64.9,74.21668,82.78963,10.427715,13.90362,NA,80.7,63,0.14
2018-05-05,0.038,GPT,84,63,69.1,62.1,0,4.273171,315.50116,58.43191,78.87135,93.53832,NA,NA,64,73.33752,85.44786,18.2485,24.331335,NA,81,63.3,0.15
2018-05-06,0.051,GPT,88,60,64,51.1,0,5.6069684,353.4136,29.071215,63.61622,93.56222,NA,NA,61,73.56704,85.1889,13.90362,20,NA,81.2,63.6,0.14
2018-05-07,0.06,GPT,89,59,66,54,0,2.9407666,230.78992,31.432587,61.97379,89.48413,NA,NA,60.1,75.09262,86,11.296691,15,NA,81.5,63.8,0.15
2018-05-08,0.059,GPT,91.9,64,66.9,51.1,NA,3.118705,181.12169,26.52344,61.239582,90.167534,NA,NA,64,77.557045,88.6063,11,NA,NA,81.7,64.1,0.14
2018-05-09,0.069,GPT,91,65,69.1,60.1,0,4.065468,180.5728,37.96806,65.52532,93.56222,NA,NA,64.9,78.414375,90,13.034643,18.2485,NA,82,64.4,0.15
2018-05-10,0.061,GPT,87,62,66.9,53.1,0,3.866899,172.5155,32.343887,63.196735,93.15526,NA,NA,62.1,76.551,86,12.165668,18.2485,NA,82.2,64.7,0.14
2018-05-11,0.061,GPT,88,65,68,59,0,5.061324,159.43045,37.661842,63.931297,90.642,NA,NA,64.9,78.51129,88,13.034643,16,NA,82.5,65,0.13
2018-05-12,0.059,GPT,87,65,68,63,0,5.609756,140.77599,47.906834,67.76942,90.400345,NA,NA,66,78.980675,88.76938,15.641572,23.462358,NA,82.7,65.3,0.14
2018-05-13,0.052,GPT,91,66,69.1,63,0,2.5519164,213.79892,41.918427,65.103935,93.26418,NA,NA,66,80.755066,93.9306,10.427715,12.165668,NA,83,65.5,0.12
2018-05-14,0.059,GPT,98,70,73,60.1,0,4.2891984,41.06734,28.621786,62.57158,87.135025,NA,NA,70,84.93653,100.647,17.379524,20.85543,NA,83.2,65.8,0.12
2018-05-15,0.057,GPT,93,70,73.9,64.9,0.01,3.9094076,141.56676,41.034203,70.47307,87.681946,NA,NA,71.1,84.63559,98.29539,13.90362,16.51055,NA,83.5,66.1,0.12
2018-05-16,0.054,GPT,95,72,73,66,0,3.8606272,69.16527,40.06605,68.85903,93.77152,NA,NA,74.4073,85.10832,97.02584,25.200312,35,NA,83.7,66.4,0.13
2018-05-17,0.07,GPT,93,71,73.9,60.8,0,5.020906,186.65913,37.099903,68.046745,90.594666,NA,NA,73.158,84.652214,99.26306,14.772596,22.593382,NA,83.9,66.7,0.14
2018-05-18,0.054,GPT,90,68,73,62,0,3.9623694,236.86317,41.899574,72.07083,89.89542,NA,NA,69.1,81.04444,94.84554,18.2485,24.331335,NA,84.2,67,0.13
2018-05-19,0.047,GPT,89,69,73,66.9,1e-4,4.3648086,173.95982,55.315365,71.73379,89.89542,NA,NA,70,83.88263,94.55197,13.034643,16.51055,NA,84.4,67.3,0.14
2018-05-20,0.047,GPT,89,74,73,69.1,0,4.932985,160.04831,51.80454,67.939865,93.79415,NA,NA,75.3983,86.885925,94.41397,13.034643,16.51055,NA,84.6,67.6,0.15
2018-05-21,0.04,GPT,86,72,73,69.1,0.52,3.1243901,79.06659,65.13056,83.002106,94.05696,NA,NA,72.8807,79.2162,91.60043,15.641572,18.2485,NA,84.9,67.8,0.15
2018-05-22,0.044,GPT,87,71,73.9,69.1,0.27,2.7818816,187.84938,57.163784,77.0693,93.4268,NA,NA,72.2999,82.93977,93.09395,13.034643,15.641572,NA,85.1,68.1,0.16
2018-05-23,0.038,GPT,89,71,73,66.9,1.97,3.7188153,111.95325,56.919083,76.4166,93.4268,NA,NA,72.2999,82.94795,94.00061,22.593382,34,NA,85.3,68.4,0.17
2018-05-24,0.032,GPT,87,70,73.9,66.9,0.04,3.8682926,100.550934,63.0984,79.31334,93.4268,NA,NA,70,80.934044,95.41936,17.379524,23,NA,85.5,68.7,0.18
2018-05-25,0.032,GPT,88,72,73,68,1e-4,3.1174216,257.33823,59.21356,77.720665,87.72512,NA,NA,74.1165,80.671906,91.53445,15.641572,18.2485,NA,85.7,69,0.18
2018-05-26,0.039,GPT,87,72,73,69.1,0.01,5.0512195,107.1799,62.857838,78.82405,93.79415,NA,NA,74.2452,82.003456,90.81524,17.379524,21,NA,85.9,69.2,0.19
2018-05-27,0.03,GPT,91,71,72,66,0.04,6.404878,19.706568,45.241203,69.93198,93.4268,NA,NA,72.2999,83.18919,94.30089,12.165668,17.379524,NA,86.1,69.5,0.19
2018-05-28,0.023,GPT,90,73,71.1,66.9,0,8.627874,349.73483,53.424034,69.42901,85.08769,NA,NA,73,83.356544,96.446625,18.2485,24.331335,NA,86.3,69.8,0.19
2018-05-29,0.046,GPT,90,72,77,69.1,1e-4,5.932404,236.23203,53.91329,73.561,93.4268,NA,NA,73.2911,86.964836,96.62901,13.034643,21,NA,86.5,70,0.2
2018-05-30,0.034,GPT,89,75,78.8,71.1,0.96,6.080139,196.33347,63.124584,77.348305,93.637276,NA,NA,76.3211,90.10278,98.85556,13.90362,19.117477,NA,86.7,70.3,0.2
2018-05-31,0.038,GPT,89,78,75.9,73,0,5.831359,177.62328,61.241543,72.38963,87.5789,NA,NA,82.7853,91.18826,98.85556,13.90362,16.51055,NA,86.9,70.5,0.2
2018-06-01,0.03,GPT,89,76,75.9,73,0,5.5930314,197.21541,59.147587,72.042015,90.172104,NA,NA,78.6381,92.619415,100.40434,13.034643,19.986454,NA,87.1,70.8,0.2
2018-06-02,0.032,GPT,93,78,75.9,72,1e-4,4.8933797,245.64392,52.372917,71.84854,90.21457,NA,NA,80.7386,93.00521,103.05586,13.034643,19.117477,NA,87.2,71,0.2
2018-06-03,0.042,GPT,96,78,78.1,73,0,6.2163763,280.57962,50.72025,70.3251,86.949745,NA,NA,80.6001,94.72885,107.123085,13.034643,18.2485,NA,87.4,71.3,0.2
2018-06-04,0.057,GPT,90,78,75.9,68,1e-4,4.1114984,136.37938,53.147194,71.076454,90.21457,NA,NA,80.6644,88.655785,95.34641,10.427715,16.51055,NA,87.5,71.5,0.2
2018-06-05,0.044,GPT,84,72,76,66.2,0.59,3.8439023,69.54355,65.32855,86.6854,96.99354,NA,NA,73.4587,79.889786,91.14243,18.2485,23,NA,87.7,71.7,0.21
2018-06-06,0.044,GPT,91,71,73.9,66,0.07,3.5923345,358.05673,46.683357,75.92991,93.4268,NA,NA,72.2999,82.151955,93.16877,10.427715,15.641572,NA,87.8,71.9,0.21
2018-06-07,0.062,GPT,91,69,71.1,62.1,1e-4,2.474216,172.62454,42.04777,67.06952,93.4268,NA,NA,70,83.19831,93.16877,10.427715,13.034643,NA,88,72.1,0.21
2018-06-08,0.062,GPT,92,71,73,70,0,3.389547,198.0992,50.326485,68.6369,90.32327,NA,NA,74.2452,87.40435,99.5694,11.296691,13.90362,NA,88.1,72.3,0.21
2018-06-09,0.058,GPT,91,75,73.9,69.1,0,3.2606273,201.09483,50.356514,69.94122,90.73938,NA,NA,76.4488,87.61816,96.62901,11.296691,13.034643,NA,88.2,72.5,0.22
2018-06-10,0.027,GPT,88,74,75,69.1,0.29,3.5714285,273.54294,64.954704,80.20806,94.14301,NA,NA,75.2658,82.790245,95.41936,22.593382,30.41417,NA,88.3,72.7,0.22
2018-06-11,0.022,GPT,89,73,75.9,70,0.03,2.5905924,224.91768,58.95082,83.0282,93.79415,NA,NA,75.2658,82.13904,98.85556,13.034643,18.2485,NA,88.4,72.8,0.23
2018-06-12,0.025,GPT,90,73,77,66.9,0,4.1965156,183.46721,52.994083,78.55355,93.79415,NA,NA,75.2658,85.16228,100.53279,21.724405,27.80724,NA,88.5,73,0.23
2018-06-13,0.029,GPT,88,74,75,71.1,0.41,2.2571428,214.28012,64.954704,80.295296,93.50594,NA,NA,76.4488,85.0729,95.41936,14.772596,20,NA,88.6,73.1,0.23
2018-06-14,0.03,GPT,89,74,75.9,71.1,0.3,2.1184669,282.11398,63.124584,81.65269,90.73938,NA,NA,76.4488,84.20238,96.62901,13.034643,19.117477,NA,88.7,73.3,0.23
2018-06-15,0.028,GPT,88,73,75.9,69.1,2,2.6439025,315.1442,63.01707,86.43866,94.10022,NA,NA,74.4073,81.09921,94.55197,19.986454,25.200312,NA,88.8,73.4,0.24
2018-06-16,0.026,GPT,88,74,77,72,0.3,3.8843205,166.1624,63.01707,78.78484,96.38104,NA,NA,76.5948,87.60212,97.814644,13.90362,17.379524,NA,88.9,73.6,0.25
2018-06-17,0.023,GPT,90,79,75,72,1e-4,9.0223,145.59187,57.18277,69.017166,81.41737,NA,NA,84.6436,91.73914,97.143906,17.379524,24.331335,NA,89,73.7,0.26
2018-06-18,0.016,GPT,89,79,77,73.9,0,7.8376307,130.94566,64.954704,74.7325,84.474464,NA,NA,85.08518,93.05825,100.40434,13.90362,17.379524,NA,89.1,73.8,0.24
2018-06-19,0.039,GPT,91,78,75.9,72,0,4.327526,117.748695,55.58441,76.3895,87.5789,NA,NA,80.6644,89.48325,99.26306,13.90362,19.117477,NA,89.1,73.9,0.24
2018-06-20,0.027,GPT,90,75,77,73,0,4.0090594,159.89746,60.966244,75.49724,93.55792,NA,NA,77.4548,90.60903,100.53279,12.165668,15.641572,NA,89.2,74,0.26
2018-06-21,0.027,GPT,90,78,75.9,71.1,0,4.3156796,223.798,53.91329,74.429344,87.5789,NA,NA,82.7853,90.291145,98.08501,17.379524,21.724405,NA,89.3,74.1,0.25
2018-06-22,0.032,GPT,92,79,75.9,72,0,6.363763,225.93785,55.58441,70.438034,84.474464,NA,NA,82.533,93.42983,101.86564,13.90362,19.986454,NA,89.3,74.2,0.25
2018-06-23,0.025,GPT,93,80,78.1,72,0,7.1728225,214.41585,53.867287,69.638855,84.52736,NA,NA,85.08518,95.55912,103.10775,13.034643,19.986454,NA,89.4,74.2,0.25
2018-06-24,0.021,GPT,92,81,77,75,0,6.428223,199.84525,59.58785,69.689,82.42622,NA,NA,91.80951,97.178375,103.0089,13.90362,18.2485,NA,89.4,74.3,0.24
2018-06-25,0.028,GPT,94,77,78.1,69.1,0.09,3.5317073,193.47424,53.958176,72.29474,90.21457,NA,NA,80.7386,94.04618,105.68281,15.641572,22,NA,89.5,74.4,0.23
2018-06-26,0.029,GPT,94,78,77,73,0,4.012892,169.3446,52.348576,71.289795,92.96513,NA,NA,80.7953,94.608795,104.50276,13.034643,16.51055,NA,89.6,74.4,0.23
2018-06-27,0.031,GPT,92,78,79,73,0.06,4.24007,201.88277,57.431393,72.09165,93.66005,NA,NA,82.7853,95.356255,104.506775,13.90362,18.2485,NA,89.6,74.5,0.24
2018-06-28,0.031,GPT,94,81,77,73,0,5.451568,250.73631,52.348576,68.55646,84.866806,NA,NA,87.32887,96.49208,105.74793,15.641572,19.117477,NA,89.7,74.5,0.24
2018-06-29,0.025,GPT,94,76,78.1,70,0.03,5.1278744,295.553,55.838146,78.21049,93.55792,NA,NA,77.5859,88.91727,104.48981,14.772596,20,NA,89.7,74.6,0.23
2018-06-30,0.037,GPT,95,74,78.1,69.8,1.03,4.9351916,264.1541,54.275124,78.48698,93.52941,NA,NA,76.3211,88.356476,110.16285,20.85543,29.545193,NA,89.7,74.6,0.24
2018-07-01,0.033,GPT,92,74,79,71.1,1.14,4.3285713,278.95,59.58785,80.2303,93.79415,NA,NA,75.3983,86.61531,107.537605,20.85543,27,NA,89.8,74.6,0.24
2018-07-02,0.025,GPT,88,74,78.8,70,1.3,4.421254,315.43384,70.00456,86.82107,94.14301,NA,NA,75.3983,82.559,102.37157,13.90362,18.2485,NA,89.8,74.7,0.24
2018-07-03,0.04,GPT,88,75,77,73,0.04,8.903832,120.90471,67.393654,81.59836,97.04129,NA,NA,75,86.974655,97.55716,21.724405,27,NA,89.9,74.7,0.25
2018-07-04,0.035,GPT,90,75,77,73,0,3.3449478,121.23552,59.26213,78.037994,93.52941,NA,NA,77.4548,88.58841,101.64724,13.90362,16.51055,NA,89.9,74.7,0.25
2018-07-05,0.037,GPT,90,76,75.9,72,0.01,6.8543553,89.675415,60.966244,76.66512,90.73938,NA,NA,77.3131,87.14099,100.53279,21.724405,26.069286,NA,90,74.7,0.25
2018-07-06,0.04,GPT,89,75,75,72,0,5.1303134,108.60766,60.923714,75.06805,93.50594,NA,NA,76.4488,87.506134,98.08501,13.034643,16.51055,NA,90,74.8,0.25
2018-07-07,0.034,GPT,90,75,75.9,71.1,0,3.9477353,33.140774,57.49431,77.94155,93.55792,NA,NA,76.3211,85.406624,98.29539,14.772596,19.986454,NA,90,74.8,0.25
2018-07-08,0.03,GPT,87,75,75,71.1,0.02,4.6327524,165.06577,63.0984,77.43658,90.73938,NA,NA,76.4488,86.05238,93.9102,13.034643,17.379524,NA,90.1,74.8,0.25
2018-07-09,0.023,GPT,90,74,75.9,70,0.74,3.8174217,169.66797,57.18277,75.38655,93.79415,NA,NA,75.3983,88.25537,99.3201,14.772596,18.2485,NA,90.1,74.8,0.26
2018-07-10,0.029,GPT,95,76,75.9,70,0,3.933101,295.22418,45.981567,70.14918,90.73938,NA,NA,77.4548,90.78175,100.5627,11.296691,16.51055,NA,90.2,74.8,0.26
2018-07-11,0.026,GPT,92,77,75.9,72,1e-4,3.549129,316.7323,57.93478,77.288216,90.249115,NA,NA,78.6381,89.315186,103.05586,13.034643,16.51055,NA,90.2,74.9,0.26
2018-07-12,0.039,GPT,92,75,77,73,0,3.5372822,163.18881,57.431393,75.2741,93.55792,NA,NA,76.5948,91.86818,104.22139,12.165668,15.641572,NA,90.3,74.9,0.27
2018-07-13,0.044,GPT,93,77,75.9,73.9,0,3.3090591,192.2166,53.958176,70.88281,87.5789,NA,NA,80.6644,94.65982,104.22139,11.296691,14.772596,NA,90.3,74.9,0.25
2018-07-14,0.041,GPT,94,79,78.1,73,0,3.9616725,241.25728,52.348576,72.19958,90.29109,NA,NA,85.467735,95.36531,107.393974,10.427715,14.772596,NA,90.3,74.9,0.23
2018-07-15,0.034,GPT,95,76,78.1,71.1,1.89,4.4456444,309.00394,57.69113,80.6489,90.249115,NA,NA,78.5117,88.813,105.691475,18.2485,22.593382,NA,90.4,74.9,0.23
2018-07-16,0.037,GPT,94,73,80.1,69.8,1.78,3.963763,41.428905,61.404633,87.298676,93.79415,NA,NA,74.2452,82.89483,103.0089,26.069286,29.545193,NA,90.4,74.9,0.22
2018-07-17,0.036,GPT,90,74,78.1,72,3.17,3.5052264,262.97418,63.25543,89.7663,96.41042,NA,NA,75.3983,81.353424,99.3201,18.2485,24.331335,NA,90.5,74.9,0.22
2018-07-18,0.029,GPT,89,75,79,73,0.34,4.5965157,287.2022,69.448425,86.78067,97.04129,NA,NA,76,85.503075,103.35916,13.90362,17.379524,NA,90.5,74.9,0.22
2018-07-19,0.031,GPT,93,75,79,73,0.01,3.0132403,294.42847,61.404633,86.16176,96.38104,NA,NA,76,86.311295,103.0089,12.165668,15.641572,NA,90.5,75,0.22
2018-07-20,0.034,GPT,96,76,81,75,0,3.0076654,264.68564,52.425507,78.34876,93.55792,NA,NA,78.7972,95.59864,111.008125,10.427715,13.034643,NA,90.6,75,0.2
2018-07-21,0.052,GPT,96,81,80.1,75.9,0,5.44669,270.2614,54.229195,74.34342,93.992455,NA,NA,90.06191,98.69241,111.663,13.034643,20.85543,NA,90.6,75,0.21
2018-07-22,0.043,GPT,98,80,79,72,0.08,7.9219513,279.47037,45.990337,68.54266,94.26866,NA,NA,86.25138,98.03115,109.74238,15.641572,21.724405,NA,90.7,75,0.22
2018-07-23,0.047,GPT,96,78,77,70,0,4.4292684,337.73593,45.981567,69.843925,90.29109,NA,NA,80.6644,90.75409,101.247765,11.296691,15.641572,NA,90.7,75,0.21
2018-07-24,0.04,GPT,94,76,73.9,69.1,0,5.2132406,347.9599,47.282948,65.13783,82.03341,NA,NA,78.1138,89.20712,99.10271,13.034643,15.641572,NA,90.7,75,0.21
2018-07-25,0.041,GPT,95,73,72,69.1,0,5.878049,350.8111,45.84961,63.804783,81.89738,NA,NA,76.0492,89.08264,101.247765,13.034643,14.772596,NA,90.8,75,0.21
2018-07-26,0.051,GPT,95,76,75.9,70,0,2.9933798,350.01035,47.282948,66.9616,85.08769,NA,NA,77.1891,90.78714,101.037025,7.820786,11.296691,NA,90.8,75,0.21
2018-07-27,0.051,GPT,97,77,77,71.1,0,3.5473866,270.8255,47.73699,68.98969,87.5789,NA,NA,78.5117,93.56197,108.34494,10.427715,19.986454,NA,90.8,75,0.22
2018-07-28,0.055,GPT,95,74,77,70,0.33,4.6027875,309.40057,52.348576,75.02639,93.55792,NA,NA,76.3211,91.26242,105.68281,27.80724,33.0211,NA,90.9,75.1,0.23
2018-07-29,0.043,GPT,91,74,75.9,72,0,3.1229966,257.72864,63.124584,79.203926,93.79415,NA,NA,75.3983,87.74251,100.40434,10.427715,13.034643,NA,90.9,75.1,0.23
2018-07-30,0.042,GPT,92,76,78.1,73,0,3.5630662,235.04196,55.71818,75.43883,90.73938,NA,NA,77.4548,90.68455,104.68358,13.034643,19.117477,NA,90.9,75.1,0.22
2018-07-31,0.031,GPT,91,77,78.1,70,0,4.2655053,322.99765,57.427124,79.15864,90.587204,NA,NA,78.3751,88.15687,101.86564,15.641572,19.117477,NA,90.9,75.1,0.22
2018-08-01,0.038,GPT,89,75,75.9,71,0.28,4.818815,76.347084,59.20717,81.33273,93.50594,NA,NA,76,82.23838,94.78818,19.117477,22,NA,91,75.1,0.21
2018-08-02,0.04,GPT,91,74,75,72,0,6.24669,100.7746,57.18277,78.80571,93.79415,NA,NA,75.3983,84.54071,96.16709,18.2485,24.331335,NA,91,75.1,0.21
2018-08-03,0.04,GPT,88,73,75,70,0,5.237631,111.68059,62.857838,78.444664,90.73938,NA,NA,76.3211,84.53575,92.246544,19.117477,20.85543,NA,91,75.1,0.22
2018-08-04,0.03,GPT,88,73,75.9,68,0.82,4.61115,151.52966,64.954704,80.01255,93.79415,NA,NA,73,85.83872,97.55716,17.379524,19.117477,NA,91,75.1,0.22
2018-08-05,0.028,GPT,90,76,78.1,72,0,5.075261,120.43863,57.18277,76.07981,93.55792,NA,NA,78.6381,89.19594,99.3201,13.90362,19.117477,NA,91,75.1,0.23
2018-08-06,0.03,GPT,92,76,75.9,72,0,3.6069686,146.66985,55.71818,75.4345,90.73938,NA,NA,77.3131,89.135544,100.53279,12.165668,14.772596,NA,91,75.1,0.23
2018-08-07,0.026,GPT,95,76,77,69.1,0,3.2689896,130.41533,52.372917,74.15231,93.55792,NA,NA,77.5859,89.297195,103.05586,14.772596,19.117477,NA,91,75,0.21
2018-08-08,0.033,GPT,92,74,77,71.1,0,3.0174215,160.19135,57.431393,74.85764,93.55792,NA,NA,76.3211,90.24095,104.22139,11.296691,13.90362,NA,91,75,0.21
2018-08-09,0.032,GPT,93,77,75.9,71.1,0,4.3268294,236.17535,52.247787,72.22268,90.249115,NA,NA,80.6644,92.17578,103.05586,13.90362,19.117477,NA,91,75,0.2
2018-08-10,0.023,GPT,90,75,77,72,1e-4,3.9470384,276.03073,59.26213,80.74328,92.96513,NA,NA,77.3131,86.43219,99.26306,11.296691,16.51055,NA,91,75,0.19
2018-08-11,0.023,GPT,94,73,76,71.1,0.89,3.8311236,298.778,52.348576,81.877716,93.79415,NA,NA,74.4073,83.94687,102.11232,17.379524,24.331335,NA,91,75,0.19
2018-08-12,0.032,GPT,94,75,77,69.1,0.77,3.7620208,290.64615,50.609615,81.518585,97.04129,NA,NA,75,85.88984,101.825516,19.117477,28,NA,91,74.9,0.19
2018-08-13,0.032,GPT,93,74,75.9,70,0,3.6020906,341.0323,52.348576,73.32135,93.55792,NA,NA,75.1086,88.79245,102.11232,10.427715,13.034643,NA,90.9,74.9,0.19
2018-08-14,0.041,GPT,93,76,76,73,0,2.8905923,176.75334,55.838146,72.21013,90.73938,NA,NA,77.4548,91.37467,103.05586,13.90362,17.379524,NA,90.9,74.9,0.2
2018-08-15,0.043,GPT,91,77,77,73.9,1e-4,4.0432057,157.7408,59.26213,74.55683,93.55792,NA,NA,78.7972,93.0903,103.0089,13.034643,17.379524,NA,90.9,74.8,0.22
2018-08-16,0.036,GPT,91,78,78.1,73,0.22,4.7714286,157.8508,63.362026,76.62307,90.29109,NA,NA,83,92.91305,101.825516,14.772596,20.85543,NA,90.8,74.8,0.21
2018-08-17,0.028,GPT,89,76,78.1,73,2.13,4.2526097,172.35725,63.4554,81.22519,93.637276,NA,NA,77.4548,88.63483,100.38934,19.986454,23.462358,NA,90.8,74.7,0.22
2018-08-18,0.028,GPT,86,75,79,71.1,0.39,4.809059,191.04936,71.73187,83.525444,94.14301,NA,NA,76.4488,87.45212,96.585106,14.772596,23,NA,90.8,74.7,0.22
2018-08-19,0.024,GPT,88,75,77,73,1.24,2.8062718,228.44142,67.49169,83.827156,94.14301,NA,NA,76.5948,86.84463,98.867195,15.641572,21,NA,90.7,74.6,0.22
2018-08-20,0.025,GPT,89.1,75,78.1,72,0.27,3.8954704000000002,209.9819,69.448425,84.03919,90.73938,NA,NA,76.4488,87.824844,98.867195,15,16,NA,90.7,74.5,0.22
2018-08-21,0.03,GPT,93,78,79,75,0.15,4.8355403,249.34254,59.701164,79.099525,93.637276,NA,NA,85.08518,95.46607,107.393974,11.296691,16.51055,NA,90.6,74.5,0.23
2018-08-22,0.037,GPT,92,73,75.9,68,0,4.9191637,334.33243,48.48942,72.0445,93.79415,NA,NA,74.4073,85.6531,97.2908,13.034643,17.379524,NA,90.6,74.4,0.23
2018-08-23,0.047,GPT,91,72,73.9,66.9,0,3.6574912,12.692374,49.72598,69.66257,87.23564,NA,NA,73,84.08531,94.00061,7.820786,14.772596,NA,90.5,74.3,0.24
2018-08-24,0.054,GPT,90,72,73.9,68,0,2.4369338,139.70535,51.649754,72.53515,90.594666,NA,NA,73.158,84.12708,96.446625,10.427715,12.165668,NA,90.5,74.2,0.22
2018-08-25,0.045,GPT,91,74,75.9,71.1,0,5.050871,126.15525,53.867287,72.74434,90.73938,NA,NA,76.3211,89.72099,99.5694,13.034643,14.772596,NA,90.4,74.2,0.22
2018-08-26,0.036,GPT,91,77,78.1,73,0.01,7.3135886,126.92201,65.18404,76.51547,93.60928,NA,NA,78.6381,93.377174,103.10775,14.772596,19.117477,NA,90.3,74.1,0.2
2018-08-27,0.031,GPT,89,78,77,71.1,0.23,7.269686,128.33865,63.25543,76.64248,90.21457,NA,NA,80.7386,90.63441,100.40434,20.85543,25.200312,NA,90.2,74,0.2
2018-08-28,0.024,GPT,90,76,77,73,0.17,5.3477354,139.3269,65.18404,78.82031,93.52941,NA,NA,76,90.16896,100.40434,12.165668,16.51055,NA,90.2,73.9,0.2
2018-08-29,0.033,GPT,88,75,75.9,71.1,0.66,5.0940766,107.46201,64.954704,78.859505,90.73938,NA,NA,76.5837,86.737816,95.41936,13.90362,17.379524,NA,90.1,73.7,0.19
2018-08-30,0.031,GPT,84,75.9,75,72,0.11,6.025087,81.29612,67.280304,88.41638,93.55792,NA,NA,77,80.917786,89.61728,19.117477,23.462358,NA,90,73.6,0.2
2018-08-31,0.033,GPT,82.9,75,75,71.6,0.92,6.866202,91.72152,76.526184,88.027,93.50594,NA,NA,75,80.065186,88.639565,15.641572,20.85543,NA,89.9,73.5,0.19
2018-09-01,0.032,GPT,84,76,77,72,1.26,9.569338,109.3992,81.41737,88.08688,97.04129,NA,NA,76,82.27308,87.981544,20.85543,30,NA,89.8,73.4,0.2
2018-09-02,0.029,GPT,88,75,79,72,1.38,8.594425,113.230194,74.60542,85.27478,94.14301,NA,NA,76.4488,86.28983,101.51988,27.80724,33.0211,NA,89.7,73.3,0.2
2018-09-03,0.028,GPT,88,76,75.9,71.1,0.02,9.68014,94.29767,63.01707,80.88552,94.18534,NA,NA,77,87.17954,97.814644,20.85543,25.200312,NA,89.6,73.1,0.18
2018-09-04,0.026,GPT,88,75,73.9,69.1,0.13,9.932055,51.962723,60.923714,76.23058,90.39978,NA,NA,76.4488,83.742165,93.9102,19.986454,26.069286,NA,89.5,73,0.19
2018-09-06,0.021,GPT,85,76,79,73,1.5,2.8222997,195.66182,79.39962,88.13958,93.637276,NA,NA,77.4548,85.638084,96.585106,12.165668,17.379524,NA,89.3,72.7,0.19
2018-09-07,0.032,GPT,89,75,75.9,73,0.01,2.5965157,91.63777,61.364693,84.2524,94.14301,NA,NA,76.5948,84.719826,99.3201,12.165668,14.772596,NA,89.2,72.5,0.2
2018-09-08,0.028,GPT,88,73,75.9,72,0,3.2188153,151.15544,63.124584,81.94886,96.678116,NA,NA,74.5439,86.1903,97.55716,11.296691,15.641572,NA,89.1,72.4,0.2
2018-09-09,0.036,GPT,90,75,75.9,72,0.04,3.3923345,183.28085,59.20717,77.91737,93.52941,NA,NA,77.5859,86.9989,96.62901,13.034643,16.51055,NA,89,72.2,0.21
2018-09-10,0.029,GPT,89,75,77,72,1.13,2.8188152,144.7902,62.683746,82.580444,93.55792,NA,NA,77,85.17701,100.23442,15.641572,19.986454,NA,88.8,72,0.21
2018-09-11,0.028,GPT,89,75,77,73,0.38,4.2850175,119.01383,63.124584,80.90994,93.52941,NA,NA,76.5948,86.51155,100.22006,13.034643,15.641572,NA,88.7,71.8,0.21
2018-09-12,0.033,GPT,92,75,77,71.1,0,4.0334496,75.23285,52.247787,76.83558,93.50594,NA,NA,76.4488,88.5648,100.53279,11.296691,14.772596,NA,88.5,71.6,0.22
2018-09-13,0.029,GPT,90,77,77,73,0,3.9059234,125.616455,63.124584,78.70794,90.249115,NA,NA,78.6381,89.66476,100.40434,12.165668,16.51055,NA,88.4,71.4,0.19
2018-09-14,0.031,GPT,94,76,77,73,0.01,2.6066203,293.30246,52.348576,77.42871,93.55792,NA,NA,77.5859,90.43055,104.506775,10.427715,13.90362,NA,88.3,71.2,0.18
2018-09-15,0.032,GPT,97,76,77,73,0,3.9783971,332.44293,49.033268,71.890076,93.52941,NA,NA,77.4548,92.99461,107.15055,12.165668,14.772596,NA,88.1,71,0.18
2018-09-16,0.029,GPT,98,77,77,72,0,3.0487804,308.66373,44.73988,69.83442,87.5789,NA,NA,80.6001,94.161026,108.317184,10.427715,12.165668,NA,87.9,70.8,0.17
2018-09-17,0.034,GPT,96,78,78.1,72,0,2.0299652,220.46115,50.609615,72.33457,90.29109,NA,NA,80.7386,95.186584,108.563194,8.689762,11.296691,NA,87.8,70.6,0.16
2018-09-18,0.046,GPT,97,77,77,72,0,2.5581882,262.27625,47.572624,70.633804,90.249115,NA,NA,80.7386,93.48596,107.123085,8.689762,13.034643,NA,87.6,70.3,0.15
2018-09-19,0.049,GPT,96,76,75.9,72,0,3.2376306,150.49448,49.216675,72.39606,90.73938,NA,NA,77.4548,92.4143,104.50276,13.90362,17.379524,NA,87.4,70.1,0.14
2018-09-20,0.043,GPT,92,77,77,73.9,0,4.7679443,149.81584,59.58785,73.848816,93.55792,NA,NA,78.6381,92.63338,103.0089,13.90362,18.2485,NA,87.2,69.8,0.14
2018-09-21,0.021,GPT,92,79,75.9,73,0,5.579094,138.589,54.172462,70.79469,87.5789,NA,NA,82.533,93.60845,101.86564,14.772596,18.2485,NA,87,69.5,0.13
2018-09-22,0.034,GPT,90,77,78.1,73,0.28,4.513589,130.7381,61.48733,75.74207,86.949745,NA,NA,80.6644,89.37549,100.53279,14.772596,19.117477,NA,86.8,69.3,0.13
2018-09-23,0.037,GPT,89,76,75.9,72,0,6.3979096,137.25438,60.923714,71.128654,93.52941,NA,NA,77.5859,90.24487,98.85556,17.379524,20.85543,NA,86.6,69,0.15
2018-09-24,0.027,GPT,89,76,77,72,0.66,5.3623695,152.91423,63.124584,78.15223,93.60928,NA,NA,76,88.74265,97.55716,17.379524,21.724405,NA,86.4,68.7,0.14
2018-09-25,0.027,GPT,90,77,78.1,73.9,0.09,4.5414634,151.02379,65.18404,83.81564,94.18534,NA,NA,78.6381,87.543465,100.40434,15.641572,21,NA,86.2,68.4,0.16
2018-09-26,0.028,GPT,89,75,77,73,0.44,3.6027875,237.33,60.966244,83.16994,93.52941,NA,NA,76.5948,85.63924,98.08501,11.296691,15.641572,NA,86,68.1,0.15
2018-09-27,0.02,GPT,86,74,75.9,71.1,0.6,2.882927,254.4073,63.395924,86.360085,93.79415,NA,NA,75,81.38955,90.81524,19.117477,32,NA,85.7,67.8,0.15
2018-09-28,0.023,GPT,87,73,73.9,71.1,1e-4,4.0104527,0.99355304,63.0984,82.314285,93.79415,NA,NA,74.4073,81.86382,92.35637,7.820786,12.165668,NA,85.5,67.4,0.15
2018-09-29,0.023,GPT,89,75,77,71.1,0,4.2578397,21.663849,61.241543,80.7715,90.39978,NA,NA,76.3211,84.083595,96.62901,10.427715,12.165668,NA,85.2,67.1,0.16
2018-09-30,0.025,GPT,90,75,73.9,68,0,4.5770035,49.77827,60.814526,77.24996,87.72512,NA,NA,76.1695,83.11958,98.08501,14.772596,22.593382,NA,85,66.8,0.15
2018-10-01,0.028,GPT,90,73,75,69.1,0,4.763763,81.47587,60.966244,78.71992,94.10022,NA,NA,74.8627,84.66356,99.3201,13.034643,18.2485,NA,84.7,66.4,0.14
2018-10-02,0.043,GPT,91,74,75.9,71.1,0,3.6167247,107.738,57.49431,77.56062,90.974266,NA,NA,75.2658,86.93583,98.29539,11.296691,14.772596,NA,84.5,66,0.14
2018-10-03,0.034,GPT,90,75,75,71.1,NA,6.070383,127.60616,55.463593,75.585625,93.52941,NA,NA,76.4488,87.592354,97.143906,13.90362,18.2485,NA,84.2,65.7,0.14
2018-10-04,0.04,GPT,90,74,73.9,69.1,0,4.522648,127.26687,50.356514,75.21298,93.79415,NA,NA,75.3983,86.36637,98.29539,14.772596,19.117477,NA,83.9,65.3,0.14
2018-10-05,0.042,GPT,91,74,73,66.9,0,6.060627,118.10811,46.683357,72.54091,93.79415,NA,NA,75.3983,85.69644,95.34641,15.641572,19.986454,NA,83.6,64.9,0.13
2018-10-06,0.035,GPT,89,75,75,72,0,6.901742,118.034515,63.124584,75.35228,90.73938,NA,NA,76.4488,88.07184,97.814644,15.641572,19.986454,NA,83.3,64.5,0.13
2018-10-07,0.034,GPT,90,76,73.9,71.1,0.01,8.075261,101.76195,57.18277,75.35727,90.73938,NA,NA,77.4548,86.16076,96.16709,26.069286,32.152122,NA,83,64.1,0.12
2018-10-08,0.033,GPT,88,75,73.9,70,0.13,10.009756,90.43599,63.0984,77.51637,90.172104,NA,NA,76.1695,83.58696,93.09395,26.938263,34,NA,82.7,63.7,0.13
2018-10-09,0.026,GPT,89,73,75,71.1,0.31,9.604181,71.418076,64.954704,79.772095,93.79415,NA,NA,74.4073,84.21378,95.41936,19.117477,24,NA,82.4,63.2,0.13
2018-10-10,0.022,GPT,91,74,75,69.1,0,9.675959,334.90146,59.147587,75.4783,87.72512,NA,NA,76.9253,85.700714,100.53279,18.2485,25.200312,NA,82.1,62.8,0.11
2018-10-11,0.033,GPT,85,65,68,53.1,0,8.778398,327.749,35.809956,64.959785,90.400345,NA,NA,64.9,73.75604,84,15.641572,19.986454,NA,81.7,62.4,0.11
2018-10-12,0.038,GPT,83,57,62.1,50,0,4.036237,351.91034,38.10585,65.83931,90.642,NA,NA,57,68.17218,82,10.427715,13.90362,NA,81.4,62,0.11
2018-10-13,0.051,GPT,82,60,64.9,57,0,3.0425086,128.48808,43.89786,70.98123,93.180626,NA,NA,61,71.40631,81.81456,11.296691,14.772596,NA,81.1,61.5,0.11
2018-10-14,0.049,GPT,87,71,72,63,0,6.266899,152.41756,57.163784,71.12344,90.0483,NA,NA,66,82.59966,90.72519,14.772596,21,NA,80.7,61.1,0.12
2018-10-15,0.033,GPT,87,74,77,72,0,6.1770034,144.25955,71.92741,80.15256,93.79415,NA,NA,75.3983,88.15579,95.92129,12.165668,15.641572,NA,80.4,60.6,0.11
2018-10-16,0.022,GPT,87,74,77,72,1e-4,5.6208634,108.91833,67.393654,83.016,96.42644,NA,NA,74,86.68953,96.557755,13.034643,17.379524,NA,80,60.2,0.12
2018-10-17,0.017,GPT,82,67,72,63,0,7.8369336,15.860346,69.18237,83.91492,96.99354,NA,NA,68,74.7677,84.50432,13.90362,19.117477,NA,79.7,59.7,0.13
2018-10-18,0.037,GPT,84,62,63,52,0,7.770732,22.285465,39.366528,57.802795,87.28321,NA,NA,62.1,72.07988,83.47236,13.034643,17.379524,NA,79.3,59.3,0.12
2018-10-19,0.045,GPT,87,64,75.9,54,0,4.1584435,94.23285,59.922417,73.97828,96.678116,NA,NA,64,77.82931,93.34773,11.296691,15.641572,NA,79,58.8,0.13
2018-10-20,0.025,GPT,88,66,75.9,61,0.4,3.2452962,340.9236,67.280304,87.03805,100,NA,NA,68,77.60262,90.34348,15.641572,21.724405,NA,78.6,58.3,0.12
2018-10-21,0.036,GPT,73,53,57.9,37,0,8.984669,19.768633,27.847334,53.882526,75.55841,NA,NA,54,63.667747,70.4965,15.641572,21,NA,78.2,57.9,0.12
2018-10-22,0.04,GPT,78,49,64.9,42.1,1e-4,4.7020907,50.034687,55.953083,70.94638,83.80627,NA,NA,47.772274,63.77862,77,8.689762,14.772596,NA,77.9,57.4,0.11
2018-10-23,0.021,GPT,70,63,66,61,0.3,5.4006968,33.700367,75.398506,89.24421,93.53832,NA,NA,64,66.334984,69.1,8.689762,11.296691,NA,77.5,57,0.11
2018-10-24,0.044,GPT,78,59,63,55,0,6.558885,64.00318,53.79913,73.17845,90.247734,NA,NA,59,68.32753,77,12.165668,14.772596,NA,77.2,56.5,0.11
2018-10-25,0.033,GPT,75,65,72,57,1,7.7721252,95.235016,67.86223,86.54967,96.678116,NA,NA,64.9,70.34299,76.3211,14.772596,19.986454,NA,76.8,56.1,0.11
2018-10-26,0.031,GPT,73,57,71.1,51.1,1e-4,8.36655,300.31668,54.452133,75.18029,93.45335,NA,NA,57,64.27991,73,17.379524,23,NA,76.4,55.7,0.1
2018-10-27,0.035,GPT,74,50,55.9,48,0,3.8634145,309.02145,44.756134,73.77866,92.86074,NA,NA,51.1,61.261883,73.9,14.772596,20.85543,NA,76.1,55.2,0.12
2018-10-28,0.059,GPT,79,52,66.9,51.1,0,3.5365853,202.72949,59.783844,80.294464,96.034454,NA,NA,53.1,67.62997,78.1,10.427715,14.772596,NA,75.7,54.8,0.11
2018-10-29,0.05,GPT,85,63,68,61,0,3.6285715,282.89984,45.957172,78.328094,96.878845,NA,NA,63,72.734436,85.82961,11.296691,13.90362,NA,75.4,54.4,0.11
2018-10-30,0.053,GPT,79,66,70,63,0,4.1519165,149.09108,58.037228,84.73495,96.9686,NA,NA,66.9,73.69166,80.5393,13.034643,17.379524,NA,75,54,0.11
2018-10-31,0.052,GPT,83,72,71.1,68,1e-4,10.301045,148.9366,65.026215,77.85599,90.594666,NA,NA,73.158,79.08149,85.80995,20.85543,26.069286,NA,74.7,53.6,0.11
2019-02-28,0.016,GPT,75,65,68,62.1,0.38,3.7362177,206.16852,81.1965,90.76473,96.9036,NA,NA,64.9,67.56411,73,12.165668,17,NA,67.3,48.8,0.17
2019-03-01,0.019,GPT,75,64,68,63,0.05,3.286113,175.62195,76.355446,92.056816,100,NA,NA,64,67.543,73.9,11.296691,14.772596,NA,67.5,49,0.16
2019-03-02,0.025,GPT,75,65,66.9,60.1,0,2.9162595,0.0011878884,68.63514,88.300514,100,NA,NA,64.9,68.44418,75,8.689762,11.296691,NA,67.7,49.1,0.16
2019-03-03,0.027,GPT,75,49,69.1,44.1,0.88,8.942161,334.5563,81.89738,88.92383,100,NA,NA,42.9388,62.571404,76.0492,18.2485,30,NA,67.9,49.3,0.16
2019-03-04,0.037,GPT,50,38,43,30.9,0.19,12.323098,352.63885,51.89094,67.66908,92.783875,NA,NA,30.850098,36.96432,44.16081,19.986454,26.069286,NA,68.1,49.5,0.17
2019-03-05,0.044,GPT,53,32,36,21,0,9.98395,343.67776,29.346699,53.67676,93.13691,NA,NA,24.881613,36.873936,52,17.379524,22,NA,68.3,49.7,0.16
2019-03-06,0.049,GPT,58,31,37.9,16,0,4.1163764,8.165996,23.129969,53.623695,89.26615,NA,NA,24.205523,40.58119,55,11.296691,17,NA,68.5,49.9,0.17
2019-03-07,0.05,GPT,61,36,54,34,0,4.919861,128.50505,49.256523,72.254715,92.783875,NA,NA,36,52.230698,61,13.034643,15.641572,NA,68.7,50.1,0.17
2019-03-08,0.056,GPT,72,60,63,55,0,8.26448,153.96361,68.74948,82.85093,93.56222,NA,NA,60.1,65.74829,71.6,15.641572,19.117477,NA,68.8,50.2,0.16
2019-03-09,0.041,GPT,72,64,66,63,0,8.415911,145.65416,75.57828,90.58309,96.9036,NA,NA,64,67.017075,71.1,22.593382,29,NA,69,50.4,0.17
2019-03-10,0.034,GPT,81,65,70,64,0.01,3.9036984,158.3174,71.34513,91.6324,100,NA,NA,64.9,70.98934,83.28471,10.427715,14,NA,69.2,50.6,0.15
2019-03-11,0.029,GPT,82,59,72,55.9,1e-4,4.6266575,304.79657,62.615204,86.43352,100,NA,NA,61,71.574455,84.92029,18.2485,24.331335,NA,69.4,50.8,0.15
2019-03-12,0.047,GPT,71,57,60.1,51.1,0,5.576413,90.91877,56.54882,75.88922,93.15526,NA,NA,57,62.81338,70,12.165668,15.641572,NA,69.6,51,0.14
2019-03-13,0.037,GPT,74,60,66.9,59,0,14.553385,124.07321,75.747345,89.26115,96.903595,NA,NA,60.1,68.150314,73.9,22.593382,30,NA,69.8,51.2,0.15
2019-03-14,0.035,GPT,77,69,71.1,66.9,1e-4,9.620377,148.63643,81.89738,91.25009,100,NA,NA,69.1,72.58537,77.0421,15.641572,21.724405,NA,70,51.4,0.15
2019-03-15,0.035,GPT,71,53,70,45,0.13,8.198883,339.05026,53.721645,72.51981,100,NA,NA,54,61.61535,73.2911,17.379524,23.462358,NA,70.2,51.6,0.16
2019-03-16,0.04,GPT,59,49,48.9,34,0.24,6.106071,359.91434,40.4286,63.771942,86.17496,NA,NA,50,53.309826,57.9,13.90362,19.117477,NA,70.4,51.7,0.16
2019-03-17,0.045,GPT,63,47,42.1,30,0,5.8241453,4.3537393,29.626625,50.564156,74.04533,NA,NA,45.3971,53.339836,62.1,13.90362,19.117477,NA,70.6,51.9,0.16
2019-03-18,0.048,GPT,67,44,41,33.1,0,5.6741104,19.492115,31.553473,49.433315,75.92653,NA,NA,41.55,55.301857,64.9,13.034643,17.379524,NA,70.8,52.1,0.17
2019-03-19,0.056,GPT,68,45,39,23,0,6.1505227,20.720295,19.632956,38.980648,62.708424,NA,NA,43.0218,56.08103,68,14.772596,19.117477,NA,71,52.3,0.17
2019-03-20,0.061,GPT,68,40,48.9,28,0,3.6789951,162.3474,28.026197,57.514492,89.2861,NA,NA,37.0838,53.675106,68,12.165668,14.772596,NA,71.2,52.5,0.17
2019-03-21,0.052,GPT,74,45,46,37,0,6.119164,315.90723,26.922277,59.288216,89.921104,NA,NA,42.601,56.6477,71.3109,17.379524,24.331335,NA,71.4,52.7,0.19
2019-03-22,0.051,GPT,71,42,51.1,35.1,0,3.3470383,194.91646,29.74499,66.201996,91.83653,NA,NA,42.1,56.11208,69.308,12.165668,15.641572,NA,71.6,52.9,0.19
2019-03-23,0.06,GPT,73,44,53.1,39,0,3.6132405,150.40437,31.05408,69.80085,93.031395,NA,NA,44.1,58.234158,70.4965,13.90362,17.379524,NA,71.8,53.1,0.19
2019-03-24,0.057,GPT,72,45,60.1,44.1,0,5.2030706,149.4251,56.76799,78.106186,96.729576,NA,NA,42.601,60.507267,71.1,13.90362,17.379524,NA,71.9,53.3,0.19
2019-03-25,0.052,GPT,81,56,64,52,0,4.7250524,228.8875,46.69717,76.13729,93.56222,NA,NA,57,68.73389,80.58053,14,20,NA,72.1,53.5,0.19
2019-03-26,0.041,GPT,65,51,48.9,45,0,8.273552,345.71573,50.317757,65.413086,82.8192,NA,NA,51.1,59.160698,64.9,15.641572,21,NA,72.3,53.8,0.18
2019-03-27,0.053,GPT,70,47,53.1,36,0,5.8181186,13.52626,46.924103,66.966774,92.89372,NA,NA,44.0907,56.87951,69.1,12.165668,16.51055,NA,72.5,54,0.17
2019-03-28,0.056,GPT,70,48,53.1,41,0,5.3600836,142.59291,35.93618,67.17613,96.685585,NA,NA,48.9,60.61033,70,13.90362,18.2485,NA,72.7,54.2,0.17
2019-03-29,0.048,GPT,72,51,63,48.9,0,7.399303,133.32826,66.15704,82.07244,92.89372,NA,NA,51.1,63.716167,72,17.379524,20.85543,NA,72.9,54.4,0.17
2019-03-30,0.049,GPT,77,58,64.9,57.9,0,6.9951153,161.86148,61.7494,80.322136,96.15043,NA,NA,59,69.0384,75.9,17.379524,23,NA,73.1,54.6,0.18
2019-03-31,0.033,GPT,69,47,66,39,0.04,10.102439,352.29178,63.23817,77.783646,93.319046,NA,NA,42.2151,51.018024,69,19.986454,27,NA,73.3,54.8,0.19
2019-04-01,0.048,GPT,66,43,45,32,0,5.2940764,25.776897,32.12623,58.99407,82.04454,NA,NA,38.1872,52.89044,64,13.034643,19.117477,NA,73.5,55,0.21
2019-04-02,0.051,GPT,73,42,46.9,33.1,0,5.394425,328.10498,24.586504,56.351105,86.06188,NA,NA,38.3902,55.813923,70.114,13.90362,17.379524,NA,73.7,55.3,0.21
2019-04-03,0.057,GPT,74,45,57.9,39,0,7.059316,123.07077,31.195848,64.92499,86.27629,NA,NA,46,60.72678,72.6068,18.2485,22.593382,NA,73.9,55.5,0.21
2019-04-04,0.053,GPT,66,58,62.6,55.9,1.47,8.36776,119.45721,78.0474,88.48724,96.4786,NA,NA,57.9,62.698536,64.9,18.2485,23.462358,NA,74.1,55.7,0.2
2019-04-05,0.036,GPT,77,64,70,62.6,0.5,6.3140264,140.4318,79.47427,91.9122,100,NA,NA,64.4,68.70968,76.9253,13.90362,18.2485,NA,74.3,55.9,0.2
2019-04-06,0.03,GPT,76,66,71.1,64.9,0.05,6.4466157,144.70135,87.681946,95.58262,100,NA,NA,66,70.870766,76.3211,13.90362,16.51055,NA,74.5,56.2,0.2
2019-04-07,0.039,GPT,75,67,69.8,64,0.24,12.0446615,118.3969,81.89738,93.79823,100,NA,NA,66.9,70.917625,76.0492,20.85543,26,NA,74.7,56.4,0.19
2019-04-08,0.054,GPT,78,67,66.9,61,0.01,8.354007,168.79033,68.732666,81.47346,93.319046,NA,NA,66.9,70.58599,75.9,19.117477,24.331335,NA,74.9,56.6,0.2
2019-04-09,0.04,GPT,82,65,65,61,1e-4,7.92254,304.21713,52.16248,75.379234,96.9036,NA,NA,64.4,71.164215,81.104,18.2485,24.331335,NA,75.1,56.8,0.2
2019-04-10,0.052,GPT,85,59,66.9,54,0,4.1644597,200.10847,35.718548,67.63015,92.43185,NA,NA,60.1,72.70456,82.6729,12.165668,16.51055,NA,75.3,57.1,0.19
2019-04-11,0.052,GPT,79,63,69.1,61,0,9.027913,141.58618,68.85131,84.74605,96.878845,NA,NA,63,72.18696,78.1,18.2485,22.593382,NA,75.5,57.3,0.2
2019-04-12,0.04,GPT,78,67,70,66.9,0,8.291696,124.74261,71.14396,86.48,93.4268,NA,NA,69.1,74.47043,78.1138,15.641572,20.85543,NA,75.7,57.5,0.18
2019-04-13,0.034,GPT,78,72,73.4,68,0.45,16.431263,130.5762,82.03341,89.27458,94.14301,NA,NA,73,76.183754,78.5117,25.200312,31,NA,75.9,57.8,0.19
2019-04-14,0.038,GPT,76,48,73.9,43,1.49,10.2568035,283.21475,52.0582,71.3028,96.9686,NA,NA,47.7723,64.09543,77.4548,22.593382,40,NA,76.1,58,0.19
2019-04-15,0.05,GPT,72,45,53.1,44.1,0,2.3303137,204.65964,43.509964,70.17679,93.05812,NA,NA,45.722,58.99461,72,11.296691,13.90362,NA,76.3,58.2,0.2
2019-04-16,0.052,GPT,75,51,59,50,0,5.090021,135.2698,53.089157,71.61982,93.29195,NA,NA,52,65.02195,73.9,14.772596,19.986454,NA,76.5,58.5,0.19
2019-04-17,0.053,GPT,76,67,68,59,0,8.669923,142.26219,66.2685,74.077255,89.9397,NA,NA,66.9,71.07749,75,20.85543,26.938263,NA,76.8,58.7,0.19
2019-04-18,0.049,GPT,79,65,72,63,0.78,13.920557,155.16989,69.06545,84.24596,93.79415,NA,NA,66,74.522995,81.5504,30.41417,39.10393,NA,77,58.9,0.19
2019-04-19,0.042,GPT,68,50,63,43,0.02,12.369156,297.40582,43.6698,72.61827,93.56222,NA,NA,47.2089,59.219967,66.9,28.676216,42,NA,77.2,59.2,0.18
2019-04-20,0.046,GPT,73,47,46.9,33.1,0,7.561061,296.92502,25.829954,57.12484,89.665146,NA,NA,47.1552,59.014107,70.1581,20.85543,27,NA,77.4,59.4,0.18
2019-04-21,0.055,GPT,74,45,50,35.1,0,2.85485,165.2851,25.829954,59.540897,89.921104,NA,NA,44.6931,59.972324,71.5435,11.296691,13.90362,NA,77.6,59.7,0.18
2019-04-22,0.054,GPT,75,49,57,46,0,2.9818563,152.2243,46.269337,71.88221,92.8002,NA,NA,48.9,62.867107,73.9,11.296691,15.641572,NA,77.9,59.9,0.17
2019-04-23,0.047,GPT,75,54,63,52,0,3.6501741,152.81824,57.355286,78.2691,93.31721,NA,NA,55,66.00049,75,12.165668,15.641572,NA,78.1,60.2,0.17
2019-04-24,0.048,GPT,77,65,69.1,62.6,0,5.1737614,145.1165,73.677185,85.634636,93.924324,NA,NA,64.9,71.01659,75.9,13.034643,17.379524,NA,78.3,60.4,0.16
2019-04-25,0.041,GPT,74,63,70,63,1.61,7.078746,150.1504,89.814255,92.35944,100,NA,NA,64,69.55059,74.2452,20.85543,28,NA,78.5,60.7,0.17
2019-04-26,0.047,GPT,83,55,63,46.9,0,7.1556177,337.31583,31.147362,65.23666,96.55186,NA,NA,57,70.16801,82,17.379524,22.593382,NA,78.8,60.9,0.16
2019-04-27,0.058,GPT,77,51,57.9,45,0,4.376832,162.87346,35.600693,64.56525,92.92053,NA,NA,51.1,66.00033,75.9,13.90362,19.117477,NA,79,61.2,0.16
2019-04-28,0.06,GPT,77,56,61,55,0,3.9204466,165.02599,51.718468,70.002815,93.03501,NA,NA,57,68.83059,77,12.165668,16.51055,NA,79.3,61.4,0.16
2019-04-29,0.047,GPT,78,57,64.9,55.9,0,5,136.70511,64.21361,77.573944,96.81093,NA,NA,57.9,69.270386,77,15.641572,20,NA,79.5,61.7,0.14
2019-04-30,0.041,GPT,81,69,71.1,66.9,0,11.39986,128.87437,66.493004,82.115616,92.705696,NA,NA,69.1,76.356415,83.63766,18.2485,21.724405,NA,79.7,61.9,0.14
2019-05-01,0.031,GPT,83,74,72,68,0,10.614097,139.08534,64.6867,80.17661,90.9743,NA,NA,74,78.97981,85.3945,17,19.986454,NA,80,62.2,0.13
2019-05-02,0.029,GPT,83,65,71.1,64,0,5.60642,139.90997,67.177505,81.68996,96.9686,NA,NA,66,76.623535,86.35356,15,19.117477,NA,80.2,62.5,0.13
2019-05-03,0.027,GPT,82,66,70,64,0,4.490579,155.7684,64.6867,79.83951,96.2923,NA,NA,66,76.71478,85.39448,11,15.641572,NA,80.5,62.7,0.14
2019-05-04,0.048,GPT,79,67,73.9,64.9,0.58,5.420209,205.92319,75.92354,85.16174,94.14301,NA,NA,68,75.30493,82.533,18,32.152122,NA,80.7,63,0.14
2019-05-05,0.034,GPT,83,64,64.9,61,0,4.9804606,341.04358,49.028793,74.47056,96.24429,NA,NA,64.9,72.4806,83.69546,11,16,NA,81,63.3,0.15
2019-05-06,0.043,GPT,82,63,66.2,60.1,0,3.338451,143.19855,54.357697,74.01159,93.53832,NA,NA,63,73.048515,82.54184,9,13.034643,NA,81.2,63.6,0.14
2019-05-07,0.06,GPT,85,62,66.9,60.1,0,4.5324492,140.30571,49.320526,72.61954,93.56222,NA,NA,62.1,75.40399,86.23124,11,17.379524,NA,81.5,63.8,0.15
2019-05-08,0.043,GPT,83,71,73,66,1e-4,11.505234,135.23277,69.27759,77.813095,84.57616,NA,NA,72,79.33891,85.809,17,21.724405,NA,81.7,64.1,0.14
2019-05-09,0.046,GPT,83,67,75.2,64,1.44,11.432659,138.00319,74.2799,84.27491,96.92933,NA,NA,66.9,78.67344,90.17731,18,26.069286,NA,82,64.4,0.15
2019-05-10,0.025,GPT,80,67,75,64,0.01,8.476623,105.8928,75.92354,85.2856,93.55792,NA,NA,66.9,74.94183,83.94352,18,24,NA,82.2,64.7,0.14
2019-05-11,0.035,GPT,83,71,77,69.1,0.36,8.128223,146.8439,81.82045,89.96362,94.18534,NA,NA,72.2999,79.48486,91.80951,18,23.462358,NA,82.5,65,0.13
2019-05-12,0.042,GPT,82,67,72,64.9,1.39,4.851361,203.89136,76.36474,86.267365,96.29225,NA,NA,68,75.92657,83.94352,15,25.200312,NA,82.7,65.3,0.14
2019-05-13,0.037,GPT,84,67,68,55.9,0,7.0676904,1.43615,42.629578,62.13853,87.28321,NA,NA,66.9,75.00258,82.60356,14,19.986454,NA,83,65.5,0.12
2019-05-14,0.05,GPT,85,61,63,52,0,4.1556177,31.181211,37.045395,60.702827,87.2377,NA,NA,62.1,72.525856,82.9,13,19.986454,NA,83.2,65.8,0.12
2019-05-15,0.05,GPT,82,61,64.9,57,0,2.8143754,150.12248,48.413292,70.29597,93.180626,NA,NA,62.1,72.605606,82.0646,9,14.772596,NA,83.5,66.1,0.12
2019-05-16,0.054,GPT,86,64,66.9,61,0,3.3475227,184.27376,45.957172,71.11837,93.56222,NA,NA,64,75.66657,86.23124,11,16.51055,NA,83.7,66.4,0.13
2019-05-17,0.057,GPT,84,64,70,62.1,0,5.5736217,141.7035,50.97468,72.53777,93.56222,NA,NA,64.9,77.18278,85.07065,14,19.117477,NA,83.9,66.7,0.14
2019-05-18,0.049,GPT,86,77,73,70,0.01,13.084438,144.63004,63.395924,73.29189,84.35599,NA,NA,78.1138,84.83147,90.94671,19,24.331335,NA,84.2,67,0.13
2019-05-19,0.045,GPT,81,69,72,64.9,0.3,6.012561,151.74622,71.72483,81.5368,93.37325,NA,NA,69,77.176674,83.94352,20,26.069286,NA,84.4,67.3,0.14
2019-05-20,0.027,GPT,86,68,75.9,66,0,4.8353105,160.90779,69.685555,82.182396,96.9686,NA,NA,68,83.30807,94.2174,11,16,NA,84.6,67.6,0.15
2019-05-21,0.031,GPT,87,78,75,70,0,9.85485,159.64769,63.0984,74.22727,84.4745,NA,NA,80.6001,86.2321,92.246544,17,23,NA,84.9,67.8,0.15
2019-05-22,0.032,GPT,87,78,74,72,1e-4,10.556176,148.38898,64.954704,74.4261,81.89149,NA,NA,82.1219,87.438354,95.41936,17,23.462358,NA,85.1,68.1,0.16
2019-05-23,0.036,GPT,87,78,74,71.1,0,7.120028,142.3129,63.0984,74.75887,84.69338,NA,NA,79,86.86946,93.09395,15,19.117477,NA,85.3,68.4,0.17
2019-05-24,0.035,GPT,88,75,73.9,68,0,5.9288206,149.7096,51.649754,70.643654,86.949700000000007,NA,NA,76.9253,85.2731,91.65491,11,17.379524,NA,85.5,68.7,0.18
2019-05-25,0.045,GPT,89,70,73,66.9,0,2.1828332,158.9033,49.88376,73.87506,96.9686,NA,NA,70,83.06435,93.7054,8,12.165668,NA,85.7,69,0.18
2019-05-26,0.049,GPT,91,71,73.9,63,0,2.645499,146.44301,40.74673,70.54171,93.4268,NA,NA,72.2999,84.48238,95.935555,10,13.90362,NA,85.9,69.2,0.19
2019-05-27,0.044,GPT,88,73,73,69.1,0,6.397069,171.91196,56.919083,68.93471,90.3233,NA,NA,74.2452,87.00144,93.65173,11,16.51055,NA,86.1,69.5,0.19
2019-05-28,0.045,GPT,88,80,74,71.1,0,6.4933705,181.32327,59.092064,68.58375,76.78359,NA,NA,83.6377,88.24448,93.65173,11,18.2485,NA,86.3,69.8,0.19
2019-05-29,0.044,GPT,89,79,73,69.1,1e-4,7.2575016,165.34546,57.18277,66.0843,79.17114,NA,NA,82.1219,88.56578,96.1671,16,19.986454,NA,86.5,70,0.2
2019-05-30,0.039,GPT,90,73,75.9,69.1,0,5.1360784,190.44289,57.18277,70.27439,87.681946,NA,NA,74.9837,88.93991,97.143906,10,17,NA,86.7,70.3,0.2
2019-05-31,0.051,GPT,93,75,75.9,70,0,3.8641114,225.92484,50.798344,69.34389,93.52941,NA,NA,77.4548,90.80431,100.5627,9,15.641572,NA,86.9,70.5,0.2
2019-06-01,0.046,GPT,92,76,75.9,71.1,0.07,2.619679,268.82465,55.58441,75.99492,90.249115,NA,NA,78.5117,88.12027,99.26306,13,23.462358,NA,87.1,70.8,0.2
2019-06-02,0.048,GPT,95,74,75,64,0,3.2714584,258.4074,38.424847,68.237335,93.7942,NA,NA,75.3983,87.08481,99.10271,10,13.90362,NA,87.2,71,0.2
2019-06-03,0.061,GPT,96,73,73.9,63,0,4.3663645,157.8549,36.03345,63.86841,90.974266,NA,NA,74.2452,87.80662,98.8663,13,16.51055,NA,87.4,71.3,0.2
2019-06-04,0.058,GPT,93,75,75,64.9,0,3.4773202,167.26892,41.034203,69.163315,90.73938,NA,NA,77.4548,90.00372,101.86564,13,17.379524,NA,87.5,71.5,0.2
2019-06-05,0.016,GPT,84,74,77,71.1,1.57,3.3391485,70.28004,79.057945,86.87043,97.04129,NA,NA,75,82.94987,90.88469,16,21,NA,87.7,71.7,0.21
2019-06-06,0.029,GPT,86,78,78.1,73.9,0.25,8.030007,187.50607,72.30214,84.03709,93.60928,NA,NA,79,88.80252,96.585106,17,27,NA,87.8,71.9,0.21
2019-06-07,0.049,GPT,88,74,78.8,70,0.77,6.230662,203.74652,69.59207,80.37876,94.2687,NA,NA,77.0421,89.75098,98.8672,20,33.0211,NA,88,72.1,0.21
2019-06-08,0.043,GPT,89,72,75,70,0.02,2.5031402,236.81256,58.95082,77.924164,96.99354,NA,NA,73.4587,84.315216,96.62901,11,20,NA,88.1,72.3,0.21
2019-06-09,0.036,GPT,90,74,73.9,68,0,5.504536,315.78162,53.638535,71.14511,93.79415,NA,NA,75.3983,84.97361,93.10589,12,19.117477,NA,88.2,72.5,0.22
2019-06-10,0.042,GPT,94,74,72,69.1,0,7.3998604,343.9328,45.981567,66.02888,87.6289,NA,NA,75.1086,87.57483,100.201,15,22.593382,NA,88.3,72.7,0.22
2019-06-11,0.046,GPT,90,72,71.1,64.9,0,6.4682484,357.0358,48.025757,64.52355,76.7909,NA,NA,73,82.82944,93.7054,11,19.117477,NA,88.4,72.8,0.23
2019-06-12,0.043,GPT,84,68,70,63,0,2.640614,288.20093,57.979168,71.7678,89.859,NA,NA,68,77.509796,86.95028,8,12.165668,NA,88.5,73,0.23
2019-06-13,0.053,GPT,88,64,69.1,61,0,2.6008375,286.2952,41.615177,68.150986,93.56222,NA,NA,64,77.94366,88.2821,10,13.034643,NA,88.6,73.1,0.23
2019-06-14,0.057,GPT,88,67,69.1,57,0,6.520586,134.9424,36.06687,59.23985,81.26576,NA,NA,66.9,79.70583,87.581154,15,18.2485,NA,88.7,73.3,0.23
2019-06-15,0.038,GPT,89,79,75.9,69.1,0,8.061324,153.5028,64.954704,71.870285,81.41737,NA,NA,81.7209,88.624214,96.557755,15,19.986454,NA,88.8,73.4,0.24
2019-06-16,0.025,GPT,90,74,75.9,72,0.06,4.8660154,163.17839,57.18277,76.12734,93.7942,NA,NA,75.3983,89.07574,99.26306,13,18.2485,NA,88.9,73.6,0.25
2019-06-17,0.027,GPT,89,73,75.9,71.1,0.15,5.0829268,151.774,60.9662,78.1679,93.7942,NA,NA,75.2658,85.313065,98.085,15,20,NA,89,73.7,0.26
2019-06-18,0.029,GPT,88,76,77,73,0.07,4.953943,206.14145,63.01707,81.14799,90.73938,NA,NA,77.4548,86.636795,94.55197,14,23.462358,NA,89.1,73.8,0.24
2019-06-19,0.053,GPT,90,76,75,71.1,0,5.4173064,216.26463,53.91329,72.254555,90.172104,NA,NA,78.6381,90.677475,98.29539,11,16.51055,NA,89.1,73.9,0.24
2019-06-20,0.02,GPT,93,80,78.1,75,0,6.517097,222.40138,61.404633,75.55454,90.2911,NA,NA,85.4677,96.51897,105.74793,13,24.331335,NA,89.2,74,0.26
2019-06-21,0.023,GPT,92,81,80.1,77,0,6.221912,193.75412,65.7211,77.25983,90.6607,NA,NA,90.9271,98.481865,106.12244,13,18.2485,NA,89.3,74.1,0.25
2019-06-22,0.025,GPT,91,83,79,75.9,0,6.9337053,177.23087,67.61098,75.80292,82.55657,NA,NA,90.8847,97.43294,104.68358,11,17,NA,89.3,74.2,0.25
2019-06-23,0.021,GPT,92,83,78.1,75,0,8.081647,178.77312,63.690865,72.78176,79.46747,NA,NA,90.17731,97.1452,106.12244,14,20,NA,89.4,74.2,0.25
2019-06-24,0.045,GPT,90,75,77,64.9,0.03,4.927425,215.39421,44.802727,68.67033,87.7251,NA,NA,77.1891,88.40896,95.3566,17,26.069286,NA,89.4,74.3,0.24
2019-06-25,0.024,GPT,93,74,78.1,66,0,3.6350315,237.40787,59.5878,74.22993,90.7394,NA,NA,75,89.56294,104.221,21,26.069286,NA,89.5,74.4,0.23
2019-06-26,0.047,GPT,93,71,73.9,64,0,3.4884858,121.9369,42.201916,66.67735,84.972496,NA,NA,73,85.63817,97.003204,10,13.90362,NA,89.6,74.4,0.23
2019-06-27,0.034,GPT,98,72,73,64.9,0,4.5351915,2.148854,36.421604,64.78836,87.72512,NA,NA,73.9,86.73428,101.151375,20,31,NA,89.6,74.5,0.24
2019-06-28,0.04,GPT,95,68,71.1,64,0.03,4.1912074,340.30405,38.561287,67.18737,90.3233,NA,NA,68,80.64798,96.3042,21,30.41417,NA,89.7,74.5,0.24
2019-06-29,0.05,GPT,88,71,73.4,68,1e-4,4.8562455,108.072586,53.147194,77.25961,93.40279,NA,NA,72.137200000000007,82.42379,94.78818,13,17.379524,NA,89.7,74.6,0.23
2019-06-30,0.046,GPT,90,74,75,71.1,1e-4,3.53873,145.36046,55.463593,73.78199,93.50594,NA,NA,76,87.53556,97.2908,11,15.641572,NA,89.7,74.6,0.24
2019-07-01,0.049,GPT,94,75,73,69.1,0,3.8939288,248.27034,47.447067,67.273026,87.72512,NA,NA,77.1891,88.95407,97.2908,10,14.772596,NA,89.8,74.6,0.24
2019-07-02,0.033,GPT,92,74,75,70,0,3.6978366,257.71332,53.424034,73.22869,93.79415,NA,NA,75.3983,87.7024,99.5694,9,13.90362,NA,89.8,74.7,0.24
2019-07-03,0.037,GPT,92,76,73.9,69.1,0,3.0990927,233.22044,48.800888,70.2639,90.172104,NA,NA,78.5117,88.357445,99.5694,10,15.641572,NA,89.9,74.7,0.25
2019-07-04,0.035,GPT,94,76,75,70,0,4.080949,257.29422,45.981567,67.55597,87.48222,NA,NA,78.5117,91.853676,103.258156,10,14.772596,NA,89.9,74.7,0.25
2019-07-05,0.024,GPT,98,76,75.9,70,0,3.5603628,303.74393,41.79904,68.235634,90.21457,NA,NA,78.6381,93.19368,106.090836,10,13.034643,NA,90,74.7,0.25
2019-07-06,0.031,GPT,100,77,75,62.1,0,4.3430443,304.57162,32.661438,62.81151,87.48222,NA,NA,78.5117,95.4124,108.563194,11,17.379524,NA,90,74.8,0.25
2019-07-07,0.039,GPT,100,77,78.1,64,0.02,4.6866713,300.2069,33.96831,64.07113,93.55792,NA,NA,78.6381,92.0834,105.72785,12,31.283144,NA,90,74.8,0.25
2019-07-08,0.033,GPT,100,75,72,66.9,0,4.4159107,295.49506,35.355145,63.300327,85.08769,NA,NA,77.1891,90.12445,104.57,14,21,NA,90.1,74.8,0.25
2019-07-09,0.036,GPT,98,77,79,71.1,0.25,5.1430564,288.72717,43.39479,74.38455,94.22723,NA,NA,79,90.561646,105.68281,16,25.200312,NA,90.1,74.8,0.26
2019-07-10,0.033,GPT,93,75,78.1,73,0.57,5.0891986,350.19864,57.93478,79.25894,93.55792,NA,NA,76.5948,89.54441,104.22141,18,22,NA,90.2,74.8,0.26
2019-07-11,0.04,GPT,92,77,77,72,0.03,9.598743,73.974724,57.93478,74.62035,90.2146,NA,NA,78.6381,90.21476,103.05586,22,29.545193,NA,90.2,74.9,0.26
2019-07-12,0.033,GPT,89,77,78.1,73,0.36,16.394976,112.75657,63.124584,78.30583,90.2146,NA,NA,78.5117,88.1032,96.64578,29,36.497,NA,90.3,74.9,0.27
2019-07-13,0.032,GPT,83,75,79,72,0.98,13.523345,147.11218,76.6996,86.49709,94.18534,NA,NA,76.4488,84.17235,94.10947,23,40,NA,90.3,74.9,0.25
2019-07-14,0.024,GPT,83,75,80.1,73,0.13,10.721048,146.52068,85.480934,88.39028,94.14301,NA,NA,76.5948,90.89986,93.67499,19,26,NA,90.3,74.9,0.23
2019-07-15,0.021,GPT,88,82,79,78,1e-4,9.484997,158.87244,74.7037,84.76177,90.6607,NA,NA,90.9271,94.98511,102.983,14,20,NA,90.4,74.9,0.23
2019-07-16,0.026,GPT,90,81,78.1,73.9,0,5.9211445,173.73584,64.954704,78.06904,90.92372,NA,NA,87.981544,93.76535,100.40434,11,16.51055,NA,90.4,74.9,0.22
2019-07-17,0.026,GPT,91,76,77,72,0,3.4550524,190.37302,55.58441,74.56322,93.55792,NA,NA,78.7972,91.93906,100.53279,11,16.51055,NA,90.5,74.9,0.22
2019-07-18,0.029,GPT,92,77,77,71.1,0,3.6957429999999998,197.52881,50.798344,73.23052,93.55792,NA,NA,78.63809,92.68604,101.86564,11,17.379524,NA,90.5,74.9,0.22
2019-07-19,0.027,GPT,93,78,75.9,68,0,3.5617585,194.79759,46.991474,69.68746,90.249115,NA,NA,80.7386,93.48864,101.86564,11,15.641572,NA,90.5,75,0.22
2019-07-20,0.029,GPT,87,75,75.9,71.6,1.28,3.2903001,171.90724,64.954704,82.37135,93.50594,NA,NA,75,81.46828,95.41936,16,19.117477,NA,90.6,75,0.2
2019-07-21,0.027,GPT,88,74,75,71.1,1.22,1.5589672,157.81898,67.393654,86.09007,93.52941,NA,NA,75,79.59421,96.557755,17,20.85543,NA,90.6,75,0.21
2019-07-23,0.027,GPT,90,75,78.1,71.1,1.19,4.3379793,313.94644,63.01707,82.89864,93.55792,NA,NA,75.9,82.7396,96.557755,15,20.85543,NA,90.7,75,0.21
2019-07-24,0.04,GPT,89,70,69.1,61,0,7.11933,7.0052714,39.05985,62.75276,81.89738,NA,NA,70,80.03102,89.99089,14,19.117477,NA,90.7,75,0.21
2019-07-25,0.05,GPT,89,70,71.1,61,0,6.524773,104.20901,47.733757,64.80026,87.6819,NA,NA,70,81.66272,93.10589,16,20.85543,NA,90.8,75,0.21
2019-07-26,0.049,GPT,90,71,75,66,0,6.438939,116.448135,49.72598,70.47666,84.474464,NA,NA,72,84.842964,96.16709,17,21.724405,NA,90.8,75,0.21
2019-07-27,0.039,GPT,89,75,73.9,72,0,5.0579205,138.85576,59.147587,74.72697,90.73938,NA,NA,75,86.02568,97.143906,14,21.724405,NA,90.8,75,0.22
2019-07-28,0.047,GPT,90,73,73,64.9,0,3.2188153,155.54497,43.55041,69.73076,90.974266,NA,NA,73.9,83.76841,92.59112,11,16.51055,NA,90.9,75.1,0.23
2019-07-29,0.049,GPT,92,72,73,64,0,3.2756455,175.13521,40.898205,71.082016,90.974266,NA,NA,73,83.80425,94.00061,11,14.772596,NA,90.9,75.1,0.23
2019-07-30,0.031,GPT,91,72,72,68,1e-4,2.9979064,255.68748,53.147194,74.40664,90.974266,NA,NA,73,81.831085,96.446625,15,20.85543,NA,90.9,75.1,0.22
2019-07-31,0.044,GPT,90,70,72,64.9,0,2.2756455,181.96167,44.802727,71.816696,93.4028,NA,NA,71.1,82.39544,93.6517,10,13.90362,NA,90.9,75.1,0.22
2019-08-01,0.047,GPT,92,73,73.9,66,0,3.1430566,242.08748,46.991474,70.5609,90.3998,NA,NA,75,86.15205,98.5379,10,14.772596,NA,91,75.1,0.21
2019-08-02,0.041,GPT,92,72,73.9,66.9,1.51,3.123517,327.60486,51.8045,79.736855,93.77152,NA,NA,73,79.470116,96.1671,18,25.200312,NA,91,75.1,0.21
2019-08-03,0.047,GPT,88,71,73.9,69.1,1e-4,2.4298675,150.57901,60.923714,77.8113,93.4268,NA,NA,72,83.557144,96.62901,13,14.772596,NA,91,75.1,0.22
2019-08-04,0.034,GPT,89,74,75.9,72,0.01,2.6559665,206.44252,60.9237,78.13089,93.50594,NA,NA,75,85.78928,97.814644,11,16.51055,NA,91,75.1,0.22
2019-08-05,0.04,GPT,87,74,75.9,70,0.37,2.9511514,232.26457,69.4484,83.40384,94.10022,NA,NA,73.4,82.33006,97.5572,10,17.379524,NA,91,75.1,0.23
2019-08-06,0.033,GPT,94,76,77,73,0.14,3.9811847,257.14725,55.8381,77.80612,93.6093,NA,NA,75.9,89.411026,103.108,11,15.641572,NA,91,75.1,0.23
2019-08-07,0.034,GPT,93,76,77,73,0,4.0523376,249.71768,55.9842,74.46354,90.172104,NA,NA,77,92.03239,105.691,11,17.379524,NA,91,75,0.21
2019-08-08,0.028,GPT,93,78,78.1,73.9,0.05,3.6301465,250.81117,57.431393,77.50445,93.6093,NA,NA,79,92.961044,104.68358,11,16.51055,NA,91,75,0.21
2019-08-09,0.031,GPT,94,79,79,73,1e-4,4.3265877,276.4155,57.69113,75.316315,93.6093,NA,NA,79,94.63031,107.79258,14,19.117477,NA,91,75,0.2
2019-08-10,0.026,GPT,93,77,77,73.9,0,3.7641313,323.89886,61.404633,79.15583,90.249115,NA,NA,78.1,88.83443,105.74793,11,15.641572,NA,91,75,0.19
2019-08-11,0.023,GPT,91,77,78.1,73.9,0.26,3.3768318,300.5143,66.05125,86.078,93.58368,NA,NA,77,84.4663,106.12244,22,28.676216,NA,91,75,0.19
2019-08-12,0.032,GPT,97,75,80.1,73,0,3.0914166,277.35486,47.570576,76.93979,93.55792,NA,NA,75,92.15409,112.31158,10,15.641572,NA,91,74.9,0.19
2019-08-13,0.025,GPT,94,78,78.1,75,0.03,3.4605722,314.114,59.8391,82.78446,90.92372,NA,NA,79,91.59469,110.16285,10,17.379524,NA,90.9,74.9,0.19
2019-08-14,0.033,GPT,93,75,79,72,0.07,3.593161,331.97632,63.362026,82.157074,93.55792,NA,NA,75.9,85.14819,108.83534,15,22.593382,NA,90.9,74.9,0.2
2019-08-15,0.042,GPT,95,75,78.1,73,0.58,2.5094209,339.19742,54.443356,82.52943,96.38104,NA,NA,75,86.05279,105.68281,16,23.462358,NA,90.9,74.8,0.22
2019-08-16,0.056,GPT,96,75,77,70,0,1.8269365,227.08626,44.445583,72.13066,93.52941,NA,NA,75,89.404144,102.11232,8,12.165668,NA,90.8,74.8,0.21
2019-08-17,0.053,GPT,96,76,77,71.1,0.03,2.4291697,244.74025,46.142372,73.949066,93.55792,NA,NA,77,92.0101,105.691475,9,12.165668,NA,90.8,74.7,0.22
2019-08-18,0.021,GPT,89,77,78.1,73.9,1.53,2.2156315,252.9959,65.49481,87.233536,93.55792,NA,NA,77,83.93807,98.867195,14,21,NA,90.8,74.7,0.22
2019-08-19,0.024,GPT,88,74,79,72,1.67,3.6420097,295.2177,72.0341,89.190216,93.5579,NA,NA,75,80.446045,101.52,22,25.200312,NA,90.7,74.6,0.22
2019-08-20,0.034,GPT,87,74,75.9,72,0,4.3258896,149.99661,69.799286,82.18448,93.79415,NA,NA,73.9,84.05954,94.98124,11,16,NA,90.7,74.5,0.22
2019-08-21,0.029,GPT,88,76,75.2,72,0,2.1716678,189.95078,61.241543,78.66519,93.52941,NA,NA,75.9,85.89627,95.725685,8,11.296691,NA,90.6,74.5,0.23
2019-08-22,0.026,GPT,90,75,77,73,0.02,4.464676,155.7341,59.2621,77.08285,93.52941,NA,NA,75.9,89.102516,100.22,12,15.641572,NA,90.6,74.4,0.23
2019-08-23,0.029,GPT,89,76,77,72,0.12,2.2428472,163.96938,65.36098,80.72365,93.6093,NA,NA,77,87.01467,98.85556,10,14.772596,NA,90.5,74.3,0.24
2019-08-24,0.036,GPT,91,75,75.9,72,0,3.4752269,170.46193,59.20717,77.01126,93.52941,NA,NA,75.9,87.0833,99.3201,12,15.641572,NA,90.5,74.2,0.22
2019-08-25,0.026,GPT,88,77,77,72,0.41,2.9804606,159.70778,67.27328,81.338005,90.51289,NA,NA,77,83.13094,94.98124,14,20,NA,90.4,74.2,0.22
2019-08-26,0.032,GPT,84,75,75.9,71.1,0.46,2.6468947,214.27243000000001,72.10829,85.723206,93.55792,NA,NA,75.9,79.41827,88.75189,15,23.462358,NA,90.3,74.1,0.2
2019-08-27,0.027,GPT,91,78,79,70,0.01,3.543554,235.75238,58.95082,79.18978,96.42644,NA,NA,78.1,90.76642,99.3201,12,16.51055,NA,90.2,74,0.2
2019-08-28,0.036,GPT,95,75,75.9,71.1,0,4.6598687,344.36203,49.088055,72.37371,93.55792,NA,NA,75,90.19174,105.728,11,15.641572,NA,90.2,73.9,0.2
2019-08-29,0.055,GPT,92,74,73,68,0,3.7794836,77.3862,46.991474,68.18869,87.7251,NA,NA,73.9,84.93582,97.003204,10,15,NA,90.1,73.7,0.19
2019-08-30,0.058,GPT,93,71,73,66,0,2.6078157,116.00249,43.851994,68.8678,87.72512,NA,NA,72,83.514435,95.935555,11,14.772596,NA,90,73.6,0.2
2019-08-31,0.05,GPT,94,70,77,64.9,0,4.56455,88.380775,43.55041,70.33225,90.974266,NA,NA,71.1,84.3113,100.22006,14,18.2485,NA,89.9,73.5,0.19
2019-09-01,0.03,GPT,91,76,77,71.6,0.69,3.914166,45.16083,57.4943,80.625305,87.7251,NA,NA,75.9,84.02875,98.2954,17,21,NA,89.8,73.4,0.2
2019-09-02,0.024,GPT,93,75,75,71.1,0,4.401256,32.65862,53.867287,75.77493,90.7394,NA,NA,75,86.409935,98.5379,17,21.724405,NA,89.7,73.3,0.2
2019-09-03,0.038,GPT,93,75,75.9,69.1,0,3.8695045,77.53496,47.447067,70.62954,87.681946,NA,NA,75,87.41586,100.71375,11,17.379524,NA,89.6,73.1,0.18
2019-09-04,0.049,GPT,98,73,73.9,64.9,0,3.414515,0.6075634,33.896896,64.27417,90.974266,NA,NA,73.9,88.345695,102.618614,10,13.90362,NA,89.5,73,0.19
2019-09-05,0.038,GPT,96,73,73.9,69.1,0,5.021633,316.59497,42.9673,65.89033,87.628876,NA,NA,73.9,89.05363,103.997856,13,16.51055,NA,89.4,72.8,0.19
2019-09-06,0.04,GPT,96,76,73.9,61,0,5.586183,337.20224,32.495445,60.784523,85.08769,NA,NA,75.9,85.32335,96.4366,13,19.117477,NA,89.3,72.7,0.19
2019-09-07,0.055,GPT,98,73,75.9,68,0,2.7969296,253.07675,43.39479,67.12085,84.972496,NA,NA,73,90.17539,105.13238,9,12.165668,NA,89.2,72.5,0.2
2019-09-08,0.048,GPT,98,78,78.1,71.1,0,3.3712492,256.59824,43.39479,66.96751,87.5789,NA,NA,78.1,94.2157,107.22693,9,13.90362,NA,89.1,72.4,0.2
2019-09-09,0.057,GPT,94,80,79,71.1,0,4.530356,146.9662,50.609615,71.557106,88.01197,NA,NA,87.5676,96.33827,105.691475,13,16,NA,89,72.2,0.21
2019-09-10,0.036,GPT,91,76,73.9,70,1e-4,5.4968596,133.49916,53.867287,66.717964,82.03341,NA,NA,77,90.1509,98.537895,14,18.2485,NA,88.8,72,0.21
2019-09-11,0.038,GPT,93,77,75.9,66.9,0,4.296581,119.5643,43.986134,71.53921,87.48222,NA,NA,77,89.3187,101.86564,14,18.2485,NA,88.7,71.8,0.21
2019-09-12,0.053,GPT,95,75,73.9,69.1,0,3.2501743,93.2985,44.58768,70.28557,87.72512,NA,NA,75,87.13708,100.13229,14,19.117477,NA,88.5,71.6,0.22
2019-09-13,0.054,GPT,96,73,73,64,0,4.3300767,96.84589,36.119045,64.57877,87.58521,NA,NA,73,87.03917,98.96489,14,18.2485,NA,88.4,71.4,0.19
2019-09-14,0.044,GPT,93,75,73,64,0,4.602931,69.63186,39.76362,68.262856,87.681946,NA,NA,75,85.10751,96.13336,12,20,NA,88.3,71.2,0.18
2019-09-15,0.038,GPT,94,75,72,66,0,6.043266,78.40251,40.06605,65.93576,84.5762,NA,NA,75.9,85.710686,97.0258,15,20,NA,88.1,71,0.18
2019-09-16,0.036,GPT,89,75,73.9,69.1,1e-4,4.4480114,111.84382,56.919083,74.01512,87.681946,NA,NA,75,84.052414,93.9102,20,23.462358,NA,87.9,70.8,0.17
2019-09-17,0.034,GPT,94,75,73.9,66.9,0,2.572924,182.08891,41.33532,69.57091,90.73938,NA,NA,75,86.69351,98.537895,9,13.034643,NA,87.8,70.6,0.16
2019-09-18,0.039,GPT,93.9,73.9,75,68,NA,2.103423,209.68544,44.58768,73.36148,90.974266,NA,NA,73.9,85.58406,99.66107,8,NA,NA,87.6,70.3,0.15
2019-09-19,0.047,GPT,91,72,74,68,1e-4,10.1953945,95.27247,53.730354,72.97271,87.33512,NA,NA,72,83.020744,100.67702,16,23.462358,NA,87.4,70.1,0.14
2019-09-20,0.039,GPT,88,74,72,66,0,10.782578000000001,103.2943,51.167645,66.09375,87.72512,NA,NA,75.9,83.0518,90.6426,20,25.200312,NA,87.2,69.8,0.14
2019-09-21,0.04,GPT,89,71,72,66,0,9.730635,106.99691,51.649754,68.58838,86.58971,NA,NA,71.1,81.81645,92.246544,22,27,NA,87,69.5,0.13
2019-09-22,0.037,GPT,88,69,69.1,61,0,7.785764,121.63613,47.906834,62.724327,86.48417,NA,NA,69.1,81.692,91.65491,18,24.331335,NA,86.8,69.3,0.13
2019-09-23,0.039,GPT,88,66,69.1,63,0,3.5436149,143.59845,44.660763,70.30766,90.400345,NA,NA,66.9,78.358154,89.44426,11,17.379524,NA,86.6,69,0.15
2019-09-24,0.04,GPT,92,68,69.1,64.9,0,3.2951849,247.80316,43.55041,66.70377,89.85901,NA,NA,68,80.734406,94.3009,10,13.90362,NA,86.4,68.7,0.14
2019-09-25,0.052,GPT,93,73,70,66,0,3.7962317,269.82227,45.84961,66.77517,84.972496,NA,NA,73,82.7571,98.31897,10,15.641572,NA,86.2,68.4,0.16
2019-09-26,0.046,GPT,94,71,70,64.9,0,3.0230286,252.56613,41.034203,67.87373,87.23564,NA,NA,71.1,82.89203,96.13336,9,13.034643,NA,86,68.1,0.15
2019-09-27,0.045,GPT,91,70,72,66,0,2.9030006,192.32802,45.249863,70.456635,89.93965,NA,NA,71.1,83.06417,94.75808,10,13.90362,NA,85.7,67.8,0.15
2019-09-28,0.043,GPT,90,73,73.9,70,0,6.6766205,130.79645,53.424,70.464485,90.3233,NA,NA,73,86.30075,97.2908,17,22.593382,NA,85.5,67.4,0.15
2019-09-29,0.041,GPT,90,73,73.9,68,0,6.165387,129.18393,49.88376,70.76933,90.32327,NA,NA,73,86.47281,96.16709,15,19.117477,NA,85.2,67.1,0.16
2019-09-30,0.037,GPT,91,74,73,69.1,0,3.5785067,132.99501,50.356514,72.92897,90.3998,NA,NA,75,85.0424,97.2908,11,14.772596,NA,85,66.8,0.15
2019-10-01,0.047,GPT,95,72,73,66.9,0,2.8094907,127.03997,41.500286,67.86634,90.5947,NA,NA,72,86.01561,99.8185,10,13.90362,NA,84.7,66.4,0.14
2019-10-02,0.049,GPT,94,75,73,68,0,3.7152827,152.23906,45.68785,70.134254,87.72512,NA,NA,75,87.19949,101.037025,13,20.85543,NA,84.5,66,0.14
2019-10-03,0.042,GPT,95,74,73,66.9,0,2.4005582,186.77725,43.986134,70.14849,90.974266,NA,NA,73.9,85.475044,99.404564,10,13.034643,NA,84.2,65.7,0.14
2019-10-04,0.047,GPT,94,73,72,66.9,0,2.8478715,167.3724,43.986134,68.10588,90.974266,NA,NA,73.9,85.17352,97.003204,11,17,NA,83.9,65.3,0.14
2019-10-05,0.053,GPT,89,70,73,66,0,4.319609,130.69414,55.193634,71.15013,87.135025,NA,NA,70,82.65318,95.725685,13,18.2485,NA,83.6,64.9,0.13
2019-10-06,0.034,GPT,88,74,72,69.1,0,8.576306,95.381165,59.20717,73.286316,85.08769,NA,NA,75,82.97953,94.78818,20,27,NA,83.3,64.5,0.13
2019-10-07,0.04,GPT,92,71,73,66,1.5,4.046755,18.362263,45.241203,78.3066,93.79415,NA,NA,72,77.94805,94.30089,16,21,NA,83,64.1,0.12
2019-10-08,0.036,GPT,88,69,70,64,0,5.190941,3.005213,48.19906,72.006966,86.48417,NA,NA,69.1,76.74615,90.40737,13,17.379524,NA,82.7,63.7,0.13
2019-10-09,0.056,GPT,88,68,73,62.1,0,5.935101,120.19271,51.167645,68.928024,81.40943,NA,NA,68,80.73339,90.81524,13,15,NA,82.4,63.2,0.13
2019-10-10,0.04,GPT,86,76,73.9,69.1,0.04,11.965806,121.653656,63.395924,69.89327,81.9588,NA,NA,75.9,85.21029,93.0939,20,24.331335,NA,82.1,62.8,0.11
2019-10-11,0.036,GPT,88,76,73,66.9,0.01,8.6127,140.51552,61.241543,71.524254,87.48222,NA,NA,77,84.80757,95.725685,17,20.85543,NA,81.7,62.4,0.11
2019-10-12,0.022,GPT,76,63,73.4,55.9,0.14,9.223308,0.35954633,67.86223,78.37826,94.14301,NA,NA,63,67.49658,75.9,16,22.593382,NA,81.4,62,0.11
2019-10-13,0.033,GPT,85,63,66,55.9,0,5.8988137,358.53372,54.77119,70.07341,83.41765,NA,NA,62.6,72.15189,86.20281,11,14.772596,NA,81.1,61.5,0.11
2019-10-14,0.025,GPT,81,66,66.9,59,0.01,4.3754363,16.63193,64.136,75.640884,86.58971,NA,NA,66.9,72.03509,82.40253,11,13.90362,NA,80.7,61.1,0.12
2019-10-15,0.032,GPT,86,71,75,66.9,1.17,3.183531,206.41183,67.6068,82.4056,93.4268,NA,NA,71,79.181305,92.35637,10,15.641572,NA,80.4,60.6,0.11
2019-10-16,0.024,GPT,79,60,71.1,55.9,0.52,4.9002094,335.43158,71.14396,84.34469,94.05696,NA,NA,62.1,71.86634,78.1,13,19.117477,NA,80,60.2,0.12
2019-10-17,0.031,GPT,70,54,54,46.9,0,5.6050243,18.630490000000002,46.924103,64.3759,80.24718,NA,NA,54,61.89498,70,11,15.641572,NA,79.7,59.7,0.13
2019-10-18,0.024,GPT,66,58,55,46.9,0.04,8.081647,36.834736,59.712196,68.699,83.46003,NA,NA,59,61.478397,64.9,14,20,NA,79.3,59.3,0.12
2019-10-19,0.026,GPT,84,61,66,55,0.04,6.094906,329.91415,54.77119,75.50721,90.400345,NA,NA,61,70.0336,86.20281,14,19.117477,NA,79,58.8,0.13
2019-10-20,0.064,GPT,81,61,66.9,57.9,0,2.48709,155.55717,56.29896,77.222435,93.180626,NA,NA,61,72.140045,82.54184,11,12.165668,NA,78.6,58.3,0.12
2019-10-21,0.029,GPT,80,71,73,69.1,1.03,3.9043963,171.20905,74.068855,85.738,94.05696,NA,NA,71.6,75.096695,83.63766,11,13.90362,NA,78.2,57.9,0.12
2019-10-22,0.038,GPT,78,50,69.1,37.9,1e-4,7.4710803,333.80746,25.309326,61.65217,93.40011,NA,NA,52,66.796165,77,16,25.200312,NA,77.9,57.4,0.11
2019-10-23,0.043,GPT,72,46,50,37,0,2.8101885,104.82282,29.806578,63.76645,86.326836,NA,NA,46,58.265724,71.1,11,16.51055,NA,77.5,57,0.11
2019-10-24,0.035,GPT,76,50,57,43,1e-4,3.824145,32.77328,39.74699,62.569508,86.06188,NA,NA,50,62.63561,75,10,13.034643,NA,77.2,56.5,0.11
2019-10-25,0.023,GPT,79,66,75.2,57.9,1.31,7.791347,125.4578,70.097694,87.23584,94.10022,NA,NA,66,74.00648,79,17,24.331335,NA,76.8,56.1,0.11
2019-10-26,0.026,GPT,78,56,74,53.1,0.05,9.693379,184.98627,63.045616,81.2907,90.594666,NA,NA,57,69.162926,78.1,24,38,NA,76.4,55.7,0.1
2019-10-27,0.031,GPT,71,52,57,48.9,0,2.6106071,354.072,54.734737,75.41568,92.92053,NA,NA,52,60.73331,71.1,8,12.165668,NA,76.1,55.2,0.12
2019-10-28,0.038,GPT,76,54,61,51.1,0,2.7334263,23.697313,49.775276,76.43184,89.88164,NA,NA,54,64.18237,75,11,14.772596,NA,75.7,54.8,0.11
2019-10-29,0.024,GPT,75,65,69.1,59,1.01,6.1381717,40.961617,78.13813,85.089714,93.40279,NA,NA,64.9,67.94,71.1,12,31.283144,NA,75.4,54.4,0.11
2019-10-30,0.017,GPT,78,73,75,70,2.12,7.8925333,145.51596,86.949745,91.16894,94.14301,NA,NA,73,74.57115,78.1,22,31,NA,75,54,0.11
2019-10-31,0.024,GPT,76,41,73.9,33.1,0.51,11.740405,329.8462,56.735596,77.62668,94.10022,NA,NA,34.50776,56.712997,75.9,22,30.41417,NA,74.7,53.6,0.11
2020-02-29,0.011,GPT,67,34,45,30,0,4.0841885,200.15149,25.8456,56.08016,85.63592,0,NA,34,53.32042,66,11.296691,14.772596,NA,67.4,48.9,0.17
2020-03-01,0.05,GPT,68,41,55.9,37.9,0,6.688765,143.80138,48.564552,71.59124,88.71353,0,NA,41,57.591637,66.9,15.641572,19.117477,NA,67.5,49,0.16
2020-03-02,0.049,GPT,73,61,63,55.9,0,6.8649125,168.23009,68.20768,79.98976,90.0483,0,NA,62.1,66.41728,71.1,13.034643,19.986454,NA,67.7,49.1,0.16
2020-03-03,0.044,GPT,76,64,66.9,62.1,0.04,5.12696,171.0341,73.48776,85.838745,93.879135,0,NA,64,69.32098,73.9,11.296691,13.90362,NA,67.9,49.3,0.16
2020-03-04,0.038,GPT,72,56,69.1,52,0.11,7.7338886,62.172,83.32886,90.50085,96.29225,0,NA,55.9,65.12975,72,19.986454,29.545193,NA,68.1,49.5,0.17
2020-03-05,0.036,GPT,68,52,54,46,0.01,9.211148,341.9131,56.81562,79.89268,93.64554,0,NA,52,58.585434,66.9,20.85543,26.938263,NA,68.3,49.7,0.16
2020-03-06,0.043,GPT,71,45,44.1,21.9,0,9.211148,342.5405,17.656345,42.461132,86.21415,0,NA,41.834225000000004,57.141045,70,21.724405,28.676216,NA,68.5,49.9,0.17
2020-03-07,0.043,GPT,68,41,41,19,0,5.387653,24.488985,15.239349,45.311195,72.77883,0,NA,38.18721,52.423233,68,14.772596,19.117477,NA,68.7,50.1,0.17
2020-03-08,0.047,GPT,69,48,53.1,32,0,9.993227,99.89367,47.81362,60.606644,84.0026,0,0,50,59.04934,68,19.986454,24.331335,NA,68.8,50.2,0.16
2020-03-09,0.043,GPT,73,59,59,55,0,12.773951,119.463524,59.20005,75.76155,86.56035,0,NA,59,65.33728,73,20.85543,26.069286,NA,69,50.4,0.17
2020-03-10,0.039,GPT,71,62,62.6,57.9,0.04,3.3890073,163.3299,72.8096,83.716774,93.180626,0,NA,62.1,65.89533,70,10.427715,13.034643,NA,69.2,50.6,0.15
2020-03-11,0.041,GPT,75,64,64,61,0,4.8662667,199.12166,68.658905,82.9009,93.879135,0,NA,64,67.98564,73.9,12.165668,17.379524,NA,69.4,50.8,0.15
2020-03-12,0.039,GPT,74,65,64.9,62.1,0,5.2138577,186.20392,71.21228,84.708565,93.56222,0,NA,64.9,68.5101,73.9,11.296691,14.772596,NA,69.6,51,0.14
2020-03-13,0.039,GPT,77,66,66.9,64,0,4.6924715,164.45879,71.414795,84.615524,93.924324,0,NA,66,70.224045,75.9,13.034643,14.772596,NA,69.8,51.2,0.15
2020-03-14,0.038,GPT,77,65,66.9,63,0,4.9531646,150.48894,66.60442,83.23313,93.319046,0,NA,66,70.76418,75.9,11.296691,13.90362,NA,70,51.4,0.15
2020-03-15,0.041,GPT,83,63,66,59,0,3.5628026,183.53128,49.056587,77.11095,96.903595,0,NA,63,70.72199,83.47163,10.427715,12.165668,NA,70.2,51.6,0.16
2020-03-16,0.045,GPT,78,60,63,55,0,4.605574,144.195,46.568714,74.32175,89.569176,0,NA,61,68.529335,77,11.296691,13.034643,NA,70.4,51.7,0.16
2020-03-17,0.036,GPT,80,65,67,63,0,4.6924715,154.3667,63.89742,79.73682,90.0483,0,NA,66,72.12355,78.1,11.296691,14.772596,NA,70.6,51.9,0.16
2020-03-18,0.031,GPT,79,69,69.8,66,1e-4,9.12425,145.52751,69.06545,81.92648,89.89542,0,NA,69.1,73.89449,79,15.641572,19.986454,NA,70.8,52.1,0.17
2020-03-19,0.036,GPT,80,73,70,68,0,11.470487,154.83987,69.06545,79.934616,88.507805,0,NA,73,75.57986,79,19.117477,23.462358,NA,71,52.3,0.17
2020-03-20,0.032,GPT,79,67,70,68,0.01,7.2994003,166.77216,71.72483,81.13026,84.972496,0,NA,73.9,75.50634,79,15.641572,19.117477,NA,71.2,52.5,0.17
2020-03-21,0.03,GPT,78,62,64.4,55.4,1e-4,7.820786,11.615395,61.999435,75.896515,93.924324,0,NA,62.6,69.19979,77,12.165668,15.641572,NA,71.4,52.7,0.19
2020-03-22,0.033,GPT,76,60,68,53.1,0,6.5173216,74.681564,62.051434,75.76107,87.23564,0,NA,60.1,67.67484,75,14.772596,18.2485,NA,71.6,52.9,0.19
2020-03-23,0.032,GPT,82,71,70,62.1,0,6.256629,184.39012,52.661106,78.519516,90.594666,0,NA,72,76.10692,84.15924,13.90362,19.986454,NA,71.8,53.1,0.19
2020-03-24,0.04,GPT,82,72,70,64.9,0,7.5600934,198.49234,62.1666,76.01804,87.23564,0,NA,72,77.01211,84.15924,14.772596,20.85543,NA,71.9,53.3,0.19
2020-03-25,0.044,GPT,85,67,70,63,0,4.605574,243.16951,51.0819,71.389145,89.85901,0,NA,68,77.24137,85.72457,11.296691,15.641572,NA,72.1,53.5,0.19
2020-03-26,0.05,GPT,82,63,69.1,62,0,5.4745502,175.71535,58.09791,77.518005,96.24429,0,NA,64.9,74.57042,83.3954,13.034643,17.379524,NA,72.3,53.8,0.18
2020-03-27,0.036,GPT,83,73,70,66.9,0,9.037353,174.08095,60.814526,75.05001,84.337776,0,NA,73,77.98901,85.943405,15.641572,21.724405,NA,72.5,54,0.17
2020-03-28,0.039,GPT,82,75,73,69.8,0,10.167022,167.30342,69.61913,79.89792,87.48222,0,NA,75,79.29259,86.82943,15.641572,21.724405,NA,72.7,54.2,0.17
2020-03-29,0.044,GPT,87,68,73,50,1e-4,5.12696,346.97635,35.809956,57.700523,88.588776,0,NA,69.1,77.25994,86.135544,13.034643,17.379524,NA,72.9,54.4,0.17
2020-03-30,0.051,GPT,82,61,68,48,0,7.125605,110.01363,36.870266,56.77279,78.860830000000007,0,NA,62.1,73.8902,81.313675,12.165668,14.772596,NA,73.1,54.6,0.18
2020-03-31,0.04,GPT,82,54,71.1,46,0.01,11.991872,296.1053,43.29621,66.154396,85.08769,0,NA,55.9,72.668396,82.54184,24.331335,31.283144,NA,73.3,54.8,0.19
2020-04-01,0.049,GPT,73,46,51.1,43,0,3.9972906,307.30383,36.676685,63.66122,89.19621,0,NA,46,60.299328,72,11.296691,16.51055,NA,73.5,55,0.21
2020-04-02,0.049,GPT,74,52,55,45,0,4.2579837,130.92145,36.695335,62.06529,83.19618,0,NA,53.1,63.103134,73,13.034643,17.379524,NA,73.7,55.3,0.21
2020-04-03,0.06,GPT,78,58,55,48.9,0,3.3890073,132.44368,38.570995,60.676414,80.75384,0,NA,59,67.90815,77,10.427715,14.772596,NA,73.9,55.5,0.21
2020-04-04,0.052,GPT,79,57,63,54,0.02,3.041417,122.67028,43.29621,71.09651,93.56222,0,NA,57.9,67.19234,78.1,12.165668,17.379524,NA,74.1,55.7,0.2
2020-04-05,0.047,GPT,79,62,61,55,0.02,4.2579837,113.420494,44.904552,70.63527,87.18186,0,NA,63,69.130104,78.1,12.165668,16.51055,NA,74.3,55.9,0.2
2020-04-06,0.049,GPT,78,60,64,57,0,5.0400624,141.8716,57.771458,73.99304,89.48413,0,NA,60.1,70.16948,77,13.90362,19.117477,NA,74.5,56.2,0.2
2020-04-07,0.036,GPT,80,71,73,64,1e-4,5.561448,178.31259,73.967064,81.82213,90.73938,0,NA,71.1,74.757,79,11.296691,15.641572,NA,74.7,56.4,0.19
2020-04-08,0.035,GPT,86,75,73,69.1,0,5.300755,229.2776,59.21356,77.81031,90.39978,0,NA,75,81.20192,91.53445,12.165668,17.379524,NA,74.9,56.6,0.2
2020-04-09,0.042,GPT,91,67,73,64.9,0.28,6.430424,268.30847,46.55105,75.86196,88.588776,0,NA,69.1,80.7007,91.60079,26.938263,39.972908,NA,75.1,56.8,0.2
2020-04-10,0.043,GPT,74,54,64.9,39,0.06,7.2994003,8.833476,31.195848,56.102356,90.400345,0,NA,57,65.9361,72,15.641572,21.724405,NA,75.3,57.1,0.19
2020-04-11,0.053,GPT,74,53,64.9,37,0,10.60151,105.94101,41.088634,58.49791,78.350044,0,NA,54,64.86474,73,17.379524,22.593382,NA,75.5,57.3,0.2
2020-04-12,0.028,GPT,80,71,72,64.9,1e-4,13.034643,160.10474,78.350044,83.60601,90.974266,0,NA,71.1,75.92418,79,19.117477,30.41417,NA,75.7,57.5,0.18
2020-04-13,0.041,GPT,85,58,71.1,52,0,6.6042194,327.42087,37.01001,62.273705,93.53832,0,NA,60.1,73.121475,83.74426,13.034643,17.379524,NA,75.9,57.8,0.19
2020-04-14,0.036,GPT,78,51,57,43,0,9.471841,1.3737533,48.30257,62.53683,82.61972,0,NA,51.1,63.2508,77,15.641572,21.724405,NA,76.1,58,0.19
2020-04-15,0.043,GPT,71,49,39.9,32,0,10.080125,359.46548,25.184065,41.91378,60.882473,0,NA,44.527874,59.392803,70,17.379524,23.462358,NA,76.3,58.2,0.2
2020-04-16,0.055,GPT,73,46,48.9,30,0,4.605574,87.45614,21.040249,45.50102,77.28456,0,NA,46.979465,60.57914,72,13.90362,18.2485,NA,76.5,58.5,0.19
2020-04-17,0.046,GPT,78,53,66.9,48,0,7.212503,125.25663,59.783844,75.099724,86.58971,0,NA,53.1,67.24955,78.1,19.117477,23,NA,76.8,58.7,0.19
2020-04-18,0.029,GPT,80,68,69.1,64.9,0.12,5.0400624,332.48944,64.451225,82.602325,93.40279,0,NA,69.1,73.33937,79,14.772596,17.379524,NA,77,58.9,0.19
2020-04-19,0.028,GPT,81,66,72,64,0.75,5.8221407,199.91536,71.72483,84.860275,96.678116,0,NA,66.9,75.12176,83.94352,17.379524,23.462358,NA,77.2,59.2,0.18
2020-04-20,0.036,GPT,78,60,64,57,0,6.5173216,318.88794,50.06913,72.72326,93.180626,0,NA,62.1,68.67345,77,13.034643,16.51055,NA,77.4,59.4,0.18
2020-04-21,0.042,GPT,84,54,63,53.1,0,2.2593381,205.99567,39.366528,70.36454,90.29139,0,NA,55.9,69.29699,82.1544,10.427715,13.90362,NA,77.6,59.7,0.18
2020-04-22,0.048,GPT,81,63,66,57.9,1e-4,12.339462,124.46238,48.413292,71.30898,90.642,0,NA,63,72.44576,80.942215,24.331335,28.676216,NA,77.9,59.9,0.17
2020-04-23,0.039,GPT,79,65,73,60.1,0.22,8.515967,181.87094,53.953564,78.22866,90.0483,0,NA,66,74.945366,79,24.331335,30.41417,NA,78.1,60.2,0.17
2020-04-24,0.049,GPT,80,58,62.1,54,0,4.2579837,160.4263,44.900772,68.328865,89.52252,0,NA,61,70.468155,79,11.296691,13.034643,NA,78.3,60.4,0.16
2020-04-25,0.052,GPT,89,61,68,48.9,0,7.646991,282.4216,27.12214,59.526665,90.247734,0,NA,62.1,75.46514,87.73791,18.2485,25.200312,NA,78.5,60.7,0.17
2020-04-26,0.046,GPT,81,56,55,42.1,0,7.125605,336.87183,27.196394,49.10524,74.75446,0,NA,55.9,69.985435,79.616844,19.117477,25.200312,NA,78.8,60.9,0.16
2020-04-27,0.051,GPT,76,52,50,37.9,0,5.387653,102.9298,27.22882,49.213505,77.3798,0,NA,55,65.13659,75.9,13.90362,18.2485,NA,79,61.2,0.16
2020-04-28,0.05,GPT,80,53,66.9,50,0.15,8.689762,145.02571,52.377285,70.112656,86.66236,0,NA,54,69.38188,79,26.069286,32.152122,NA,79.3,61.4,0.16
2020-04-29,0.045,GPT,76,58,64.9,55.9,1.02,7.125605,252.80983,63.610275,79.5855,93.879135,NA,NA,61,68.647804,75,30.41417,36.497,NA,79.5,61.7,0.14
2020-04-30,0.045,GPT,79,50,55,43,0,6.95181,308.37183,31.019732,55.33186,86.710846,0,NA,52,66.14286,79,19.117477,24.331335,NA,79.7,61.9,0.14
2020-05-01,0.055,GPT,78,49,55,42.1,0,2.5200312,172.028,29.799246,57.423992,86.06188,0,0,50,65.59666,78.1,12.165668,14.772596,NA,80,62.2,0.13
2020-05-02,0.059,GPT,78,55,59,48.9,0,4.5186763,166.47493,37.18646,65.08618,90.29139,0,0,55,68.83728,78.1,12.165668,16.51055,NA,80.2,62.5,0.13
2020-05-03,0.054,GPT,80,63,63,59,0,5.133798,182.09485,53.953564,65.88563,90.247734,0,NA,63,73.29359,79,13.034643,18.2485,NA,80.5,62.7,0.14
2020-05-04,0.045,GPT,81,62,64.9,59,0,4.2579837,179.8403,54.357697,70.158455,90.247734,NA,NA,63,73.63517,82.54184,13.90362,19.117477,NA,80.7,63,0.14
2020-05-05,0.043,GPT,90,62,66,61,0,4.2579837,256.50394,40.610085,65.80895,90.642,0,NA,64,77.73677,89.577965,13.034643,17.379524,NA,81,63.3,0.15
2020-05-06,0.051,GPT,85,62,66,39.9,0,8.950456,349.04327,21.747541,41.896122,81.40747,0,NA,64,74.47606,82.20215,19.117477,25.200312,NA,81.2,63.6,0.14
2020-05-07,0.051,GPT,75,54,52,37.9,0,5.995936,86.53972,30.53587,48.958977,65.093414,0,NA,55,65.154564,73.9,11.296691,14.772596,NA,81.5,63.8,0.15
2020-05-08,0.048,GPT,80,64,64.9,51.1,0.63,8.081479,206.67886,54.452133,70.5776,90.0483,NA,NA,66,69.95145,81.49544,18.2485,23.462358,NA,81.7,64.1,0.14
2020-05-09,0.037,GPT,69,57,62.1,41,0,7.820786,23.706585,41.552322,57.49226,84.43778,NA,NA,57,62.471428,69.1,17.379524,25.200312,NA,82,64.4,0.15
2020-05-10,0.043,GPT,82,58,48,42.1,0,5.6343336,3.0353026,27.70291,43.71404,59.712196,NA,NA,57.9,68.501755,79.755165,10,14.772596,NA,82.2,64.7,0.14
2020-05-11,0.051,GPT,84,50,59,45,0,3.7878575,7.863879,32.104412,56.14832,81.18729,NA,NA,52,68.27901,82.23091,11,15.641572,NA,82.5,65,0.13
2020-05-12,0.052,GPT,79,56,64,45,0,9.015331,121.78904,40.23107,58.957478,78.27739,NA,NA,55.9,69.22558,78.1,20,24.331335,NA,82.7,65.3,0.14
2020-05-13,0.051,GPT,83,65,70,62.1,0,9.835311,119.33222,57.979168,76.79135,90.642,NA,NA,64.9,74.989456,85.39448,18,24.331335,NA,83,65.5,0.12
2020-05-14,0.045,GPT,81,70,70,66,0.07,13.750911,116.326096,69.18237,78.929405,89.89542,NA,NA,70,75.16446,83.28471,24,32.152122,NA,83.2,65.8,0.12
2020-05-15,0.046,GPT,81,73,72,68,0.13,12.569435,126.6635,71.34513,82.54658,87.72512,NA,NA,73,76.22803,83.63766,17,22.593382,NA,83.5,66.1,0.12
2020-05-16,0.035,GPT,83,71,73,66.9,1e-4,12.367248,127.30193,62.615204,80.94565,93.40279,NA,NA,71.1,77.479225,85.80995,20,25.200312,NA,83.7,66.4,0.13
2020-05-17,0.047,GPT,84,71,75,64,0.01,9.110258,170.54129,67.05904,79.77743,90.73938,NA,NA,73,80.27367,90.17731,16,22.593382,NA,83.9,66.7,0.14
2020-05-18,0.035,GPT,85,64,68,57,0.16,7.8639216,288.22736,45.657604,69.92316,90.24586,NA,NA,66.9,76.35183,87.13402,16,21.724405,NA,84.2,67,0.13
2020-05-19,0.065,GPT,86,60,66.9,55.9,0,4.3254356,235.11269,49.056587,65.43657,89.52252,NA,NA,60.1,76.93582,88.76938,11,18,NA,84.4,67.3,0.14
2020-05-20,0.03,GPT,78,66,67,60.1,0.11,3.414515,13.370738,60.064335,73.19251,90.400345,NA,NA,66.9,72.047035,77,10,12.165668,NA,84.6,67.6,0.15
2020-05-21,0.05,GPT,90,65,73.9,61,0,3.5994418,192.44371,37.96806,75.73738,90.400345,NA,NA,66,79.204094,92.35637,11,16.51055,NA,84.9,67.8,0.15
2020-05-22,0.03,GPT,87,78,75.9,73,0,8.310537,163.91302,67.27328,78.94789,87.050026,NA,NA,78.1,86.17141,96.557755,16,20.85543,NA,85.1,68.1,0.16
2020-05-23,0.022,GPT,87,74,75,64,0,7.872994,150.43481,65.26648,73.97125,84.474464,NA,NA,75,86.146774,93.9102,14,18.2485,NA,85.3,68.4,0.17
2020-05-24,0.034,GPT,87,70,72,64.4,0,7.461968,115.612404,58.95082,74.55281,90.594666,NA,NA,70,81.6062,90.72519,14,19.117477,NA,85.5,68.7,0.18
2020-05-25,0.035,GPT,88,73,72,66,0.02,13.123517,110.66454,55.193634,71.206276,90.32327,NA,NA,73,82.02319,92.03618,24,33.0211,NA,85.7,69,0.18
2020-05-26,0.034,GPT,84,72,73,68,0.05,5.6929517,64.91229,67.05904,82.11091,90.594666,NA,NA,72,76.68893,87.56764,14,17.379524,NA,85.9,69.2,0.19
2020-05-27,0.041,GPT,84,67,72,62.1,1.57,3.5819957,69.14484,52.661106,77.565575,90.974266,NA,NA,66.9,76.14397,83.76375,14,24,NA,86.1,69.5,0.19
2020-05-28,0.054,GPT,87,66,72,64,0,3.7428987,190.88637,49.596455,70.188225,90.400345,NA,NA,66.9,79.46205,89.44426,10,13.034643,NA,86.3,69.8,0.19
2020-05-29,0.046,GPT,87,70,71.1,66.9,0,2.6078157,177.50333,52.994083,73.01794,90.594666,NA,NA,71.1,79.86195,88.83331,9,13.034643,NA,86.5,70,0.2
2020-05-30,0.047,GPT,89,72,71.1,64.9,0.01,2.5924633,165.66321,47.733757,70.3381,90.32327,NA,NA,73,82.205345,91.65491,8,11.296691,NA,86.7,70.3,0.2
2020-05-31,0.044,GPT,92,72,70,59,0,5.44669,359.6027,37.96806,53.957973,81.82193,NA,NA,72,81.854576,91.997025,11,16.51055,NA,86.9,70.5,0.2
2020-06-01,0.054,GPT,89,69,66.9,59,0,3.5994418,97.85361,40.442654,57.80689,75.92354,NA,NA,70,79.76286,88.4682,10,13.90362,NA,87.1,70.8,0.2
2020-06-02,0.037,GPT,85,72,75.9,66.9,0,6.8771806,125.817856,72.30214,78.111176,82.02644,NA,NA,73,84.70192,94.21741,16,19.986454,NA,87.2,71,0.2
2020-06-03,0.034,GPT,84,71,75.2,66.9,2.86,5.51291,134.30533,64.136,78.18702,94.05696,NA,NA,71.1,79.52622,86.95028,16,22,NA,87.4,71.3,0.2
2020-06-04,0.038,GPT,86,70,72,68,0.01,4.1339846,165.87917,59.21356,75.95164,93.4268,NA,NA,71.1,80.79189,90.15505,11,14.772596,NA,87.5,71.5,0.2
2020-06-05,0.033,GPT,88,72,73.9,70,0,5.192603,137.2799,58.95082,75.12873,90.974266,NA,NA,73,83.83178,93.9102,15,19.986454,NA,87.7,71.7,0.21
2020-06-06,0.025,GPT,86,75,75.2,71.1,0.42,8.116539,73.96691,67.6068,81.382744,90.39978,NA,NA,75,80.44671,91.60043,22,34,NA,87.8,71.9,0.21
2020-06-07,0.023,GPT,81,74,77,71,6.91,17.542917,88.634926,82.02644,89.66215,93.79415,NA,NA,73.9,78.00569,86.82724,31,43,NA,88,72.1,0.21
2020-06-08,0.027,GPT,83,78,75.9,73.4,0.23,13.1130495,184.30898,79.057945,83.95314,90.51289,NA,NA,78,84.33698,89.256584,22,40,NA,88.1,72.3,0.21
2020-06-09,0.016,GPT,87,80,79,75.9,0.02,8.850663,174.4471,74.60542,83.581406,88.05347,NA,NA,85.75063,91.43424,98.48244,15,21.724405,NA,88.2,72.5,0.22
2020-06-10,0.034,GPT,87,73,77,64,0.49,5.4689465,205.67175,66.60442,80.33233,93.47972,NA,NA,73.9,86.32741,94.98124,17,26.069286,NA,88.3,72.7,0.22
2020-06-11,0.039,GPT,88,67,64,61,0,7.380321,355.5689,44.660763,61.06988,84.55897,NA,NA,66.9,77.88705,88.41733,14,20.85543,NA,88.4,72.8,0.23
2020-06-12,0.046,GPT,90,69,61,54,0,7.4417305,5.5198655,31.432587,50.4849,70.42431,NA,NA,69.1,78.24279,87.435684,15,19.117477,NA,88.5,73,0.23
2020-06-13,0.05,GPT,89,68,73.9,57,0,5.6133986,74.04126,46.388844,63.50807,81.95878,NA,NA,69.1,81.8107,95.34641,11,16.51055,NA,88.6,73.1,0.23
2020-06-14,0.042,GPT,89,72,72,66.9,1e-4,4.748779,122.52366,49.72598,71.668,87.58521,NA,NA,73,83.35657,94.00061,14,18.2485,NA,88.7,73.3,0.23
2020-06-15,0.049,GPT,95,70,71.1,60.1,0,4.043266,3.3141143,33.481823,62.27693,93.40279,NA,NA,71.1,83.606705,94.73823,13,17,NA,88.8,73.4,0.24
2020-06-16,0.051,GPT,91,72,68,52,0,5.0334964,348.90088,29.509296,53.30511,83.98641,NA,NA,72,80.54126,89.88316,11,18.2485,NA,88.9,73.6,0.25
2020-06-17,0.054,GPT,88,68,69.1,57,0,3.3740404,133.49072,37.354286,62.10744,84.03221,NA,NA,68,78.99272,86.52317,10,13.034643,NA,89,73.7,0.26
2020-06-18,0.055,GPT,88,70,69.1,64,0,3.6789951,142.82674,49.437626,67.21169,87.135025,NA,NA,70,80.35198,90.11007,13,17,NA,89.1,73.8,0.24
2020-06-19,0.056,GPT,89,70,69.1,63,0,2.9797628,157.12114,46.25494,67.58105,89.89542,NA,NA,70,81.2104,90.945244,13,18.2485,NA,89.1,73.9,0.24
2020-06-20,0.059,GPT,91,69,71.1,64.9,0,3.5066295,200.6902,44.802727,66.855286,89.89542,NA,NA,70,83.35877,95.487274,11,16.51055,NA,89.2,74,0.26
2020-06-21,0.031,GPT,90,72,73.9,68,0,3.9727843,210.71568,51.649754,70.84246,90.32327,NA,NA,73,85.97883,94.00061,10,16.51055,NA,89.3,74.1,0.25
2020-06-22,0.026,GPT,85,75,74,69.1,0.08,4.8032103,207.92667,59.21356,75.9749,90.172104,NA,NA,75,83.02374,89.596756,10,15.641572,NA,89.3,74.2,0.25
2020-06-23,0.022,GPT,89,74,75.9,69.1,0.23,6.027178,225.5562,59.20717,76.01431,90.974266,NA,NA,73.9,86.73013,97.814644,19,26.069286,NA,89.4,74.2,0.25
2020-06-24,0.024,GPT,85,72,77,70,0.47,5.452265,183.71663,71.92238,82.234566,93.77152,NA,NA,73,80.53671,91.14243,20,28,NA,89.4,74.3,0.24
2020-06-25,0.024,GPT,89,77,77,66.9,0,4.614096,190.67247,67.49169,76.41015,90.73938,NA,NA,75.9,88.09164,100.22006,13,19.117477,NA,89.5,74.4,0.23
2020-06-26,0.016,GPT,88,76,77,66.9,0,4.5324492,150.08,64.954704,75.0283,85.08769,NA,NA,75.9,88.28511,97.814644,14,16.51055,NA,89.6,74.4,0.23
2020-06-27,0.024,GPT,88,81,77,75,0,5.705513,166.83186,69.448425,77.30917,84.866806,NA,NA,87.32887,92.184746,97.55716,10,13.90362,NA,89.6,74.5,0.24
2020-06-28,0.02,GPT,89,78,78.1,75,1e-4,5.385904,180.20914,65.49481,75.05926,90.249115,NA,NA,79,92.634315,98.867195,11,16.51055,NA,89.7,74.5,0.24
2020-06-29,0.022,GPT,91,81,77,73,0,5.509421,180.94174,61.241543,73.21575,84.52736,NA,NA,87.32887,94.733536,103.10775,13,18.2485,NA,89.7,74.6,0.23
2020-06-30,0.024,GPT,92,78,77,73,0,4.0677347,215.69653,55.71818,70.87084,90.21457,NA,NA,78.1,94.0625,103.10775,11,16.51055,NA,89.7,74.6,0.24
2020-07-01,0.029,GPT,92,72,77,68,1.28,4.5010467,244.6817,59.58785,78.32689,90.594666,NA,NA,72,87.57027,104.22139,20,39.10393,NA,89.8,74.6,0.24
2020-07-02,0.025,GPT,92,75,75,69.1,1e-4,3.748081,310.0828,53.91329,79.737785,90.73938,NA,NA,75,81.24555,98.29539,15,21,NA,89.8,74.7,0.24
2020-07-03,0.039,GPT,91,75,73.9,68,0,4.0530357,263.53064,49.88376,72.382,90.39978,NA,NA,75,85.53673,97.2908,11,16.51055,NA,89.9,74.7,0.25
2020-07-04,0.031,GPT,88,73,77,70,2.39,3.521982,296.82846,64.954704,84.49992,94.14301,NA,NA,73.9,79.96265,97.55716,21,29,NA,89.9,74.7,0.25
2020-07-05,0.038,GPT,88,73,73.9,71,0,2.8073971,281.89377,59.20717,80.46385,94.10022,NA,NA,73,81.95925,96.62901,11,16.51055,NA,90,74.7,0.25
2020-07-06,0.028,GPT,87,73,75.9,71.1,0.67,3.055827,267.08957,63.01707,82.16841,93.79415,NA,NA,73.9,81.32422,95.41936,11,16.51055,NA,90,74.8,0.25
2020-07-07,0.017,GPT,86,74,75.9,70,0.38,3.8171668,265.05103,71.34513,83.62909,90.73938,NA,NA,75,79.80553,92.76035,16,24.331335,NA,90,74.8,0.25
2020-07-08,0.024,GPT,89,73,79,70,0.67,3.0774598,231.26646,65.49481,83.38613,93.77152,NA,NA,73,83.061264,103.35916,22,33.0211,NA,90.1,74.8,0.25
2020-07-09,0.028,GPT,93,75,78.1,73,0,4.11933,254.67635,54.172462,75.28402,93.52941,NA,NA,75,90.53718,104.506775,11,16.51055,NA,90.1,74.8,0.26
2020-07-10,0.026,GPT,90,78,78.1,72,0.17,3.9602787,283.125,57.18277,77.870026,90.29109,NA,NA,78.1,92.45874,103.10775,14,18,NA,90.2,74.8,0.26
2020-07-11,0.035,GPT,97,78,77,70,0,5.115841,332.50488,42.9673,68.16648,93.60928,NA,NA,79,94.357506,108.317184,11,17.379524,NA,90.2,74.9,0.26
2020-07-12,0.04,GPT,97,75,78.1,71.1,0,2.8703833,223.90738,52.425507,70.24473,90.73938,NA,NA,75,93.96607,109.94281,11,14.772596,NA,90.3,74.9,0.27
2020-07-13,0.044,GPT,97,78,80.1,71.1,0.01,3.204466,211.94498,50.87439,75.571236,90.249115,NA,NA,78.1,94.202286,112.31158,18,23,NA,90.3,74.9,0.25
2020-07-14,0.036,GPT,93,73,78.1,66,1.01,2.5010467,275.65292,59.20717,77.22224,90.21457,NA,NA,73,90.13929,107.393974,33,42.579834,NA,90.3,74.9,0.23
2020-07-15,0.03,GPT,92,75,78.1,71.1,1.46,3.3860626,299.95544,59.26213,84.5113,94.14301,NA,NA,75,84.055695,102.54091,13,21,NA,90.4,74.9,0.23
2020-07-16,0.037,GPT,86,74,75,72,0,4.2498255,145.94772,67.27328,81.17824,93.79415,NA,NA,73.9,83.2297,94.98124,12,17.379524,NA,90.4,74.9,0.22
2020-07-17,0.038,GPT,91,75,75,71.1,0,4.140963,124.712776,52.247787,73.68356,93.50594,NA,NA,75,88.238914,100.5627,14,17.379524,NA,90.5,74.9,0.22
2020-07-18,0.038,GPT,92,76,75.9,71.1,0,5.296581,128.46184,52.247787,71.62213,87.5789,NA,NA,77,90.41519,100.5627,11,16.51055,NA,90.5,74.9,0.22
2020-07-19,0.027,GPT,90,77,75.9,73,1e-4,5.7115803,104.9095,60.966244,73.86449,87.48222,NA,NA,77,89.368965,100.40434,15,19.986454,NA,90.5,75,0.22
2020-07-20,0.022,GPT,91,78,77,73.9,1e-4,6.8318214,111.57578,59.26213,75.72865,87.5789,NA,NA,78.1,91.84354,100.53279,17,20.85543,NA,90.6,75,0.2
2020-07-21,0.026,GPT,92,78,77,73.9,0,7.949058,125.70441,61.404633,73.59852,90.550156,NA,NA,78.1,93.774025,103.0089,16,21.724405,NA,90.6,75,0.21
2020-07-22,0.031,GPT,91,78,75,71.1,0,9.108863,113.96929,52.247787,69.09,87.5789,NA,NA,78.1,91.34051,101.86564,20,25.200312,NA,90.7,75,0.22
2020-07-23,0.027,GPT,85,76,75.9,72,0.57,9.791347,86.356804,71.73187,82.46943,93.52941,NA,NA,75.9,84.00891,92.76035,21,27,NA,90.7,75,0.21
2020-07-24,0.024,GPT,83,76,75.9,72,1.2,8.14515,104.926346,76.526184,86.18147,93.55792,NA,NA,75.9,81.22239,90.17731,21,27,NA,90.7,75,0.21
2020-07-25,0.024,GPT,78,74,75,71.1,2.26,4.9735193,84.36445,85.08769,89.943016,97.016945,NA,NA,73.4,76.872406,78.1,18,25.200312,NA,90.8,75,0.21
2020-07-26,0.021,GPT,82,74,75.9,70,0.85,3.3777003,45.179295,74.24337,88.67038,93.79415,NA,NA,73.9,77.192604,87.933556,10,13.90362,NA,90.8,75,0.21
2020-07-27,0.027,GPT,80,73,74,71.1,0.86,3.48709,106.36685,79.17114,89.15545,94.14301,NA,NA,73,76.48118,84.6436,16,19.986454,NA,90.8,75,0.22
2020-07-28,0.026,GPT,86,73,77,72,0.45,2.6901605,192.07883,74.42529,87.028786,93.79415,NA,NA,73.9,80.04361,95.3566,11,20,NA,90.9,75.1,0.23
2020-07-29,0.025,GPT,86,77,78.1,73.9,0.05,3.1256106,204.72469,71.73187,83.76902,93.55792,NA,NA,77,86.68436,98.48244,11,21.724405,NA,90.9,75.1,0.23
2020-07-30,0.029,GPT,91,76,79,73.9,0,4.1898117,210.55052,61.48733,79.0439,93.60928,NA,NA,75.9,91.71575,100.53279,11,16.51055,NA,90.9,75.1,0.22
2020-07-31,0.028,GPT,91,79,78.1,71.1,0,5.399163,223.45616,53.91329,73.80405,90.249115,NA,NA,79,91.43604,101.825516,11,20.85543,NA,90.9,75.1,0.22
2020-08-01,0.032,GPT,92,78,75.9,72,0,4.6229963,219.74263,53.867287,72.24395,87.5789,NA,NA,78.1,90.91019,103.05586,11,21,NA,91,75.1,0.21
2020-08-02,0.035,GPT,92,75,75,69.1,0,2.6036286,256.362,52.247787,73.05731,90.73938,NA,NA,75.9,87.352554,101.86564,10,13.90362,NA,91,75.1,0.21
2020-08-03,0.035,GPT,92,75,73.9,72,0,2.3133287,251.57645,55.58441,73.42462,90.73938,NA,NA,75,87.15766,98.29539,10,13.034643,NA,91,75.1,0.22
2020-08-04,0.046,GPT,94,73,73,64.9,0,3.2937891,255.25352,43.986134,67.46223,90.974266,NA,NA,73.9,85.59931,100.71375,11,16.51055,NA,91,75.1,0.22
2020-08-05,0.046,GPT,95,72,72,64,0,3.3691556,298.42896,36.119045,66.1603,90.594666,NA,NA,72,85.29589,97.76907,12,17.379524,NA,91,75.1,0.23
2020-08-06,0.043,GPT,94,73,70,63,0,2.889044,338.182,38.561287,63.16584,84.972496,NA,NA,73,84.72446,97.02584,10,14.772596,NA,91,75.1,0.23
2020-08-07,0.056,GPT,93,71,73,66,0,2.443824,165.8108,44.149624,63.781544,83.93082,NA,NA,71.1,86.189545,98.31897,10,13.034643,NA,91,75,0.21
2020-08-08,0.051,GPT,92,75,75,71.1,0,2.7062109,173.4727,55.71818,71.87696,90.73938,NA,NA,75.9,89.19749,100.5627,11,14.772596,NA,91,75,0.21
2020-08-09,0.04,GPT,93,75,75.9,71.1,0,3.0404744,202.46869,49.088055,73.013824,93.50594,NA,NA,75,90.17084,103.05586,11,17.379524,NA,91,75,0.2
2020-08-10,0.031,GPT,94,76,75.9,72,0,3.794425,227.43613,50.609615,71.561775,90.73938,NA,NA,75.9,91.52633,103.05586,9,15.641572,NA,91,75,0.19
2020-08-11,0.036,GPT,95,76,77,68,0.01,4.424285,254.45665,50.609615,69.683945,87.5789,NA,NA,77,93.58792,105.68281,17,23.462358,NA,91,75,0.19
2020-08-12,0.031,GPT,93,74,77,71.1,0,3.7487788,285.59213,55.838146,74.05649,90.974266,NA,NA,73.9,87.98943,104.506775,13,18.2485,NA,91,74.9,0.19
2020-08-13,0.03,GPT,91,75,76,72,0.09,2.2163293,51.626354,57.49431,81.28507,90.172104,NA,NA,75.9,82.87465,101.86564,15,24,NA,90.9,74.9,0.19
2020-08-14,0.024,GPT,92,74,78.1,71.1,0.26,2.7857642,277.92413,59.58785,83.29825,94.14301,NA,NA,73.9,83.1805,104.68358,19,34,NA,90.9,74.9,0.2
2020-08-15,0.022,GPT,92,75,78.1,69.1,0.06,3.6894627,298.86057,63.156197,82.87373,93.60928,NA,NA,75.9,84.32861,106.12244,18,25.200312,NA,90.9,74.8,0.22
2020-08-16,0.035,GPT,96,75,75,64.9,0,3.830662,335.421,44.58768,68.354385,93.52941,NA,NA,75,88.61635,105.68281,16,34.75905,NA,90.8,74.8,0.21
2020-08-17,0.037,GPT,96,72,75,66,0,4.623168,329.6152,44.149624,66.71537,84.337776,NA,NA,73,87.22208,102.11232,21,35,NA,90.8,74.7,0.22
2020-08-18,0.048,GPT,93,75,78.1,70,0.02,2.7334263,193.4995,52.372917,70.991714,87.72512,NA,NA,75.9,88.91962,101.7271,10,15.641572,NA,90.8,74.7,0.22
2020-08-19,0.045,GPT,91,74,75,69.1,0,2.726448,157.44145,53.638535,73.31839,90.39978,NA,NA,75,85.315125,98.537895,10,14.772596,NA,90.7,74.6,0.22
2020-08-20,0.037,GPT,87,72,71.1,68,0,5.6650386,137.56937,57.01807,74.74831,90.594666,NA,NA,72,80.44852,90.11007,18,22.593382,NA,90.7,74.5,0.22
2020-08-21,0.049,GPT,91,71,72,64,0.03,4.2916956,178.6467,42.201916,66.819,90.594666,NA,NA,72,84.62081,95.487274,14,21,NA,90.6,74.5,0.23
2020-08-22,0.055,GPT,91,72,75,68,0.01,5.2588973,143.52328,49.88376,71.076965,90.594666,NA,NA,72,86.209460000000007,98.29539,14,16.51055,NA,90.6,74.4,0.23
2020-08-27,0.021,GPT,89,77,79,73,0.93,11.8013935,156.48895,70.00456,79.636566,90.51289,NA,NA,77,91.17998,100.22006,22,30,NA,90.2,74,0.2
2020-08-28,0.015,GPT,89,76,79,73,1.84,5.153524,192.22804,65.49481,83.88225,93.55792,NA,NA,75.9,87.272125,100.28098,15,21.724405,NA,90.2,73.9,0.2
2020-08-29,0.02,GPT,90,77,78.1,72,0.36,1.7452896,261.05984,66.35352,84.450066,96.41042,NA,NA,77,87.80801,101.825516,14,21,NA,90.1,73.7,0.19
2020-08-30,0.026,GPT,88,77,79,73.4,0.68,3.6866713,216.31331,69.448425,84.01637,94.18534,NA,NA,77,85.553210000000007,97.55716,14,22,NA,90,73.6,0.2
2020-08-31,0.023,GPT,92,78,80.1,73,0,3.1744592,227.72859,57.431393,79.31104,92.96513,NA,NA,78.1,91.461876,104.506775,13,20,NA,89.9,73.5,0.19
2020-09-01,0.019,GPT,90,82,79,73.9,0,5.9553385,188.38544,60.966244,76.58781,88.90445,NA,NA,91.95771,96.335526,103.35916,14,16.51055,NA,89.8,73.4,0.2
2020-09-02,0.02,GPT,91,78,76,73.9,0,4.851361,194.47224,60.966244,72.29357,90.21457,NA,NA,78.1,93.31618,101.64724,10,13.90362,NA,89.7,73.3,0.2
2020-09-03,0.02,GPT,92,74,75.9,71.1,0,2.4905791,200.13228,53.867287,73.549995,93.50594,NA,NA,73.9,89.12677,100.5627,10,13.034643,NA,89.6,73.1,0.18
2020-09-04,0.038,GPT,92,76,77,73,0,2.5268667,153.81065,57.431393,77.1655,93.52941,NA,NA,75.9,89.61884,103.0089,10,11.296691,NA,89.5,73,0.19
2020-09-05,0.031,GPT,97,77,78.1,68,0,3.5792046,2.401,46.142372,71.19328,90.21457,NA,NA,78.1,90.87307,104.66202,9,12.165668,NA,89.4,72.8,0.19
2020-09-06,0.047,GPT,94,70,68,64,0,4.4291697,22.343287,40.06605,60.19262,83.93082,NA,NA,70,83.223625,97.02584,10,13.90362,NA,89.3,72.7,0.19
2020-09-07,0.047,GPT,90,70,71.1,64.9,0,3.3433356,132.22728,45.249863,66.90957,85.08769,NA,NA,71.1,81.70773,93.16877,11,13.90362,NA,89.2,72.5,0.2
2020-09-08,0.036,GPT,90,72,75,68,0,5.612003,117.046776,59.147587,74.14373,87.628876,NA,NA,73,85.47039,99.3201,17,21,NA,89.1,72.4,0.2
2020-09-09,0.039,GPT,91,74,73.9,68,0,4.9672475,102.693565,46.991474,70.97051,90.39978,NA,NA,75,86.40587,97.67082,14,17.379524,NA,89,72.2,0.21
2020-09-10,0.029,GPT,94,72,75,68,0,4.459874,22.651354,45.84961,68.04783,84.337776,NA,NA,73,87.142395,100.13229,11,16,NA,88.8,72,0.21
2020-09-11,0.035,GPT,90,76,75,72,1e-4,4.009072,39.814724,60.966244,79.910416,90.73938,NA,NA,75.9,83.410126,98.08501,11,16.51055,NA,88.7,71.8,0.21
2020-09-12,0.023,GPT,90,75,77,72,0.01,5.163294,78.8744,63.25543,80.87874,93.50594,NA,NA,75,84.37954,99.3201,18,22.593382,NA,88.5,71.6,0.22
2020-09-16,0.024,GPT,82,74,70,66.9,0,15.127007,329.11694,64.68674,72.62961,76.62149,NA,NA,75,78.1169,83.76375,23,36.497,NA,87.9,70.8,0.17
2020-09-17,0.024,GPT,89,70,72,66,0,6.5031404,320.75467,56.919083,73.87438,88.34331,NA,NA,69.8,79.82729,92.03618,13,18.2485,NA,87.8,70.6,0.16
2020-09-18,0.024,GPT,81,73,72,66.9,0.01,5.070648,359.09445,69.06545,78.30942,87.681946,NA,NA,73,77.37196,84.50432,10,13.034643,NA,87.6,70.3,0.15
2020-09-19,0.022,GPT,73,69,69.1,66.9,0.54,7.875785,35.374218,83.98641,89.61734,93.40279,NA,NA,69.1,71.29498,73,13,18.2485,NA,87.4,70.1,0.14
2020-09-20,0.021,GPT,70,66,66.9,62.1,0.39,10.876483,55.258137,86.48417,89.14285,93.924324,NA,NA,66,67.49651,71.1,17,25.200312,NA,87.2,69.8,0.14
2020-09-21,0.023,GPT,70,66,65,61,0.39,10.3593855,67.31518,78.301735,83.65803,90.400345,NA,NA,66,68.08188,70,17,21,NA,87,69.5,0.13
2020-09-22,0.034,GPT,80,68,68,60.1,0,10.171668,75.84533,68.494095,74.518265,81.40747,NA,NA,68,72.7416,79,19,25,NA,86.8,69.3,0.13
2020-09-23,0.032,GPT,84,68,75,64,0.1,12.697837,116.54164,69.59207,81.755936,90.21457,NA,NA,69.1,77.797905,90.34348,23,30.41417,NA,86.6,69,0.15
2020-09-24,0.024,GPT,80,71,75.9,68,0.59,7.0488486,228.09018,71.14396,82.80731,96.41042,NA,NA,71.1,76.02446,79,18,25.200312,NA,86.4,68.7,0.14
2020-09-25,0.03,GPT,83,68,68,64,0,2.9993021,313.04633,58.09791,77.47814,90.24586,NA,NA,68,74.42785,83.3954,9,12.165668,NA,86.2,68.4,0.16
2020-09-26,0.037,GPT,83,68,74,64.9,1e-4,4.0676904,99.04501,65.026215,83.46847,93.52941,NA,NA,68,75.59427,86.95028,11,17,NA,86,68.1,0.15
2020-09-27,0.047,GPT,87.1,71.1,75,66,NA,3.3349617,201.12515,51.36681,78.75091,96.678116,NA,NA,71.1,80.01184,90.15505,10,NA,NA,85.7,67.8,0.15
2020-09-28,0.031,GPT,88,66,75.9,57,0.04,6.154222,290.5908,62.615204,79.07556,93.79415,NA,NA,66,81.14752,97.814644,18,24.331335,NA,85.5,67.4,0.15
2020-09-29,0.029,GPT,78,55,57,46.9,0.02,8.5024395,340.45096,37.29259,63.342804,83.87503,NA,NA,55.9,67.18174,78.1,18,23.462358,NA,85.2,67.1,0.16
2020-09-30,0.038,GPT,78,52,55.9,45,0,1.7404047,202.39128,35.600693,66.278145,89.88164,NA,NA,52,64.527664,77,8,13.034643,NA,85,66.8,0.15
2020-10-01,0.05,GPT,88,54,62.1,52,0,3.9204466,330.52072,31.432587,62.46706,90.29139,NA,NA,55,70.834076,85.97974,11,21,NA,84.7,66.4,0.14
2020-10-02,0.039,GPT,81,57,52,42.1,0,5.311933,10.945416,26.893555,48.300755,69.51858,NA,NA,57.9,68.34404,79,15,19.986454,NA,84.5,66,0.14
2020-10-03,0.039,GPT,78,51,55,45,0,3.5610607,34.405273,30.954712,61.022446,83.46003,NA,NA,51.1,63.910103,78.1,11,20,NA,84.2,65.7,0.14
2020-10-04,0.037,GPT,79,54,57,48,0,3.9357991,12.992103,40.357548,63.084053,82.8192,NA,NA,54,66.15338,78.1,13,17.379524,NA,83.9,65.3,0.14
2020-10-05,0.041,GPT,83,59,59,54,0,5.308444,21.05042,40.834755,64.09573,83.46003,NA,NA,59,70.03226,82.412476,10,18.2485,NA,83.6,64.9,0.13
2020-10-06,0.028,GPT,80,66,69.8,57.9,1e-4,4.817917,20.200747,62.300663,72.04948,79.47427,NA,NA,66,73.858406,82.69765,10,13.90362,NA,83.3,64.5,0.13
2020-10-07,0.033,GPT,90,71,73.9,68,0,4.5875783,85.27032,55.463593,78.73568,90.73938,NA,NA,71.1,81.08142,95.34641,11,14.772596,NA,83,64.1,0.12
2020-10-08,0.026,GPT,88,76,75,72,0.01,5.9839497,70.27576,65.26648,82.241425,90.47541,NA,NA,75.9,81.79575,93.09395,13,16.51055,NA,82.7,63.7,0.13
2020-10-09,0.029,GPT,86,76,75.9,73,0.07,15.134683,107.95673,69.685555,82.974236,93.52941,NA,NA,75.9,83.62304,94.98124,28,38.234955,NA,82.4,63.2,0.13
2020-10-10,0.036,GPT,85,75,75.9,68,0.25,9.41324,200.06459,60.952366,75.32314,92.96513,NA,NA,75,80.91059,88.31077,28,36.497,NA,82.1,62.8,0.11
2020-10-11,0.042,GPT,87,70,72,66.9,0,4.5191903,271.14127,54.89434,77.08282,90.594666,NA,NA,72,78.3384,88.18489,12,18.2485,NA,81.7,62.4,0.11
2020-10-12,0.039,GPT,87,68,73,66,0,3.6357293,246.34303,62.857838,80.31999,96.322716,NA,NA,68,79.384254,93.09395,10,14.772596,NA,81.4,62,0.11
2020-10-13,0.034,GPT,88,64,70,55.9,0,4.95331,337.39832,43.10064,69.3597,93.4268,NA,NA,66,77.17249,88.76938,10,13.90362,NA,81.1,61.5,0.11
2020-10-14,0.047,GPT,80,55,60.1,51.1,0,2.2271776,116.12976,42.031292,67.597466,90.247734,NA,NA,55,67.48132,79,7,9.558739,NA,80.7,61.1,0.12
2020-10-15,0.048,GPT,83,60,70,59,0,3.513589,155.05956,64.136,79.4327,93.12406,NA,NA,61,73.714806,86.219925,13,17.379524,NA,80.4,60.6,0.11
2020-10-16,0.037,GPT,77,59,68,44.1,0,8.015331,8.492569,45.06241,68.377686,93.37325,NA,NA,60.1,67.0662,75.9,19,29,NA,80,60.2,0.12
2020-10-17,0.045,GPT,74,50,52,37.9,0,4.255052,63.20468,30.12045,55.066887,80.67144,NA,NA,51.1,61.999374,73,12,17.379524,NA,79.7,59.7,0.13
2020-10-18,0.039,GPT,81,56,69.8,48.9,0,4.8011127,106.92744,57.771458,76.50959,93.28895,NA,NA,55.9,68.78262,82.17465,14,18.2485,NA,79.3,59.3,0.12
2020-10-20,0.024,GPT,84,67,70,63,0,4.6020904,99.7563,60.952366,78.57398,92.705696,NA,NA,66.9,75.53577,87.78135,13,19.117477,NA,78.6,58.3,0.12
2020-10-21,0.032,GPT,85,69,72,66,0,4.8306623,94.09314,60.814526,79.33111,90.974266,NA,NA,69.1,77.20521,89.40432,10,13.034643,NA,78.2,57.9,0.12
2020-10-22,0.031,GPT,84,70,71.1,68,0,7.651568,105.534096,65.13056,79.769905,90.594666,NA,NA,71.1,77.29514,89.00622,19,22.593382,NA,77.9,57.4,0.11
2020-10-23,0.03,GPT,85,69,73.9,66.9,1e-4,6.0125437,112.854294,69.59207,84.05695,94.14301,NA,NA,69.1,77.75362,90.34348,17,20.85543,NA,77.5,57,0.11
2020-10-24,0.025,GPT,83,63,73,60.1,0.63,6.4787455,335.25476,54.620113,80.408554,96.9686,NA,NA,64,74.47543,84.64193,13,17.379524,NA,77.2,56.5,0.11
2020-10-25,0.019,GPT,76,61,63,59,0,5.385366,347.33865,66.2685,83.150665,93.78725,NA,NA,60.8,66.471634,75,10,14.772596,NA,76.8,56.1,0.11
2020-10-26,0.032,GPT,82,62,68,59,0,4.041812,40.622814,59.831806,80.88978,93.180626,NA,NA,62.1,70.24722,82.69765,11,13.90362,NA,76.4,55.7,0.1
2020-11-02,NA,GPT,68,47,36,28,0,8.110802,6.105452,25.051968,42.240265,63.327923,NA,NA,44.16081,55.353954,66.9,13,20.85543,NA,74,52.8,0.13
2020-11-03,NA,GPT,72,39,46.9,30,0,2.102439,52.69367,21.692425,59.855103,86.326836,NA,NA,36.690838,54.3704,71.1,8,10.427715,NA,73.6,52.5,0.13
2021-03-01,0.035,GPT,80,60,70,52,0.03,5.6738677,38.86515,67.29422,82.991745,96.9686,NA,NA,60.1,67.202576,78.1,17,23,NA,67.5,49,0.16
2021-03-02,0.029,GPT,60,45,54,41,1.12,10.147038,8.4280205,80.24718,87.15908,93.398476,NA,NA,39.504143,45.458675,60.1,20,26.069286,NA,67.7,49.1,0.16
2021-03-03,0.039,GPT,66,43,48,37.9,0,7.3379793,354.885,44.881535,71.28544,89.921104,NA,NA,36.76216,49.783066,64.9,16,21,NA,67.9,49.3,0.16
2021-03-04,0.043,GPT,69,41,45,36,0,2.856446,265.9365,29.547894,65.63853,88.71353,NA,NA,39.459003,53.422806,69.1,10,13.034643,NA,68.1,49.5,0.17
2021-03-05,0.055,GPT,71,43,54,39.9,0.1,4.3456445,113.24464,35.93618,67.26369,89.67755,NA,NA,44.1,58.485016,69.1,16,20.85543,NA,68.3,49.7,0.16
2021-03-06,0.044,GPT,70,50,50,27,0.01,7.61115,4.712347,29.547894,42.8319,77.3798,NA,NA,50,59.712196,70,17,21.724405,NA,68.5,49.9,0.17
2021-03-07,0.054,GPT,68,43,42.1,24.1,0,4.3874564,43.541504,22.021881,48.375454,85.77325,NA,NA,40.103176,52.380993,66,11,15.641572,NA,68.7,50.1,0.17
2021-03-08,0.055,GPT,69,38,51.1,21,0,4.7770033,113.251755,16.595213,58.674194,92.8002,NA,NA,37.9,54.033104,68,13,17.379524,NA,68.8,50.2,0.16
2021-03-09,0.055,GPT,71,41,57,39,0,8.489896,117.83466,47.228798,73.61348,92.58222,NA,NA,40.2347,58.513424,71.1,19,22.593382,NA,69,50.4,0.17
2021-03-10,0.045,GPT,74,61,59,54,0,13.295337,121.396484,55.001213,72.36342,86.77358,0,NA,62.1,66.37025,73.9,21,27,NA,69.2,50.6,0.15
2021-03-11,0.046,GPT,76,60,63,55.9,0,11.945644,126.200745,61.7494,77.56545,90.0483,NA,NA,61,68.0237,75,19,23.462358,NA,69.4,50.8,0.15
2021-03-12,0.04,GPT,75,58,64,57,0,5.625784,133.37819,61.7494,83.647705,96.85247,0,NA,57.9,67.137634,75,14,17.379524,NA,69.6,51,0.14
2021-03-13,0.04,GPT,76,63,64.9,61,0,4.2132406,149.4403,61.7494,85.83688,96.903595,0,NA,64,67.54976,75,11,13.034643,NA,69.8,51.2,0.15
2021-03-14,0.044,GPT,76,64,66,61,1e-4,10.308711,133.07686,61.7494,81.89854,93.56222,NA,NA,64,69.57805,75,17,21.724405,NA,70,51.4,0.15
2021-03-15,0.037,GPT,79,69,69.1,66,1e-4,7.287108,164.15843,73.88337,86.79109,93.40279,NA,NA,69.1,72.147385,78.1,13,19.117477,NA,70.2,51.6,0.16
2021-03-16,0.031,GPT,79,70,70,68,1e-4,5.868293,172.35405,73.88337,86.17252,94.05696,NA,NA,70,73.52293,78.1,11,15.641572,NA,70.4,51.7,0.16
2021-03-17,0.032,GPT,81,66,71.1,64,1.01,9.949826,165.70457,71.34513,86.35137,94.05696,NA,NA,66,74.70282,83.63766,19,30.41417,NA,70.6,51.9,0.16
2021-03-18,0.035,GPT,70,55,66,41,0,10.459233,299.08044,41.896725000000004,60.49703,89.85901,NA,NA,55.9,63.33352,70,19,27,NA,70.8,52.1,0.17
2021-03-19,0.034,GPT,61,53,45,39,0,9.145644,335.30093,49.042152,58.971207,73.89112,NA,NA,53.1,55.24265,59,17,25.200312,NA,71,52.3,0.17
2021-03-20,0.033,GPT,67,51,48.9,44.1,0,6.256629,12.123194,50.10305,68.35465,82.61972,NA,NA,51.1,57.140278,66,11,14.772596,NA,71.2,52.5,0.17
2021-03-21,0.055,GPT,71,48,48,34,0,4.0829268,81.48458,30.880556,59.79123,83.41674,NA,NA,46.465904,57.853767,70,12,16.51055,NA,71.4,52.7,0.19
2021-03-22,0.044,GPT,72,47,57,43,NA,6.5365853,128.08287,51.07464,71.898224,89.921104,NA,NA,46.9,60.55589,70,17,21,NA,71.6,52.9,0.19
2021-03-23,0.045,GPT,68,60,63,57.2,3.18,10.85784,110.893,80.83122,87.73631,96.15043,0,NA,60.1,63.44453,68,27,35,NA,71.8,53.1,0.19
2021-03-24,0.044,GPT,76,60,66.9,57,1.08,10.795122,112.2559,57.50355,83.14271,92.705696,0,NA,60.1,66.40948,75,22,30,NA,71.9,53.3,0.19
2021-03-25,0.021,GPT,76,69,70,66.9,1e-4,9.666203,158.27847,81.95878,89.417984,96.29225,0,NA,69.1,72.09226,75.9,14,22,NA,72.1,53.5,0.19
2021-03-26,0.027,GPT,79,70,72,69.1,0.03,4.6229963,160.98926,81.55377,91.107315,100,NA,NA,71.1,73.68892,78.1,13,16.51055,NA,72.3,53.8,0.18
2021-03-27,0.03,GPT,80,71,72,70,0,9.384943,147.95721,76.36474,89.9157,100,0,NA,71.1,74.69526,83.94352,15,19.117477,NA,72.5,54,0.17
2021-03-28,0.032,GPT,80,58,72,41,0.34,7.8487806,318.3197,45.84224,75.1946,93.79415,0,NA,59,70.89024,79,17,23.462358,NA,72.7,54.2,0.17
2021-03-29,0.046,GPT,70,52,56,39,NA,5.714286,60.5862,37.49546,58.303097,89.43692,NA,NA,52,61.00418,69.1,11,NA,NA,72.9,54.4,0.17
2021-03-30,0.034,GPT,76,57,69.1,55.9,1e-4,9.616028,135.61661,76.52757,87.9616,93.40279,NA,NA,57.9,68.813034,75.9,21,27,NA,73.1,54.6,0.18
2021-03-31,0.037,GPT,82,56,71.1,39.9,0.11,8.183275,339.19144,54.83435,85.96518,100,NA,NA,55.9,69.56176,84.15924,20,28.676216,NA,73.3,54.8,0.19
2021-04-01,0.047,GPT,65,48,34,19.9,0,12.763066,357.86163,21.726671,34.760227,51.336,0,NA,43.0322,55.46101,64,22,33,NA,73.5,55,0.21
2021-04-02,0.045,GPT,66,40,39,21.9,0,5.61115,13.999509,20.105228,47.43972,73.36703,NA,NA,34.40855,49.724113,64.9,14,19.986454,NA,73.7,55.3,0.21
2021-04-03,0.053,GPT,67,40,46.9,33.1,0,4.8160276,125.68392,36.192703,59.90695,82.61972,NA,NA,38.9772,54.786922,66.9,15,19.986454,NA,73.9,55.5,0.21
2021-04-04,0.052,GPT,69,46,51.1,35.1,0,3.703136,144.8106,29.609406,67.812515,93.031395,NA,NA,46,58.14509,69.1,14,17.379524,NA,74.1,55.7,0.2
2021-04-05,0.049,GPT,72,47,61,46,0,4.0334496,151.02779,47.228798,76.39156,92.8002,NA,NA,48.9,61.62927,71.1,13,17.379524,NA,74.3,55.9,0.2
2021-04-06,0.044,GPT,76,63,63,61,1e-4,7.4536586,150.72693,64.20016,78.96341,93.53832,NA,NA,63,68.878746,75,16,19.117477,NA,74.5,56.2,0.2
2021-04-07,0.041,GPT,76,60,66.9,61,0,8.512196,141.73355,71.414795,84.439125,96.878845,NA,NA,62.1,69.74648,75.9,18,22.593382,NA,74.7,56.4,0.19
2021-04-08,0.05,GPT,79,66,70,57,1.01,6.048084,178.72339,46.869354,80.91107,96.92933,NA,NA,66,71.88815,79,21,28,NA,74.9,56.6,0.2
2021-04-09,0.039,GPT,76,68,71.1,64.9,0.34,10.979791,134.99747,75.747345,85.71918,96.99354,NA,NA,68,71.63094,75,20,26.069286,NA,75.1,56.8,0.2
2021-04-10,0.053,GPT,75,60,69.1,59,4.56,8.280836,163.68997,68.658905,82.99356,100,NA,NA,60.1,68.32195,73,34,45.186764,NA,75.3,57.1,0.19
2021-04-11,0.042,GPT,78,58,66.9,50,0,4.8083625,318.6927,41.41113,68.686775,92.705696,NA,NA,57.9,69.34864,75.9,12,19.117477,NA,75.5,57.3,0.2
2021-04-12,0.051,GPT,79,51,59,48.9,0,3.5191638,143.83131,35.85758,66.82839,93.12406,NA,NA,53.1,66.31826,78.1,11,15.641572,NA,75.7,57.5,0.18
2021-04-13,0.05,GPT,75,54,64,53.1,0.37,5.998606,153.74318,60.893734,79.12365,96.7575,NA,NA,54,65.00836,73.9,30,40,NA,75.9,57.8,0.19
2021-04-14,0.044,GPT,70,58,64.9,55.9,1.06,6.091289,92.94029,75.837166,87.3814,93.83344,0,NA,57.9,64.52355,70,24,43.44881,NA,76.1,58,0.19
2021-04-15,0.035,GPT,72,61,64.9,60.1,4.95,5.8334494,23.632023,73.21936,87.12346,100,0,NA,62.1,65.75373,71.1,18,26,NA,76.3,58.2,0.2
2021-04-16,0.045,GPT,73,57,60.1,54,1.49,5.8034844,50.68898,61.03505,79.04591,93.693306,0,NA,57,64.620834,72,14,19.117477,NA,76.5,58.5,0.19
2021-04-17,0.023,GPT,66,60,63,57,1.17,4.9094076,4.087642,84.43778,92.02672,96.878845,0,NA,60.1,63.457214,64.9,11,13.90362,NA,76.8,58.7,0.19
2021-04-18,0.037,GPT,74,56,55.9,48.9,0.02,6.2320557,342.38104,47.06146,67.2963,90.29139,0,NA,55.9,64.194565,73,11,18.2485,NA,77,58.9,0.19
2021-04-19,0.043,GPT,75,52,52,37.9,0,5.8439026,345.70425,29.43079,55.188442,76.748535,0,NA,53.1,63.630173,75,13,18.2485,NA,77.2,59.2,0.18
2021-04-20,0.05,GPT,76,58,57,46,0,3.4174216,211.00352,36.977394,60.7503,83.35917,0,NA,57.9,66.503555,75,10,14.772596,NA,77.4,59.4,0.18
2021-04-21,0.042,GPT,71,52,55.9,35.1,0,9.201394,342.651,28.652178,55.416626,85.99398,NA,NA,53.1,61.15624,70,17,25.200312,NA,77.6,59.7,0.18
2021-04-22,0.053,GPT,66,47,48.9,33.1,0,6.3818817,96.352234,32.53118,50.301136,74.27023,NA,NA,44.281822,57.78295,66,14,17.379524,NA,77.9,59.9,0.17
2021-04-23,0.054,GPT,74,53,66.9,48.9,0,10.367945,114.81685,56.89107,74.20276,89.89542,NA,NA,54,66.27317,73,22,30,NA,78.1,60.2,0.17
2021-04-24,0.039,GPT,85,67,73,54,0.26,9.080139,222.82295,56.506313,78.13538,93.4268,NA,NA,68,76.558365,89.00622,20,26,NA,78.3,60.4,0.16
2021-04-25,0.046,GPT,80,54,59,50,0,5.250871,342.74698,41.722034,65.83823,89.569176,NA,NA,55,66.797005,77,14,19.117477,NA,78.5,60.7,0.17
2021-04-26,0.048,GPT,77,54,64.9,51.1,0,6.226481,134.46382,45.06241,72.21025,93.0668,NA,NA,55,67.98056,75.9,15,17.379524,NA,78.8,60.9,0.16
2021-04-27,0.043,GPT,79,68,69.1,64.9,0,11.14007,121.58845,68.732666,81.465096,93.319046,NA,NA,68,72.836586,77,20,23.462358,NA,79,61.2,0.16
2021-04-28,0.04,GPT,80,72,71.1,69.1,0,11.176307,126.557976,69.18237,84.761154,93.4268,NA,NA,72,75.04233,83.28471,18,23.462358,NA,79.3,61.4,0.16
2021-04-29,0.034,GPT,82,73,73.9,70,0,7.117073,145.45602,69.61913,84.51923,94.14301,NA,NA,73,77.778625,86.82943,13,16.51055,NA,79.5,61.7,0.14
2021-04-30,0.028,GPT,83,69,73.9,61,0.21,3.5686412,352.8147,67.05904,83.119774,100,0,NA,69.1,76.84068,87.39306,15,18.2485,NA,79.7,61.9,0.14
2021-05-01,0.053,GPT,80,64,64,50,0,6.409756,108.17206,34.98183,62.130333,78.46361,0,NA,64,71.859886,80.0428,15,20.85543,NA,80,62.2,0.13
2021-05-02,0.041,GPT,79,67,73.9,64,0.55,7.748432,153.2362,75.92354,86.33158,94.14301,0,NA,66.9,73.22711,78.1,18,27,NA,80.2,62.5,0.13
2021-05-03,0.021,GPT,83,72,75.9,70,0.01,7.6634145,167.87129,79.39962,88.69066,94.14301,0,NA,73,79.63907,90.88469,14,19.117477,NA,80.5,62.7,0.14
2021-05-04,0.037,GPT,84,70,75.9,66.9,0.86,7.1672473,175.24414,76.69446,86.727165,96.9686,0,NA,69.8,80.7488,92.76035,16,28,NA,80.7,63,0.14
2021-05-05,0.032,GPT,79,69,70,63,2.25,4.271777,338.95438,71.14396,86.405136,100,NA,NA,69.1,72.38209,78.1,11,16.51055,NA,81,63.3,0.15
2021-05-06,0.041,GPT,83,61,61,50,0,5.9972124000000004,358.49512,32.88028,62.17955,90.247734,NA,NA,61,71.75215,81.570465,14,17.379524,NA,81.2,63.6,0.14
2021-05-07,0.047,GPT,84,57,57,48,0,4.923345,336.0741,29.635479,58.92082,90.04272,NA,NA,57,70.09,81.20049,17,22.593382,NA,81.5,63.8,0.15
2021-05-08,0.056,GPT,80,56,63,52,0,6.9205575,144.45499,53.79913,66.92971,86.76975,NA,NA,57,71.06537,78.1,14,19.117477,NA,81.7,64.1,0.14
2021-05-09,0.054,GPT,83,73,71.1,61,0,8.609756,176.5967,60.283,69.275215,82.03341,0,NA,73,78.44918,84.92029,14,20.85543,NA,82,64.4,0.15
2021-05-10,0.034,GPT,77,69,73,66,1.75,5.252265,140.6778,75.92354,88.82132,96.99354,NA,NA,69.1,73.296234,77,19,25.200312,NA,82.2,64.7,0.14
2021-05-11,0.036,GPT,77,68,72,66,0.87,4.0090594,73.449135,75.92354,89.24941,96.99354,NA,NA,69.1,72.36049,77,11,17.379524,NA,82.5,65,0.13
2021-05-12,0.028,GPT,82,66,73,61,1.18,7.102439,14.930288,58.43191,79.54383,96.29225,NA,NA,66,73.9153,84.14535,16,19.986454,NA,82.7,65.3,0.14
2021-05-13,0.035,GPT,80,63,61,55,0,6.7163763,16.373068,45.207962,68.287155,93.180626,NA,NA,63,69.70294,80.4454,14,20.85543,NA,83,65.5,0.12
2021-05-14,0.049,GPT,80,58,60.1,51.1,0,4.2885017,98.04988,40.357548,66.63333,87.135864,0,NA,59,68.51637,78.1,11,15.641572,NA,83.2,65.8,0.12
2021-05-15,0.054,GPT,80,59,62.1,51.1,0,6.429965,127.861855,37.77841,65.834946,92.43185,0,NA,60.1,70.311356,79,17,23.462358,NA,83.5,66.1,0.12
2021-05-16,0.049,GPT,81,61,66,57,0,10.285017,118.37226,57.771458,70.66441,86.77358,NA,NA,62.1,73.036156,82.17465,20,26.069286,NA,83.7,66.4,0.13
2021-05-17,0.045,GPT,80,73,69.8,63,0.01,13.825784,129.55743,59.783844,73.1007,83.32391,NA,NA,73.9,75.65735,78.1,20,24.331335,NA,83.9,66.7,0.14
2021-05-18,0.046,GPT,79,69,72,66.2,0.24,14.815331,127.36615,68.494095,82.575005,93.77152,0,NA,70,74.608086,78.1,24,32.152122,NA,84.2,67,0.13
2021-05-19,0.044,GPT,78,73,71.1,68,0.09,17.359581,112.260025,73.780556,80.29837,90.974266,NA,NA,73,75.38989,77,24,34,NA,84.4,67.3,0.14
2021-05-20,0.047,GPT,81,75,70,66,0,18.514982,109.0796,69.06545,76.08996,81.89738,NA,NA,75,76.50024,83.01213,30,35.628025,NA,84.6,67.6,0.15
2021-05-21,0.045,GPT,82,71,68,64,0,17.50453,108.02865,60.365044,69.62139,80.778625,NA,NA,71.1,77.413925,83.76375,29,36.497,NA,84.9,67.8,0.15
2021-05-22,0.044,GPT,81,69,69.1,62.1,0,10.540767,115.31417,54.232742,70.158585,86.48417,NA,NA,69.1,75.442566,82.17465,20,26.069286,NA,85.1,68.1,0.16
2021-05-23,0.046,GPT,84,64,71.1,61,0,4.748432,125.86564,49.028793,74.783005,93.37325,0,NA,64,75.15664,85.44786,15,19.986454,NA,85.3,68.4,0.17
2021-05-24,0.039,GPT,82,67,69.1,60.1,0,3.460627,145.54813,49.056587,74.21375,100,0,NA,66.9,75.08108,82.54184,10,16,NA,85.5,68.7,0.18
2021-05-25,0.038,GPT,83,67,69.1,64.9,0,4.916376,149.04907,60.283,75.78006,93.319046,0,NA,68,76.67475,85.39448,13,18.2485,NA,85.7,69,0.18
2021-05-26,0.04,GPT,87,66,71.1,64,0,3.6497002,177.60713,51.210354,74.63835,93.28895,0,NA,66,78.14067,88.282074,17,20.85543,NA,85.9,69.2,0.19
2021-05-27,0.041,GPT,87,70,72,68,0,4.1839724,188.02797,58.95082,74.82913,90.594666,0,NA,71.1,81.700455,92.246544,11,15.641572,NA,86.1,69.5,0.19
2021-05-28,0.035,GPT,87,70,73,66,0.13,5.615331,229.98654,60.814526,75.89197,90.594666,NA,NA,71.1,80.65205,90.34348,18,27,NA,86.3,69.8,0.19
2021-05-29,0.032,GPT,83,66,69.1,62.1,0,4.3505225,333.7116,54.620113,72.925934,93.319046,NA,NA,66,77.13531,86.47949,10,14.772596,NA,86.5,70,0.2
2021-05-30,0.037,GPT,85,60,64.9,51.1,0,5.7205577,10.048284,37.18456,59.866093,75.57828,NA,NA,60.1,71.97182,83.74426,13,18.2485,NA,86.7,70.3,0.2
2021-05-31,0.048,GPT,84,64,70,55.9,0,7.243902,118.40396,51.10379,67.69024,87.628876,NA,NA,64,75.49609,86.20281,14,18.2485,NA,86.9,70.5,0.2
2021-06-01,0.041,GPT,85,67,75,64.9,0,7.795122,137.0612,60.814526,80.18459,93.40279,NA,NA,68,80.40984,90.34348,17,23.462358,NA,87.1,70.8,0.2
2021-06-02,0.035,GPT,86,73,73.9,66.9,1.06,6.4216027,162.53465,69.59207,84.978294,96.38104,NA,NA,73,78.69989,91.04214,22,26.069286,NA,87.2,71,0.2
2021-06-03,0.025,GPT,84,71,73.9,69.1,2.17,3.7226481,194.38583,67.617035,84.91829,97.016945,NA,NA,71.1,78.69857,91.04214,13,22,NA,87.4,71.3,0.2
2021-06-04,0.03,GPT,84,72,73.9,69.1,0.03,3.0829268,113.59692,67.280304,82.22733,93.4268,NA,NA,72,78.95103,91.04214,12,15.641572,NA,87.5,71.5,0.2
2021-06-05,0.031,GPT,79,74,73.9,66.9,0.17,7.414634,134.22592,73.677185,85.97515,93.52941,NA,NA,75,76.36181,78.1,19,25.200312,NA,87.7,71.7,0.21
2021-06-06,0.034,GPT,83,71,78.8,69.1,2.58,9.56446,149.95505,79.057945,89.753334,100,NA,NA,71.1,81.02928,91.80951,17,27,NA,87.8,71.9,0.21
2021-06-07,0.031,GPT,86,75,78.8,71.1,0,8.110105,157.07893,74.42529,84.39258,94.26866,NA,NA,75,86.979225,95.3566,14,19.117477,NA,88,72.1,0.21
2021-06-08,0.024,GPT,88,79,78.8,75.9,1e-4,8.645296,156.90236,71.92741,83.548515,93.637276,NA,NA,86.69299,91.7309,98.867195,15,19.986454,NA,88.1,72.3,0.21
2021-06-09,0.025,GPT,87,80,78.8,73.9,0,6.121951,172.31766,67.27328,80.402084,94.26866,NA,NA,86.25138,90.079834,95.3566,15,20.85543,NA,88.2,72.5,0.22
2021-06-10,0.028,GPT,89,74,75.9,72,0,5.0571427,202.54832,63.124584,77.14547,93.52941,NA,NA,75,87.86005,97.55716,11,17.379524,NA,88.3,72.7,0.22
2021-06-11,0.027,GPT,90,78,75.9,72,1e-4,5.2940764,216.32094,57.18277,73.50326,87.050026,NA,NA,85.08518,91.50276,98.08501,11,17.379524,NA,88.4,72.8,0.23
2021-06-12,0.023,GPT,94,77,75.2,72,0,5.216725,286.68042,50.609615,71.29682,90.21457,NA,NA,77,90.94436,102.11232,11,15.641572,NA,88.5,73,0.23
2021-06-13,0.037,GPT,93,72,75.9,66.9,0.37,4.343554,324.3022,57.93478,80.2224,93.79415,NA,NA,72,81.630035,103.05586,15,33.0211,NA,88.6,73.1,0.23
2021-06-14,0.055,GPT,92,68,75,68,0,3.0905924,299.80865,46.991474,73.60795,96.29225,NA,NA,69.1,84.14223,98.29539,11,13.90362,NA,88.7,73.3,0.23
2021-06-15,0.05,GPT,94,75,78.1,71.1,0.21,2.702439,235.561,49.216675,73.742485,93.52941,NA,NA,75,90.1125,102.166626,17,20.85543,NA,88.8,73.4,0.24
2021-06-16,0.063,GPT,93,76,75,62.1,1e-4,4.3442507,53.946426,40.74673,64.64516,93.55792,0,NA,75.9,84.6572,94.72325,12,14.772596,NA,88.9,73.6,0.25
2021-06-17,0.057,GPT,90,68,73,59,0,7.29547,105.1731,37.661842,58.247128,80.91651,NA,NA,69.1,82.453606,90.40737,15,19.117477,NA,89,73.7,0.26
2021-06-18,0.023,GPT,82,75,73.9,71.1,2.21,11.915679,115.048035,69.61913,85.51069,94.14301,0,NA,75,78.961205,87.933556,25,33.0211,NA,89.1,73.8,0.24
2021-06-19,0.026,GPT,87,76,77,72,3.44,10.998607,199.6177,65.36098,80.658745,100,0,NA,75.9,84.31731,92.35637,37,50,NA,89.1,73.9,0.24
2021-06-20,0.023,GPT,88,76,78.1,71.1,0.06,5.615331,209.66487,64.954704,81.32317,94.18534,0,NA,77,85.439476,95.92129,15,22.593382,NA,89.2,74,0.26
2021-06-21,0.02,GPT,86,73,79,70,3.88,5.2034845,203.15181,71.92741,85.80875,97.016945,0,NA,73,81.845276,95.92129,22,32.152122,NA,89.3,74.1,0.25
2021-06-22,0.023,GPT,88,74,75.9,72,0.14,3.5972126,239.38226,64.954704,83.88615,97.016945,0,NA,73.9,83.04202,97.55716,11,14.772596,NA,89.3,74.2,0.25
2021-06-23,0.028,GPT,87,75,77,73,0,3.1038327,177.94354,67.393654,82.81264,96.38104,0,NA,75,86.33074,97.15324,11,16,NA,89.4,74.2,0.25
2021-06-24,0.023,GPT,89,75,78.1,73,0.17,3.1101046,171.90367,65.18404,82.21834,93.55792,0,NA,75,88.17101,101.825516,11,17.379524,NA,89.4,74.3,0.24
2021-06-25,0.032,GPT,87,75,75,72,0.15,7.8529615,121.191765,65.36098,79.42482,94.14301,NA,NA,75,85.473854,94.98124,16,21.724405,NA,89.5,74.4,0.23
2021-06-26,0.025,GPT,88,78,75,72,1e-4,12.014634,131.55273,67.27328,73.05887,84.474464,NA,NA,78.1,89.50981,96.557755,18,24.331335,NA,89.6,74.4,0.23
2021-06-27,0.03,GPT,88,78,75.9,73,0.11,11.032753,120.20968,67.27328,77.890755,90.21457,NA,NA,78.1,87.08429,98.85556,23,34,NA,89.6,74.5,0.24
2021-06-28,0.03,GPT,88,74,77,72,0.18,11.713589,118.05667,67.27328,77.64435,94.18534,NA,NA,75.9,88.55465,98.867195,28,34,NA,89.7,74.5,0.24
2021-06-29,0.028,GPT,87,76,75,70,0.1,7.1930313,113.03759,67.280304,80.08775,93.55792,NA,NA,75.9,84.52571,96.557755,15,20,NA,89.7,74.6,0.23
2021-06-30,0.028,GPT,88,74,75,71.1,1e-4,5.29547,103.99382,59.092064,80.10544,96.38104,0,NA,73.9,83.01202,93.65173,13,17.379524,NA,89.7,74.6,0.24
2021-07-01,0.031,GPT,88,73,75,72,0,3.3268292,140.85779,60.923714,79.51967,96.678116,0,NA,73,83.336876,93.65173,10,13.90362,NA,89.8,74.6,0.24
2021-07-02,0.034,GPT,90,75,77,73,0.53,3.8933797,288.30334,59.26213,83.1394,94.18534,NA,NA,75,83.73546,100.53279,11,17.379524,NA,89.8,74.7,0.24
2021-07-03,0.025,GPT,87,74,77,73,1.27,3.2620208,272.2307,69.799286,89.067894,96.38104,0,NA,75,80.38589,95.3566,10,13.90362,NA,89.9,74.7,0.25
2021-07-04,0.036,GPT,87,74,75.9,73,0,3.0648084,191.75793,69.448425,85.08443,100,NA,NA,73.4,83.99824,97.55716,11,16.51055,NA,89.9,74.7,0.25
2021-07-05,0.034,GPT,86,76,75.9,73.9,0.37,4.7972126,157.03252,69.685555,82.43681,97.04129,NA,NA,75.9,85.146324,95.92129,14,19.117477,NA,90,74.7,0.25
2021-07-06,0.025,GPT,83,73,75.9,71.6,4.61,5.2397213,85.44684,74.325455,90.27384,97.04129,NA,NA,73,78.74097,89.369316,19,21.724405,NA,90,74.8,0.25
2021-07-07,0.025,GPT,82,74,75.9,72,1.26,2.466899,87.43425,74.151726,90.50708,97.04129,NA,NA,73.9,78.261215000000007,89.256584,11,17.379524,NA,90,74.8,0.25
2021-07-08,0.024,GPT,88,75,77,72,0,2.1623693,175.01485,67.393654,81.93271,96.38104,NA,NA,75,86.86357,98.867195,10,14.772596,NA,90.1,74.8,0.25
2021-07-09,0.018,GPT,86,73,79,72,0.27,4.4550524,176.70181,77.3703,87.488434,97.016945,NA,NA,73.9,84.791145,99.64698,15,26.069286,NA,90.1,74.8,0.26
2021-07-10,0.02,GPT,85,72,78.1,69.1,0.52,2.539373,192.41995,69.59207,85.50836,93.77152,NA,NA,72,82.540726,93.34773,14,23,NA,90.2,74.8,0.26
2021-07-11,0.023,GPT,87,75,78.1,69.1,0.02,3.9275262,206.2226,72.03415,83.279434,93.55792,NA,NA,75,84.16316,100.28098,16,21.724405,NA,90.2,74.9,0.26
2021-07-12,0.023,GPT,88,73,79,69.1,0.37,5.5080137,166.68613,71.777084,82.19369,93.77152,NA,NA,73,84.28345,98.867195,15,24,NA,90.3,74.9,0.27
2021-07-13,0.024,GPT,88,74,75.9,73,0,4.4968643,150.35373,61.241543,79.251816,97.016945,NA,NA,73.9,86.69927,96.557755,13,16.51055,NA,90.3,74.9,0.25
2021-07-14,0.031,GPT,90,74,75.9,73,0,4.0020905,144.87,60.966244,78.72857,97.04129,0,NA,75,87.97757,98.08501,12,16.51055,NA,90.3,74.9,0.23
2021-07-15,0.025,GPT,89,77,77,73,0,3.830662,148.75792,61.241543,78.45825,93.55792,0,NA,77,88.27304,98.867195,11,14.772596,NA,90.4,74.9,0.23
2021-07-16,0.03,GPT,83,76,77,73,0.33,3.0473866,114.268425,74.24337,88.02529,94.22723,0,NA,75.9,80.11984,91.80951,13,17.379524,NA,90.4,74.9,0.22
2021-07-17,0.026,GPT,88,75,77,73.9,0.03,4.088502,143.16893,71.92741,83.539345,93.55792,0,NA,75.9,86.402626,98.867195,14,18.2485,NA,90.5,74.9,0.22
2021-07-18,0.02,GPT,86,75,77,71.6,0.22,1.6885017,172.65047,67.280304,85.10982,93.55792,NA,NA,75.9,84.34014,95.3566,9,12.165668,NA,90.5,74.9,0.22
2021-07-19,0.024,GPT,89,76,78.1,72,0.39,2.5728223,237.70192,67.393654,85.107346,97.04129,NA,NA,75.9,84.04675,100.28098,11,20,NA,90.5,75,0.22
2021-07-20,0.025,GPT,85,75,75.9,73,0.18,2.948432,212.81291,69.59207,84.83508,97.04129,NA,NA,75.9,82.8528,91.04214,9,16.51055,NA,90.6,75,0.2
2021-07-21,0.047,GPT,88,74,78.1,73,0.46,3.937979,168.74855,67.49169,81.75095,96.38104,NA,NA,75,87.44655,101.6927,15,17.379524,NA,90.6,75,0.21
2021-07-22,0.037,GPT,92,77,78.1,73.9,0,3.7240417,242.08441,59.701164,76.22011,92.96513,NA,NA,78.1,92.84663,104.22139,10,15.641572,NA,90.7,75,0.22
2021-07-23,0.034,GPT,95,77,78.1,72,0.03,4.6864114,302.0218,50.72025,74.66332,90.21457,NA,NA,77,91.33789,105.72785,18,29,NA,90.7,75,0.21
2021-07-24,0.031,GPT,94,75,78.1,73,0.31,3.5275261,344.62582,57.93478,83.71323,93.60928,NA,NA,75.9,87.669395,107.24766,16,23.462358,NA,90.7,75,0.21
2021-07-25,0.042,GPT,92,74,78.1,72,0,2.374216,150.30128,57.431393,78.93344,93.79415,0,NA,73.9,90.02904,104.506775,11,15.641572,NA,90.8,75,0.21
2021-07-26,0.051,GPT,92,77,78.1,72,0,3.1156795,171.04509,55.71818,75.635895,96.42644,NA,NA,78.1,91.62841,101.86564,11,13.90362,NA,90.8,75,0.21
2021-07-27,0.05,GPT,93,75,77,72,0,2.2529616,193.69688,52.372917,74.282295,93.52941,NA,NA,75.9,90.54682,103.05586,11,13.90362,NA,90.8,75,0.22
2021-07-28,0.045,GPT,94,75,77,70,0.01,2.5756097,343.48227,50.907776,76.48872,93.60928,0,NA,75.9,87.69928,104.506775,11,13.90362,NA,90.9,75.1,0.23
2021-07-29,0.05,GPT,95,77,79,75,0,2.697561,238.75114,59.701164,76.8657,93.55792,0,NA,77,92.83938,110.39284,10,14.772596,NA,90.9,75.1,0.23
2021-07-30,0.044,GPT,94,76,80.1,73.9,1e-4,1.9149826,241.12016,61.92397,78.36287,93.55792,0,NA,77,92.670876,111.64888,9,13.034643,NA,90.9,75.1,0.22
2021-07-31,0.045,GPT,92,78,81,69.8,0.64,2.7003484,253.90804,64.21887,83.7229,93.637276,0,NA,78.1,93.89205,109.45115,18,19.986454,NA,90.9,75.1,0.22
2021-08-01,0.044,GPT,94,75,79,68,1e-4,3.7874565,265.97433,51.649754,79.52669,97.04129,NA,NA,75.9,87.806366,110.39284,19,26.069286,NA,91,75.1,0.21
2021-08-02,0.036,GPT,90,75,78.1,72,0.27,2.206272,316.98572,65.36098,83.982635,100,NA,NA,75,83.39551,103.35916,22,29.545193,NA,91,75.1,0.21
2021-08-03,0.037,GPT,86,75,77,73,0.17,2.3310103,335.86356,69.59207,87.93941,96.38104,NA,NA,75,81.01638,94.98124,9,12.165668,NA,91,75.1,0.22
2021-08-04,0.046,GPT,92,75,75.9,64.9,0,5.343554,1.21797,48.025757,69.34238,96.41042,0,NA,75,85.137200000000007,97.2908,13,18.2485,NA,91,75.1,0.22
2021-08-05,0.048,GPT,90,69,71.1,64.9,0,3.0655053,260.56693,49.72598,68.74317,89.85901,0,NA,69.1,81.25867,95.34641,9,13.034643,NA,91,75.1,0.23
2021-08-06,0.059,GPT,91,69,72,62.1,0,1.68223,179.9916,39.474964,69.34584,89.93965,NA,NA,70,81.27167,92.901535,10,13.034643,NA,91,75.1,0.23
2021-08-07,0.05,GPT,91,73,75.9,69.1,0,2.045993,180.98936,55.193634,72.454765,90.249115,0,NA,73,86.910805,99.26306,10,13.034643,NA,91,75,0.21
2021-08-08,0.026,GPT,92,76,78.1,73.9,0,3.1059234,218.60515,59.26213,76.42678,93.55792,0,NA,77,91.72738,103.10775,11,17.379524,NA,91,75,0.21
2021-08-09,0.024,GPT,93,77,78.1,73.9,0,3.3156796,182.91182,59.26213,75.0085,93.60928,NA,NA,77,93.10104,105.74793,11,15.641572,NA,91,75,0.2
2021-08-10,0.029,GPT,91,77,77,73,0,1.8334495,64.66737,60.966244,78.95571,92.96513,NA,NA,78.1,90.038216,101.825516,10,11.296691,NA,91,75,0.19
2021-08-11,0.033,GPT,90,77,77,71.1,0.01,3.2787457,117.681755,55.463593,80.05569,93.55792,NA,NA,77,86.441864,100.40434,14,19.117477,NA,91,75,0.19
2021-08-12,0.036,GPT,88,75,77,70,0,2.4034843,123.23022,58.95082,79.42705,93.52941,NA,NA,75.9,83.523125,94.55197,21,30.41417,NA,91,74.9,0.19
2021-08-13,0.037,GPT,91,74,75.9,72,0,2.3881533,89.0762,57.49431,77.886986,93.79415,NA,NA,73.9,86.83107,99.26306,9,11.296691,NA,90.9,74.9,0.19
2021-08-14,0.043,GPT,95,74,77,72,0,3.4745646,12.846941,52.348576,75.466965,93.79415,NA,NA,73.9,88.64042,103.05586,11,13.90362,NA,90.9,74.9,0.2
2021-08-15,0.037,GPT,92,76,77,72,0.03,4.3979096,74.83398,55.71818,79.31617,94.14301,NA,NA,75.2,85.11637,100.53279,15,19.986454,NA,90.9,74.8,0.22
2021-08-16,0.022,GPT,95,75,73.9,69.1,1e-4,5.549129,21.269413,44.58768,68.818985,90.73938,NA,NA,75,87.40644,101.037025,14,19.986454,NA,90.8,74.8,0.21
2021-08-17,0.038,GPT,93,74,77,71.1,0,2.8801394,171.90887,57.93478,74.17406,90.974266,NA,NA,73.9,89.868515,103.10775,10,14.772596,NA,90.8,74.7,0.22
2021-08-18,0.025,GPT,91,77,80.1,75,0.35,5.5567946,157.01144,63.362026,76.426476,90.66067,NA,NA,78.1,95.12123,107.87039,14,18.2485,NA,90.8,74.7,0.22
2021-08-19,0.022,GPT,91,79,79,73.9,0.18,4.927526,166.63292,65.72114,76.12485,93.637276,NA,NA,79,96.03693,104.68358,12,18.2485,NA,90.7,74.6,0.22
2021-08-20,0.027,GPT,91,78,78.1,72,0,2.9205575,196.65306,59.20717,75.81573,90.29109,NA,NA,79,92.057,104.506775,11,16.51055,NA,90.7,74.5,0.22
2021-08-21,0.039,GPT,94,79,75.9,69.1,0,3.4682927,236.89,45.84961,70.66469,90.249115,NA,NA,79,91.98601,104.22139,10,16.51055,NA,90.6,74.5,0.23
2021-08-22,0.036,GPT,96,76,77,72,0,4.467596,263.6756,50.907776,70.00582,90.172104,NA,NA,77,93.42301,108.464386,11,16.51055,NA,90.6,74.4,0.23
2021-08-23,0.037,GPT,99,75,79,71.1,1.26,5.3344946,274.68597,47.85786,75.55077,93.60928,NA,NA,75,93.087265,111.18544,23,42,NA,90.5,74.3,0.24
2021-08-24,0.049,GPT,95,76,78.1,73.9,0,3.287108,233.02089,52.473076,77.83694,96.42644,NA,NA,77,93.17048,107.393974,11,15,NA,90.5,74.2,0.22
2021-08-25,0.052,GPT,94,79,80.6,72,0.24,4.016028,108.980515,63.690865,80.74891,93.66005,NA,NA,79,94.446815,106.0642,21,23.462358,NA,90.4,74.2,0.22
2021-08-26,0.026,GPT,88,76,78.1,70,0.58,6.70453,96.24613,64.954704,79.34357,93.637276,NA,NA,75.9,86.40364,96.557755,19,23.462358,NA,90.3,74.1,0.2
2021-09-01,0.029,GPT,94,76,79,75,0,4.34007,264.4171,57.69113,82.751976,97.04129,NA,NA,75.9,89.58147,105.691475,11,18.2485,NA,89.8,73.4,0.2
2021-09-02,0.041,GPT,94,74,75.9,73,0,3.3052266,302.3465,57.93478,78.72886,93.52941,NA,NA,75,86.24882,104.22139,11,13.90362,NA,89.7,73.3,0.2
2021-09-03,0.051,GPT,91,74,75,70,0,2.0222998,177.18785,53.91329,73.29909,90.39978,NA,NA,75,85.32403,96.446625,8,11.296691,NA,89.6,73.1,0.18
2021-09-04,0.047,GPT,90,74,77,72,0.03,4.3170733,141.03984,63.25543,77.76254,93.79415,NA,NA,73.9,87.778244,99.3201,12,14.772596,NA,89.5,73,0.19
2021-09-05,0.049,GPT,91,76,75.9,69.1,1e-4,3.3240418,165.63615,50.356514,73.75995,93.55792,NA,NA,77,88.86113,98.29539,11,13.90362,NA,89.4,72.8,0.19
2021-09-06,0.033,GPT,87,74,78.1,71.6,0.64,1.584669,248.60544,74.60542,88.3461,96.41042,NA,NA,75,81.53956,98.48244,11,18.2485,NA,89.3,72.7,0.19
2021-09-07,0.039,GPT,88,75,77,69.1,1e-4,2.6703832,134.79422,60.952366,83.81834,100,0,NA,75,83.448524,97.55716,13,17.379524,NA,89.2,72.5,0.2
2021-09-08,0.035,GPT,85,75,75.9,73,1e-4,1.6397213,287.67438,71.73187,85.166,93.52941,NA,NA,75,81.58607,92.76035,7,9.558739,NA,89.1,72.4,0.2
2021-09-09,0.045,GPT,89,72,73,57.9,1e-4,6.1644597,342.6949,38.58478,66.90935,97.016945,NA,NA,72,79.75693,89.79883,13,18.2485,NA,89,72.2,0.21
2021-09-10,0.048,GPT,88,63,64.9,55.9,0,3.713589,36.85523,35.050674,61.75988,86.77358,NA,NA,63,75.03427,86.70587,11,16.51055,NA,88.8,72,0.21
2021-09-11,0.054,GPT,88,62,71.1,55.9,0,4.534495,113.477394,36.06687,68.323235,93.56222,NA,NA,63,76.825096,87.13402,14,16.51055,NA,88.7,71.8,0.21
2021-09-12,0.024,GPT,87,73,75.9,71.1,0.48,4.389547,113.88369,69.799286,86.730255,93.79415,NA,NA,73,79.20891,95.92129,19,26.069286,NA,88.5,71.6,0.22
2021-09-13,0.032,GPT,87,74,78.8,71.1,0.14,5.767247,99.97957,74.60542,85.799965,93.79415,NA,NA,73.9,84.10565,98.48244,15,18.2485,NA,88.4,71.4,0.19
2021-09-14,0.039,GPT,78,75,75,73,0.82,5.913589,74.44682,90.172104,92.24458,97.04129,0,NA,75,76.75157,78.1,13,18.2485,NA,88.3,71.2,0.18
2021-09-15,0.02,GPT,79,73,77,73,2.9,7.2285714,117.55788,81.89149,93.158676,100,NA,NA,73.4,76.56439,79,18,30.41417,NA,88.1,71,0.18
2021-09-16,0.025,GPT,86,76,79,73.9,0.04,5.8097563,168.51465,76.69446,87.43244,97.04129,NA,NA,75.9,84.66135,95.3566,16,21,NA,87.9,70.8,0.17
2021-09-17,0.018,GPT,82,75,79,73,0.82,4.543554,160.33475,81.41737,92.04513,100,0,NA,75,79.43137,90.32793,16,21,NA,87.8,70.6,0.16
2021-09-18,0.026,GPT,85,74,77,73.9,0.03,4.0954704,132.02588,72.30214,87.85927,97.04129,0,NA,75,82.38194,93.34773,11,15.641572,NA,87.6,70.3,0.15
2021-09-19,0.027,GPT,87,74,75.9,73,0,4.389547,137.75917,67.27328,85.53377,100,0,NA,73.9,82.986694,94.98124,11,15.641572,NA,87.4,70.1,0.14
2021-09-20,0.032,GPT,87,74,77,72,1e-4,2.9679441,169.62463,67.393654,83.0986,96.38104,0,NA,75,84.62647,96.557755,11,14.772596,NA,87.2,69.8,0.14
2021-09-21,0.03,GPT,89,73,78.1,71.1,0.25,3.5351915,187.91284,67.393654,86.03657,100,0,NA,73.9,83.687970000000007,101.825516,17,20.85543,NA,87,69.5,0.13
2021-09-22,0.033,GPT,81,66,71.1,55,1e-4,8.520557,346.20337,43.592644,70.5329,93.77152,NA,NA,66,73.9185,80.942215,19,24,NA,86.8,69.3,0.13
2021-09-23,0.037,GPT,80,58,57,50,0,5.8013935,359.60138,39.0557,63.2568,86.81767,NA,NA,57.9,68.281044,79,14,19.986454,NA,86.6,69,0.15
2021-09-24,0.045,GPT,81,57,57.9,50,0,2.7930315,24.652687,33.968075,65.98305,93.008835,NA,NA,57,67.72611,80.11525,10,13.034643,NA,86.4,68.7,0.14
2021-09-25,0.045,GPT,83,56,60.1,53.1,0,2.2445993,15.928096,36.870266,67.03058,93.31721,NA,NA,55.9,68.71128,81.8665,9,12.165668,NA,86.2,68.4,0.16
2021-09-26,0.05,GPT,84,58,63,55.9,0,2.3470383,125.03469,42.629578,71.78659,93.56222,NA,NA,59,70.66242,83.69546,10,12.165668,NA,86,68.1,0.15
2021-09-27,0.051,GPT,84,62,75,60.1,0,3.6181185,142.19238000000001,52.928852,78.588326,93.53832,NA,NA,62.1,74.85179,84.64193,10,15.641572,NA,85.7,67.8,0.15
2021-09-28,0.024,GPT,83,72,77,69.8,0.55,3.1465456,148.76175,76.36474,91.37159,97.04129,NA,NA,72,77.81744,91.80951,13,16.51055,NA,85.5,67.4,0.15
2021-09-29,0.028,GPT,84,73,75.9,69.1,0.54,4.3073173,152.9552,74.325455,90.13415,100,0,NA,73,77.11936,89.369316,12,19.986454,NA,85.2,67.1,0.16
2021-09-30,0.043,GPT,85,73,75,69.1,1e-4,4.487108,106.46398,65.13056,83.90861,96.678116,0,NA,73,78.71288,91.04214,15,19.986454,NA,85,66.8,0.15
2021-10-01,0.041,GPT,85,72,75,70,0,7.432056,108.06826,61.064674,80.62891,93.77152,0,NA,72,80.88674,90.81524,15,19.117477,NA,84.7,66.4,0.14
2021-10-02,0.028,GPT,83,72,77,70,0.87,2.9965158,105.27589,79.39962,90.418434,100,0,NA,73,77.565094,89.256584,19,26.069286,NA,84.5,66,0.14
2021-10-03,0.03,GPT,83,73,75,72,0.19,3.715181,141.14972,74.24337,87.36847,97.016945,NA,NA,73,78.32455,87.933556,13,16.51055,NA,84.2,65.7,0.14
2021-10-04,0.03,GPT,82,71,75.9,68,1.19,2.4418118,338.12213,73.967064,91.50437,100,NA,NA,71.1,75.94122,86.82724,13,16.51055,NA,83.9,65.3,0.14
2021-10-05,0.03,GPT,83,71,72,68,0,2.3156796,12.960071,64.68674,85.104904,96.99354,NA,NA,71.1,75.989525,85.39448,8,12.165668,NA,83.6,64.9,0.13
2021-10-06,0.041,GPT,85,68,72,66.9,0,2.3045297,78.416695,60.952366,85.80655,100,NA,NA,68,75.80192,88.109215,9,13.034643,NA,83.3,64.5,0.13
2021-10-07,0.04,GPT,88,68,72,66,0,2.3087108,30.581543,51.36681,80.61741,96.9686,NA,NA,69.1,77.408775,89.40432,10,13.034643,NA,83,64.1,0.12
2021-10-08,0.041,GPT,89,66,69.1,60.1,0,3.0125434,357.64667,39.05985,72.031876,93.37325,NA,NA,66,76.53911,89.1125,11,16.51055,NA,82.7,63.7,0.13
2021-10-09,0.051,GPT,86,64,69.1,62.1,0,1.6139373,126.76713,47.781155,76.81248,96.903595,NA,NA,64,75.16473,87.58741,7,9.558739,NA,82.4,63.2,0.13
2021-10-10,0.046,GPT,84,67,72,64.9,0,4.4905925,140.39445,60.814526,78.020615,93.37325,0,NA,66.9,77.85946,89.61728,12,16.51055,NA,82.1,62.8,0.11
2021-10-11,0.038,GPT,84,76,71.1,68,0,6.0940766,165.35712,62.857838,71.692856,79.47427,0,NA,75.9,81.36219,88.31077,13,18.2485,NA,81.7,62.4,0.11
2021-10-12,0.036,GPT,85,72,73,68,0,4.0236936,153.38963,58.692406,77.04083,93.77152,0,NA,73,80.435135,87.78135,11,17.379524,NA,81.4,62,0.11
2021-10-13,0.036,GPT,85,69,73.4,68,0,5.0543556,139.3505,62.857838,79.77846,93.79415,0,NA,70,80.226776,90.93689,14,18.2485,NA,81.1,61.5,0.11
2021-10-14,0.032,GPT,85,73,73.9,71.1,0,7.2689896,132.55977,67.6068,80.30202,93.79415,0,NA,73.9,82.9824,91.60043,14,18.2485,NA,80.7,61.1,0.12
2021-10-15,0.032,GPT,86,69,75.9,68,0,3.2689896,167.24358,69.685555,83.856834,96.99354,NA,NA,69.1,83.02231,94.98124,10,13.034643,NA,80.4,60.6,0.11
2021-10-16,0.035,GPT,80,58,75.9,42.1,0.01,11.427875,344.4678,30.7078,60.078056,92.96513,NA,NA,57.9,70.89665,79,20,28,NA,80,60.2,0.12
2021-10-17,0.038,GPT,75,51,48,41,0,6.4501743,358.96133,32.982433,57.55614,82.681984,NA,NA,51.1,61.656445,73.9,15,20,NA,79.7,59.7,0.13
2021-10-18,0.042,GPT,76,51,55,46,0,3.0815332,34.729244,43.968018,65.17454,86.710846,NA,NA,52,62.86279,75,8,11.296691,NA,79.3,59.3,0.12
2021-10-19,0.043,GPT,80,53,70,50,0,5.087108,90.35645,49.870277,70.852295,89.88164,NA,NA,54,68.78885,79,11,16.51055,NA,79,58.8,0.13
2021-10-20,0.044,GPT,83,70,73.9,68,1e-4,7.6508713,120.44249,71.777084,84.62379,93.52941,NA,NA,71.1,77.893196,86.82943,15,20.85543,NA,78.6,58.3,0.12
2021-10-21,0.037,GPT,84,71,75,70,0.39,2.7770035,162.43172,74.068855,88.21216,100,0,NA,72,77.467514,89.369316,13,15.641572,NA,78.2,57.9,0.12
2021-10-22,0.038,GPT,88,66,73.9,63,0,1.943554,311.3677,49.624676,84.89077,100,0,NA,66.9,77.0384,88.83331,9,12.165668,NA,77.9,57.4,0.11
2021-10-23,0.048,GPT,80,63,69.1,57,0,5.025087,109.95378,49.870277,73.5871,89.93965,0,NA,63,71.898186,79,11,15.641572,NA,77.5,57,0.11
2021-10-24,0.045,GPT,82,67,73,66,0.02,4.887108,107.48192,71.34513,86.49017,93.77152,0,NA,68,74.424385,86.82943,15,24.331335,NA,77.2,56.5,0.11
2021-10-25,0.033,GPT,88,68,73.9,66,0,3.3665504,300.97943,57.163784,82.88783,100,0,NA,68,77.817215,92.895424,11,16.51055,NA,76.8,56.1,0.11
2021-10-26,0.037,GPT,81,61,66.9,54,0,3.4571428,3.4853384,39.366528,72.25971,93.28895,0,NA,62.1,69.76967,80.7329,9,13.90362,NA,76.4,55.7,0.1
2021-10-27,0.043,GPT,80,63,75.9,55.9,1.84,9.372126,124.32539,71.21228,81.909645,97.016945,NA,NA,63,72.00551,79,22,29.545193,NA,76.1,55.2,0.12
2021-10-28,0.039,GPT,76,61,73.9,43,0,10.51777,267.54633,33.155643,57.785545,93.52941,0,NA,61,67.72049,75.9,22,40,NA,75.7,54.8,0.11
2021-10-29,0.028,GPT,66,54,50,41,0,9.3574915,288.34106,47.66166,58.71369,86.2867,0,NA,54,60.509617,64.9,19,27,NA,75.4,54.4,0.11
2021-10-30,0.026,GPT,63,50,51.1,46.9,0,5.4891987,294.75552,61.91105,79.604515,96.00036,NA,NA,50,55.543205,62.1,13,19,NA,75,54,0.11
2021-10-31,0.035,GPT,71,47,57,46,0,1.4055749,202.94109,56.54882,80.0323,96.685585,NA,NA,46.9,58.475586,70,8,11.296691,NA,74.7,53.6,0.11
2022-02-28,0.016,GPT,68,43,39.9,28,0,7.994581,350.3708,23.81689,55.728268,85.05635,NA,NA,38.14157,51.301704,68,17.379524,23.462358,NA,67.3,48.8,0.17
2022-03-01,0.048,GPT,69,39,42.1,30.9,0,3.910393,316.75095,26.15378,56.27441,85.77325,NA,NA,38.390156,52.70401,68,10.427715,13.90362,NA,67.5,49,0.16
2022-03-02,0.051,GPT,72,40,46,34,0,2.6069288,168.52621,25.48846,61.511192,92.48255,0,NA,39.9,55.69568,71.1,11.296691,13.90362,NA,67.7,49.1,0.16
2022-03-03,0.06,GPT,75,44,52,39,0,1.6510549,192.41626,27.22882,68.89293,93.05812,0,NA,44.693104,57.830338,75,10.427715,12.165668,NA,67.9,49.3,0.16
2022-03-04,0.066,GPT,72,43,53.1,37.9,0,2.5200312,153.31058,28.850718,67.99436,93.031395,NA,NA,44.1,58.360836,72,10.427715,13.034643,NA,68.1,49.5,0.17
2022-03-05,0.047,GPT,76,56,66.9,52,0,11.904975,131.17564,70.82827,86.9329,96.92933,0,NA,57,68.68676,75,19.986454,26.069286,NA,68.3,49.7,0.16
2022-03-06,0.035,GPT,78,65,69.1,64.9,0,11.731179,133.08376,76.62149,89.46803,96.92933,0,NA,66,71.162056,77,18.2485,22.593382,NA,68.5,49.9,0.17
2022-03-07,0.031,GPT,80,67,72,60.1,0.03,6.6042194,161.99197,70.81162,84.67664,100,NA,NA,66.9,71.822296,79,14.772596,17.379524,NA,68.7,50.1,0.17
2022-03-08,0.019,GPT,67,52,61,50,0.44,6.3435264,18.039528,69.92407,86.22595,96.81093,NA,NA,52,58.840767,64.9,12.165668,16.51055,NA,68.8,50.2,0.16
2022-03-09,0.025,GPT,62,49,60.1,44.1,0.06,8.602865,353.28397,76.748535,85.821236,96.783690000000007,NA,NA,50,52.670383,62.1,19.117477,26.069286,NA,69,50.4,0.17
2022-03-10,0.039,GPT,73,50,57,46.9,1e-4,4.5186763,24.819057,50.85981,78.35043,96.783690000000007,NA,NA,50,59.05735,71.1,11.296691,13.90362,NA,69.2,50.6,0.15
2022-03-11,0.035,GPT,73,49,66.9,46,0.71,4.344881,20.285545,81.19648,91.66426,100,NA,NA,50,64.52641,73,30.41417,39.10393,NA,69.4,50.8,0.15
2022-03-12,0.045,GPT,53,35,42.1,12.9,0.05,15.033289,339.79956,22.433723,47.184326,89.49497,NA,NA,23.455582,37.197968,53.1,28.676216,41.71086,NA,69.6,51,0.14
2022-03-13,0.048,GPT,54,31,36,18,0,4.0841885,95.28382,28.965729,52.171864,85.8089,NA,NA,25.08892,40.56599,53.1,11.296691,13.90362,NA,69.8,51.2,0.15
2022-03-14,0.045,GPT,68,38,59,34,0,8.863558,100.555336,49.99235,73.64979,89.52968,NA,NA,37.083782,54.791607,66.9,19.117477,23.462358,NA,70,51.4,0.15
2022-03-15,0.05,GPT,75,55,63,54,1.46,8.255275,141.41417,58.6545,78.13512,96.878845,NA,NA,57,66.05561,73.9,22.593382,29.545193,NA,70.2,51.6,0.16
2022-03-16,0.037,GPT,69,51,55.4,50,0,4.5186763,294.7382,56.54882,78.552345,93.31721,NA,NA,52,60.10432,68,13.034643,17.379524,NA,70.4,51.7,0.16
2022-03-17,0.051,GPT,71,48,62.1,46.9,0,5.995936,142.36366,58.935204,82.24533,96.685585,0,NA,48.00833,60.60195,70,13.034643,16.51055,NA,70.6,51.9,0.16
2022-03-18,0.049,GPT,85,64,71.1,46,0.07,10.080125,209.2371,35.98859,68.778656,100,0,NA,66,74.346954,85.361824,17.379524,27.80724,NA,70.8,52.1,0.17
2022-03-19,0.044,GPT,74,48,46,33.1,0,8.950456,333.73364,25.829956,44.94625,63.37881,NA,NA,52,61.923485,73,17.379524,20.85543,NA,71,52.3,0.17
2022-03-20,0.05,GPT,73,40,48.9,34,0,2.8676217,138.92258,28.850718,59.43475,89.26615,NA,NA,35.777412,56.748436,72,13.034643,16.51055,NA,71.2,52.5,0.17
2022-03-21,0.05,GPT,74,48,63,45,1e-4,12.860848,110.37766,46.132286,71.51455,92.8002,NA,NA,48,63.10265,73,25.200312,30.41417,NA,71.4,52.7,0.19
2022-03-22,0.039,GPT,79,68,71.1,64,1.07,13.642927,143.84656,79.01681,87.9284,96.99354,NA,NA,68,71.61645,77,24.331335,30.41417,NA,71.6,52.9,0.19
2022-03-23,0.045,GPT,72,53,66.9,42.1,0,5.8221407,285.4456,35.021805,67.28765,96.903595,NA,NA,54,62.76007,71.1,17.379524,22.593382,NA,71.8,53.1,0.19
2022-03-24,0.054,GPT,74,45,50,28.9,0,6.082834,255.69144,20.341316,51.336365,86.162994,NA,NA,46,61.34655,73,17.379524,24.331335,NA,71.9,53.3,0.19
2022-03-25,0.054,GPT,76,47,50,34,0,7.0387077,297.97162,24.19895,49.370583,79.852875,NA,NA,45.72197,61.971348,75,15.641572,22.593382,NA,72.1,53.5,0.19
2022-03-26,0.049,GPT,79,48,55.9,41,0,4.171086,257.45963,27.534836,56.734486,86.81767,NA,NA,48,63.730312,77,12.165668,16.51055,NA,72.3,53.8,0.18
2022-03-27,0.063,GPT,75,49,64,46.9,0,4.6924715,207.92468,38.256405,72.46722,96.034454,NA,NA,48.9,64.80188,73.9,12.165668,16.51055,NA,72.5,54,0.17
2022-03-28,0.053,GPT,78,60,66,59,0,5.300755,201.13385,59.783844,83.99623,96.878845,NA,NA,60.1,68.90234,78.1,13.034643,16.51055,NA,72.7,54.2,0.17
2022-03-29,0.05,GPT,79,65,69.1,64,0,9.298046,150.1159,68.494095,83.79589,96.24429,NA,NA,66,72.17901,78.1,15.641572,19.986454,NA,72.9,54.4,0.17
2022-03-30,0.053,GPT,80,62,71.1,60.1,0.82,13.729825,160.26689,71.34513,83.84252,96.903595,NA,NA,63,73.61906,83.28471,21.724405,31.283144,NA,73.1,54.6,0.18
2022-03-31,0.04,GPT,77,56,61,43,1e-4,5.0400624,309.22562,31.788815,66.49638,96.85247,NA,NA,55.9,65.43087,75.9,13.90362,18.2485,NA,73.3,54.8,0.19
2022-04-01,0.049,GPT,76,48,53.1,42.1,0,2.9545193,6.533891,31.860828,62.33663,89.665146,NA,NA,48.9,61.96007,73.9,11.296691,13.90362,NA,73.5,55,0.21
2022-04-02,0.045,GPT,78,54,55,41,1e-4,3.9972906,56.843513,27.534836,65.225266,90.29139,NA,NA,55,63.665924,77,14.772596,19.117477,NA,73.7,55.3,0.21
2022-04-03,0.051,GPT,79,50,57,46.9,0,2.6938264,131.73706,36.871925,69.45061,93.29195,NA,NA,51.1,64.63066,78.1,10.427715,13.90362,NA,73.9,55.5,0.21
2022-04-04,0.055,GPT,78,54,68,51.1,0.01,7.820786,122.87241,40.357548,74.674095,96.783690000000007,0,NA,55,67.71909,77,17.379524,20.85543,NA,74.1,55.7,0.2
2022-04-05,0.04,GPT,77,63,72,60.1,0.29,9.906329,177.24174,70.82827,88.2862,96.678116,0,NA,64,73.135956,77,26.069286,37.36598,NA,74.3,55.9,0.2
2022-04-06,0.04,GPT,82,69,73.9,62.1,0,7.994581,190.7893,73.21936,87.51455,93.79415,0,NA,71.1,77.22108,87.39306,19.117477,24.331335,NA,74.5,56.2,0.2
2022-04-07,0.045,GPT,76,53,53.1,28,0,11.122896,317.05344,19.448833,37.539017,62.070465,0,NA,55.9,66.33018,75,21.724405,29.545193,NA,74.7,56.4,0.19
2022-04-08,0.047,GPT,71,47,39.9,26.1,1e-4,9.12425,286.31177,19.188772,42.674026,73.38346,0,NA,46.979465,59.158085,70,24.331335,36.497,NA,74.9,56.6,0.2
2022-04-09,0.05,GPT,72,41,44.1,30,0,3.9972906,243.03494,21.692425,51.507893,88.6707,0,NA,42.1,57.006798,71.1,13.034643,19.986454,NA,75.1,56.8,0.2
2022-04-10,0.059,GPT,74,49,63,46,0,7.2994003,164.59882,46.132286,69.591034,92.76658,NA,NA,48.9,64.2216,73,17.379524,19.986454,NA,75.3,57.1,0.19
2022-04-11,0.044,GPT,74,68,66.9,63,0.12,10.514612,133.85376,76.355446,84.91569,89.89542,NA,NA,68,70.29504,73.9,33.0211,39.972908,NA,75.5,57.3,0.2
2022-04-12,0.038,GPT,77,69,70,66.9,0,11.731179,128.01309,78.860830000000007,86.8329,93.40279,NA,NA,69.1,72.4331,75.9,19.986454,24.331335,NA,75.7,57.5,0.18
2022-04-13,0.039,GPT,81,66,72,64,0.95,11.991872,139.76926,69.18237,83.319664,93.77152,NA,NA,69.1,74.85809,83.28471,24.331335,29.545193,NA,75.9,57.8,0.19
2022-04-14,0.039,GPT,78,65,66,63,0.43,3.5628026,65.1799,59.783844,84.307465,96.92933,NA,NA,64.9,69.94341,78.1,19.117477,20.85543,NA,76.1,58,0.19
2022-04-15,0.045,GPT,76,66,69.1,51.1,0,8.77666,105.76836,51.36774,70.316795,96.9686,NA,NA,66,70.78327,75.9,18.2485,23.462358,NA,76.3,58.2,0.2
2022-04-16,0.027,GPT,84,68,72,64.9,0.21,6.256629,183.13034,60.814526,83.37517,96.99354,NA,NA,68,76.942764,88.109215,21.724405,26.069286,NA,76.5,58.5,0.19
2022-04-17,0.025,GPT,85,68,73,64.9,0.09,6.256629,198.35419,58.692406,80.902596,97.016945,NA,NA,68,78.611176,87.78135,17.379524,20.85543,NA,76.8,58.7,0.19
2022-04-18,0.032,GPT,76,58,68,50,1e-4,8.081479,350.93036,56.89107,75.23548,93.96902,NA,NA,57.9,67.853806,75,19.117477,24.331335,NA,77,58.9,0.19
2022-04-19,0.049,GPT,73,51,51.1,35.1,0,4.8662667,56.095905,32.16281,58.93995,86.34207,NA,NA,52,61.090096,71.1,14.772596,19.117477,NA,77.2,59.2,0.18
2022-04-20,0.053,GPT,76,51,66,46.9,0,11.904975,109.566246,57.233494,75.248795,89.88164,NA,NA,52,66.147736,73.9,21.724405,27.80724,NA,77.4,59.4,0.18
2022-04-21,0.048,GPT,80,66,68,64,0,10.167022,110.667076,64.451225,79.844635,93.26418,NA,NA,66,72.90457,82.69765,19.986454,24.331335,NA,77.6,59.7,0.18
2022-04-22,0.041,GPT,80,63,66,61,0,8.77666,120.89191,59.783844,77.303535,96.55186,NA,NA,63,71.13052,79,19.117477,23.462358,NA,77.9,59.9,0.17
2022-04-23,0.044,GPT,81,63,66.9,61,0,11.470487,114.140686,64.136,79.27327,93.53832,NA,NA,63,72.30769,82.40253,21.724405,26.938263,NA,78.1,60.2,0.17
2022-04-24,0.039,GPT,83,70,71.1,66,0,10.427715,129.79988,63.156197,77.31607,87.58521,NA,NA,71.1,76.904205,86.47949,14.772596,19.117477,NA,78.3,60.4,0.16
2022-04-25,0.038,GPT,82,69,72,68,0,5.8221407,145.6799,67.177505,81.30392,96.29225,NA,NA,69.1,76.52775,84.50432,13.90362,18.2485,NA,78.5,60.7,0.17
2022-04-26,0.034,GPT,81,63,66.9,55,0,7.994581,355.67148,57.917896,73.553795,93.319046,NA,NA,64.9,72.07073,79,14.772596,18.2485,NA,78.8,60.9,0.16
2022-04-27,0.047,GPT,83,55,52,43,0,5.2138577,359.2112,25.2402,51.258396,72.01491,0,NA,55,67.61206,80.27995,11.296691,13.034643,NA,79,61.2,0.16
2022-04-28,0.056,GPT,82,51,54,39.9,0,2.5200312,143.02063,23.367937,53.376976,82.681984,0,NA,51.1,67.40399,80.03515,10.427715,13.90362,NA,79.3,61.4,0.16
2022-04-29,0.044,GPT,82,60,71.6,54,0,8.4290695,116.20564,62.1666,82.70048,100,0,NA,61,72.88006,85.39448,19.117477,21.724405,NA,79.5,61.7,0.14
2022-04-30,0.035,GPT,84,71,73,68,0,6.6911173,158.82193,60.952366,77.22832,90.974266,0,NA,73,79.16443,87.78135,13.90362,17.379524,NA,79.7,61.9,0.14
2022-05-01,0.04,GPT,86,71,73,59,0.07,5.4745502,196.55351,44.34459,76.50688,90.73938,0,NA,71.1,78.296455,87.13402,12.165668,19.986454,NA,80,62.2,0.13
2022-05-02,0.034,GPT,84,71,73,69.1,0,7.646991,157.37225,65.13056,78.35833,93.4268,NA,NA,72,79.91815,88.109215,15.641572,19.986454,NA,80.2,62.5,0.13
2022-05-03,0.033,GPT,85,73,73,69.1,0,7.646991,167.0159,60.952366,76.85185,84.57616,NA,NA,77,81.16947,87.78135,13.90362,19.117477,NA,80.5,62.7,0.14
2022-05-04,0.029,GPT,85,68,72,66.9,0,4.5186763,160.85303,57.01807,76.96076,96.29225,NA,NA,69.1,79.83445,89.40432,12.165668,17.379524,NA,80.7,63,0.14
2022-05-05,0.03,GPT,84,73,75,69.1,0.05,6.8649125,174.9357,60.952366,78.40161,90.974266,NA,NA,73.9,81.96172,89.00622,13.90362,19.117477,NA,81,63.3,0.15
2022-05-06,0.051,GPT,85,65,75,62.1,0.61,5.12696,253.84369,60.952366,78.56742,96.24429,NA,NA,66,76.8217,90.81524,27.80724,39.972908,NA,81.2,63.6,0.14
2022-05-07,0.055,GPT,88,61,68,55.9,0,3.1283145,277.17044,43.26683,67.41816,90.247734,NA,NA,62.1,75.47537,88.18489,13.90362,17.379524,NA,81.5,63.8,0.15
2022-05-08,0.046,GPT,82,64,73,57.9,0,5.12696,115.66319,55.979965,72.5248,87.48222,NA,NA,64,75.586815,85.80995,10.427715,13.034643,NA,81.7,64.1,0.14
2022-05-09,0.045,GPT,84,73,73.9,69.1,0,9.298046,120.82014,67.280304,82.05293,97.016945,NA,NA,73,79.81536,89.61728,18.2485,22.593382,NA,82,64.4,0.15
2022-05-10,0.047,GPT,83,68,69.1,66,0,7.212503,134.49008,62.277378,72.485115,89.89542,NA,NA,69.1,78.470215,84.92029,14.772596,19.117477,NA,82.2,64.7,0.14
2022-05-11,0.061,GPT,87,64,69.1,60.1,0,3.1283145,142.03018,43.10064,69.08714,93.56222,NA,NA,64.9,76.20299,86.11804,10.427715,13.90362,NA,82.5,65,0.13
2022-05-12,0.057,GPT,90,67,71.1,55.9,0,3.5628026,188.43733,32.53189,63.002953,89.89542,0,NA,68,80.50233,90.96614,11.296691,13.90362,NA,82.7,65.3,0.14
2022-05-13,0.055,GPT,86,69,71.1,64.9,0,4.8662667,147.18364,59.21356,74.554184,89.89542,0,NA,70,79.38358,90.15505,13.034643,17.379524,NA,83,65.5,0.12
2022-05-14,0.048,GPT,89,68,71.1,64.9,0,5.8221407,328.6961,46.55105,72.24036,89.89542,0,NA,68,79.0291,91.60079,13.034643,18.2485,NA,83.2,65.8,0.12
2022-05-15,0.044,GPT,89,68,72,66,0.8,4.6924715,202.4176,52.994083,72.517746,90.594666,0,NA,69.1,80.44798,92.895424,26.069286,31.283144,NA,83.5,66.1,0.12
2022-05-16,0.048,GPT,90,68,73,64.9,0.06,4.0841885,299.74887,44.802727,73.83332,96.29225,NA,NA,68,80.767166,94.00061,11.296691,15.641572,NA,83.7,66.4,0.13
2022-05-17,0.05,GPT,89,75,80.1,71.1,0.24,5.0400624,208.15213,60.923714,79.542725,93.50594,NA,NA,75,88.461716,101.17047,13.90362,17.379524,NA,83.9,66.7,0.14
2022-05-18,0.049,GPT,89,75,77,71.1,0,5.0400624,218.88368,57.427124,77.45586,96.38104,NA,NA,75,86.74801,95.725685,11.296691,15.641572,NA,84.2,67,0.13
2022-05-19,0.043,GPT,87,74,75,69.1,0,5.387653,184.03616,57.163784,76.405716,93.79415,NA,NA,73.9,84.86734,92.35637,13.034643,19.117477,NA,84.4,67.3,0.14
2022-05-20,0.034,GPT,88,79,77,71.1,0,9.471841,172.649,67.27328,74.41806,84.866806,NA,NA,79,88.165375,96.557755,15.641572,20.85543,NA,84.6,67.6,0.15
2022-05-21,0.04,GPT,89,78,79,71.1,1e-4,11.035998,153.12015,70.116646,80.2971,88.826744,NA,NA,79,89.21731,103.35916,22.593382,30.41417,NA,84.9,67.8,0.15
2022-05-22,0.033,GPT,87,72,73.9,69.1,0.02,7.820786,102.834694,59.21356,81.412796,93.77152,0,NA,73,80.01846,91.60043,19.117477,21.724405,NA,85.1,68.1,0.16
2022-05-23,0.036,GPT,83,71,73.9,69.8,2.86,4.171086,100.105705,69.61913,84.50615,96.99354,0,NA,71.1,78.1575,88.109215,18.2485,22.593382,NA,85.3,68.4,0.17
2022-05-24,0.024,GPT,86,72,77,70,0.39,10.427715,151.66946,74.50657,84.58692,96.99354,0,NA,72,84.037094,95.3566,24.331335,30.41417,NA,85.5,68.7,0.18
2022-05-25,0.024,GPT,86,73,78.1,70,0.58,10.427715,151.27615,76.526184,86.59368,96.678116,0,NA,73,81.1015,94.94337,30.41417,37.36598,NA,85.7,69,0.18
2022-05-26,0.051,GPT,87,70,73.4,57,0.73,5.2138577,249.24547,37.354286,71.48627,100,0,NA,69.8,77.38787,84.986984,13.034643,17.379524,NA,85.9,69.2,0.19
2022-05-27,0.058,GPT,88,68,69.1,53.1,0,6.8649125,289.09857,31.295135,55.046967,83.80627,0,NA,69.1,78.754776,85.97974,17.379524,23.462358,NA,86.1,69.5,0.19
2022-05-28,0.055,GPT,84,64,64.9,55.9,0,4.2579837,129.97542,47.61883,63.728806,87.135864,0,NA,64,75.250015,83.69546,11.296691,15.641572,NA,86.3,69.8,0.19
2022-05-29,0.057,GPT,86,65,72,63,0,5.9090385,144.50667,57.01807,71.020615,93.56222,0,NA,64.9,79.97812,88.83331,14.772596,19.117477,NA,86.5,70,0.2
2022-05-30,0.043,GPT,86,72,75.9,68,1.7,11.035998,140.60449,65.13056,76.74575,92.96513,NA,NA,73,83.39231,93.9102,19.986454,27.80724,NA,86.7,70.3,0.2
2022-05-31,0.023,GPT,86,77,77,73.9,1e-4,8.4290695,138.76445,69.799286,80.747986,90.172104,NA,NA,77,87.69676,97.15324,17.379524,22.593382,NA,86.9,70.5,0.2
2022-06-01,0.032,GPT,89,73,75.9,69.1,1e-4,3.041417,136.28227,59.20717,81.16031,97.016945,NA,NA,73.9,83.27131,100.40434,13.034643,16.51055,NA,87.1,70.8,0.2
2022-06-02,0.039,GPT,92,72,73.9,64.9,0,2.8676217,208.51013,44.802727,70.77648,93.79415,NA,NA,73,83.98177,95.487274,10.427715,14.772596,NA,87.2,71,0.2
2022-06-03,0.036,GPT,92,73,73,68,0.69,5.2138577,10.593841,55.463593,78.79843,94.10022,NA,NA,73,80.43014,99.5694,19.986454,23.462358,NA,87.4,71.3,0.2
2022-06-04,0.041,GPT,92,71,70,63,0,4.7793694,2.7515414,39.487976,64.906,93.40279,NA,NA,71.1,82.20222,93.70633,11.296691,14.772596,NA,87.5,71.5,0.2
2022-06-05,0.053,GPT,89,69,73.9,64,0,2.3462358,192.34991,49.437626,70.52042,90.73938,NA,NA,70,81.13923,90.72519,10.427715,13.90362,NA,87.7,71.7,0.21
2022-06-06,0.052,GPT,89,73,75,71.1,0,4.8662667,173.42111,57.427124,73.64794,93.79415,NA,NA,73,86.10468,94.78818,13.034643,17.379524,NA,87.8,71.9,0.21
2022-06-07,0.031,GPT,90,80,75,72,0,6.5173216,179.96544,60.966244,69.55736,79.057945,NA,NA,84.30246,91.70208,99.3201,13.034643,16.51055,NA,88,72.1,0.21
2022-06-08,0.029,GPT,91,77,77,72,0,5.7352433,198.72905,55.58441,71.16077,87.5789,NA,NA,79,92.558464,99.3201,13.034643,17.379524,NA,88.1,72.3,0.21
2022-06-09,0.032,GPT,92,76,77,72,0.47,4.7793694,278.21536,57.431393,80.016815,94.22723,NA,NA,77,87.15818,103.0089,13.034643,16.51055,NA,88.2,72.5,0.22
2022-06-10,0.029,GPT,85,73,75.9,70,1e-4,5.0400624,281.0465,74.151726,86.58877,96.38104,NA,NA,73,78.24626,89.256584,19.986454,26.938263,NA,88.3,72.7,0.22
2022-06-11,0.034,GPT,91,70,78.1,69.1,0.03,3.910393,287.9942,57.49431,79.80367,93.4268,NA,NA,71.1,82.74749,99.26306,13.034643,16.51055,NA,88.4,72.8,0.23
2022-06-12,0.03,GPT,93,74,79,73,0,4.431779,226.06227,61.404633,78.737366,97.04129,NA,NA,73.9,92.283875,106.12244,10.427715,14.772596,NA,88.5,73,0.23
2022-06-13,0.031,GPT,93,79,79,73,0,4.344881,214.09201,55.71818,76.106255,90.92372,NA,NA,86.69299,96.90021,106.12244,12.165668,16.51055,NA,88.6,73.1,0.23
2022-06-14,0.027,GPT,93,78,78.1,72,0,3.5628026,204.30148,53.867287,72.83407,93.637276,NA,NA,79,93.73245,103.10775,12.165668,15.641572,NA,88.7,73.3,0.23
2022-06-15,0.036,GPT,95,77,78.1,73.9,0,3.215212,284.09604,52.473076,75.168915,93.55792,NA,NA,77,93.232666,108.924835,11.296691,17.379524,NA,88.8,73.4,0.24
2022-06-16,0.046,GPT,94,77,79,75,0,3.475905,157.14099,59.58785,77.10128,92.96513,NA,NA,78.1,94.90975,108.924835,13.90362,17.379524,NA,88.9,73.6,0.25
2022-06-17,0.038,GPT,95,75,78.1,73,0,3.1283145,198.602,52.624714,73.82053,93.52941,NA,NA,75,93.004425,107.123085,10.427715,13.034643,NA,89,73.7,0.26
2022-06-18,0.035,GPT,101,79,78.1,70,0,5.300755,324.25656,39.613125,66.72877,93.60928,NA,NA,79,96.56413,111.105064,13.034643,18.2485,NA,89.1,73.8,0.24
2022-06-19,0.06,GPT,97,77,73,64,0,4.431779,45.03438,33.96831,60.585068,81.89149,NA,NA,78.1,90.88362,101.247765,10.427715,13.90362,NA,89.1,73.9,0.24
2022-06-20,0.052,GPT,94,75,78.1,66,0,5.561448,133.88434,51.93074,65.88568,81.89738,NA,NA,75,89.945694,105.691475,12.165668,20.85543,NA,89.2,74,0.26
2022-06-21,0.039,GPT,93,77,78.1,73,0,4.0841885,145.26422,55.71818,72.24373,90.21457,NA,NA,77,93.25462,104.22139,8.689762,15.641572,NA,89.3,74.1,0.25
2022-06-22,0.045,GPT,98,77,75,69.1,0,4.344881,294.97507,43.39479,66.952225,93.55792,NA,NA,77,92.96911,107.15055,10.427715,13.034643,NA,89.3,74.2,0.25
2022-06-23,0.046,GPT,101,76,77,69.1,0,4.0841885,302.9974,36.008972,64.106155,85.08769,NA,NA,75.9,94.18463,111.415,13.034643,19.117477,NA,89.4,74.2,0.25
2022-06-24,0.049,GPT,101,77,82,71.1,0,3.9972906,222.57011,39.747345,67.588936,90.172104,NA,NA,77,98.758224,111.09645,12.165668,15.641572,NA,89.4,74.3,0.24
2022-06-25,0.047,GPT,100,75,80.1,68,0.34,5.12696,255.11887,36.72295,71.41983,87.48222,NA,NA,77,94.18087,109.79942,32.152122,39.972908,NA,89.5,74.4,0.23
2022-06-26,0.046,GPT,89,76,80.1,72,0.12,3.215212,214.49603,65.49481,85.362495,93.637276,0,NA,77,87.605286,99.092674,13.034643,19.986454,NA,89.6,74.4,0.23
2022-06-27,0.043,GPT,91,76,78.1,71.1,0,5.8221407,95.621925,53.91329,75.53037,93.55792,0,NA,75.9,88.559525,100.53279,13.90362,19.117477,NA,89.6,74.5,0.24
2022-06-28,0.051,GPT,91,74,79,71.1,0.01,5.9090385,60.49855,59.147587,74.88376,87.72512,0,NA,75,86.67307,99.3201,13.034643,17.379524,NA,89.7,74.5,0.24
2022-06-29,0.042,GPT,87,75,78.1,72,0.73,8.950456,101.36639,69.448425,82.32947,96.38104,0,NA,75,86.87249,98.867195,15.641572,19.986454,NA,89.7,74.6,0.23
2022-06-30,0.04,GPT,86,73,78.1,71.1,2.82,6.95181,92.07751,69.59207,86.40938,100,0,NA,73,84.51807,95.92129,19.117477,24.331335,NA,89.7,74.6,0.24
2022-07-01,0.03,GPT,90,76,79,73.9,0.71,3.3890073,29.685244,65.18404,84.829216,96.42644,0,NA,77,85.84081,101.825516,13.90362,17.379524,NA,89.8,74.6,0.24
2022-07-02,0.022,GPT,88,75,78.1,73,1e-4,2.780724,144.17476,61.241543,82.855934,96.38104,NA,NA,75,88.06203,97.15324,11.296691,14.772596,NA,89.8,74.7,0.24
2022-07-03,0.024,GPT,88,77,80.1,75,0.44,2.2593381,167.17453,72.03415,84.48822,94.22723,NA,NA,78.1,91.36478,103.14097,18.2485,22.593382,NA,89.9,74.7,0.25
2022-07-04,0.02,GPT,90,77,80.1,75.2,0.05,1.9117477,105.42189,67.61098,88.48045,96.42644,0,NA,77,86.66267,103.35916,10.427715,12.165668,NA,89.9,74.7,0.25
2022-07-05,0.023,GPT,86,75,78.1,73.9,0.02,2.6938264,265.79187,77.3703,89.28372,96.41042,0,NA,75,82.49282,98.48244,17.379524,21.724405,NA,90,74.7,0.25
2022-07-06,0.032,GPT,90,73,77,72,1e-4,2.1724405,182.5984,60.966244,80.058266,97.016945,0,NA,73.9,87.86034,101.64724,11.296691,13.034643,NA,90,74.8,0.25
2022-07-07,0.037,GPT,92,76,78.1,75,0.07,2.085543,199.5683,59.58785,78.22364,97.04129,0,NA,75.9,92.0135,104.68358,8.689762,13.90362,NA,90,74.8,0.25
2022-07-08,0.036,GPT,93,78,81,75,0,2.780724,215.16377,57.93478,78.60116,93.637276,0,NA,79,95.323746,111.008125,12.165668,16.51055,NA,90.1,74.8,0.25
2022-07-09,0.032,GPT,95,80,81,75.9,0,3.5628026,243.82928,57.69113,77.732925,96.45527,NA,NA,88.527336,100.115944,110.39284,13.90362,19.117477,NA,90.1,74.8,0.26
2022-07-10,0.038,GPT,90,75,79,72,1e-4,4.0841885,244.62692,65.18404,80.814995,96.38104,0,NA,75,90.44074,103.10775,18.2485,23.462358,NA,90.2,74.8,0.26
2022-07-11,0.048,GPT,94,76,77,72,1e-4,3.7365978,158.7019,57.431393,76.933525,93.55792,NA,NA,75.9,89.65403,107.24766,17.379524,21.724405,NA,90.2,74.9,0.26
2022-07-12,0.043,GPT,91,75,79,72,0.75,3.3890073,100.47715,67.49169,84.979935,100,NA,NA,75,87.21003,101.6927,26.069286,31.283144,NA,90.3,74.9,0.27
2022-07-13,0.041,GPT,89,76,78.1,73.9,0.08,3.3890073,192.36176,67.393654,82.80339,97.07845,NA,NA,75.9,88.06305,98.867195,11.296691,14.772596,NA,90.3,74.9,0.25
2022-07-14,0.035,GPT,91,75,77,71.1,0.01,4.2579837,215.25897,59.147587,79.91525,97.04129,NA,NA,75.9,86.66451,101.64724,13.90362,19.117477,NA,90.3,74.9,0.23
2022-07-15,0.03,GPT,90,76,79,73,0.3,3.3021097,195.84077,65.18404,81.01284,93.60928,NA,NA,77,87.661674,100.40434,15.641572,19.117477,NA,90.4,74.9,0.23
2022-07-16,0.029,GPT,90,74,78.1,71.1,0.28,3.3021097,294.45944,63.25543,86.73961,97.04129,0,NA,73.4,82.305466,103.35916,17.379524,25.200312,NA,90.4,74.9,0.22
2022-07-17,0.031,GPT,90,73,75.9,72,0,4.344881,153.2598,59.26213,75.78921,97.016945,NA,NA,73.9,88.36915,99.3201,13.90362,18.2485,NA,90.5,74.9,0.22
2022-07-18,0.04,GPT,91,76,78.1,73.9,0.31,3.3890073,206.34236,59.26213,77.8849,93.637276,NA,NA,77,90.47938,101.825516,11.296691,18.2485,NA,90.5,74.9,0.22
2022-07-19,0.032,GPT,91,78,80.1,73,0.16,4.7793694,209.1685,55.71818,78.50697,96.42644,NA,NA,78.1,95.068085,104.70304,13.034643,19.986454,NA,90.5,75,0.22
2022-07-20,0.032,GPT,92,80,80.1,73,0,6.3435264,222.21597,54.172462,75.75304,93.637276,NA,NA,87.68191,98.078094,105.74793,13.90362,21.724405,NA,90.6,75,0.2
2022-07-21,0.031,GPT,91,81,81,75.9,0.08,4.171086,228.44617,65.18404,78.10926,90.66067,NA,NA,91.2283,98.60604,109.45115,13.034643,18.2485,NA,90.6,75,0.21
2022-07-22,0.037,GPT,90,74,78.1,71.1,0.17,3.475905,46.895912,67.49169,84.143295,97.016945,NA,NA,73.9,85.33395,100.22006,19.986454,31.283144,NA,90.7,75,0.22
2022-07-23,0.022,GPT,91,76,78.1,71.1,0,3.3890073,169.14015,52.247787,76.66976,96.41042,NA,NA,77,90.681595,100.53279,12.165668,15.641572,NA,90.7,75,0.21
2022-07-24,0.024,GPT,90,78,79,73.9,0.1,3.1283145,142.5624,60.966244,81.136696,97.07845,NA,NA,78.1,93.15514,103.35916,13.034643,16.51055,NA,90.7,75,0.21
2022-07-25,0.032,GPT,85,77,78.8,73.9,1e-4,2.780724,121.12181,72.30214,86.3466,97.07845,NA,NA,78.1,85.63857,95.3566,11.296691,13.034643,NA,90.8,75,0.21
2022-07-26,0.027,GPT,91,76,78.1,73.9,1e-4,4.7793694,146.6769,61.48733,77.56962,97.04129,NA,NA,75.9,91.58445,104.68358,19.986454,23.462358,NA,90.8,75,0.21
2022-07-27,0.034,GPT,91,77,77,73.9,1e-4,4.6924715,162.72682,59.26213,72.03999,90.249115,NA,NA,78.1,93.570946,100.53279,13.034643,18.2485,NA,90.8,75,0.22
2022-07-28,0.035,GPT,91,77,78.1,73,0.4,2.4331334,225.3772,61.48733,78.83471,93.55792,NA,NA,77,89.1624,100.53279,13.90362,18.2485,NA,90.9,75.1,0.23
2022-07-29,0.026,GPT,87,77,79,73.9,0.32,2.2593381,212.51434,69.448425,86.22259,96.41042,NA,NA,77,86.39162,97.55716,12.165668,17.379524,NA,90.9,75.1,0.23
2022-07-30,0.027,GPT,89,74,78.1,72,0.31,3.475905,267.2658,67.49169,84.10392,96.41042,NA,NA,75,85.12906,101.825516,13.90362,20.85543,NA,90.9,75.1,0.22
2022-07-31,0.028,GPT,91,73,77,72,1e-4,3.475905,131.62367,60.966244,79.72572,96.678116,NA,NA,73,87.93497,103.0089,13.90362,20.85543,NA,90.9,75.1,0.22
2022-08-01,0.027,GPT,90,74,81,73,0.05,3.910393,181.14311,67.61098,82.34378,96.38104,NA,NA,75,88.568405,104.70304,11.296691,13.90362,NA,91,75.1,0.21
2022-08-02,0.03,GPT,87,74,77,72,0.08,3.1283145,236.6727,69.59207,84.67332,96.38104,NA,NA,75,83.2383,94.98124,13.90362,21.724405,NA,91,75.1,0.21
2022-08-03,0.026,GPT,89,75,75.9,72,1e-4,2.6938264,176.55968,63.124584,83.548065,96.38104,NA,NA,75,83.092285,96.62901,13.90362,19.986454,NA,91,75.1,0.22
2022-08-04,0.033,GPT,88,75,77,73,0.12,5.561448,135.26276,63.01707,82.726524,97.04129,NA,NA,75,84.91612,97.814644,13.034643,17.379524,NA,91,75.1,0.22
2022-08-05,0.032,GPT,90,78,75.9,73.9,0.01,7.907684,148.26483,61.48733,71.98136,90.249115,NA,NA,79,93.48365,101.64724,15.641572,19.986454,NA,91,75.1,0.23
2022-08-06,0.023,GPT,90,77,79,72,0.06,3.9972906,126.614944,65.18404,81.5784,96.42644,NA,NA,78.1,88.3125,101.825516,17.379524,23.462358,NA,91,75.1,0.23
2022-08-07,0.033,GPT,91,76,78.1,73.9,0,3.215212,128.76549,61.48733,79.67849,93.55792,NA,NA,77,89.36351,104.68358,13.034643,17.379524,NA,91,75,0.21
2022-08-08,0.031,GPT,88,73,78.1,72,2.61,2.8676217,64.0396,70.00456,86.675804,97.016945,0,NA,73,82.610794,100.28098,15.641572,22.593382,NA,91,75,0.21
2022-08-09,0.037,GPT,87,74,77,73,0.01,3.9972906,120.439964,69.448425,83.241325,93.52941,NA,NA,75,83.42293,97.55716,14.772596,17.379524,NA,91,75,0.2
2022-08-10,0.034,GPT,86,74,77,73,0.06,5.561448,124.94277,69.799286,83.41502,94.14301,0,NA,75,84.395134,94.98124,13.90362,17.379524,NA,91,75,0.19
2022-08-11,0.033,GPT,86,76,75.9,73,0.01,3.3890073,163.10269,69.59207,82.7007,97.04129,0,NA,75.9,85.02893,95.92129,12.165668,14.772596,NA,91,75,0.19
2022-08-12,0.034,GPT,87,75,75.9,73,0.19,4.8662667,152.9478,69.685555,84.15725,97.04129,0,NA,75,84.23518,93.34773,13.90362,17.379524,NA,91,74.9,0.19
2022-08-13,0.028,GPT,88,75,78.1,73,0.18,1.8248501,205.27177,63.124584,83.7404,96.42644,NA,NA,75.9,85.76072,96.62901,12.165668,14.772596,NA,90.9,74.9,0.19
2022-08-14,0.03,GPT,92,75,77,73,0,2.9545193,270.03165,57.431393,77.737144,97.04129,0,NA,75,88.444786,100.5627,10.427715,14.772596,NA,90.9,74.9,0.2
2022-08-15,0.03,GPT,95,76,78.1,73,0,3.5628026,273.96143,50.72025,75.066605,93.55792,NA,NA,77,92.29586,107.393974,10.427715,14.772596,NA,90.9,74.8,0.22
2022-08-16,0.04,GPT,96,75,78.1,73,0.72,6.430424,308.31223,49.207233,74.86327,96.38104,NA,NA,75,92.717476,109.79942,15.641572,20.85543,NA,90.8,74.8,0.21
2022-08-17,0.037,GPT,94,74,79,73,0.08,3.910393,286.08737,57.69113,80.703865,97.016945,0,NA,73.9,90.392815,108.924835,12.165668,16.51055,NA,90.8,74.7,0.22
2022-08-18,0.048,GPT,87,75,78.1,71.1,0.54,3.7365978,332.65695,61.20137,82.413086,94.22723,0,NA,75,84.926186,91.60043,14.772596,19.986454,NA,90.8,74.7,0.22
2022-08-19,0.037,GPT,86,74,79,70,0.89,3.215212,132.2543,61.064674,83.01773,94.14301,0,NA,73.9,86.42816,95.9344,17.379524,21.724405,NA,90.7,74.6,0.22
2022-08-20,0.024,GPT,90,75,78.1,73,0.05,3.3021097,181.58142,67.49169,83.99556,93.55792,NA,NA,75,86.15969,103.35916,15.641572,26.069286,NA,90.7,74.5,0.22
2022-08-21,0.018,GPT,90,74,81,73,0.05,1.9117477,157.96451,60.966244,86.78904,93.52941,0,NA,75,83.55537,102.505684,17.379524,20.85543,NA,90.6,74.5,0.23
2022-08-22,0.021,GPT,89,75,78.1,73,0.59,3.8234954,123.80065,64.954704,85.26616,97.04129,NA,NA,75,85.334564,103.35916,12.165668,15.641572,NA,90.6,74.4,0.23
2022-08-23,0.023,GPT,85,72,79,71.1,1.28,4.5186763,83.71691,81.82045,91.0765,97.04129,NA,NA,72,80.88522,95.9344,15.641572,24.331335,NA,90.5,74.3,0.24
2022-08-24,0.022,GPT,87,74,81,73,2.02,6.3435264,126.510345,79.46747,90.73671,100,NA,NA,73.9,82.84003,101.17047,19.986454,30.41417,NA,90.5,74.2,0.22
2022-08-25,0.023,GPT,87,75,80.6,73,1.46,4.344881,112.892746,81.82045,92.54111,97.04129,NA,NA,75,80.59003,101.90125,18.2485,31.283144,NA,90.4,74.2,0.22
2022-08-26,0.024,GPT,88,75,78.1,73,1e-4,2.5200312,159.06038,69.799286,87.294685,97.04129,NA,NA,75,83.46859,94.98124,10.427715,12.165668,NA,90.3,74.1,0.2
2022-08-27,0.032,GPT,88,75,77,73,0,2.780724,177.65587,63.01707,81.62538,97.04129,NA,NA,75.9,86.03241,100.22006,10.427715,13.034643,NA,90.2,74,0.2
2022-08-28,0.024,GPT,90,76,78.1,73.9,0,3.910393,142.64075,60.966244,81.820915,97.04129,NA,NA,75.9,88.8373,103.35916,15.641572,21.724405,NA,90.2,73.9,0.2
2022-08-29,0.022,GPT,93,77,78.1,72,0,1.9986453,146.00713,57.93478,79.28127,96.42644,NA,NA,78.1,90.10409,103.05586,10.427715,12.165668,NA,90.1,73.7,0.19
2022-08-30,0.028,GPT,93,75,77,73.9,0.41,4.171086,307.51712,55.984222,82.18816,96.41042,NA,NA,75.9,87.34578,107.24766,19.117477,26.938263,NA,90,73.6,0.2
2022-08-31,0.039,GPT,96,74,77,72,0,3.7365978,5.6018114,49.216675,73.85016,96.38104,0,NA,75,90.007614,105.72785,10.427715,13.034643,NA,89.9,73.5,0.19
2022-09-01,0.053,GPT,93,73,75,66.9,0,2.085543,36.04055,43.986134,69.57684,90.974266,0,NA,73.9,84.86509,95.935555,8.689762,13.90362,NA,89.8,73.4,0.2
2022-09-02,0.05,GPT,92,73,78.1,70,0,2.9545193,179.40495,50.326485,73.08147,93.79415,0,NA,73,87.10219,98.537895,8.689762,13.034643,NA,89.7,73.3,0.2
2022-09-03,0.024,GPT,86,75,78.1,73.9,0.18,2.1724405,265.57483,74.42529,90.88865,97.04129,0,NA,75.9,81.52982,94.94337,8.689762,11.296691,NA,89.6,73.1,0.18
2022-09-04,0.031,GPT,86,75,75.9,73.9,0,2.3462358,229.65445,67.27328,85.06553,96.38104,0,NA,75,83.33064,94.21741,12.165668,16.51055,NA,89.5,73,0.19
2022-09-05,0.034,GPT,88,74,77,72,0.06,2.5200312,213.96936,65.49481,84.72087,97.04129,0,NA,73.9,83.55339,97.814644,12.165668,15.641572,NA,89.4,72.8,0.19
2022-09-06,0.035,GPT,88,74,75.9,72,0,2.3462358,321.50797,60.923714,82.40687,97.016945,0,NA,73.9,84.20378,95.41936,6.95181,9.558739,NA,89.3,72.7,0.19
2022-09-07,0.032,GPT,88,70,75,66.9,0.19,4.344881,343.1139,57.427124,80.55574,93.55792,0,NA,71.1,81.5499,94.55197,18.2485,22.593382,NA,89.2,72.5,0.2
2022-09-08,0.037,GPT,88,69,73,66.9,1e-4,3.910393,0.27664173,56.919083,80.4972,93.50594,0,NA,69.1,78.42328,92.246544,12.165668,18.2485,NA,89.1,72.4,0.2
2022-09-09,0.033,GPT,84,71,75,69.1,0.06,3.8234954,60.866955,69.27759,86.576416,97.016945,0,NA,72,77.301636,88.75189,12.165668,15.641572,NA,89,72.2,0.21
2022-09-10,0.041,GPT,88,71,75,70,0,3.215212,124.09863,55.315365,80.60424,93.77152,0,NA,72,82.401405,93.10589,10.427715,13.034643,NA,88.8,72,0.21
2022-09-11,0.049,GPT,90,72,75,71.1,1e-4,2.8676217,220.63216,55.58441,77.49476,96.99354,0,NA,72,84.40301,97.2908,13.90362,15.641572,NA,88.7,71.8,0.21
2022-09-12,0.032,GPT,90,73,73.9,71.1,0,4.6924715,340.94156,55.463593,77.40824,97.016945,0,NA,73,83.56112,96.16709,12.165668,15.641572,NA,88.5,71.6,0.22
2022-09-13,0.038,GPT,87,67,70,55.9,0,5.300755,15.051776,35.897354,64.95958,93.4268,0,NA,68,76.15981,85.81259,11.296691,16.51055,NA,88.4,71.4,0.19
2022-09-14,0.052,GPT,89,61,66,55,0,2.6069288,66.89235,36.06687,65.68091,89.814255,0,NA,61,73.968025,86.964165,11.296691,14.772596,NA,88.3,71.2,0.18
2022-09-15,0.052,GPT,88,64,68,61,0,2.8676217,100.570335,41.615177,69.1332,90.642,0,NA,64.9,76.951256,89.33843,10.427715,13.90362,NA,88.1,71,0.18
2022-09-16,0.052,GPT,89,67,71.1,64,0,5.2138577,117.87564,43.41545,71.57623,92.705696,0,NA,68,80.16887,92.16165,14.772596,19.117477,NA,87.9,70.8,0.17
2022-09-17,0.039,GPT,89,71,75,64.9,0,6.5173216,97.385216,59.147587,75.03686,90.172104,0,NA,71.1,83.14892,97.814644,17.379524,22.593382,NA,87.8,70.6,0.16
2022-09-18,0.038,GPT,90,74,75,73,0,4.431779,113.66205,59.147587,79.44401,93.52941,0,NA,75,85.08656,99.3201,12.165668,21.724405,NA,87.6,70.3,0.15
2022-09-19,0.035,GPT,92,72,73,64,0,3.8234954,18.949165,39.76362,70.35268,96.678116,0,NA,73,82.51705,94.03381,12.165668,19.117477,NA,87.4,70.1,0.14
2022-09-20,0.055,GPT,93,68,71.1,64.9,0,2.1724405,37.806362,39.652657,69.23809,93.319046,0,NA,68,81.47891,95.27495,10.427715,13.034643,NA,87.2,69.8,0.14
2022-09-21,0.041,GPT,97,73,78.1,70,0,3.7365978,18.145935,41.79904,73.18882,93.60928,0,NA,73.9,89.511055,106.090836,17.379524,19.117477,NA,87,69.5,0.13
2022-09-22,0.051,GPT,97,73,75.9,66.9,0,2.4331334,298.66113,40.119965,70.84443,97.04129,0,NA,73.9,87.27134,101.151375,7.820786,11.296691,NA,86.8,69.3,0.13
2022-09-23,0.052,GPT,92,74,73.9,60.1,0,4.5186763,24.113876,52.247787,70.48475,90.73938,0,NA,73.9,83.91514,97.67082,11.296691,16.51055,NA,86.6,69,0.15
2022-09-24,0.054,GPT,94,67,68,57.9,0,2.2593381,29.192299,33.481823,60.494038,84.337776,0,NA,66.9,78.926216,93.19582,10.427715,11.296691,NA,86.4,68.7,0.14
2022-09-25,0.046,GPT,94,69,73.9,66.9,0,2.1724405,341.8374,45.68785,72.26503,90.172104,0,NA,70,83.71129,98.31897,11.296691,15.641572,NA,86.2,68.4,0.16
2022-09-26,0.045,GPT,94,72,75,55.9,0,4.8662667,352.6095,48.930344,68.01795,97.04129,0,NA,75,85.40926,100.71375,12.165668,17.379524,NA,86,68.1,0.15
2022-09-27,0.043,GPT,85,59,55,42.1,0,8.602865,9.863691,22.85437,42.38541,64.36822,0,NA,61,72.32632,81.61351,18.2485,26.069286,NA,85.7,67.8,0.15
2022-09-28,0.045,GPT,84,59,48,39.9,1e-4,10.688408,13.708202,22.695925,40.952057,64.25731,0,NA,60.1,69.62205,81.550354,25.200312,33.89007,NA,85.5,67.4,0.15
2022-09-29,0.039,GPT,79,56,46.9,39,0,10.167022,3.8585958,24.698109,43.243282,61.652737,0,NA,57,66.72558,79,20.85543,26.069286,NA,85.2,67.1,0.16
2022-09-30,0.04,GPT,81,54,54,46.9,0,5.561448,357.27277,31.147362,56.099113,76.828545,0,NA,54,67.0263,79.60443,13.034643,17.379524,NA,85,66.8,0.15
2022-10-01,0.042,GPT,85,54,52,43,0,5.8221407,344.8627,24.514345,53.708214,80.67144,0,NA,55,67.98219,82.26619,14.772596,19.117477,NA,84.7,66.4,0.14
2022-10-02,0.045,GPT,87,53,54,46,0,4.9531646,346.2084,24.875904,55.754265,89.17831,0,NA,53.1,68.73658,84.3717,13.90362,19.117477,NA,84.5,66,0.14
2022-10-03,0.038,GPT,84,60,63,51.1,0,3.9456446,359.341,42.18571,63.43975,84.43778,0,NA,60.1,70.414444,82.60356,11.296691,13.90362,NA,84.2,65.7,0.14
2022-10-04,0.037,GPT,81,62,64,59,0,5.0400624,118.17729,52.661106,72.5555,87.28321,0,NA,63,71.13162,82.0646,13.90362,17.379524,NA,83.9,65.3,0.14
2022-10-05,0.043,GPT,84,61,62.1,55,0,1.7379525,200.88797,39.52138,69.69743,93.12406,0,NA,61,71.173546,82.19677,8.689762,12.165668,NA,83.6,64.9,0.13
2022-10-06,0.05,GPT,85,60,66,57.9,0,2.2593381,215.12277,43.891815,73.87742,93.56222,0,NA,60.1,72.256454,86.23124,10.427715,13.90362,NA,83.3,64.5,0.13
2022-10-07,0.054,GPT,90,58,64,55,0,1.8248501,142.12285,31.622568,68.42831,93.180626,0,NA,59,73.0152,88.2937,8.689762,12.165668,NA,83,64.1,0.12
2022-10-08,0.047,GPT,87,64,63,52,0,6.6911173,15.872784,34.742786,57.37685,90.642,0,NA,64.9,73.96777,84.92025,13.034643,20.85543,NA,82.7,63.7,0.13
2022-10-09,0.045,GPT,82,57,52,42.1,0,4.5186763,17.93809,26.325457,49.104164,72.21912,0,NA,57,67.76563,80.27995,11.296691,14.772596,NA,82.4,63.2,0.13
2022-10-10,0.049,GPT,84,55,54,46,0,5.6483455,34.70629,29.635479,50.410225,74.72303,0,NA,55.9,69.010315,81.20049,13.90362,18.2485,NA,82.1,62.8,0.11
2022-10-11,0.054,GPT,83,54,73.9,46.9,0,4.7793694,107.95791,49.19648,72.00225,93.52941,0,NA,55,71.060715,83.76307,12.165668,16.51055,NA,81.7,62.4,0.11
2022-10-12,0.026,GPT,84,71,75.9,69.1,1.89,4.605574,156.15344,76.36474,88.66017,100,0,NA,71.6,78.290016,90.17731,18.2485,20.85543,NA,81.4,62,0.11
2022-10-13,0.042,GPT,85,65,75,64,1e-4,3.1283145,348.21442,54.620113,79.4442,100,0,NA,64.9,76.45317,86.62449,13.90362,16.51055,NA,81.1,61.5,0.11
2022-10-14,0.047,GPT,80,60,64,48.9,0,3.8234954,102.07584,38.915344,64.82311,96.903595,0,NA,61,69.04648,79,11.296691,14.772596,NA,80.7,61.1,0.12
2022-10-15,0.055,GPT,82,57,66,50,0,2.8676217,140.38716,32.88028,72.61335,93.56222,0,NA,57,69.08806,80.96601,10.427715,14.772596,NA,80.4,60.6,0.11
2022-10-16,0.047,GPT,84,59,72,57,0,2.5581882,139.0979,63.156197,86.2557,96.9686,NA,NA,59,71.8147,89.00622,11,14.772596,NA,80,60.2,0.12
2022-10-17,0.037,GPT,84,60,72,45,0,6.3435264,338.98093,53.44585,77.01023,100,0,NA,62.1,72.28109,86.20281,14.772596,19.986454,NA,79.7,59.7,0.13
2022-10-18,0.04,GPT,65,44,41,27,0,9.12425,348.55865,25.382587,42.059032,57.496037,0,NA,41.187107,54.92014,63,18.2485,24.331335,NA,79.3,59.3,0.12
2022-10-19,0.033,GPT,65,39,42.1,28,0,5.0400624,335.70453,26.496365,54.122383,82.18908,0,NA,34.708565,49.244858,64,12.165668,16.51055,NA,79,58.8,0.13
2022-10-20,0.044,GPT,67,39,45,30,0,2.1724405,200.40903,26.854164,61.069317,85.75554,0,NA,38.9772,53.003296,66,10.427715,14.772596,NA,78.6,58.3,0.12
2022-10-21,0.065,GPT,74,46,57.9,43,1e-4,3.475905,167.82909,42.510735,68.374245,89.921104,NA,NA,46.9,61.45345,73,11.296691,16.51055,NA,78.2,57.9,0.12
2022-10-22,0.054,GPT,77,54,61,52,0,3.6497002,118.28755,49.90776,78.144394,96.7575,0,NA,54,64.99143,75.9,14.772596,19.986454,NA,77.9,57.4,0.11
2022-10-23,0.052,GPT,78,55,61,54,0,4.5186763,119.559166,53.79913,76.93725,96.81093,0,NA,55.9,66.61888,78.1,13.034643,17.379524,NA,77.5,57,0.11
2022-10-24,0.04,GPT,82,64,71.1,62.1,0.01,7.0387077,124.65209,69.27759,83.747665,96.903595,0,NA,64,73.34792,84.95402,14.772596,21.724405,NA,77.2,56.5,0.11
2022-10-25,0.039,GPT,81,58,73.9,51.1,0.12,6.8649125,185.81555,63.89742,81.33815,93.50594,0,NA,60.1,73.52717,86.25138,13.90362,21.724405,NA,76.8,56.1,0.11
2022-10-26,0.036,GPT,76,52,51.1,43,0,5.561448,349.08044,33.155643,60.702724,82.8192,0,NA,53.1,61.992126,75,15.641572,22.593382,NA,76.4,55.7,0.1
2022-10-27,0.037,GPT,70,51,55.9,46.9,0,2.6938264,68.15728,54.452133,75.41394,93.29195,0,NA,51.1,59.45387,69.1,8.689762,12.165668,NA,76.1,55.2,0.12
2022-10-28,0.04,GPT,75,51,64.9,50,0,3.041417,93.34905,62.051434,80.490845,92.89372,0,NA,52,64.56529,73.9,8.689762,13.034643,NA,75.7,54.8,0.11
2022-10-29,0.036,GPT,79,67,73.9,64.9,0.88,9.298046,122.274605,76.193085,89.55005,96.38104,0,NA,68,72.76516,78.1,24.331335,32.152122,NA,75.4,54.4,0.11
2022-10-30,0.044,GPT,74,56,64.9,55.9,0,3.475905,230.76347,59.118835,77.695496,93.12406,0,NA,59,66.42293,73,11.296691,17.379524,NA,75,54,0.11
2022-10-31,0.041,GPT,75,54,61,53.1,0,1.5641572,205.12814,53.360497,80.06495,96.783690000000007,0,NA,55,63.936237,73.9,7.820786,13.90362,NA,74.7,53.6,0.11
2023-02-28,0.021,GPT,83,70,71.1,68,0,5.300755,199.75224,67.05904,84.34258,93.40279,0,NA,71.1,75.508804,85.80995,13.034643,19.986454,NA,67.3,48.8,0.17
2023-03-01,0.033,GPT,79,72,72,71.1,0,7.2994003,180.49511999999999,76.790886,89.24006,96.99354,0,NA,72,74.78293,79,14.772596,23.462358,NA,67.5,49,0.16
2023-03-02,0.034,GPT,80,72,72,70,1e-4,8.255275,159.81854,76.36474,88.46802,94.10022,0,NA,72,75.14326,83.94352,15.641572,25.200312,NA,67.7,49.1,0.16
2023-03-03,0.056,GPT,83,61,72,48.9,1e-4,9.384943,205.43425,35.40816,65.18868,90.974266,0,NA,62.1,74.51808,84.50432,19.117477,34.75905,NA,67.9,49.3,0.16
2023-03-04,0.045,GPT,76,51,54,48.9,0,3.5628026,274.46222,46.436325,66.67751,89.88164,0,NA,52,63.344112,75,10.427715,17.379524,NA,68.1,49.5,0.17
2023-03-05,0.051,GPT,79,51,61,46.9,0,3.9972906,126.44856,34.80998,68.14195,93.15526,0,NA,52,65.33171,79,13.90362,16.51055,NA,68.3,49.7,0.16
2023-03-06,0.026,GPT,78,59,72,57.9,0,3.8234954,175.95741,81.55377,90.47313,96.99354,0,NA,60.1,71.18857,78.1,11.296691,16.51055,NA,68.5,49.9,0.17
2023-03-07,0.026,GPT,82,68,72,66.2,0,2.5200312,201.00772,67.177505,86.8078,100,0,NA,68,74.66865,84.15924,10.427715,14.772596,NA,68.7,50.1,0.17
2023-03-08,0.041,GPT,80,67,72,66.2,0,4.605574,145.79272,71.72483,89.34632,100,0,NA,66.2,72.82683,79,10.427715,21.724405,NA,68.8,50.2,0.16
2023-03-09,0.036,GPT,82,72,72,66,0.04,4.431779,201.9809,62.277378,81.34508,94.10022,0,NA,72,76.14957,84.92029,11.296691,17.379524,NA,69,50.4,0.17
2023-03-10,0.029,GPT,81,60,68,57.9,0,4.605574,325.03888,57.917896,80.947685,96.92933,0,NA,60.1,69.9842,81.70885,14.772596,21.724405,NA,69.2,50.6,0.15
2023-03-11,0.035,GPT,75,57,69.1,53.1,0,7.3923345,139.73657,66.61077,80.2464,93.15526,0,NA,57,68.84982,73.9,15.641572,19.986454,NA,69.4,50.8,0.15
2023-03-12,0.03,GPT,79,62,72,62.1,0.38,6.3435264,214.7585,75.92401,85.90149,93.879135,0,NA,64.4,71.703064,79,15.641572,22.593382,NA,69.6,51,0.14
2023-03-13,0.04,GPT,67,50,63,37,0.2,10.340817,357.37982,35.86348,62.09358,93.56222,0,NA,50,57.84216,66.9,17.379524,26.938263,NA,69.8,51.2,0.15
2023-03-14,0.043,GPT,64,43,37.9,28.9,0,8.342172,5.5072455,27.442625,49.02227,67.866905,0,NA,37.191612,51.142403,63,14.772596,22.593382,NA,70,51.4,0.15
2023-03-15,0.049,GPT,64,42,43,30.9,0,3.8234954,75.58604,30.729246,56.625862,86.162994,0,NA,39.214478,50.661903,62.1,13.034643,19.117477,NA,70.2,51.6,0.16
2023-03-16,0.052,GPT,73,43,62.1,41,0,6.7780147,160.87085,55.061279999999996,73.28417,92.61712,0,NA,41.549988,60.61973,72,14.772596,19.986454,NA,70.4,51.7,0.16
2023-03-17,0.035,GPT,72,48,64.9,42.1,1.16,7.994581,335.58704,74.153496,84.847145,96.903595,NA,NA,44.527874,63.018627,72,19.117477,26.938263,NA,70.6,51.9,0.16
2023-03-18,0.042,GPT,57,47,42.1,28,0,10.688408,353.82376,35.213,50.600163,79.90661,0,NA,40.657158,48.7006,55.9,19.986454,28.676216,NA,70.8,52.1,0.17
2023-03-19,0.045,GPT,54,37,35.1,21,0,9.298046,339.08713,29.277292,47.91577,70.30391,0,NA,30.850098,42.37913,53.1,18.2485,24.331335,NA,71,52.3,0.17
2023-03-20,0.047,GPT,56,31,37,19.9,0,3.8234954,5.363999,28.327974,57.425446,85.536026,0,NA,27.431068,41.366756,55,11.296691,16.51055,NA,71.2,52.5,0.17
2023-03-21,0.053,GPT,69,38,55,33.1,0,6.6911173,123.85052,50.317757,69.56622,89.26615,0,NA,37.9,55.217213,68,15.641572,22.593382,NA,71.4,52.7,0.19
2023-03-22,0.053,GPT,73,51,60.1,50,0,4.6924715,149.66113000000001,61.150173,79.57429,93.31721,0,NA,52,63.62293,72,12.165668,18.2485,NA,71.6,52.9,0.19
2023-03-23,0.04,GPT,79,55,69.8,53.1,0,6.169731,150.30972,71.14396,88.16461,96.81093,0,NA,55,67.67498,78.8,13.034643,17.379524,NA,71.8,53.1,0.19
2023-03-24,0.041,GPT,79,68,70,68,0,10.60151,152.99779,73.780556,88.8659,100,0,NA,68,72.342926,78.1,15.641572,22.593382,NA,71.9,53.3,0.19
2023-03-25,0.035,GPT,85,71,73,69.1,1e-4,6.6042194,190.37265,63.156197,86.21906,100,0,NA,70,76.84387,86.95028,12.165668,19.117477,NA,72.1,53.5,0.19
2023-03-26,0.029,GPT,79,72,73,71.1,0,6.7780147,182.73138,84.35599,90.596344,96.99354,0,NA,72,74.960556,78.1,13.034643,22.593382,NA,72.3,53.8,0.18
2023-03-27,0.031,GPT,81,71,73.9,69.8,0.27,4.344881,158.57773,74.068855,92.244995,100,0,NA,71.1,74.20419,83.63766,13.034643,19.986454,NA,72.5,54,0.17
2023-03-28,0.042,GPT,82,63,73.9,48.9,0.41,7.125605,337.3787,52.351345,74.46596,100,0,NA,64.9,73.41884,81.9118,14.772596,21.724405,NA,72.7,54.2,0.17
2023-03-29,0.045,GPT,67,50,48,36,0,5.2138577,21.116259,33.15695,52.83598,86.17496,0,NA,52,59.577003,66.9,12.165668,20.85543,NA,72.9,54.4,0.17
2023-03-30,0.05,GPT,74,50,64.9,46.9,0,8.4290695,126.633064,55.001213,76.33167,89.08853,0,NA,50,63.442856,73,19.117477,23.462358,NA,73.1,54.6,0.18
2023-03-31,0.048,GPT,78,68,71.1,64.9,0,8.863558,150.57782,76.62149,87.03418,93.77152,0,NA,68,72.60149,77,19.986454,26.069286,NA,73.3,54.8,0.19
2023-04-01,0.037,GPT,86,59,72,57.9,0.22,4.5186763,243.94568,51.0819,81.72716,96.99354,0,NA,62.1,76.32291,91.53445,13.034643,20.85543,NA,73.5,55,0.21
2023-04-02,0.056,GPT,78,59,70,45,0,7.646991,120.091156,35.953945,61.62162,93.4268,0,NA,59,68.93471,77,15.641572,19.986454,NA,73.7,55.3,0.21
2023-04-03,0.029,GPT,84,73,73.9,70,1e-4,8.081479,187.41771,62.857838,85.810059999999993,96.678116,0,NA,73,78.42371,88.31077,13.034643,22.593382,NA,73.9,55.5,0.21
2023-04-04,0.031,GPT,81,74,75,72,0,11.035998,148.34486,81.41737,90.78332,97.016945,0,NA,73.9,77.14552,85.08518,19.117477,26.069286,NA,74.1,55.7,0.2
2023-04-05,0.026,GPT,81,74,73.9,73,0,10.60151,145.51643,81.41737,88.56233,96.38104,0,NA,75,78.37898,84.6436,18.2485,24.331335,NA,74.3,55.9,0.2
2023-04-06,0.023,GPT,82,75,73.9,72,0,9.993227,132.21190000000001,71.777084,84.50479,93.52941,0,NA,75,78.91803,86.82943,15.641572,20.85543,NA,74.5,56.2,0.2
2023-04-07,0.021,GPT,79,69,73,64.9,0.02,6.169731,81.35477,71.72483,85.38414,96.99354,0,NA,69.8,74.40808,79,13.034643,16.51055,NA,74.7,56.4,0.19
2023-04-08,0.022,GPT,79,61,68,57.9,0.64,6.8649125,2.8006458,65.118546,85.78193,96.903595,0,NA,63,69.2354,78.1,14.772596,20.85543,NA,74.9,56.6,0.2
2023-04-09,0.028,GPT,63,53,55.9,48,0,7.7338886,33.954117,65.093414,76.27587,89.592415,0,NA,53.1,58.90223,63,14.772596,19.986454,NA,75.1,56.8,0.2
2023-04-10,0.043,GPT,75,59,55,51.1,0,8.081479,58.716568,48.179935,65.57853,80.75384,0,NA,59,65.930595,73.9,13.90362,20.85543,NA,75.3,57.1,0.19
2023-04-11,0.047,GPT,75,61,59,52,0,7.386298,79.400894,55.001213,66.080124,75.73877,0,NA,61,67.60258,73,15.641572,23.462358,NA,75.5,57.3,0.2
2023-04-12,0.039,GPT,69,59,62.1,55,0.73,7.994581,50.44778,65.34607,77.616356,90.642,0,NA,60.1,64.760765,69.1,15.641572,22.593382,NA,75.7,57.5,0.18
2023-04-13,0.041,GPT,72,58,57.9,55,0.5,7.7338886,299.36908,60.893734,79.25495,93.0668,0,NA,57.9,63.603764,70,24.331335,39.10393,NA,75.9,57.8,0.19
2023-04-14,0.053,GPT,77,57,64,54,0,4.8662667,188.5184,47.992485,75.79998,93.0668,0,NA,57.9,68.70641,75.9,13.034643,18.2485,NA,76.1,58,0.19
2023-04-15,0.04,GPT,77,62,70,61,1.03,6.5173216,131.95247,73.677185,88.50081,100,0,NA,63,68.54752,75.9,28.676216,45.186764,NA,76.3,58.2,0.2
2023-04-16,0.042,GPT,76,54,68,42.1,0.43,7.994581,316.372,30.7078,67.497375,96.903595,0,NA,55,67.528366,75,19.117477,25.200312,NA,76.5,58.5,0.19
2023-04-17,0.051,GPT,78,47,53.1,34,0,3.475905,325.0137,21.687544,58.759533,93.05812,0,NA,45.72197,61.813564,77,13.034643,17.379524,NA,76.8,58.7,0.19
2023-04-18,0.064,GPT,76,48,54,41,0,2.4331334,151.13971,30.53587,67.30881,92.8002,0,NA,48.9,62.06,73.9,11.296691,15.641572,NA,77,58.9,0.19
2023-04-19,0.054,GPT,76,53,64.9,52,0,6.430424,131.15579,53.51672,76.27551,93.29195,0,NA,54,66.72125,75,14.772596,21.724405,NA,77.2,59.2,0.18
2023-04-20,0.058,GPT,80,61,69.1,60.1,0,8.342172,128.95932,64.451225,84.21914,100,0,NA,62.1,70.7354,79,17.379524,22.593382,NA,77.4,59.4,0.18
2023-04-21,0.05,GPT,78,63,66.9,62.1,1e-4,5.2138577,154.9888,64.21361,78.59284,96.903595,0,NA,64,71.190315,77,15.641572,19.986454,NA,77.6,59.7,0.18
2023-04-22,0.049,GPT,81,56,64.9,39.9,0,7.0387077,12.493861,25.188517,49.39928,93.56222,0,NA,59,70.41513,79.4903,18.2485,31.283144,NA,77.9,59.9,0.17
2023-04-23,0.053,GPT,77,56,54,41,0,6.430424,80.977936,29.43079,50.336758,68.89796,0,NA,57,67.161674,75,13.90362,20.85543,NA,78.1,60.2,0.17
2023-04-24,0.039,GPT,75,57,52,46.9,0,8.342172,17.17792,43.13643,57.20996,69.51858,0,NA,57,64.45644,75,13.034643,21.724405,NA,78.3,60.4,0.16
2023-04-25,0.053,GPT,83,55,66,46.9,0,4.5186763,97.61787,48.57582,67.51124,93.319046,0,NA,55,68.023254,81.313675,12.165668,15.641572,NA,78.5,60.7,0.17
2023-04-26,0.043,GPT,80,62,69.1,57.9,0,7.212503,124.40002,59.922417,78.67796,96.878845,0,NA,63,71.80906,79,13.90362,21.724405,NA,78.8,60.9,0.16
2023-04-27,0.041,GPT,80,68,71.1,66,1.32,6.082834,116.906624,73.88337,88.7073,96.322716,0,NA,68,72.45477,78.1,20.85543,26.938263,NA,79,61.2,0.16
2023-04-28,0.053,GPT,87,66,69.1,52,0,5.12696,290.94235,31.1269,67.73702,93.319046,0,NA,66.9,74.683685,84.65652,13.90362,19.986454,NA,79.3,61.4,0.16
2023-04-29,0.052,GPT,79,61,69.1,59,0.13,4.8662667,205.55467,58.036343,85.36589,96.55186,0,NA,61,68.69094,78.1,17.379524,19.986454,NA,79.5,61.7,0.14
2023-04-30,0.049,GPT,82,60,59,50,0,10.167022,297.42178,34.250164,61.362503,93.12406,0,NA,61,70.179214,80.85464,19.117477,26.069286,NA,79.7,61.9,0.14
2023-05-01,0.055,GPT,85,60,59,46,0,5.2138577,276.3363,29.581814,57.77892,83.41765,0,NA,62.1,71.22569,81.965416,15.641572,23.462358,NA,80,62.2,0.13
2023-05-02,0.056,GPT,81,53,59,44.1,0,2.4331334,221.30159,31.019732,60.756718,92.89372,0,NA,53.1,68.82884,79.81089,12.165668,19.117477,NA,80.2,62.5,0.13
2023-05-03,0.059,GPT,84,57,64,48.9,0,3.041417,238.35684,30.651394,65.91758,90.400345,0,NA,57.9,70.85451,81.9237,12.165668,20.85543,NA,80.5,62.7,0.14
2023-05-04,0.064,GPT,81,59,69.1,50,0,5.12696,135.39539,41.722034,67.2679,93.53832,0,NA,60.1,71.98077,81.623184,11.296691,14.772596,NA,80.7,63,0.14
2023-05-05,0.045,GPT,78,69,72,64,2.03,7.0387077,118.52727,66.60442,85.899445,100,0,NA,69.1,73.52028,77,19.986454,28.676216,NA,81,63.3,0.15
2023-05-06,0.045,GPT,76,66,73.9,64.9,0.86,4.431779,117.65141,83.98641,91.83333,96.38104,0,NA,66.9,72.105156,75.9,13.90362,19.986454,NA,81.2,63.6,0.14
2023-05-07,0.047,GPT,80,64,73.9,63,0,8.168377,130.3132,76.36474,88.08666,96.903595,0,NA,64,73.95757,83.94352,15.641572,19.986454,NA,81.5,63.8,0.15
2023-05-08,0.038,GPT,83,71,75,66,0,5.0400624,164.23294,73.59218,85.318535,93.55792,0,NA,72,78.84922,89.369316,15.641572,21.724405,NA,81.7,64.1,0.14
2023-05-09,0.033,GPT,85,71,75,69.1,0.02,3.6497002,152.11543,67.280304,86.44919,96.99354,0,NA,71.1,78.36767,90.34348,12.165668,15.641572,NA,82,64.4,0.15
2023-05-10,0.036,GPT,84,74,75,70,0,6.5173216,146.81557,69.61913,80.99336,97.016945,0,NA,73.9,80.92533,88.75189,13.90362,18.2485,NA,82.2,64.7,0.14
2023-05-11,0.044,GPT,83,68,75.9,66.2,0.31,11.5573845,134.83615,71.92238,83.04462,93.37325,0,NA,69.1,80.01528,90.88469,20.85543,31.283144,NA,82.5,65,0.13
2023-05-12,0.046,GPT,84,69,73.9,64,0,7.994581,117.47606,71.21228,80.8609,93.40279,0,NA,69.1,78.72456,88.75189,15.641572,22.593382,NA,82.7,65.3,0.14
2023-05-13,0.042,GPT,86,68,73.9,61,0,7.820786,125.83832,63.395924,76.23273,93.50594,0,NA,72,81.04863,90.81524,15.641572,20.85543,NA,83,65.5,0.12
2023-05-14,0.048,GPT,90,71,73,66.9,0,2.6069288,172.35028,49.72598,74.530846,100,0,NA,71.1,82.258865,94.78818,10.427715,13.90362,NA,83.2,65.8,0.12
2023-05-15,0.039,GPT,94,72,73.9,69.1,0,3.9972906,334.90158,50.326485,74.9762,93.77152,0,NA,73,82.67515,98.08501,15.641572,24.331335,NA,83.5,66.1,0.12
2023-05-16,0.042,GPT,92,70,73,66.9,0,4.605574,280.53613,50.326485,74.21171,93.4268,0,NA,71.1,83.08958,98.29539,19.986454,26.069286,NA,83.7,66.4,0.13
2023-05-17,0.044,GPT,86,71,75.9,64.9,0.1,3.3890073,293.45782,69.799286,84.1612,96.99354,0,NA,71.1,77.351364,95.92129,15.641572,24.331335,NA,83.9,66.7,0.14
2023-05-18,0.055,GPT,88,69,73,68,0,3.041417,174.14008,59.092064,77.04856,96.9686,0,NA,69.1,80.85529,92.895424,13.034643,18.2485,NA,84.2,67,0.13
2023-05-19,0.051,GPT,88,73,73,71.1,0,5.2138577,163.81268,60.923714,75.98432,93.77152,0,NA,73,84.16662,94.55197,13.90362,19.986454,NA,84.4,67.3,0.14
2023-05-20,0.06,GPT,90,74,75,71.1,0.21,4.171086,198.70448,57.49431,77.54123,96.38104,0,NA,75,85.72007,99.3201,13.90362,19.986454,NA,84.6,67.6,0.15
2023-05-21,0.03,GPT,84,72,73,68,0,4.7793694,1.5348165,60.952366,77.703926,97.016945,0,NA,72,78.373985,88.31077,11.296691,18.2485,NA,84.9,67.8,0.15
2023-05-22,0.047,GPT,86,69,70,64.9,0,3.3021097,264.15222,57.163784,73.354805,93.37325,0,NA,70,79.30905,90.11007,8.689762,14.772596,NA,85.1,68.1,0.16
2023-05-23,0.043,GPT,89,69,71.1,66,0,4.8662667,19.604458,46.55105,72.94167,93.37325,0,NA,70,79.85448,91.60079,11.296691,16.51055,NA,85.3,68.4,0.17
2023-05-24,0.032,GPT,83,70,68,64.9,1e-4,7.212503,22.182522,58.09791,76.92691,89.93965,0,NA,71.1,74.858604,84.92029,12.165668,17.379524,NA,85.5,68.7,0.18
2023-05-25,0.058,GPT,88,68,68,59,0,5.9090385,48.47439,39.16971,62.817806,89.93965,0,NA,69.1,77.79416,87.68617,13.90362,27.80724,NA,85.7,69,0.18
2023-05-26,0.056,GPT,88,62,64,55.9,0,4.605574,36.638103,35.897354,59.410362,86.77358,0,NA,63,75.765465,86.135544,12.165668,19.117477,NA,85.9,69.2,0.19
2023-05-27,0.063,GPT,84,69,64,59,0,5.12696,97.444695,46.120014,63.05665,80.91651,0,NA,69.1,76.25232,83.37468,12.165668,16.51055,NA,86.1,69.5,0.19
2023-05-28,0.057,GPT,85,65,66,60.1,0,3.475905,155.12476,47.781155,66.23917,84.55897,0,NA,66,75.87515,84.986984,11.296691,16.51055,NA,86.3,69.8,0.19
2023-05-29,0.055,GPT,87,67,71.1,64.9,0.04,3.8234954,291.95224,51.36681,76.191475,93.28895,0,NA,66.9,77.28982,88.282074,13.90362,18.2485,NA,86.5,70,0.2
2023-05-30,0.059,GPT,86,71,70,64.9,0,2.6938264,161.41496,52.71415,73.1156,93.4268,0,NA,72,79.142080000000007,87.17958,13.034643,17.379524,NA,86.7,70.3,0.2
2023-05-31,0.053,GPT,88,68,70,63,0,4.0841885,124.90519,46.25494,68.78187,93.37325,0,NA,69.1,79.75942,88.282074,12.165668,16.51055,NA,86.9,70.5,0.2
2023-06-01,0.051,GPT,90,69,69.1,64.9,1e-4,5.995936,59.937115,43.55041,68.25437,87.58521,0,NA,70,80.29611,91.93726,14.772596,19.986454,NA,87.1,70.8,0.2
2023-06-02,0.05,GPT,89,71,70,64.9,0,4.5186763,40.717495,48.19906,68.62733,84.45763,0,NA,71.1,81.27578,91.38327,11.296691,22.593382,NA,87.2,71,0.2
2023-06-03,0.055,GPT,92,70,70,62.1,1e-4,3.475905,264.5752,41.918427,63.854584,90.32327,0,NA,71.1,82.77203,93.16877,13.90362,19.986454,NA,87.4,71.3,0.2
2023-06-04,0.058,GPT,94,68,73,60.1,0.17,4.9531646,12.902196,32.560295000000004,70.37003,93.79415,0,NA,68,79.88717,93.9306,21.724405,30.41417,NA,87.5,71.5,0.2
2023-06-05,0.035,GPT,86,71,73.9,68,0,6.6042194,126.0857,57.163784,78.314835,96.99354,0,NA,72,80.269844,92.246544,18.2485,25.200312,NA,87.7,71.7,0.21
2023-06-06,0.036,GPT,84,69,71.1,68,0,4.171086,108.28488,62.857838,79.72211,93.40279,0,NA,70,78.335266,88.31077,13.90362,17.379524,NA,87.8,71.9,0.21
2023-06-07,0.05,GPT,88,70,72,68,0,3.475905,214.50325,55.044296,74.24238,96.9686,0,NA,70,81.93024,92.895424,11.296691,16.51055,NA,88,72.1,0.21
2023-06-08,0.058,GPT,91,70,73.9,66,0.46,3.041417,269.0522,51.93074,80.02228,93.77152,0,NA,71.1,78.809494,98.537895,20.85543,26.938263,NA,88.1,72.3,0.21
2023-06-09,0.059,GPT,92,68,75.9,66.9,0.69,4.171086,182.67252,53.424034,75.078835,96.9686,0,NA,68,84.29693,98.29539,15.641572,22.593382,NA,88.2,72.5,0.22
2023-06-10,0.065,GPT,90,72,77,69.1,0,4.9531646,174.61317,63.25543,78.27228,93.79415,0,NA,73,87.24882,101.825516,13.90362,21.724405,NA,88.3,72.7,0.22
2023-06-11,0.057,GPT,91,74,75,69.1,0,4.7793694,205.35472,55.463593,71.67114,90.21457,0,NA,73.9,90.50167,100.5627,12.165668,19.986454,NA,88.4,72.8,0.23
2023-06-12,0.058,GPT,92,73,77,68,0.05,5.387653,222.74744,57.431393,77.5648,93.77152,0,NA,73,88.74265,103.10775,26.938263,42.579834,NA,88.5,73,0.23
2023-06-13,0.043,GPT,92,73,78.1,71.1,0,4.9531646,217.60226,55.463593,75.425125,93.79415,0,NA,73,91.06124,104.506775,13.90362,19.986454,NA,88.6,73.1,0.23
2023-06-14,0.024,GPT,93,84,79,75,0,8.515967,212.8341,59.58785,72.78998,84.98084,0,NA,93.81105,100.29798,105.74793,17.379524,28.676216,NA,88.7,73.3,0.23
2023-06-15,0.024,GPT,93,84,80.6,77,1e-4,7.212503,218.03802,65.72114,76.510704,88.98136,0,NA,94.94337,101.282524,106.12244,17.379524,28.676216,NA,88.8,73.4,0.24
2023-06-16,0.031,GPT,89,79,80.1,71.1,0,6.7780147,172.20517,69.448425,81.35983,91.28943,0,NA,79,95.67791,104.6719,18.2485,22.593382,NA,88.9,73.6,0.25
2023-06-17,0.034,GPT,95,74,80.1,68,1e-4,4.8662667,165.5764,60.08834,77.05259,93.79415,0,NA,73.9,93.67791,113.16722,19.117477,29.545193,NA,89,73.7,0.26
2023-06-18,0.029,GPT,95,80,81,71.1,0.01,5.387653,175.15419,56.103287,78.00041,91.28943,0,NA,84.30246,96.976616,107.24766,20.85543,28.676216,NA,89.1,73.8,0.24
2023-06-21,0.014,GPT,93,72,79,70,0,5.0400624,256.5294,51.93074,77.41438,97.016945,0,NA,72,86.89463,100.22006,11.296691,19.986454,NA,89.3,74.1,0.25
2023-06-22,0.053,GPT,91,74,78.1,72,0.04,3.215212,162.37766,57.18277,77.45026,97.04129,0,NA,73.9,86.43859,99.26306,14.772596,19.117477,NA,89.3,74.2,0.25
2023-06-23,0.047,GPT,92,73,75.9,64,0,3.3021097,305.28882,46.255726,72.85968,97.016945,0,NA,73.9,86.61925,103.0089,11.296691,14.772596,NA,89.4,74.2,0.25
2023-06-24,0.055,GPT,90,70,78.1,66.9,0,5.387653,150.82446,50.356514,70.567635,89.93965,0,NA,71.1,86.872215,95.34641,14.772596,19.986454,NA,89.4,74.3,0.24
2023-06-25,0.034,GPT,95,80,82,75.9,0,5.0400624,223.53319,56.103287,75.84894,93.992455,0,NA,87.68191,102.590836,111.008125,12.165668,19.117477,NA,89.5,74.4,0.23
2023-06-26,0.041,GPT,97,74,80.1,69.1,0.12,5.0400624,285.5436,44.445583,73.29735,94.18534,0,NA,73.4,90.63337,108.34494,25.200312,35.628025,NA,89.6,74.4,0.23
2023-06-27,0.034,GPT,98,77,79,73,0,5.2138577,273.14798,52.425507,71.64991,93.637276,0,NA,77,98.24858,114.36692,13.034643,17.379524,NA,89.6,74.5,0.24
2023-06-28,0.041,GPT,100,78,78.1,73.9,0,4.8662667,318.02496,46.566776,66.27995,86.949745,0,NA,78.1,98.756546,113.63311,12.165668,18.2485,NA,89.7,74.5,0.24
2023-06-29,0.045,GPT,97,82,81,73,0,3.9972906,148.20319,49.033268,71.34794,91.28943,0,NA,91.2283,103.4692,112.31158,11.296691,15.641572,NA,89.7,74.6,0.23
2023-06-30,0.054,GPT,97,80,81,72,0,3.1283145,172.22171,45.990337,68.44141,93.66005,0,NA,87.68191,99.57358,106.88772,10.427715,16.51055,NA,89.7,74.6,0.24
2023-07-01,0.054,GPT,96,79,78.1,71.1,0,3.3021097,199.59877,44.607655,67.10698,87.6745,0,NA,85.75063,98.6833,107.123085,10.427715,13.90362,NA,89.8,74.6,0.24
2023-07-02,0.057,GPT,95,80,79,73,0,4.6924715,191.46002,52.624714,69.11427,90.92372,0,NA,89.39127,99.50175,108.464386,13.90362,19.986454,NA,89.8,74.7,0.24
2023-07-03,0.042,GPT,94,79,77,72,1e-4,4.7793694,176.9902,50.609615,66.457726,84.474464,0,NA,85.08518,98.83072,105.74793,13.034643,18.2485,NA,89.9,74.7,0.25
2023-07-04,0.031,GPT,91,74,81,69.8,0.51,2.8676217,232.19818,65.72114,77.00372,90.29109,0,NA,73.9,95.57441,108.000534,26.069286,39.10393,NA,89.9,74.7,0.25
2023-07-05,0.032,GPT,95,75,79,73,0.42,4.9531646,271.06738,56.103287,78.04393,97.04129,0,NA,75.2,92.92627,111.64888,14.772596,20.85543,NA,90,74.7,0.25
2023-07-06,0.028,GPT,93,75,77,71.6,0,4.431779,274.32587,53.867287,77.47569,97.04129,0,NA,75,88.850525,103.10775,17.379524,25.200312,NA,90,74.8,0.25
2023-07-07,0.033,GPT,92,74,77,70,0,3.475905,287.7417,59.58785,75.921974,90.39978,0,NA,75,87.61027,104.506775,8.689762,13.034643,NA,90,74.8,0.25
2023-07-08,0.026,GPT,94,78,78.1,72,1e-4,4.9531646,271.69858,55.71818,74.71113,90.29109,0,NA,79,94.01701,104.68358,14.772596,26.069286,NA,90.1,74.8,0.25
2023-07-09,0.026,GPT,93,77,79,75,0.42,3.5628026,252.5202,63.690865,82.820984,96.41042,0,NA,77,93.317955,106.12244,21.724405,33.0211,NA,90.1,74.8,0.26
2023-07-10,0.014,GPT,93,77,81,73.9,0.11,4.605574,285.7199,65.49481,85.40281,96.42644,0,NA,78.1,90.91994,108.000534,13.90362,22.593382,NA,90.2,74.8,0.26
2023-07-11,0.031,GPT,94,76,81,73.4,0.27,3.3890073,311.64218,61.92397,85.85475,97.07845,0,NA,75.2,88.76394,109.38856,15.641572,19.117477,NA,90.2,74.9,0.26
2023-07-12,0.038,GPT,94,77,81,73.9,0.29,3.9972906,162.78877,62.05674,85.605705,97.07845,0,NA,77,91.10798,108.924835,19.117477,28.676216,NA,90.3,74.9,0.27
2023-07-13,0.028,GPT,93,83,81,76,1e-4,3.910393,216.51895,63.573383,79.26431,90.73329,0,NA,97.4159,102.0574,109.45115,10.427715,18.2485,NA,90.3,74.9,0.25
2023-07-14,0.032,GPT,97,81,81,76,0,4.0841885,271.40866,51.1702,74.14366,93.66005,0,NA,90.32793,102.14927,111.13196,12.165668,19.986454,NA,90.3,74.9,0.23
2023-07-15,0.032,GPT,98,82,81,75,0,5.12696,263.86636,51.03076,73.36694,90.69709,0,NA,92.2484,103.195526,111.28134,13.034643,18.2485,NA,90.4,74.9,0.23
2023-07-16,0.034,GPT,95,76,82,73,0.11,5.995936,290.6527,61.972828,83.50484,93.58368,0,NA,76,93.77372,115.974434,27.80724,39.10393,NA,90.4,74.9,0.22
2023-07-17,0.051,GPT,95,74,76,71,0,3.8234954,316.78854,48.921494,73.80698,96.69171,0,NA,74,88.839775,104.50276,11.296691,14.772596,NA,90.5,74.9,0.22
2023-07-18,0.053,GPT,96,75,80,72,0,3.1283145,192.62103,47.572624,71.81422,96.718666,0,NA,76,94.93448,109.94281,12.165668,15.641572,NA,90.5,74.9,0.22
2023-07-19,0.047,GPT,96,80,80,71,0,4.6924715,193.56142,48.921494,74.80614,93.66005,0,NA,89.28979,100.87571,111.787605,11.296691,16.51055,NA,90.5,75,0.22
2023-07-20,0.049,GPT,96,79,79,75,0,4.344881,207.73088,52.624714,72.14962,93.63474,0,NA,87.39712,102.10041,111.787605,12.165668,16.51055,NA,90.6,75,0.2
2023-07-21,0.047,GPT,97,80,80,72,0,5.0400624,236.1006,47.572624,70.440254,93.63474,0,NA,87.39712,102.55629,111.50135,11.296691,17.379524,NA,90.6,75,0.21
2023-07-22,0.04,GPT,97,75,80,67,1.18,6.082834,255.61246,52.76206,76.83208,96.732025,0,NA,75,95.27708,111.50135,28.676216,47.793694,NA,90.7,75,0.22
2023-07-23,0.039,GPT,89,76,78,72,0.01,4.2579837,333.0579,63.4554,81.999306,96.732025,0,NA,76,88.0389,99.18441,11.296691,19.117477,NA,90.7,75,0.21
2023-07-24,0.055,GPT,94,72,76,64,0,3.3021097,91.67438,39.63976,69.13823,96.718666,0,NA,73,84.9454,95.487274,12.165668,17.379524,NA,90.7,75,0.21
2023-07-25,0.057,GPT,93,72,74,70,0,2.6938264,180.77724,47.282948,70.34977,93.50594,0,NA,73,86.74649,99.10271,10.427715,15.641572,NA,90.8,75,0.21
2023-07-26,0.061,GPT,94,73,73,69,0,2.9545193,159.42816,45.69273,67.27381,93.47972,0,NA,74,88.6229,100.03531,11.296691,15.641572,NA,90.8,75,0.21
2023-07-27,0.063,GPT,95,75,76,72,0,4.0841885,128.49875,49.207233,69.985085,90.47541,0,NA,76,91.997894,105.813805,12.165668,18.2485,NA,90.8,75,0.22
2023-07-28,0.049,GPT,95,78,76,71,0,2.6069288,174.10918,45.985806,70.300896,87.62684,0,NA,78,93.76163,105.828156,11.296691,17.379524,NA,90.9,75.1,0.23
2023-07-29,0.047,GPT,95,78,77,72,0,3.3890073,229.61003,49.064594,70.41232,90.550156,0,NA,79,95.03959,104.50276,10.427715,14.772596,NA,90.9,75.1,0.23
2023-07-30,0.048,GPT,98,75,78,72,0.1,3.9972906,257.00302,49.207233,73.14172,96.732025,0,NA,76,94.95759,114.202545,24.331335,33.0211,NA,90.9,75.1,0.22
2023-07-31,0.058,GPT,97,76,79,74,0,3.041417,172.15453,54.410088,75.45812,96.732025,0,NA,77,95.06836,114.202545,12.165668,17.379524,NA,90.9,75.1,0.22
2023-08-01,0.059,GPT,97,79,78,75,0,3.041417,155.45027,52.624714,72.38394,93.63474,0,NA,79,98.37887,109.94281,11.296691,14.772596,NA,91,75.1,0.21
2023-08-02,0.07,GPT,96,79,79,70,0,3.475905,170.42531,43.09937,67.38477,90.62405,0,NA,79,97.22821,107.44508,12.165668,14.772596,NA,91,75.1,0.21
2023-08-03,0.061,GPT,97,77,78,71,0,3.3890073,179.23216,44.59294,67.97617,93.55792,0,NA,77,95.44615,105.8504,12.165668,15.641572,NA,91,75.1,0.22
2023-08-04,0.055,GPT,99,80,80,75,0,5.0400624,246.85648,48.14663,69.2915,90.62405,0,NA,86.51116,102.25795,113.77831,12.165668,16.51055,NA,91,75.1,0.22
2023-08-05,0.052,GPT,99,82,82,75,0,6.430424,231.6955,49.49114,69.97728,90.69709,0,NA,95.38715,107.7251,114.202545,13.034643,20.85543,NA,91,75.1,0.23
2023-08-06,0.047,GPT,100,83,82,74,0,6.430424,239.2966,43.689682,67.89961,87.81589,0,NA,95.9344,107.66408,113.95038,13.034643,21.724405,NA,91,75.1,0.23
2023-08-07,0.045,GPT,98,83,82,76,0,5.561448,223.94931,56.24827,69.70173,87.81589,0,NA,97.2769,107.59248,116.3303,13.034643,19.986454,NA,91,75,0.21
2023-08-08,0.039,GPT,99,81,81,74,0,4.605574,263.47836,47.86052,68.94288,90.66067,0,NA,91.118065,103.59595,109.80914,13.034643,18.2485,NA,91,75,0.21
2023-08-09,0.033,GPT,95,81,82,76,0.03,6.169731,200.57864,56.116493,73.31633,93.73507,0,NA,89.28979,104.98551,112.13127,13.034643,21.724405,NA,91,75,0.2
2023-08-10,0.038,GPT,97,85,82,74,0,7.4731956,208.44331,50.89085,68.69353,79.62454,0,NA,96.64578,106.89002,118.876396,15.641572,22.593382,NA,91,75,0.19
2023-08-11,0.039,GPT,100,83,83,75,0,6.3435264,236.24783,45.1782,69.30007,87.76903,0,NA,94.10947,106.73101,115.54664,13.90362,22.593382,NA,91,75,0.19
2023-08-12,0.046,GPT,99,82,82,76,0,4.8662667,225.51482,49.6324,71.91582,90.69709,0,NA,95.38715,106.592354,114.94699,12.165668,19.117477,NA,91,74.9,0.19
2023-08-13,0.049,GPT,98,82,82,74,0,5.387653,216.69002,47.86052,71.39152,93.71021,0,0,95.38715,106.7208,115.89559,12.165668,18.2485,NA,90.9,74.9,0.19
2023-08-14,0.051,GPT,98,82,82,69,0,5.9090385,223.37474,40.393257,68.88902,90.66067,0,NA,92.2484,104.78912,113.16722,13.90362,20.85543,NA,90.9,74.9,0.2
2023-08-15,0.052,GPT,99,78,81,71.6,0.01,5.9090385,266.6787,53.035316,74.05136,90.69709,0,0,79,100.66734,121.002625,27.80724,39.972908,NA,90.9,74.8,0.22
2023-08-16,0.054,GPT,92,75,75,67,0,5.0400624,35.558052000000004,46.991474,65.257126,84.75151,0,0,76,85.87145,96.68508,11.296691,15.641572,NA,90.8,74.8,0.21
2023-08-17,0.074,GPT,94,75,77,68,0,4.605574,179.45793,45.69273,65.542145,87.38443,0,0,75,91.94531,103.2659,13.90362,19.986454,NA,90.8,74.7,0.22
2023-08-18,0.07,GPT,101,79,79,65,0,4.8662667,249.03752,31.156935,62.34803,84.75151,0,0,84.88431,98.45081,107.123085,13.90362,19.117477,NA,90.8,74.7,0.22
2023-08-19,0.066,GPT,100,77,80,69,0,4.0841885,213.08487,40.393257,68.76467,90.550156,0,NA,79,99.74603,112.85474,13.034643,19.117477,NA,90.7,74.6,0.22
2023-08-20,0.061,GPT,97,81,81,73,0,6.5173216,138.55469,49.207233,70.050766,90.69709,0,NA,92.2484,102.976395,114.53554,15.641572,20.85543,NA,90.7,74.5,0.22
2023-08-21,0.031,GPT,96,82,79,74,1e-4,11.296691,113.03687,52.624714,69.98205,90.66067,0,NA,92.2484,100.85446,111.28134,22.593382,28.676216,NA,90.6,74.5,0.23
2023-08-22,0.035,GPT,97,77,77,71,0,5.12696,138.36052,44.59294,65.14323,90.550156,0,NA,79,97.07339,104.81905,13.034643,19.117477,NA,90.6,74.4,0.23
2023-08-23,0.061,GPT,100,79,79,74,0,4.605574,170.68672,46.422184,67.324295,87.5789,0,NA,79,99.945114,115.283226,13.90362,18.2485,NA,90.5,74.3,0.24
2023-08-24,0.057,GPT,97,81,81,74,0,5.0400624,146.61823,50.89085,72.22626,90.66067,0,NA,89.28979,103.45845,114.94699,14.772596,19.986454,NA,90.5,74.2,0.22
2023-08-25,0.061,GPT,97,79,79,74,0,3.9972906,159.68242,51.03076,72.39265,96.77161,0,NA,88.30249,99.188965,110.1399,12.165668,18.2485,NA,90.4,74.2,0.22
2023-08-26,0.056,GPT,107,79,78,68,0,5.2138577,311.80908,30.677885,63.249073,93.60928,0,NA,79,99.83548,115.102646,13.90362,20.85543,NA,90.3,74.1,0.2
2023-08-27,0.063,GPT,104,79,82,70,0.09,3.8234954,153.85316,35.927624,68.28601,90.587204,0,NA,79,95.04542,115.54664,17.379524,25.200312,NA,90.2,74,0.2
2023-08-28,0.064,GPT,98,76,79,72,0.32,6.6911173,55.165783,44.886402,76.80424,96.75849,0,NA,76,88.92155,108.51581,17.379524,22.593382,NA,90.2,73.9,0.2
2023-08-29,0.044,GPT,92,75,81,73,0.17,6.082834,53.485325,57.754322,85.10941,96.732025,0,NA,75,85.148929999999993,103.1877,18.2485,24.331335,NA,90.1,73.7,0.19
2023-08-30,0.05,GPT,96,75,77,72,0,4.8662667,347.8646,47.572624,75.54085,96.70523,0,NA,75,89.39588,103.552925,12.165668,19.986454,NA,90,73.6,0.2
2023-08-31,0.068,GPT,96,73,73,64,0,3.9972906,16.937822,37.25181,60.01832,79.01681,0,NA,73,86.97165,98.61773,11.296691,15.641572,NA,89.9,73.5,0.19
2023-09-01,0.051,GPT,90,75,79,67,0.04,5.9090385,99.77548,60.49182,72.11622,87.433464,0,NA,76,89.54381,103.10775,13.90362,19.117477,NA,89.8,73.4,0.2
2023-09-02,0.046,GPT,86,78,78,75,0.16,4.431779,89.98131,72.07047,82.78272,90.587204,0,NA,78,88.7055,97.15324,13.90362,17.379524,NA,89.7,73.3,0.2
2023-09-03,0.042,GPT,90,77,81,76,0.08,7.646991,116.714355,70.00456,83.17349,96.732025,0,NA,77,90.54038,104.37847,17.379524,21.724405,NA,89.6,73.1,0.18
2023-09-04,0.04,GPT,92,78,79,72,0.22,10.25392,134.5149,57.363544,71.30334,94.26866,0,NA,79,92.629715,98.29539,18.2485,23.462358,NA,89.5,73,0.19
2023-09-05,0.041,GPT,91,76,74,68,0,7.0387077,139.56055,50.04146,64.71806,87.48222,0,NA,76,89.252304,95.487274,13.90362,19.117477,NA,89.4,72.8,0.19
2023-09-06,0.043,GPT,93,75,76,73,1e-4,4.8662667,129.03416000000001,54.003723,74.65575,90.437706,0,NA,76,89.14757,103.14041,13.90362,18.2485,NA,89.3,72.7,0.19
2023-09-07,0.05,GPT,97,71,79,69,1.32,3.6497002,275.8084,54.275124,80.61387,93.55792,0,NA,71,85.153656,108.48535,18.2485,33.0211,NA,89.2,72.5,0.2
2023-09-08,0.05,GPT,94,72,74,68,0,3.6497002,350.123,45.839485,75.52144,96.66443,0,NA,72,84.14949,101.037025,13.034643,17.379524,NA,89.1,72.4,0.2
2023-09-09,0.057,GPT,94,68,72,61,0,3.041417,359.33044,35.66295,62.460762,90.167534,0,NA,69,81.98234,95.33688,10.427715,14.772596,NA,89,72.2,0.21
2023-09-10,0.054,GPT,93,71,71,65,0,3.7365978,336.65775,42.35249,67.13751,84.51706,0,NA,72,82.84059,96.356186,8.689762,13.90362,NA,88.8,72,0.21
2023-09-11,0.058,GPT,93,71,76,65,0,4.0841885,159.36964,41.049294,70.69221,93.45335,0,NA,72,86.08937,98.29539,12.165668,19.117477,NA,88.7,71.8,0.21
2023-09-12,0.044,GPT,90,76,77,73,0.34,3.3021097,191.34268,63.33691,79.99893,96.74529,0,NA,76,87.73459,100.38934,12.165668,15.641572,NA,88.5,71.6,0.22
2023-09-13,0.059,GPT,92,75,78,70,0.01,3.041417,125.96973,55.58441,77.256485,96.732025,0,NA,75,88.6243,101.86564,12.165668,18.2485,NA,88.4,71.4,0.19
2023-09-14,0.051,GPT,90,75,79,71,0.03,3.7365978,43.849747,59.07925,78.67214,93.53201,0,NA,75,84.7997,99.64698,11.296691,13.90362,NA,88.3,71.2,0.18
2023-09-15,0.054,GPT,90,74,76,72,0,2.5200312,63.1391,59.33457,80.68944,96.70523,0,NA,74,85.18355,99.18441,8.689762,13.90362,NA,88.1,71,0.18
2023-09-16,0.058,GPT,90,77,77,73,0.01,2.3462358,197.65152,63.21791,79.34939,93.58368,0,NA,77,89.21696,100.38934,11.296691,15.641572,NA,87.9,70.8,0.17
2023-09-17,0.06,GPT,94,70,74,56,0,5.4745502,341.8635,28.01473,54.253498,84.69338,0,NA,72,82.368164,94.28978,13.90362,20.85543,NA,87.8,70.6,0.16
2023-09-18,0.063,GPT,92,65,63,52,0,2.4331334,290.42923,25.755465,58.91547,90.0483,0,NA,66,77.349594,89.31093,11.296691,17.379524,NA,87.6,70.3,0.15
2023-09-19,0.066,GPT,90,64,67,58,0,4.7793694,150.90675,35.20418,59.143047,90.00808,0,NA,65,79.78885,89.91148,13.034643,17.379524,NA,87.4,70.1,0.14
2023-09-20,0.061,GPT,90,68,74,61,0,7.212503,88.82584,43.40243,65.14739,84.51706,0,NA,69,80.60737,90.91441,19.986454,26.069286,NA,87.2,69.8,0.14
2023-09-21,0.053,GPT,90,75,75,66,0,7.386298,101.77255,59.20717,70.792076,84.69338,0,NA,75,86.42991,99.18441,14.772596,19.117477,NA,87,69.5,0.13
2023-09-22,0.052,GPT,89,73,73,69,1e-4,4.6924715,113.43008,51.790493,74.56787,93.47972,0,NA,73,82.47138,96.042046,13.034643,20.85543,NA,86.8,69.3,0.13
2023-09-23,0.055,GPT,88,72,71,68,0,3.215212,166.79794,53.455,72.15897,90.32327,0,NA,72,82.77651,93.10589,11.296691,14.772596,NA,86.6,69,0.15
2023-09-24,0.056,GPT,89,72,75,68,0.01,3.215212,187.71043,61.241543,72.78909,90.32327,0,NA,73,83.737175,95.725685,11.296691,17.379524,NA,86.4,68.7,0.14
2023-09-25,0.06,GPT,91,72,72,63,0,3.3021097,139.26839,40.74673,71.19969,90.36164,0,NA,72,82.34626,94.36949,13.90362,19.117477,NA,86.2,68.4,0.16
2023-09-26,0.052,GPT,95,72,73,66,0,3.6497002,14.745626,42.65244,69.784225,93.45335,0,NA,72,85.46739,97.8899,14.772596,19.986454,NA,86,68.1,0.15
2023-09-27,0.042,GPT,92,73,73,70,0,6.430424,54.477303,51.93074,73.06465,93.45335,0,NA,73,83.76198,95.487274,13.90362,19.117477,NA,85.7,67.8,0.15
2023-09-28,0.038,GPT,84,71,71,68,0,6.7780147,53.69921,64.92017,77.97986,90.28468,0,NA,72,78.37326,87.641464,13.90362,19.117477,NA,85.5,67.4,0.15
2023-09-29,0.054,GPT,88,69,72,65,0,4.6924715,90.60077,46.550903,74.02997,90.36164,0,NA,69,78.6724,89.85202,13.034643,19.986454,NA,85.2,67.1,0.16
2023-09-30,0.048,GPT,90,68,71,63,0,5.8221407,105.85362,43.5527,70.65211,93.40011,0,NA,69,79.92414,91.65491,15.641572,20.85543,NA,85,66.8,0.15
2023-10-01,0.061,GPT,91,70,70,59,0,6.8649125,94.12622,35.3574,65.87932,87.33512,0,NA,72,79.50208,90.91441,17.379524,21.724405,NA,84.7,66.4,0.14
2023-10-02,0.052,GPT,86,69,67,61,0,7.212503,100.77852,49.46567,65.082054,87.135025,0,NA,70,77.943115,87.74726,15.641572,22.593382,NA,84.5,66,0.14
2023-10-03,0.057,GPT,87,68,70,64,0,7.7338886,118.59067,49.610336,71.59803,87.18548,0,NA,69,79.28993,91.19798,18.2485,25.200312,NA,84.2,65.7,0.14
2023-10-04,0.059,GPT,87,67,71,64,0,7.125605,126.34748,55.044296,73.404526,93.34623,0,NA,68,79.34442,90.04422,17.379524,25.200312,NA,83.9,65.3,0.14
2023-10-05,0.049,GPT,88,71,76,68,0.01,7.0387077,120.25896,63.21791,78.84123,90.51289,0,NA,72,83.370186,97.814644,15.641572,19.986454,NA,83.6,64.9,0.13
2023-10-06,0.045,GPT,87,73,73,65,0.04,4.7793694,32.429745,51.50853,77.20957,93.50594,0,NA,73,78.81438,89.91148,12.165668,19.117477,NA,83.3,64.5,0.13
2023-10-07,0.044,GPT,83,60,65,39,0,9.12425,359.04526,28.926678,49.96124,84.155464,0,NA,62,71.123795,79.9225,17.379524,22.593382,NA,83,64.1,0.12
2023-10-08,0.045,GPT,76,50,51,38,0,3.8234954,356.13416,26.183535,53.641804,80.151840000000007,0,NA,50,62.664112,75,11.296691,17.379524,NA,82.7,63.7,0.13
2023-10-09,0.053,GPT,79,46,58,43,0,2.6938264,195.71498,28.772976,61.85475,89.37499,0,NA,47,65.21533,78,11.296691,17.379524,NA,82.4,63.2,0.13
2023-10-10,0.062,GPT,81,56,60,50,0,1.1296691,196.64973,35.096558,66.14025,93.03791,0,NA,56,68.85158,79.55018,8.689762,12.165668,NA,82.1,62.8,0.11
2023-10-11,0.042,GPT,72,60,62,55,0.77,9.732533,36.293003,56.96126,79.0631,96.50818,0,NA,60,65.83234,72,19.986454,37.36598,NA,81.7,62.4,0.11
2023-10-12,0.039,GPT,74,61,63,58,0.01,7.125605,16.4352,66.15349,81.17295,96.50818,0,NA,61,67.63777,74,13.034643,20.85543,NA,81.4,62,0.11
2023-10-13,0.041,GPT,79,63,64,62,0,4.2579837,14.363007,62.12365,77.92139,93.20864,0,NA,64,70.48572,78,11.296691,14.772596,NA,81.1,61.5,0.11
2023-10-14,0.038,GPT,83,60,68,48,0,5.4745502,309.91525,35.25251,70.44392,96.53739,0,NA,61,69.30548,81.78254,14.772596,20.85543,NA,80.7,61.1,0.12
2023-10-15,0.03,GPT,68,53,52,48,0,8.4290695,323.76205,52.365944,67.129555,83.129265,0,NA,54,61.118465,68,19.117477,25.200312,NA,80.4,60.6,0.11
2023-10-16,0.04,GPT,71,49,49,41,0,7.0387077,329.425,34.84681,62.479073,86.06188,0,NA,46.004578,58.80228,71,18.2485,25.200312,NA,80,60.2,0.12
2023-10-17,0.043,GPT,72,47,51,43,0,2.6938264,236.30573,39.10751,65.81877,89.46275,0,NA,44.936478,58.565823,71,10.427715,15.641572,NA,79.7,59.7,0.13
2023-10-18,0.054,GPT,75,48,56,46,0,2.1724405,164.41278,44.441242,73.94981,92.97958,0,NA,48,61.154705,74,8.689762,15.641572,NA,79.3,59.3,0.12
2023-10-19,0.046,GPT,79,51,65,50,0,4.0841885,172.7515,55.89117,75.31284,92.92053,0,NA,52,67.440414,78,12.165668,18.2485,NA,79,58.8,0.13
2023-10-20,0.059,GPT,89,66,68,57,0,5.387653,274.7495,35.050674,68.59144,96.59473,0,NA,67,76.4888,86.70587,14.772596,20.85543,NA,78.6,58.3,0.12
2023-10-21,0.05,GPT,81,56,65,51,0,3.8234954,142.84366,36.42366,63.986134,89.926926,0,NA,56,69.21273,79.754845,11.296691,15.641572,NA,78.2,57.9,0.12
2023-10-22,0.057,GPT,85,59,68,58,0,1.6510549,186.16856,45.957172,77.80529,96.49344,0,NA,60,70.93189,87.17958,6.95181,10.427715,NA,77.9,57.4,0.11
2023-10-23,0.065,GPT,85,57,69,55,0,4.8662667,126.59362,49.028793,79.15683,96.50818,0,NA,57,71.160866,84.986984,13.90362,19.117477,NA,77.5,57,0.11
2023-10-24,0.045,GPT,83,64,70,64,0,9.819431,101.39447,66.94765,82.09894,100,0,NA,64,74.05756,85.80995,22.593382,29.545193,NA,77.2,56.5,0.11
2023-10-25,0.04,GPT,83,66,70,64,0,9.819431,103.29144,64.80371,82.72775,93.40011,0,NA,67,73.8152,85.34988,20.85543,28.676216,NA,76.8,56.1,0.11
2023-10-26,0.038,GPT,84,65,72,65,0,8.602865,109.26009,69.27759,84.139244,96.60884,0,NA,67,75.387825,86.30245,19.986454,26.938263,NA,76.4,55.7,0.1
2023-10-27,0.042,GPT,85,65,71,66,0,5.2138577,121.90709,56.702053,80.445656,100,0,NA,66,75.87394,87.17958,15.641572,20.85543,NA,76.1,55.2,0.12
2023-10-28,0.043,GPT,84,66,70,63,0,6.6911173,120.61455,52.61694,78.60027,100,0,NA,66,76.21978,85.34988,15.641572,21.724405,NA,75.7,54.8,0.11
2023-10-29,0.038,GPT,83,66,72,66,0,4.5186763,132.90219,64.68674,82.69318,96.6368,0,NA,67,75.65482,84.50432,13.034643,17.379524,NA,75.4,54.4,0.11
2023-10-30,0.027,GPT,83,54,71,47,1e-4,8.342172,345.3429,58.169315,79.12246,100,0,NA,54,69.179535,86.547714,19.117477,25.200312,NA,75,54,0.11
2023-10-31,0.035,GPT,64,48,46,28,1e-4,12.773951,348.72235,33.724586,57.43748,89.3307,0,NA,43.34752,53.752995,63,19.117477,27.80724,NA,74.7,53.6,0.11
2024-02-29,0.027,GPT,60,54,36,23,1e-4,7.7338886,38.527763,27.748154,34.9621,46.882515,0,NA,54,55.9062,59,17.379524,24.331335,NA,67.4,48.9,0.17
2024-03-01,0.03,GPT,70,50,66,39,1.05,7.7338886,112.69709,61.05819,88.75652,96.49344,NA,NA,50,61.270382,70,18.2485,26.069286,NA,67.5,49,0.16
2024-03-02,0.02,GPT,70,57,62.6,56,0,3.475905,24.30369,73.11288,88.29998,96.4786,0,NA,57,62.973476,70,11.296691,13.90362,NA,67.7,49.1,0.16
2024-03-03,0.042,GPT,75,63,65,62,0,7.2994003,120.43395,68.52628,87.08031,96.56624,0,NA,63,67.360695,74,14.772596,19.117477,NA,67.9,49.3,0.16
2024-03-04,0.043,GPT,75,65,67,63,0.44,12.252565,105.539474,78.7032,88.69615,96.58053,0,NA,66,68.710106,74,21.724405,28.676216,NA,68.1,49.5,0.17
2024-03-05,0.041,GPT,72,59,66,57,0.32,7.0387077,131.60382,75.835594,87.73773,93.879135,0,NA,60,66.385796,71,18.2485,23.462358,NA,68.3,49.7,0.16
2024-03-06,0.036,GPT,83,59,63,55,0,3.910393,329.85727,40.828888,76.92326,96.522835,0,NA,60,68.58834,81.21911,12.165668,17.379524,NA,68.5,49.9,0.17
2024-03-07,0.041,GPT,75,57,62,54,0,6.3435264,123.87667,61.497215,78.1993,89.80336,0,NA,57,66.40418,74,13.034643,17.379524,NA,68.7,50.1,0.17
2024-03-08,0.035,GPT,74,64,71.6,61,0.58,9.732533,147.74945,84.27734,88.89435,96.6368,0,NA,65,70.68502,74,21.724405,33.0211,NA,68.8,50.2,0.16
2024-03-09,0.033,GPT,71,57,69,45,0.03,10.514612,337.1419,60.986294,76.39705,96.62286,0,NA,57,65.14425,71,18.2485,24.331335,NA,69,50.4,0.17
2024-03-10,0.042,GPT,70,46,44,32,0,7.386298,346.50586,25.27053,52.431797,85.831665,0,NA,43.768723,57.87881,70,17.379524,24.331335,NA,69.2,50.6,0.15
2024-03-11,0.047,GPT,69,46,44,29,0,2.6938264,36.503487,23.967903,54.833736,82.71959,0,NA,46.979465,55.891823,68,10.427715,19.986454,NA,69.4,50.8,0.15
2024-03-12,0.053,GPT,70,43,54,40,0,3.3890073,163.82472,38.789494,66.84851,89.10516,0,NA,43,58.177002,69,12.165668,20.85543,NA,69.6,51,0.14
2024-03-13,0.046,GPT,72,53,62,51,0,5.2138577,136.78343,65.92187,82.68389,93.180626,0,NA,54,63.29007,72,13.034643,19.986454,NA,69.8,51.2,0.15
2024-03-14,0.039,GPT,77,62,70,60,0,10.775306,129.62262,78.335495,88.24424,96.65066,0,NA,63,69.86325,76,18.2485,24.331335,NA,70,51.4,0.15
2024-03-15,0.032,GPT,81,63,73,59,0.93,6.8649125,120.8991,74.05962,88.2248,96.678116,0,NA,64,70.48847,83.78312,21.724405,34.75905,NA,70.2,51.6,0.16
2024-03-16,0.035,GPT,76,61,63,59,1e-4,4.171086,25.549673,61.874687,82.214340000000007,93.83344,0,NA,62,67.274284,76,14.772596,19.986454,NA,70.4,51.7,0.16
2024-03-17,0.025,GPT,68,61,64.4,59,0.71,4.0841885,26.090546,83.7815,90.162125,96.55186,0,NA,61,64.75554,68,17.379524,21.724405,NA,70.6,51.9,0.16
2024-03-18,0.045,GPT,71,47,59,26,1e-4,11.209793,342.38135,23.30434,52.81476,89.844795,NA,NA,45.054146,61.39816,70,21.724405,31.283144,NA,70.8,52.1,0.17
2024-03-19,0.047,GPT,61,36,39,24,0,4.171086,284.63193,27.748154,51.439224,79.35582,0,NA,34.404476,47.891796,60,11.296691,16.51055,NA,71,52.3,0.17
2024-03-20,0.055,GPT,69,40,48,33,0,2.5200312,203.51712,28.182938,61.71261,88.96647,0,NA,41,55.510803,67,11.296691,18.2485,NA,71.2,52.5,0.17
2024-03-21,0.056,GPT,68,46,58,43,0.08,3.9972906,122.63205,43.195915,73.61766,89.76167,0,NA,47,58.57352,68,12.165668,17.379524,NA,71.4,52.7,0.19
2024-03-22,0.051,GPT,72,57,64,52,0.44,7.386298,136.13799,70.76774,81.24322,93.0668,0,NA,57,64.17631,72,22.593382,28.676216,NA,71.6,52.9,0.19
2024-03-23,0.049,GPT,77,57,56,46,0,10.862203,342.27606,38.114365,60.476055,86.61413,0,NA,59,66.250175,76,20.85543,33.89007,NA,71.8,53.1,0.19
2024-03-24,0.049,GPT,66,50,60,40,0,9.558739,105.98944,41.248363,67.07836,83.84471,0,NA,50,60.7338,66,18.2485,24.331335,NA,71.9,53.3,0.19
2024-03-25,0.046,GPT,74,66,67,59,1e-4,18.422297,122.408295,73.4019,83.37087,88.17534,0,NA,66,69.18174,73,27.80724,38.234955,NA,72.1,53.5,0.19
2024-03-26,0.047,GPT,74,57,68,53,0.37,7.386298,103.855934,49.479416,78.57971,90.24586,0,NA,57,65.328224,73,26.069286,39.972908,NA,72.3,53.8,0.18
2024-03-27,0.042,GPT,78,54,55,43,0,8.602865,347.66687,31.788815,57.727608,92.95015,0,NA,55,64.480835,77,15.641572,21.724405,NA,72.5,54,0.17
2024-03-28,0.049,GPT,76,48,45,26,0,6.6911173,347.74164,16.820662,47.057583,73.96703,0,NA,45.397057,60.609127,76,15.641572,20.85543,NA,72.7,54.2,0.17
2024-03-29,0.053,GPT,72,43,53,39,0,4.8662667,143.91698,33.679672,61.533894,85.71448,0,NA,44,59.71498,71,14.772596,20.85543,NA,72.9,54.4,0.17
2024-03-30,0.052,GPT,75,53,62,51,0,5.995936,159.09589,57.233494,74.168205,89.71974,0,NA,54,65.92613,75,15.641572,23.462358,NA,73.1,54.6,0.18
2024-03-31,0.049,GPT,78,68,68,62,0,7.994581,159.18806,66.382996,80.81148,90.24586,0,NA,68,71.72543,78,13.90362,19.986454,NA,73.3,54.8,0.19
2024-04-01,0.045,GPT,79,70,70,67,0,9.037353,156.46063,73.967064,85.633896,93.40011,0,NA,70,73.29338,79,14.772596,20.85543,NA,73.5,55,0.21
2024-04-02,0.036,GPT,76,70,72,68,0.02,7.4731956,163.14972,81.61716,89.06607,93.47972,0,NA,70,73.70583,76,13.90362,21.724405,NA,73.7,55.3,0.21
2024-04-03,0.049,GPT,76,53,71,38,1e-4,10.9491005,313.71777,27.075613,50.1913,90.36164,0,NA,57,66.671776,75,21.724405,33.89007,NA,73.9,55.5,0.21
2024-04-04,0.054,GPT,77,43,44,29,0,5.561448,292.1008,19.158327,44.985203,79.27372,0,NA,44,61.2687,76,17.379524,23.462358,NA,74.1,55.7,0.2
2024-04-05,0.058,GPT,83,49,51,35,0,3.8234954,301.18915,21.90317,54.297688,89.37499,0,NA,50,65.53567,80.79338,14.772596,20.85543,NA,74.3,55.9,0.2
2024-04-06,0.05,GPT,72,52,60,42,0,5.995936,122.36742,37.63877,61.906246,86.66759,0,NA,53,63.28293,72,12.165668,16.51055,NA,74.5,56.2,0.2
2024-04-07,0.057,GPT,77,56,65,54,0,7.5600934,130.22342,57.637775,79.20855,96.522835,0,NA,57,67.86969,76,18.2485,25.200312,NA,74.7,56.4,0.19
2024-04-08,0.052,GPT,75,69,67,64,0.1,11.644281,122.08251,73.49728,84.034836,90.20681,0,NA,68,70.912895,74,19.986454,26.938263,NA,74.9,56.6,0.2
2024-04-09,0.051,GPT,77,69,68,66,1e-4,14.946391,118.897095,71.27854,83.48561,93.34623,0,NA,69,72.18969,77,21.724405,29.545193,NA,75.1,56.8,0.2
2024-04-10,0.048,GPT,73,66,70,64,4,14.598801,120.57786,84.337776,90.71955,96.65066,0,NA,66,69.46718,73,38.234955,51.2696,NA,75.3,57.1,0.19
2024-04-11,0.045,GPT,73,55,66.2,48,1e-4,10.167022,286.92252,42.510735,70.02391,90.167534,0,NA,57,65.007805,73,26.938263,39.10393,NA,75.5,57.3,0.2
2024-04-12,0.05,GPT,81,49,51,35,0,5.0400624,327.25534,19.71114,55.087418,86.2867,0,NA,49,64.19106,79,15.641572,23.462358,NA,75.7,57.5,0.18
2024-04-13,0.055,GPT,77,48,58,44,0,2.780724,181.88292,34.31232,64.57968,89.76167,0,NA,50,64.66105,76,11.296691,15.641572,NA,75.9,57.8,0.19
2024-04-14,0.058,GPT,77,53,64,52,0,4.171086,160.73326,53.658184,74.523384,92.97958,0,NA,55,67.776306,76,12.165668,17.379524,NA,76.1,58,0.19
2024-04-15,0.052,GPT,79,59,68,57,0,7.125605,152.27701,66.610405,80.13846,93.12406,0,NA,60,71.232895,78,14.772596,24.331335,NA,76.3,58.2,0.2
2024-04-16,0.054,GPT,80,71,69,66,0,11.470487,148.46956,66.723335,78.60451,90.24586,0,NA,71,74.64271,79,19.986454,26.938263,NA,76.5,58.5,0.19
2024-04-17,0.039,GPT,79,73,71.6,68,0,8.255275,155.64017,73.87405,82.201035,90.36164,0,NA,73,75.064255,78,18.2485,21.724405,NA,76.8,58.7,0.19
2024-04-18,0.03,GPT,80,71,72,69,0,6.430424,157.72742,73.967064,86.0951,94.10022,0,NA,72,75.442696,79,17.379524,21.724405,NA,77,58.9,0.19
2024-04-19,0.027,GPT,82,68,72,66,0,4.431779,173.84099,64.80371,79.01401,93.4268,0,NA,68,78.0278,85.80995,13.90362,19.117477,NA,77.2,59.2,0.18
2024-04-20,0.035,GPT,85,66,71,60,0,5.0400624,176.31662,60.743805,76.558716,93.45335,0,NA,67,78.448784,87.724625,13.90362,21.724405,NA,77.4,59.4,0.18
2024-04-21,0.039,GPT,73,57,60,44,0.13,10.080125,350.02258,40.626667,67.23997,93.15243,0,NA,58,63.90411,73,18.2485,26.938263,NA,77.6,59.7,0.18
2024-04-22,0.05,GPT,75,50,48,34,0,6.169731,6.502682,23.110207,47.59489,79.996185,0,NA,51,61.38467,74,13.90362,22.593382,NA,77.9,59.9,0.17
2024-04-23,0.053,GPT,75,47,56,42,0,4.605574,146.28503,41.098576,60.764606,82.99428,0,NA,48,64.39024,74,13.034643,23.462358,NA,78.1,60.2,0.17
2024-04-24,0.056,GPT,79,57,63,54,0,3.215212,175.57156,46.71927,70.22701,90.00808,0,NA,58,69.24738,78,12.165668,17.379524,NA,78.3,60.4,0.16
2024-04-25,0.055,GPT,81,61,66,58,0,4.5186763,164.99828,47.01897,71.86901,93.180626,0,NA,63,72.576935,81.60262,12.165668,17.379524,NA,78.5,60.7,0.17
2024-04-26,0.06,GPT,82,71,70,64,1e-4,14.338108,140.86363,62.37048,73.10785,84.45763,0,NA,72,76.18109,83.42782,25.200312,32.152122,NA,78.8,60.9,0.16
2024-04-27,0.052,GPT,83,72,70,64.4,1e-4,15.033289,121.34745,66.496956,73.23608,81.61716,0,NA,73,76.538475,84.50432,24.331335,32.152122,NA,79,61.2,0.16
2024-04-28,0.048,GPT,80,73,70,65,0.03,17.814013,119.77301,69.06545,78.08397,88.507805,0,NA,73,75.361115,79,25.200312,32.152122,NA,79.3,61.4,0.16
2024-04-29,0.05,GPT,81,67,70,63,0.38,9.819431,135.88121,69.17177,82.74806,96.60884,0,NA,67,73.42101,83.89682,20.85543,25.200312,NA,79.5,61.7,0.14
2024-04-30,0.046,GPT,89,66,71,63,0,2.8676217,249.48665,44.8031,75.88406,93.34623,0,NA,66,77.152855,88.31077,8.689762,12.165668,NA,79.7,61.9,0.14
2024-05-01,0.048,GPT,83,66,72,65,0,4.2579837,153.37425,58.43191,80.35167,96.60884,0,NA,66,76.42742,85.80995,11.296691,14.772596,NA,80,62.2,0.13
2024-05-02,0.031,GPT,83,68,73,66,0,8.081479,145.24712,69.38291,79.727394,96.62286,0,NA,68,79.27173,86.82943,17.379524,23.462358,NA,80.2,62.5,0.13
2024-05-03,0.046,GPT,83,70,73,64,0.01,3.6497002,173.148,56.29896,75.8768,87.48222,0,NA,72,78.55914,85.346176,11.296691,16.51055,NA,80.5,62.7,0.14
2024-05-04,0.039,GPT,85,67,73,65,0,4.431779,161.57724,65.03612,79.04122,93.319046,0,NA,67,79.04283,90.94671,12.165668,19.117477,NA,80.7,63,0.14
2024-05-05,0.04,GPT,85,69,72,67,0,6.95181,154.57903,60.743805,75.75506,93.40011,0,NA,69,80.96137,90.94671,15.641572,19.117477,NA,81,63.3,0.15
2024-05-06,0.03,GPT,86,78,73,71,0,9.037353,164.1461,63.0984,74.46511,81.89149,0,NA,78,85.217804,93.09395,17.379524,22.593382,NA,81.2,63.6,0.14
2024-05-07,0.027,GPT,86,79,75.2,72,0,9.558739,172.12854,67.39018,76.6834,84.75151,0,NA,79,86.02189,92.5875,15.641572,22.593382,NA,81.5,63.8,0.15
2024-05-08,0.024,GPT,86,80,76,74,0,11.035998,170.63475,69.799286,79.42975,84.75151,0,NA,84.49635,89.44167,96.029434,15.641572,24.331335,NA,81.7,64.1,0.14
2024-05-09,0.032,GPT,88,81,78,75,0,8.515967,178.62914,72.167336,80.34185,87.72189,0,NA,86.82724,92.07488,101.55416,15.641572,21.724405,NA,82,64.4,0.15
2024-05-10,0.044,GPT,92,72,77,60,0.31,4.5186763,348.32373,43.851994,72.00953,94.10022,0,NA,71.6,82.49991,96.042046,19.986454,26.938263,NA,82.2,64.7,0.14
2024-05-11,0.05,GPT,85,67,64,53,0,4.8662667,11.525989,34.43375,57.283257,81.26576,0,NA,68,74.01815,82.85339,11.296691,15.641572,NA,82.5,65,0.13
2024-05-12,0.054,GPT,83,66,67,57,1e-4,8.863558,102.29368,48.73513,62.15755,81.050285,0,NA,67,75.6174,83.16891,18.2485,24.331335,NA,82.7,65.3,0.14
2024-05-13,0.056,GPT,80,67,77,64.4,4.48,10.775306,116.19815,68.95863,86.04705,96.60884,0,NA,66.2,74.43251,86.51116,25.200312,31.283144,NA,83,65.5,0.12
2024-05-14,0.063,GPT,85,70,73,65,0.05,6.95181,193.88011,58.821873,73.79255,90.167534,0,NA,69,79.92305,88.888084,26.938263,34.75905,NA,83.2,65.8,0.12
2024-05-15,0.055,GPT,90,68,73,57,0,5.2138577,310.6726,33.959248,64.56809,96.66443,0,NA,69,79.26576,88.26964,14.772596,23.462358,NA,83.5,66.1,0.12
2024-05-16,0.065,GPT,88,65,74,62,1.86,6.430424,134.35797,49.610336,71.528984,90.47541,0,NA,66,78.85732,89.41204,26.069286,41.71086,NA,83.7,66.4,0.13
2024-05-17,0.031,GPT,86,67,79,65,0.35,9.384943,147.89755,77.033005,86.90019,93.47972,0,NA,67,83.96635,95.9344,21.724405,34.75905,NA,83.9,66.7,0.14
2024-05-18,0.058,GPT,82,71,78,65,0.14,4.6924715,242.30269,60.365044,78.312386,93.63474,0,NA,71,79.06372,89.28979,15.641572,24.331335,NA,84.2,67,0.13
2024-05-19,0.053,GPT,91,69,74,68,0,3.475905,228.63374,50.04146,76.73033,93.40011,0,NA,70,82.552734,94.42061,11.296691,19.986454,NA,84.4,67.3,0.14
2024-05-20,0.041,GPT,88,71,73,66,0,5.561448,147.86769,49.75452,74.62842,96.69171,0,NA,71,81.60206,91.65491,13.034643,20.85543,NA,84.6,67.6,0.15
2024-05-21,0.045,GPT,85,74,71,67,0,8.863558,137.79112,56.702053,68.69212,84.51706,0,NA,76,82.42107,88.888084,14.772596,19.986454,NA,84.9,67.8,0.15
2024-05-22,0.046,GPT,86,74,71,68,0,6.7780147,146.13214,56.835377,68.89151,84.39787,0,NA,74,81.96292,88.29644,14.772596,20.85543,NA,85.1,68.1,0.16
2024-05-23,0.04,GPT,88,73,72,69,0,5.7352433,159.05443,58.781776,71.27136,87.33512,0,NA,74,84.33159,94.183,14.772596,19.117477,NA,85.3,68.4,0.17
2024-05-24,0.026,GPT,89,77,76,72,1e-4,7.907684,181.4043,65.49481,75.06038,87.433464,0,NA,76,90.35969,97.814644,15.641572,26.069286,NA,85.5,68.7,0.18
2024-05-25,0.031,GPT,89,80,76,73,0,6.430424,185.36781,63.33691,73.536644,84.75151,0,NA,84.88431,92.05663,98.97532,13.034643,18.2485,NA,85.7,69,0.18
2024-05-26,0.033,GPT,89,81,76,72,0,8.77666,186.24817,63.33691,72.50568,79.39962,0,NA,85.346176,91.73976,97.814644,14.772596,23.462358,NA,85.9,69.2,0.19
2024-05-27,0.034,GPT,91,82,79,75,0,6.256629,203.23004,61.48733,76.05423,87.76903,0,NA,89.32742,95.830414,106.0642,13.034643,20.85543,NA,86.1,69.5,0.19
2024-05-28,0.055,GPT,97,78,79,65,0,4.5186763,306.43295,38.727673,66.50922,93.60928,0,NA,79,91.60315,100.65528,13.034643,19.986454,NA,86.3,69.8,0.19
2024-05-29,0.058,GPT,91,72,72,60,0.14,6.169731,97.769325,37.96806,62.572464,90.36164,0,NA,73,82.21065,92.59112,18.2485,25.200312,NA,86.5,70,0.2
2024-05-31,0.055,GPT,89,80,76,69,1e-4,11.035998,138.4673,55.180084,69.38165,82.02644,0,NA,83.78312,88.842545,93.10589,19.117477,24.331335,NA,86.9,70.5,0.2
2024-06-01,0.038,GPT,85,70,77,66,2.32,4.431779,164.3322,74.05962,83.08061,90.39978,0,NA,70,81.886795,93.81105,22.593382,26.938263,NA,87.1,70.8,0.2
2024-06-02,0.045,GPT,83,73,75,71,2.18,3.041417,128.26846,71.777084,86.64566,96.69171,0,NA,73,78.92843,90.34337,14.772596,19.986454,NA,87.2,71,0.2
2024-06-03,0.041,GPT,88,74,75,72,0,5.12696,164.26566,63.33691,77.1988,93.53201,0,NA,74,87.93843,96.73301,12.165668,16.51055,NA,87.4,71.3,0.2
2024-06-04,0.042,GPT,88,70,77,66.2,0.24,6.430424,164.36523,65.49481,77.57717,90.51289,0,NA,70,84.59975,97.814644,34.75905,47.793694,NA,87.5,71.5,0.2
2024-06-05,0.031,GPT,90,70,77,68,0,5.8221407,192.74406,59.20717,76.05746,93.37325,0,NA,70,89.666855,100.38934,13.034643,22.593382,NA,87.7,71.7,0.21
2024-06-06,0.045,GPT,86,74,77,70,0.27,2.5200312,225.93172,67.280304,82.515656,93.47972,0,NA,74,83.845184,94.47639,14.772596,21.724405,NA,87.8,71.9,0.21
2024-06-07,0.042,GPT,97,72,75,62,0,3.6497002,356.82056,33.666073,65.03844,93.50594,0,NA,74,87.59555,101.037025,11.296691,15.641572,NA,88,72.1,0.21
2024-06-08,0.063,GPT,91,68,74,59,0,3.8234954,151.28896,37.661842,63.493084,87.48222,0,NA,70,83.15493,96.042046,11.296691,17.379524,NA,88.1,72.3,0.21
2024-06-09,0.054,GPT,92,74,76,68,0,3.1283145,207.26837,46.991474,71.045265,90.437706,0,NA,74,88.62031,99.37446,11.296691,17.379524,NA,88.2,72.5,0.22
2024-06-13,0.048,GPT,93,74,74,69,0,2.2593381,159.07529,48.77793,68.3353,90.36164,0,NA,74,87.326164,98.8038,10.427715,13.90362,NA,88.6,73.1,0.23
2024-06-14,0.066,GPT,96,75,76,66,0,4.2579837,105.27576,38.87857,66.53848,90.437706,0,NA,75,89.80559,100.65528,12.165668,15.641572,NA,88.7,73.3,0.23
2024-06-15,0.063,GPT,95,77,78,67,0,5.9090385,132.42593,42.65244,64.94794,90.51289,0,NA,77,91.70027,102.11232,13.90362,19.986454,NA,88.8,73.4,0.24
2024-06-16,0.03,GPT,89,74,78,69,1,6.6042194,115.26088,69.90216,83.49925,94.18534,0,NA,74,87.31926,99.92279,18.2485,30.41417,NA,88.9,73.6,0.25
2024-06-17,0.021,GPT,89,77,79,71,0.39,8.950456,105.7458,67.39018,80.696625,93.55792,0,NA,77,88.367,101.55416,20.85543,29.545193,NA,89,73.7,0.26
2024-06-18,0.05,GPT,88,78,75,69,0.02,11.296691,89.446556,58.821873,74.407234,90.51289,0,NA,78,85.35922,95.725685,24.331335,35.628025,NA,89.1,73.8,0.24
2024-06-19,0.038,GPT,88,77,75,70,0.1,10.25392,82.136505,65.26648,75.49895,93.55792,0,NA,77,85.83773,94.98124,22.593382,31.283144,NA,89.1,73.9,0.24
2024-06-20,0.049,GPT,90,76,75,69,0,8.602865,90.95827,50.184208,70.713554,87.5307,0,NA,76,87.5377,94.78818,14.772596,19.986454,NA,89.2,74,0.26
2024-06-21,0.045,GPT,90,76,76,71,0,6.3435264,113.8859,53.730354,72.27412,87.48222,0,NA,77,87.652916,100.38934,15.641572,21.724405,NA,89.3,74.1,0.25
2024-06-22,0.05,GPT,92,73,74,65,0,3.215212,158.98706,42.35249,68.00055,90.36164,0,NA,74,87.16873,96.68508,11.296691,17.379524,NA,89.3,74.2,0.25
2024-06-23,0.033,GPT,92,74,77,70,0,3.7365978,198.93593,50.326485,72.66413,93.50594,0,NA,74,91.19711,101.97312,11.296691,15.641572,NA,89.4,74.2,0.25
2024-06-24,0.035,GPT,95,76,79,73.4,2.16,3.7365978,276.17508,57.88357,80.45567,96.718666,0,NA,75.2,90.73018,111.787605,21.724405,30.41417,NA,89.4,74.3,0.24
2024-06-25,0.045,GPT,94,75,79,73,0,2.6938264,234.4448,57.754322,76.63136,93.55792,0,NA,76,93.24049,110.39284,11.296691,16.51055,NA,89.5,74.4,0.23
2024-06-26,0.017,GPT,94,80,79,72,1e-4,4.8662667,246.74782,49.064594,75.05607,90.62405,0,NA,88.30249,96.53472,104.506775,13.034643,19.986454,NA,89.6,74.4,0.23
2024-06-27,0.046,GPT,95,76,77,71,0.04,5.387653,271.96814,52.348576,72.19257,90.437706,0,NA,76,92.340996,103.2659,13.90362,24.331335,NA,89.6,74.5,0.24
2024-06-28,0.027,GPT,91,81,78,74,1e-4,5.561448,222.88231,61.48733,74.493416,87.72189,0,NA,86.3021,94.90493,104.535355,10.427715,25.200312,NA,89.7,74.5,0.24
2024-06-29,0.023,GPT,93,80,80,74,0,5.561448,176.26685,63.807842,75.24788,84.98084,0,NA,86.3021,99.364,108.97813,12.165668,18.2485,NA,89.7,74.6,0.23
2024-06-30,0.025,GPT,95,77,80,74,0.13,2.3462358,273.2138,54.275124,81.82133,93.63474,0,NA,78,93.36964,108.76715,10.427715,15.641572,NA,89.7,74.6,0.24
2024-07-01,0.038,GPT,99,77,80,74,0,4.171086,345.5086,51.1702,74.59755,93.58368,0,NA,77,96.90178,112.61673,13.034643,18.2485,NA,89.8,74.6,0.24
2024-07-02,0.058,GPT,98,80,80,72,0,5.300755,135.18555,49.49114,71.70945,87.72189,0,NA,86.82724,101.11839,114.94699,13.034643,18.2485,NA,89.8,74.7,0.24
2024-07-03,0.032,GPT,92,82,80,77,1e-4,4.7793694,154.28088,63.690865,75.845146,87.76903,0,NA,94.10947,100.54791,105.97048,13.90362,18.2485,NA,89.9,74.7,0.25
2024-07-04,0.025,GPT,93,81,81,77,0.01,2.5200312,233.22925,61.731087,77.864555,93.71021,0,NA,90.32793,100.06754,106.0642,12.165668,16.51055,NA,89.9,74.7,0.25
2024-07-05,0.027,GPT,94,77,80,75,0.66,3.7365978,230.48282,61.60946,82.73023,93.66005,0,NA,78,93.06992,112.13127,21.724405,32.152122,NA,90,74.7,0.25
2024-07-06,0.033,GPT,91,77,79,75,0,3.6497002,281.51337,65.60822,80.76918,93.58368,0,NA,77,91.04128,103.10775,8.689762,13.90362,NA,90,74.8,0.25
2024-07-07,0.023,GPT,93,79,79,75,0,4.7793694,154.81769,57.754322,73.68816,90.587204,0,NA,85.66251,97.48617,107.537605,13.034643,17.379524,NA,90,74.8,0.25
2024-07-08,0.022,GPT,93,84,79,76,1e-4,7.7338886,162.08609,61.60946,70.34502,79.549965,0,NA,92.85264,100.22888,108.97813,15.641572,19.117477,NA,90.1,74.8,0.25
2024-07-09,0.024,GPT,92,78,79,75,0.42,6.256629,214.57379,59.713726,76.727844,90.587204,0,NA,78,96.93366,104.54942,15.641572,33,NA,90.1,74.8,0.26
2024-07-10,0.031,GPT,87,78,80.6,72,0,4.431779,334.24713,65.15156,82.00601,94.309654,0,NA,79,91.61683,97.15324,10.427715,15.641572,NA,90.2,74.8,0.26
2024-07-11,0.037,GPT,92,77,76,71,0,2.2593381,186.35526,52.20978,74.24385,93.58368,0,NA,77,89.67121,100.38934,11.296691,17.379524,NA,90.2,74.9,0.26
2024-07-12,0.031,GPT,91,77,78,74,0.03,1.7379525,220.77368,59.461464,77.09625,90.550156,0,NA,78,91.3945,103.10775,11.296691,14.772596,NA,90.3,74.9,0.27
2024-07-13,0.037,GPT,95,79,78,69,1e-4,2.1724405,238.05139,52.486885,74.28417,90.587204,0,NA,86.51116,94.26815,107.24766,17.379524,24.331335,NA,90.3,74.9,0.25
2024-07-14,0.042,GPT,93,77,79,72,0.04,4.7793694,133.09312,59.8391,76.93508,93.60928,0,NA,77,94.65222,108.97813,19.117477,26.069286,NA,90.3,74.9,0.23
2024-07-15,0.036,GPT,93,75,77,72,1e-4,2.6938264,229.88759,57.754322,74.06695,90.47541,0,NA,75,92.2317,107.24766,8.689762,13.034643,NA,90.4,74.9,0.23
2024-07-16,0.03,GPT,95,80,78,68,0,3.1283145,205.36855,52.070503,74.22288,90.62405,0,NA,86.51116,96.39922,105.88497,12.165668,22.593382,NA,90.4,74.9,0.22
2024-07-17,0.024,GPT,93,78,80,72,0.09,2.780724,271.16797,59.58785,80.87058,94.22723,0,NA,78.8,91.586426,106.13722,13.90362,19.117477,NA,90.5,74.9,0.22
2024-07-18,0.024,GPT,93,76,78,74,0.13,2.6938264,191.76244,59.241306,83.603874,93.58368,0,NA,76,85.34299,107.24766,15.641572,25.200312,NA,90.5,74.9,0.22
2024-07-19,0.032,GPT,86,74,77,71.6,0.93,3.475905,120.92833,69.799286,85.90682,94.18534,0,NA,75,81.925354,94.98124,13.90362,19.986454,NA,90.5,75,0.22
2024-07-20,0.03,GPT,90,77,78.8,71.6,1.24,3.8234954,195.29639,65.60822,78.69061,94.26866,0,NA,78,93.65997,103.10775,13.90362,19.986454,NA,90.6,75,0.2
2024-07-21,0.029,GPT,88,76,78,73,0.49,3.3890073,178.76636,72.263725,87.10016,93.63474,0,NA,76,85.32694,98.714325,13.90362,18.2485,NA,90.6,75,0.21
2024-07-22,0.036,GPT,90,76,79,73,0.04,2.6069288,192.60945,59.33457,81.17195,96.718666,0,NA,76,88.92686,98.97532,11.296691,16.51055,NA,90.7,75,0.22
2024-07-23,0.021,GPT,91,77,79,75,0.7,4.2579837,161.36832,63.573383,82.59528,93.60928,0,NA,77,89.57806,104.535355,12.165668,17.379524,NA,90.7,75,0.21
2024-07-24,0.028,GPT,93,76,78,73,0.15,3.7365978,231.89278,55.71818,79.838104,93.55792,0,NA,76,88.06447,103.14041,14.772596,23.462358,NA,90.7,75,0.21
2024-07-25,0.023,GPT,93,76,79,72,0.03,3.8234954,140.31245,59.20717,76.804405,93.53201,0,NA,76,90.08562,105.88497,14.772596,21.724405,NA,90.8,75,0.21
2024-07-26,0.022,GPT,90,77,81,74,0.22,4.5186763,77.726845,67.71683,85.77826,93.58368,0,NA,78,84.4925,104.37847,14.772596,20.85543,NA,90.8,75,0.21
2024-07-27,0.024,GPT,91,78,79,75,0.51,2.5200312,183.11215,63.573383,81.46753,96.74529,0,NA,78,91.261856,103.06621,10.427715,13.90362,NA,90.8,75,0.22
2024-07-28,0.023,GPT,94,78,79,74,1e-4,3.1283145,183.7791,55.85145,76.43006,93.63474,0,NA,79,96.50103,105.88497,10.427715,15.641572,NA,90.9,75.1,0.23
2024-07-29,0.035,GPT,95,78,79,74,0,3.3890073,227.99474,57.754322,72.59372,87.62684,0,NA,79,98.74261,110.1399,10.427715,13.90362,NA,90.9,75.1,0.23
2024-07-30,0.026,GPT,97,80,80,73,0,4.0841885,262.6288,47.86052,69.880554,90.62405,0,NA,86.51116,100.11936,111.50135,11.296691,15.641572,NA,90.9,75.1,0.22
2024-07-31,0.028,GPT,96,80,81,74,0.08,3.215212,284.39984,54.410088,76.53051,93.6852,0,NA,87.995636,100.854866,112.85474,15.641572,22.593382,NA,90.9,75.1,0.22
2024-08-01,0.032,GPT,98,81,80,76,1e-4,3.3021097,270.4028,54.410088,73.089340000000007,93.66005,0,NA,90.32793,101.51017,111.28134,11.296691,13.90362,NA,91,75.1,0.21
2024-08-02,0.04,GPT,100,81,80,75,0,3.3021097,292.2385,46.566776,72.26911,90.66067,0,NA,89.28979,102.65521,113.16722,11.296691,14.772596,NA,91,75.1,0.21
2024-08-03,0.033,GPT,97,80,80,69,0,2.085543,293.30484,45.69273,72.230896,90.66067,0,NA,89.28979,98.26016,109.94281,17.379524,23.462358,NA,91,75.1,0.22
2024-08-04,0.044,GPT,97,77,78,73,2.35,4.0841885,27.325632,50.89085,79.37206,93.60928,0,NA,78,91.29888,107.37903,18.2485,31.283144,NA,91,75.1,0.22
2024-08-05,0.023,GPT,98,78,78,73,0,4.171086,356.28928,44.886402,69.89525,93.58368,0,NA,78,94.646706,108.51581,11.296691,16.51055,NA,91,75.1,0.23
2024-08-06,0.04,GPT,100,79,77,71,0,5.12696,314.0614,40.692116,66.462746,90.550156,0,NA,79,98.00205,111.105064,13.034643,19.986454,NA,91,75.1,0.23
2024-08-07,0.045,GPT,100,76,76,68,0,5.0400624,316.76846,37.856194,61.999,87.433464,0,NA,76,93.5554,105.60268,13.034643,20.85543,NA,91,75,0.21
2024-08-08,0.046,GPT,97,79,76,67,0,7.212503,322.24408,37.70558,61.921013,84.69338,0,NA,79,93.374275,109.80914,18.2485,26.069286,NA,91,75,0.21
2024-08-09,0.043,GPT,98,76,75,69,0,5.8221407,337.7211,47.572624,64.208626,81.75506,0,NA,76,91.98046,107.145065,12.165668,15.641572,NA,91,75,0.2
2024-08-10,0.048,GPT,97,76,73,68,0,4.344881,354.97778,41.500286,59.81801,78.939026,0,NA,76,91.47876,103.385605,12.165668,20.85543,NA,91,75,0.19
2024-08-11,0.051,GPT,97,76,76,67,0,2.4331334,322.35858,44.445583,63.689884,82.093376,0,NA,77,91.01831,102.51838,8.689762,13.90362,NA,91,75,0.19
2024-08-12,0.051,GPT,98,77,78,70,0,2.4331334,260.44476,41.79904,69.219315,90.51289,0,NA,77,95.53095,107.123085,8.689762,14.772596,NA,91,74.9,0.19
2024-08-13,0.055,GPT,97,74,78,71,1.96,2.9545193,274.20953,46.277157,76.58032,93.53201,0,NA,74,92.51304,107.22693,35.628025,53.876526,NA,90.9,74.9,0.19
2024-08-14,0.054,GPT,98,75,82,70,0.44,4.344881,275.03134,49.349415,78.61445,93.60928,0,NA,75,91.84665,113.16722,22.593382,33.89007,NA,90.9,74.9,0.2
2024-08-15,0.052,GPT,94,77,80,75,1e-4,2.6938264,234.78445,56.116493,76.46084,93.58368,0,NA,78,94.179596,111.787605,10.427715,13.90362,NA,90.9,74.8,0.22
2024-08-16,0.05,GPT,94,77,79,74,0,5.387653,145.18654,55.984222,72.860916,90.47541,0,NA,77,95.517494,108.97813,13.034643,18.2485,NA,90.8,74.8,0.21
2024-08-17,0.042,GPT,94,76,79,70,0.24,3.3021097,247.60358,55.984222,78.3241,93.60928,0,NA,76,91.97717,105.88497,18.2485,29.545193,NA,90.8,74.7,0.22
2024-08-18,0.041,GPT,100,76,81,73,0,3.3021097,291.24933,45.1782,73.62405,93.55792,0,NA,76,97.31212,114.94699,11.296691,15.641572,NA,90.8,74.7,0.22
2024-08-19,0.041,GPT,97,78,80,68,0,7.212503,326.10458,39.02912,62.480324,82.35757,0,NA,79,94.35885,102.792206,13.90362,19.986454,NA,90.7,74.6,0.22
2024-08-20,0.044,GPT,95,74,72,64,0,4.5186763,1.766651,37.25181,59.946747,84.57616,0,NA,75,86.00483,96.67863,13.034643,17.379524,NA,90.7,74.5,0.22
2024-08-21,0.056,GPT,95,71,71,63,0,3.1283145,43.684772,38.424847,63.68537,87.23564,0,NA,72,83.32896,96.25048,10.427715,13.034643,NA,90.6,74.5,0.23
2024-08-22,0.056,GPT,96,73,73,63,0,3.1283145,11.8376255,36.119045,63.088417,84.51706,0,NA,73,86.39062,98.31543,11.296691,15.641572,NA,90.6,74.4,0.23
2024-08-23,0.052,GPT,91,76,72,64,0,5.9090385,86.67018,53.177654,66.20747,87.433464,0,NA,76,86.67887,97.2908,13.034643,17.379524,NA,90.5,74.3,0.24
2024-08-24,0.047,GPT,91,71,74,60,0,5.12696,93.69016,53.592926,67.27469,81.959145,0,NA,71,86.058975,98.29539,13.90362,19.117477,NA,90.5,74.2,0.22
2024-08-25,0.037,GPT,91,76,76,72,0.01,4.9531646,115.0848,53.867287,74.835205,87.5789,0,NA,77,87.250145,99.37446,17.379524,21.724405,NA,90.4,74.2,0.22
2024-08-26,0.04,GPT,94,76,76,69,0,3.475905,102.52488,48.633907,73.95001,90.47541,0,NA,76,89.21002,101.97312,11.296691,15.641572,NA,90.3,74.1,0.2
2024-08-27,0.046,GPT,98,77,78,71,0,4.7793694,93.821175,46.277157,71.952255,90.550156,0,NA,78,93.23857,107.24766,12.165668,15.641572,NA,90.2,74,0.2
2024-08-28,0.029,GPT,91,79,80.6,76,0.02,4.5186763,123.61883,65.72114,80.16064,94.309654,0,NA,79,93.86047,103.10775,13.034643,17.379524,NA,90.2,73.9,0.2
2024-08-29,0.028,GPT,89,77,78,73,0.32,4.5186763,118.095535,65.3809,81.183464,90.62405,0,NA,77,90.51445,99.9887,19.986454,27.80724,NA,90.1,73.7,0.19
2024-08-30,0.033,GPT,86,77,78.8,74,0.44,4.344881,93.01801,71.97315,86.44582,94.26866,0,NA,77,85.59623,94.47639,19.117477,28.676216,NA,90,73.6,0.2
2024-08-31,0.029,GPT,84,76,78,72,1.03,3.9972906,90.23253,69.48774,86.35518,93.63474,0,NA,76,83.87886,91.14243,13.90362,19.117477,NA,89.9,73.5,0.19
2024-09-01,0.032,GPT,91,75,77,71,0.2,4.2579837,151.04385,52.070503,78.93893,96.70523,0,NA,75,85.40193,101.68144,19.117477,30.41417,NA,89.8,73.4,0.2
2024-09-02,0.032,GPT,96,76,78,70,0,2.3462358,354.47217,47.42801,73.39524,93.55792,0,NA,76,90.27435,104.66202,8.689762,13.034643,NA,89.7,73.3,0.2
2024-09-03,0.043,GPT,95,78,77,69,0,5.4745502,94.46257,50.609615,69.16913,82.02644,0,NA,78,92.20235,107.24766,12.165668,15.641572,NA,89.6,73.1,0.18
2024-09-04,0.032,GPT,85,78,77,73,0.17,9.12425,72.32432,69.69592,81.42992,93.60928,0,NA,78.8,85.1799,92.5875,17.379524,23.462358,NA,89.5,73,0.19
2024-09-05,0.027,GPT,81,78,77,74,0.84,5.7352433,64.541405,87.5307,90.761856,93.60928,0,NA,78,79.23834,88.30249,11.296691,15.641572,NA,89.4,72.8,0.19
2024-09-06,0.017,GPT,82,74,76,72,0.83,5.561448,46.44386,82.02644,90.6381,93.58368,0,NA,74,79.22813,87.386375,13.034643,16.51055,NA,89.3,72.7,0.19
2024-09-07,0.021,GPT,82,73,72,70,1e-4,5.7352433,28.227127,69.38291,82.61883,93.47972,0,NA,74,77.91293,86.30245,12.165668,19.117477,NA,89.2,72.5,0.2
2024-09-08,0.039,GPT,91,70,75,58,0,5.9090385,26.65717,48.48942,66.1487,87.5789,0,NA,71,81.507195,93.9306,12.165668,17.379524,NA,89.1,72.4,0.2
2024-09-09,0.016,GPT,83,72,76,58,1.05,5.12696,42.36693,59.331654,75.865456,93.58368,0,NA,73,78.9499,86.82943,11.296691,14.772596,NA,89,72.2,0.21
2024-09-13,0.031,GPT,91,73,76,68,0,2.6938264,273.4104,50.184208,78.29682,96.70523,0,NA,74,82.65679,94.680016,10.427715,14.772596,NA,88.4,71.4,0.19
2024-09-14,0.053,GPT,92,70,74,68,0.26,3.1283145,266.25757,48.633907,75.36808,93.53201,0,NA,71,82.247,95.8553,22.593382,30.41417,NA,88.3,71.2,0.18
2024-09-15,0.027,GPT,88,74,76,70,0,2.1724405,282.64273,58.95082,80.71954,96.69171,0,NA,74,81.44856,94.98124,10.427715,13.90362,NA,88.1,71,0.18
2024-09-16,0.046,GPT,88,73,74,71,0,3.1283145,139.37473,61.11788,79.12204,93.50594,0,NA,74,82.718575,96.73301,11.296691,14.772596,NA,87.9,70.8,0.17
2024-09-17,0.038,GPT,89,75,75,72,0,2.6938264,84.33563,63.33691,81.22589,96.718666,0,NA,75.2,82.935524,96.73301,8.689762,13.90362,NA,87.8,70.6,0.16
2024-09-18,0.039,GPT,88,73,78,71,0.19,1.0427715,181.47366,67.49956,86.00362,96.74529,0,NA,73,83.538506,97.52525,8.689762,13.90362,NA,87.6,70.3,0.15
2024-09-19,0.044,GPT,93,74,77,73,1e-4,2.6938264,4.648252,55.71818,82.134285,96.732025,0,NA,74,86.36914,100.38934,13.90362,19.117477,NA,87.4,70.1,0.14
2024-09-20,0.051,GPT,93,74,75,67,0,1.6510549,68.62888,44.00102,75.19326,96.718666,0,NA,75,83.87358,95.8553,8.689762,12.165668,NA,87.2,69.8,0.14
2024-09-21,0.049,GPT,91,72,74,68,0,3.041417,138.62535,48.48942,75.51117,96.69171,0,NA,72,83.750465,96.356186,11.296691,15.641572,NA,87,69.5,0.13
2024-09-22,0.04,GPT,90,73,76,70,0,2.780724,147.75667,53.592926,78.383125,96.69171,0,NA,74,84.15714,94.78818,11.296691,15.641572,NA,86.8,69.3,0.13
2024-09-23,0.04,GPT,92,72,75,62,0,2.4331334,170.54297,38.120663,75.29522,96.69171,0,NA,73,83.350914,94.98124,8.689762,13.034643,NA,86.6,69,0.15
2024-09-24,0.042,GPT,90,74,75,71,0.05,3.1283145,158.39961,55.45014,78.55632,96.70523,0,NA,74,84.86026,96.042046,12.165668,15.641572,NA,86.4,68.7,0.14
2024-09-25,0.041,GPT,91,73,76,70,1.1,3.7365978,16.13999,51.93074,82.7477,96.718666,0,NA,74,82.47756,97.01554,20.85543,30.41417,NA,86.2,68.4,0.16
2024-09-26,0.038,GPT,84,69,70,60,0,9.993227,355.04068,52.61694,72.51388,94.01323,0,NA,69.8,76.30862,86.67311,19.986454,28.676216,NA,86,68.1,0.15
2024-09-27,0.046,GPT,85,63,64,57,0,6.5173216,279.63547,39.829975,62.603516,83.7815,0,NA,63,74.04127,83.49648,14.772596,25.200312,NA,85.7,67.8,0.15
2024-09-28,0.062,GPT,88,65,69,59,0,4.171086,247.94722,40.137066,68.823,96.59473,0,NA,67,78.39674,89.33795,12.165668,19.986454,NA,85.5,67.4,0.15
2024-09-29,0.037,GPT,89,65,70,62,0,2.8676217,285.68692,41.899574,71.4965,96.60884,0,NA,68,77.80103,88.86393,11.296691,17.379524,NA,85.2,67.1,0.16
2024-09-30,0.041,GPT,88,68,72,65,0,1.9986453,185.74753,51.2246,74.79219,93.37325,0,NA,69,79.632614,91.91723,11.296691,14.772596,NA,85,66.8,0.15
2024-10-01,0.037,GPT,90,68,70,66,0,4.7793694,0.28545156,46.698208,68.99881,96.60884,0,NA,68,80.486534,92.11493,13.034643,22.593382,NA,84.7,66.4,0.14
2024-10-02,0.045,GPT,89,70,71,66,0,3.8234954,43.88041,49.75452,75.36045,93.45335,0,NA,70,79.09061,91.19798,11.296691,17.379524,NA,84.5,66,0.14
2024-10-03,0.045,GPT,88,69,73,68,0,6.6042194,121.43264,53.455,74.37589,96.62286,0,NA,69,81.997185,92.69164,17.379524,22.593382,NA,84.2,65.7,0.14
2024-10-04,0.027,GPT,80,72,75,71,0.15,7.125605,83.65123,79.2477,89.92271,96.718666,0,NA,73,76.96391,84.49635,14.772596,19.117477,NA,83.9,65.3,0.14
2024-10-05,0.03,GPT,85,71,71,68,0,7.125605,46.222385,62.736782,77.53684,93.45335,0,NA,71,79.00858,90.21016,13.034643,19.117477,NA,83.6,64.9,0.13
2024-10-06,0.03,GPT,88,71,71,68,0,6.95181,33.71356,59.07925,76.829346,90.28468,0,NA,72,80.36828,92.69164,13.90362,20.85543,NA,83.3,64.5,0.13
2024-10-07,0.043,GPT,91,70,69,59,0,5.9090385,26.174864,35.3574,66.51822,93.37325,0,NA,70,79.42199,90.91441,13.90362,19.986454,NA,83,64.1,0.12
2024-10-08,0.043,GPT,86,65,61,53,0,6.6911173,357.52133,34.58841,53.96368,70.559906,0,NA,65,73.97401,84.67945,11.296691,15.641572,NA,82.7,63.7,0.13
2024-10-09,0.048,GPT,90,64,65,53,0,7.0387077,8.171045,39.18333,58.5573,75.20368,0,NA,64,76.58937,89.88737,13.034643,19.117477,NA,82.4,63.2,0.13
2024-10-10,0.058,GPT,88,63,63,52,0,4.431779,0.8247938,31.1269,62.354424,93.180626,0,NA,63,73.93269,84.67945,11.296691,15.641572,NA,82.1,62.8,0.11
2024-10-11,0.057,GPT,84,59,59,53,0,2.8676217,114.0209,35.563507,63.32968,86.77358,0,NA,60,70.16522,81.78254,11.296691,15.641572,NA,81.7,62.4,0.11
2024-10-12,0.061,GPT,83,58,61,55,0,1.7379525,154.1499,39.52138,71.21399,93.09552,0,NA,58,69.30908,81.39918,8.689762,12.165668,NA,81.4,62,0.11
2024-10-13,0.066,GPT,82,58,67,57,0,2.2593381,209.11496,50.650837,76.14257,93.12406,0,NA,59,72.24839,84.519356,10.427715,15.641572,NA,81.1,61.5,0.11
2024-10-14,0.048,GPT,87,65,71,53,0,3.9972906,319.7599,52.94558,77.15121,96.56624,0,NA,65,75.89558,91.91723,14.772596,19.986454,NA,80.7,61.1,0.12
2024-10-15,0.045,GPT,82,65,69,44,0,5.561448,49.212303,41.88299,56.92203,71.47941,0,NA,65,72.72008,83.11301,17.379524,25.200312,NA,80.4,60.6,0.11
2024-10-16,0.036,GPT,70,51,43,29,0,9.993227,20.964891,23.155113,40.616726,56.877373,0,NA,52,60.58676,70,19.117477,27.80724,NA,80,60.2,0.12
2024-10-17,0.041,GPT,73,45,48,35,0,3.8234954,52.724197,25.72746,57.37183,89.37499,0,NA,42.600967,55.946953,72,12.165668,16.51055,NA,79.7,59.7,0.13
2024-10-18,0.045,GPT,75,46,53,40,0,4.171086,83.91804,37.63877,66.146324,89.54945,0,NA,44.936478,59.686832,74,13.034643,17.379524,NA,79.3,59.3,0.12
2024-10-19,0.047,GPT,79,53,59,45,0,5.0400624,71.239334,48.291,65.22605,89.844795,0,NA,53,65.348434,78,13.034643,17.379524,NA,79,58.8,0.13
2024-10-20,0.045,GPT,83,53,59,47,0,3.1283145,35.061718,33.4999,63.631577,86.61413,0,NA,53,65.79606,80.84275,10.427715,14.772596,NA,78.6,58.3,0.12
2024-10-21,0.047,GPT,80,50,56,44,0,2.5200312,103.47373,34.940304,64.44321,89.76167,0,NA,51,63.829964,79,10.427715,13.034643,NA,78.2,57.9,0.12
2024-10-22,0.042,GPT,81,51,65,49,0,2.1724405,138.11191,44.748047,76.289536,93.26418,0,NA,52,66.57408,81.61633,10.427715,13.034643,NA,77.9,57.4,0.11
2024-10-23,0.047,GPT,85,58,65,56,0,1.9986453,63.25371,42.797188,74.14826,96.53739,0,NA,58,70.37495,84.31911,8.689762,17.379524,NA,77.5,57,0.11
2024-10-24,0.064,GPT,87,57,64,56,0,3.215212,279.98865,36.027702,74.64301,96.522835,0,NA,58,70.29687,84.67945,8.689762,13.034643,NA,77.2,56.5,0.11
2024-10-25,0.049,GPT,84,57,64,57,0,1.6510549,157.55946,42.644836,76.02954,96.50818,0,NA,58,70.09104,84.0226,7.820786,10.427715,NA,76.8,56.1,0.11
2024-10-26,0.052,GPT,87,58,67,57,0,2.2593381,136.9301,39.983707,77.547485,96.55186,0,NA,58,70.697044,85.78003,11.296691,14.772596,NA,76.4,55.7,0.1
2024-10-27,0.058,GPT,85,55,65,55,0,2.780724,179.41231,44.352432,77.37917,100,0,NA,55,69.85442,84.41039,10.427715,12.165668,NA,76.1,55.2,0.12
2024-10-28,0.057,GPT,85,59,73,57,0,3.7365978,125.2236,39.829975,81.735535,100,0,NA,59,71.95533,84.77788,11.296691,13.90362,NA,75.7,54.8,0.11
2024-10-29,0.044,GPT,82,66,70,66,0,8.863558,111.692314,64.68674,83.157715,100,0,NA,66,74.218864,85.34988,21.724405,26.938263,NA,75.4,54.4,0.11
2024-10-30,0.041,GPT,84,65,73,61,0.01,10.080125,107.10467,71.777084,83.513596,93.50594,0,NA,66,76.30509,88.89949,18.2485,26.069286,NA,75,54,0.11
2024-10-31,0.036,GPT,84,73,74,72,0,10.688408,131.33244,74.33456,85.53628,96.69171,0,NA,73,79.49555,89.596756,19.986454,26.938263,NA,74.7,53.6,0.11
2025-03-01,0.058,GPT,81,46,54,28,0,5.12696,308.75143,21.335285,56.96909,96.34077,0,NA,47.271988,62.839363,79,12.165668,20.85543,NA,67.5,49,0.16
2025-03-02,0.046,GPT,70,45,44,24,0,5.0400624,18.574001,22.225695,43.44467,82.71959,0,NA,46.979465,55.774265,69,14.772596,19.986454,NA,67.7,49.1,0.16
2025-03-03,0.05,GPT,68,44,56,28,0,8.950456,106.76665,37.17664,58.532104,86.61413,0,NA,44.80021,57.233208,67,15.641572,21.724405,NA,67.9,49.3,0.16
2025-03-04,0.051,GPT,72,54,67,54,0.66,12.513258,137.12839,73.2097,85.4994,100,0,NA,54,63.575333,71,24.331335,36.497,NA,68.1,49.5,0.17
2025-03-05,0.044,GPT,69,46,54,28,0,10.340817,287.9326,25.999743,49.60228,80.533455,0,NA,45.836285,59.130333,68,22.593382,36.497,NA,68.3,49.7,0.16
2025-03-06,0.045,GPT,67,38,44,24,0,4.5186763,300.38144,20.893076,56.293037,89.24132,0,NA,36.690838,50.90644,66,13.90362,19.986454,NA,68.5,49.9,0.17
2025-03-07,0.052,GPT,69,43,66,43,0.04,5.0400624,142.62538,48.27573,79.529594,100,0,NA,44,59.01533,68,13.90362,17.379524,NA,68.7,50.1,0.17
2025-03-08,0.042,GPT,77,65,66.2,63,0.16,6.8649125,99.656906,66.382996,87.84298,100,0,NA,65,68.99651,76,15.641572,19.986454,NA,68.8,50.2,0.16
2025-03-09,0.031,GPT,69,55,67,54,0.11,6.256629,1.3096757,67.7497,83.56075,100,0,NA,59,64.83679,69,15.641572,23.462358,NA,69,50.4,0.17
2025-03-10,0.046,GPT,73,47,50,43,0,8.081479,313.24777,35.164703,67.978714,86.17496,0,NA,50,59.00209,72,19.117477,26.069286,NA,69.2,50.6,0.15
2025-03-11,0.062,GPT,72,41,53,37,0,3.910393,192.91913,29.806578,63.958878,92.61395,0,NA,41,58.386063,71,12.165668,17.379524,NA,69.4,50.8,0.15
2025-03-12,0.057,GPT,72,47,63,47,0,5.12696,170.351,59.0679,79.43616,96.356476,0,NA,49,62.311497,71,13.90362,19.986454,NA,69.6,51,0.14
2025-03-13,0.047,GPT,76,64,66,62,0,6.6911173,176.39996,71.177376,84.09975,96.56624,0,NA,65,69.77073,76,13.034643,19.986454,NA,69.8,51.2,0.15
2025-03-14,0.041,GPT,76,66,70,66,0,11.035998,138.92728,83.32391,93.51304,100,0,NA,66,70.435265,75.2,19.117477,25.200312,NA,70,51.4,0.15
2025-03-15,0.032,GPT,77,68,71,67,1e-4,13.469131,156.99896,84.51706,91.45556,100,0,NA,70,72.54091,76,22.593382,35.628025,NA,70.2,51.6,0.16
2025-03-16,0.047,GPT,73,49,61,28,NA,10.25392,297.9126,22.668,49.889545,92.97958,NA,NA,51,63.08432,72,22.593382,32.152122,NA,70.4,51.7,0.16
2025-03-17,0.046,GPT,74,40,45,22,NA,3.910393,322.8252,17.853333,48.052284,79.83878,NA,NA,39.097702,55.872227,73,13.034643,18.2485,NA,70.6,51.9,0.16
2025-03-18,0.056,GPT,70,43,57,41,0,4.9531646,158.95634,40.310017,70.25712,92.645485,0,NA,43,59.187458,69,13.90362,19.117477,NA,70.8,52.1,0.17
2025-03-19,0.047,GPT,77,65,67,57,0,8.689762,179.63203,61.874687,77.06808,93.34623,0,NA,65,70.33617,76,15.641572,26.069286,NA,71,52.3,0.17
2025-03-20,0.044,GPT,69,42,66,30,0,12.07877,313.9168,29.018476,45.427452,90.167534,0,NA,45,58.328236,69,24.331335,32.152122,NA,71.2,52.5,0.17
2025-03-21,0.049,GPT,62,36,46,25,0,3.7365978,157.92935,27.2402,57.57034,92.38751,0,NA,37,52.344948,62,12.165668,16.51055,NA,71.4,52.7,0.19
2025-03-22,0.055,GPT,73,46,58,45,0,4.171086,178.7327,47.237648,72.17192,92.7389,0,NA,47,61.340767,72,13.034643,16.51055,NA,71.6,52.9,0.19
2025-03-23,0.05,GPT,74,53,65,53,0,7.212503,154.34206,65.92187,82.787994,100,0,NA,54,66.12683,74,18.2485,23.462358,NA,71.8,53.1,0.19
2025-03-24,0.052,GPT,69,55,66,56,1.45,3.8234954,136.00607,70.45523,90.10824,100,0,NA,57,64.59666,69,13.034643,21.724405,NA,71.9,53.3,0.19
2025-03-25,0.055,GPT,74,50,63,50,1e-4,NA,170.66057,63.853218,86.32217,100,0,NA,51,63.231358,74,NA,NA,NA,72.1,53.5,0.19
2025-03-26,0.048,GPT,85,58,66,56,0,2.6938264,247.17604,37.200005,77.62731,100,0,NA,57.2,70.17617,83.84719,10.427715,14.772596,NA,72.3,53.8,0.18
2025-03-27,0.054,GPT,77,62,64,51,0,7.125605,106.450294,42.977005,72.454956,96.55186,0,NA,62,69.232056,76,18.2485,23.462358,NA,72.5,54,0.17
2025-03-28,0.053,GPT,76,67,68,62,0,13.816722,119.76215,73.2097,80.69976,90.12802,0,NA,68,70.81352,76,21.724405,28.676216,NA,72.7,54.2,0.17
2025-03-29,0.047,GPT,77,70,69,66,0,14.164312,129.52174,73.780556,86.504684,96.6368,0,NA,70,71.94007,77,21.724405,28.676216,NA,72.9,54.4,0.17
2025-03-30,0.031,GPT,74,69,73,68,1.6,7.386298,153.89375,93.37325,99.115234,100,0,NA,69,70.850494,74,15.641572,24.331335,NA,73.1,54.6,0.18
2025-03-31,0.043,GPT,79,61,70,61,1.05,4.9531646,223.55359,66.723335,92.99097,100,0,NA,61,69.364456,79,31.283144,40.841885,NA,73.3,54.8,0.19
2025-04-01,0.038,GPT,73,63,70,62,0,9.645637,112.60097,84.155464,95.80949,100,0,NA,62,67.58288,72,18.2485,23.462358,NA,73.5,55,0.21
2025-04-02,0.029,GPT,77,69,74,71,0,15.033289,142.0438,90.47541,98.47089,100,0,NA,71,73.38724,77,20.85543,29.545193,NA,73.7,55.3,0.21
2025-04-03,0.032,GPT,78,71,75,72,0,13.816722,140.15604,90.51289,99.00423,100,0,NA,72,73.888504,78,19.117477,27.80724,NA,73.9,55.5,0.21
2025-04-04,0.03,GPT,73,70,73.4,70,0,13.90362,127.7877,100,100,100,0,NA,70,71.48321,73.4,19.986454,26.069286,NA,74.1,55.7,0.2
2025-04-05,0.039,GPT,75,70,74,72,0,15.033289,143.8732,100,100,100,0,NA,72,72.623055,74,22.593382,29.545193,NA,74.3,55.9,0.2
2025-04-06,0.03,GPT,72,51,72,71,2.25,9.037353,203.34769,100,100,100,0,NA,71,71.17957,72,17.379524,29.545193,NA,74.5,56.2,0.2
2025-04-07,0.029,GPT,59,46,52,44,0.04,9.471841,322.80286,66.47594,88.38092,100,0,NA,42.365353,48.469707,58,18.2485,26.069286,NA,74.7,56.4,0.19
2025-04-08,0.05,GPT,74,44,47,37,0,5.561448,322.8219,28.156513,60.939278,92.707954,0,NA,40.646614,57.601944,74,14.772596,21.724405,NA,74.9,56.6,0.2
2025-04-09,0.056,GPT,72,46,54,39,0,3.1283145,233.64183,31.159807,62.930557,86.45185,0,NA,45.836285,60.482353,71,11.296691,16.51055,NA,75.1,56.8,0.2
2025-04-10,0.061,GPT,77,52,64,51,0,4.605574,221.03046,44.59487,72.23722,96.403,0,NA,53,66.43763,76,13.034643,20.85543,NA,75.3,57.1,0.19
2025-04-11,0.05,GPT,80,59,62,35,0,7.994581,321.1201,20.508976,52.811035,96.50818,0,NA,60,69.91359,79,20.85543,30.41417,NA,75.5,57.3,0.2
2025-04-12,0.046,GPT,77,48,50,40,0,3.9972906,338.33527,28.465069,54.21968,89.28615,0,NA,48,63.167248,77,15.641572,26.938263,NA,75.7,57.5,0.18
2025-04-13,0.059,GPT,76,49,59,47,0,5.0400624,158.49915,45.96179,66.20289,92.8002,0,NA,49,65.40348,75,13.034643,18.2485,NA,75.9,57.8,0.19
2025-04-14,0.054,GPT,78,56,64,55,0,5.0400624,195.79451,61.7494,73.747826,96.43353,0,NA,56,69.45017,76,12.165668,19.117477,NA,76.1,58,0.19
2025-04-15,0.045,GPT,82,55,64,39,0,5.995936,331.84995,23.076838,60.039455,93.26418,0,NA,61,70.1049,80.7329,17.379524,22.593382,NA,76.3,58.2,0.2
2025-04-16,0.055,GPT,75,51,52,35,1e-4,5.2138577,95.07203,28.002,47.44596,83.32886,0,NA,51,63.634148,74,11.296691,16.51055,NA,76.5,58.5,0.19
2025-04-17,0.06,GPT,77,52,61,50,0,6.082834,151.35551,55.478622,70.67922,89.592415,0,NA,53,66.719864,75,14.772596,19.986454,NA,76.8,58.7,0.19
2025-04-18,0.054,GPT,80,69,72,63,0,10.9491005,146.5694,66.723335,79.271034,93.47972,0,NA,70,74.58397,79,19.117477,25.200312,NA,77,58.9,0.19
2025-04-19,0.052,GPT,80,71,71,67,0,11.644281,127.31996,69.06545,82.19689,93.45335,0,NA,72,75.20641,79,18.2485,23.462358,NA,77.2,59.2,0.18
2025-04-20,0.043,GPT,81,72,70,67,0,13.90362,131.9978,69.17177,80.49913,87.33512,0,NA,72,75.86806,82.85369,19.117477,24.331335,NA,77.4,59.4,0.18
2025-04-21,0.04,GPT,79,71,72,66,0.01,8.4290695,147.55602,76.09948,85.06433,93.47972,0,NA,71,75.259575,78,14.772596,22.593382,NA,77.6,59.7,0.18
2025-04-22,0.036,GPT,82,69,72,67,0.07,5.7352433,159.31627,67.05904,83.86933,96.66443,0,NA,70,76.233986,85.80995,13.034643,17.379524,NA,77.9,59.9,0.17
2025-04-23,0.039,GPT,82,73,71,67,0,7.386298,153.2802,62.493107,77.36146,90.32327,0,NA,73,77.14919,83.76375,14.772596,20.85543,NA,78.1,60.2,0.17
2025-04-24,0.036,GPT,82,69,71,67,0,8.168377,134.51645,64.80371,80.11424,96.62286,0,NA,69,76.29248,85.34988,17.379524,23.462358,NA,78.3,60.4,0.16
2025-04-25,0.042,GPT,82,72,71.6,66,1e-4,7.0387077,161.49808,62.37048,76.075005,88.588776,0,NA,74,78.24578,84.92029,13.034643,19.986454,NA,78.5,60.7,0.17
2025-04-26,0.043,GPT,85,66,70,65,0,3.041417,182.0946,58.07999,76.272896,96.60884,0,NA,67,77.95015,87.724625,13.034643,19.117477,NA,78.8,60.9,0.16
2025-04-27,0.042,GPT,86,68,71,64,0,2.8676217,181.35298,58.821873,75.57701,96.62286,0,NA,69,78.50106,89.525,11.296691,18.2485,NA,79,61.2,0.16
2025-04-28,0.034,GPT,84,67,70,65,0,4.344881,154.64006,56.433846,75.007,93.34623,0,NA,68,76.84632,84.14535,13.034643,17.379524,NA,79.3,61.4,0.16
2025-04-29,0.041,GPT,84,67,69.8,66,0,6.8649125,144.87306,58.56242,72.86644,93.34623,0,NA,68,79.14917,86.547714,14.772596,22.593382,NA,79.5,61.7,0.14
2025-04-30,0.04,GPT,84,67,70,66,0,8.4290695,154.77553,56.56821,72.55663,96.60884,0,NA,68,79.22527,85.59892,14.772596,22.593382,NA,79.7,61.9,0.14
2025-05-01,0.045,GPT,82,69,71,59,0.08,6.430424,152.50829,52.61694,73.67435,84.51706,0,NA,69,77.32303,84.122116,18.2485,23.462358,NA,80,62.2,0.13
2025-05-02,0.044,GPT,83,67,73,66,2.34,6.6042194,167.85829,62.615204,78.573,96.60884,0,NA,68,77.04236,86.547714,20.85543,26.938263,NA,80.2,62.5,0.13
2025-05-03,0.046,GPT,78,64,71,61,1.21,4.7793694,279.37286,66.496956,86.503876,96.62286,0,NA,65,70.56544,77,18.2485,26.069286,NA,80.5,62.7,0.14
2025-05-04,0.043,GPT,79,58,60,47,0,4.2579837,318.67975,33.4999,62.877357,89.71974,0,NA,58,68.31916,78,13.034643,17.379524,NA,80.7,63,0.14
2025-05-05,0.05,GPT,78,56,63,49,0,3.3021097,118.74097,39.895798,62.07281,86.98191,0,NA,57,68.27875,77,13.034643,19.986454,NA,81,63.3,0.15
2025-05-06,0.045,GPT,80,67,74,62,0.22,12.339462,111.151085,66.496956,78.342834,93.53201,0,NA,68,74.55682,79,24.331335,33.0211,NA,81.2,63.6,0.14
2025-05-07,0.038,GPT,76,65,74,65,3.02,5.7352433,81.80579,78.623764,91.739334,100,0,NA,66,69.89951,76,19.117477,26.069286,NA,81.5,63.8,0.15
2025-05-08,0.046,GPT,82,63,71,63,0,3.041417,156.68935,58.300877,78.963356,96.58053,0,NA,64,74.21726,83.42782,13.034643,16.51055,NA,81.7,64.1,0.14
2025-05-09,0.04,GPT,73,66,71,64,1.97,5.6483455,25.182632,87.18548,94.47313,96.66443,0,NA,66,69.32265,73,14.772596,23.462358,NA,82,64.4,0.15
2025-05-10,0.033,GPT,74,63,65,62,0.09,3.9972906,305.79333,73.4019,87.064575,100,0,NA,64,67.87526,73,8.689762,13.034643,NA,82.2,64.7,0.14
2025-05-11,0.044,GPT,77,60,64,60,0,3.3890073,217.23785,59.723198,78.788795,96.53739,0,NA,61,69.28298,77,8.689762,15.641572,NA,82.5,65,0.13
2025-05-12,0.053,GPT,76,63,63,56,0,4.171086,206.77542,55.61667,73.7513,90.00808,0,NA,64,69.58885,76,12.165668,19.986454,NA,82.7,65.3,0.14
2025-05-13,0.055,GPT,81,60,71,59,0,5.12696,199.09822,56.230988,77.51279,96.522835,0,NA,60,72.40538,81.62341,12.165668,19.117477,NA,83,65.5,0.12
2025-05-14,0.057,GPT,83,74,72,67,0,8.168377,187.31241,60.56571,78.43014,90.420784,0,NA,74,78.35498,85.36422,14.772596,23.462358,NA,83.2,65.8,0.12
2025-05-15,0.034,GPT,85,76,75,72,0,7.212503,184.89236,69.77267,81.58054,90.45971,0,NA,76,82.51179,93.5278,13.90362,21.724405,NA,83.5,66.1,0.12
2025-05-16,0.028,GPT,86,77,76,73.4,0,8.168377,185.34546,69.77267,81.44195,90.49842,0,NA,77,85.244675,95.01588,11.296691,19.986454,NA,83.7,66.4,0.13
2025-05-17,0.031,GPT,86,77,76,73,0,6.430424,191.08797,67.46961,79.04654,90.49842,0,NA,77,85.76213,96.063965,12.165668,18.2485,NA,83.9,66.7,0.14
2025-05-18,0.033,GPT,85,77,76,72,0,5.995936,173.9496,67.46961,81.53939,90.536934,0,NA,77,83.578224,93.5278,13.90362,17.379524,NA,84.2,67,0.13
2025-05-19,0.026,GPT,86,76,75,72,0,7.5600934,165.27895,69.77267,76.77243,87.51125,0,NA,77,85.766556,95.01588,13.90362,19.986454,NA,84.4,67.3,0.14
2025-05-20,0.03,GPT,87,79,77,73,0,8.863558,177.8554,69.77267,77.827705,84.85008,0,NA,79,89.40676,97.56619,15.641572,26.069286,NA,84.6,67.6,0.15
2025-05-21,0.027,GPT,81,66,77,61,0.02,3.6497002,341.81656,52.40035,76.68601,96.599815,0,NA,67,77.74255,88.31387,13.034643,17.379524,NA,84.9,67.8,0.15
2025-05-22,0.053,GPT,88,63,70,55,0,4.7793694,136.88582,34.81615,69.113625,96.599815,0,NA,64,76.581635,86.39314,15.641572,20.85543,NA,85.1,68.1,0.16
2025-05-23,0.03,GPT,87,67,75,66,0,4.431779,162.80818,63.18523,80.53789,96.6429,0,NA,68,83.07352,94.03859,13.034643,17.379524,NA,85.3,68.4,0.17
2025-05-24,0.031,GPT,88,72,76,66,1e-4,5.0400624,189.40889,58.907314,76.040375,87.61058,0,NA,72,86.618805,95.42325,22.593382,33.0211,NA,85.5,68.7,0.18
2025-05-25,0.027,GPT,90,69,76,67,0,5.0400624,165.89854,57.32989,76.96488,93.3847,0,NA,69,85.87282,97.861694,13.90362,17.379524,NA,85.7,69,0.18
2025-05-26,0.025,GPT,87,70,77,67,1.54,6.6911173,154.63263,69.879105,81.980644,100,0,NA,69.8,85.015305,96.063965,15.641572,20.85543,NA,85.9,69.2,0.19
2025-05-27,0.026,GPT,86,75,77,71,0.28,6.169731,177.323,69.77267,80.56071,87.46119,0,NA,76,88.45095,94.50482,18.2485,31.283144,NA,86.1,69.5,0.19
2025-05-28,0.028,GPT,88,70,76,69,1.4,4.5186763,186.45648,63.430904,80.90957,96.740585,0,NA,71,85.40727,96.77919,18.2485,26.069286,NA,86.3,69.8,0.19
2025-05-29,0.035,GPT,84,70,75,68,1.32,3.3890073,118.63722,74.21089,88.944756,96.699196,0,NA,70,75.909096,89.61537,11.296691,16.51055,NA,86.5,70,0.2
2025-05-30,0.037,GPT,90,70,74,67,0,5.8221407,311.86407,49.9956,73.93177,96.68524,0,NA,70,83.00122,94.34032,14.772596,19.986454,NA,86.7,70.3,0.2
2025-05-31,0.053,GPT,84,67,67,55,0,4.605574,344.6629,40.89148,63.087387,87.10323,0,NA,67,75.43924,82.4979,11.296691,19.117477,NA,86.9,70.5,0.2
2025-06-01,0.056,GPT,85,66,66,57,0,2.6938264,205.22043,41.20727,65.22646,93.3292,0,NA,67,77.27657,84.90292,10.427715,15.641572,NA,87.1,70.8,0.2
2025-06-02,0.058,GPT,86,72,69,65,0,3.041417,155.00615,51.310177,69.71636,87.30941,0,NA,73,79.62954,87.77128,12.165668,18.2485,NA,87.2,71,0.2
2025-06-03,0.057,GPT,87,70,72,63,0,8.342172,108.58301,46.34204,70.81675,93.3847,0,NA,70,81.77094,91.23245,18.2485,23.462358,NA,87.4,71.3,0.2
2025-06-04,0.043,GPT,86,75,74,70,0.18,6.6911173,123.426895,59.040016,75.28488,93.54752,0,NA,75,84.10067,92.2798,14.772596,19.117477,NA,87.5,71.5,0.2
2025-06-05,0.038,GPT,89,73,75,71,0.02,2.6069288,181.64015,61.209785,77.214935,96.699196,0,NA,73,85.91527,94.46002,10.427715,14.772596,NA,87.7,71.7,0.21
2025-06-06,0.038,GPT,90,75,77,73,1e-4,5.0400624,207.15807,57.599937,76.04286,93.574135,0,NA,76,89.825516,99.43311,13.034643,19.986454,NA,87.8,71.9,0.21
2025-06-07,0.034,GPT,91,77,78,74,0,5.300755,214.2469,61.716507,77.027504,93.6006,0,NA,77,91.85244,103.20935,13.034643,20.85543,NA,88,72.1,0.21
2025-06-08,0.034,GPT,92,79,78,73,0.35,4.7793694,235.61203,63.553032,76.77856,90.57523,0,NA,79,92.27992,103.121475,11.296691,19.117477,NA,88.1,72.3,0.21
2025-06-09,0.025,GPT,89,72,77,68,3.34,6.3435264,226.9975,65.7036,77.83172,96.68524,0,NA,72,89.1312,100.44386,35.628025,56.483456,NA,88.2,72.5,0.22
2025-06-10,0.035,GPT,88,70,78,67,1.77,3.8234954,254.34912,67.69438,88.51982,100,0,NA,70,80.79959,98.755104,26.938263,34.75905,NA,88.3,72.7,0.22
2025-06-11,0.038,GPT,89,71,75.2,69,0.01,4.2579837,144.68018,65.469315,80.64198,96.6571,0,NA,71,83.22239,97.861694,22.593382,31.283144,NA,88.4,72.8,0.23
2025-06-12,0.022,GPT,89,73,77,71,1e-4,6.6042194,148.87527,65.58669,79.87848,93.52077,0,NA,73,88.0603,100.267876,17.379524,21.724405,NA,88.5,73,0.23
2025-06-13,0.028,GPT,87,74,77,69,0.01,4.5186763,177.72266,67.12895,78.27093,90.420784,0,NA,74,88.1802,96.063965,19.986454,28.676216,NA,88.6,73.1,0.23
2025-06-14,0.025,GPT,90,72,78,67,0.07,4.2579837,208.07524,64.634445,82.91518,96.68524,0,NA,73,86.43042,103.121475,13.034643,19.117477,NA,88.7,73.3,0.23
2025-06-15,0.027,GPT,89,70,76,70,0,3.041417,180.01411,61.209785,81.42438,100,0,NA,70,84.05357,99.23798,13.90362,19.986454,NA,88.8,73.4,0.24
2025-06-16,0.022,GPT,89,74,77,72,0.52,3.215212,191.83128,65.469315,80.64364,96.71307,0,NA,75,86.68285,99.022934,12.165668,20.85543,NA,88.9,73.6,0.25
2025-06-17,0.026,GPT,87,75,77,71.6,0.35,3.475905,193.19472,67.69438,82.89486,96.72687,0,NA,75.2,86.96888,97.18729,14.772596,24.331335,NA,89,73.7,0.26
2025-06-18,0.031,GPT,89,76,78,74,0,4.8662667,174.80037,63.430904,78.76693,96.740585,0,NA,76,90.57231,100.267876,13.034643,19.986454,NA,89.1,73.8,0.24
2025-06-19,0.028,GPT,92,76,77,72,0.37,3.3021097,217.16618,53.97799,79.51463,96.740585,0,NA,76,87.6098,103.20935,17.379524,21.724405,NA,89.1,73.9,0.24
2025-06-20,0.039,GPT,92,74,77,72,0,3.5628026,247.28745,52.324814,75.279915,96.72687,0,NA,74,90.615395,103.20935,11.296691,16.51055,NA,89.2,74,0.26
2025-06-21,0.031,GPT,92,75,77,69,0,4.171086,85.96226,54.118717,74.734604,93.574135,0,NA,77,89.11769,104.57716,13.034643,19.117477,NA,89.3,74.1,0.25
2025-06-22,0.037,GPT,91,73,76,67,0,3.3021097,114.920586,58.64049,76.58387,90.57523,0,NA,73,87.48233,101.83708,13.90362,19.117477,NA,89.3,74.2,0.25
2025-06-23,0.046,GPT,91,76,76,69,0,3.3890073,85.78415,53.836815,76.27219,93.574135,0,NA,76,84.84526,99.63228,13.90362,20.85543,NA,89.4,74.2,0.25
2025-06-24,0.034,GPT,91,74,76,71,0,5.4745502,111.88756,61.46409,75.74732,90.57523,0,NA,74,88.56895,101.83708,13.90362,22.593382,NA,89.4,74.3,0.24
2025-06-25,0.042,GPT,94,75,76,70,0,4.0841885,104.371086,54.118717,73.67477,93.54752,0,NA,76,88.56353,104.58415,11.296691,14.772596,NA,89.5,74.4,0.23
2025-06-26,0.049,GPT,91,75,74,69,0,4.171086,112.364334,50.290165,69.63791,84.54979,0,NA,75,85.10924,96.77919,14.772596,19.117477,NA,89.6,74.4,0.23
2025-06-27,0.051,GPT,89,74,76,71,0.06,2.8676217,148.8892,57.32989,75.387535,93.52077,0,NA,75,86.10028,96.77919,11.296691,13.034643,NA,89.6,74.5,0.24
2025-06-28,0.038,GPT,88,74,76,71,0.76,1.9117477,170.28636,63.308304,78.20302,93.49386,0,NA,74,85.30262,96.77919,10.427715,16.51055,NA,89.7,74.5,0.24
2025-06-29,0.025,GPT,89,75,77,72,0.42,2.8676217,237.9287,63.430904,83.22153,96.740585,0,NA,75,84.19256,97.861694,13.034643,24.331335,NA,89.7,74.6,0.23
2025-06-30,0.03,GPT,91,73,76,70,0.35,3.3890073,254.24535,63.430904,86.45317,96.740585,0,NA,74,80.89262,99.022934,19.117477,26.069286,NA,89.7,74.6,0.24
2025-07-01,0.029,GPT,92,71,77,70,3.32,5.2138577,283.36377,55.966045,84.196815,96.699196,0,NA,72,83.59185,104.57716,46.924717,65.17322,NA,89.8,74.6,0.24
2025-07-02,0.042,GPT,91,73,78,72,0.03,3.5628026,275.49384,59.566097,81.3748,96.699196,0,NA,73,86.43019,100.267876,12.165668,16.51055,NA,89.8,74.7,0.24
2025-07-03,0.044,GPT,94,75,76,65,0,3.3890073,341.60135,39.90157,69.254265,96.740585,0,NA,75,88.4468,98.29748,11.296691,17.379524,NA,89.9,74.7,0.25
2025-07-04,0.047,GPT,94,75,72,65,0,3.9972906,355.8776,39.90157,62.298985,81.8642,0,NA,76,86.05189,96.734535,13.034643,17.379524,NA,89.9,74.7,0.25
2025-07-05,0.047,GPT,93,73,75,69,1.09,3.7365978,24.8755,48.892086,76.51625,90.45971,0,NA,74,82.3304,97.9504,17.379524,21.724405,NA,90,74.7,0.25
2025-07-06,0.05,GPT,91,72,76,69,0,2.5200312,176.48346,52.181175,75.41849,93.4668,0,NA,73,84.51798,100.74215,11.296691,17.379524,NA,90,74.8,0.25
2025-07-07,0.048,GPT,91,73,74,71,0,3.7365978,191.92007,55.552254,74.84123,96.699196,0,NA,74,86.89559,98.35218,12.165668,22.593382,NA,90,74.8,0.25
2025-07-08,0.043,GPT,91,74,76,72,0.03,3.475905,231.13724,55.69064,76.51166,96.699196,0,NA,74,86.40494,99.23798,15.641572,21.724405,NA,90.1,74.8,0.25
2025-07-09,0.032,GPT,90,74,75,69,1e-4,2.780724,270.7824,59.115646,77.02059,93.52077,0,NA,75,84.46178,98.25693,13.90362,24.331335,NA,90.1,74.8,0.26
2025-07-10,0.028,GPT,90,72,77,71,0.31,3.215212,278.04526,59.43528,83.31966,96.71307,0,NA,73,83.1965,97.06639,19.117477,24.331335,NA,90.2,74.8,0.26
2025-07-11,0.029,GPT,90,71,77,70,0,3.215212,236.62787,59.43528,79.38935,96.67121,0,NA,71,85.35634,98.755104,10.427715,18.2485,NA,90.2,74.9,0.26
2025-07-12,0.027,GPT,92,74,77,69,0,3.1283145,170.17804,48.743595,73.457306,93.54752,0,NA,75,89.75601,100.59308,13.034643,19.117477,NA,90.3,74.9,0.27
2025-07-13,0.031,GPT,92,76,77,73.4,0,3.215212,208.47952,55.883614,75.79786,93.6006,0,NA,77,90.35114,101.93281,11.296691,16.51055,NA,90.3,74.9,0.25
2025-07-14,0.035,GPT,92,74,76,72,0,2.085543,235.59569,55.883614,75.37841,93.54752,0,NA,75,89.33412,101.93281,17.379524,23.462358,NA,90.3,74.9,0.23
2025-07-15,0.033,GPT,96,75,79,71,0,3.8234954,311.53937,47.699783,70.90004,93.54752,0,NA,76,92.521385,107.25091,11.296691,17.379524,NA,90.4,74.9,0.23
2025-07-16,0.031,GPT,95,76,77,73,1.55,4.6850176,320.8743,52.468018,77.444820000000007,96.72687,0,NA,76,88.13521,103.34442,19.117477,37.36598,NA,90.4,74.9,0.22
2025-07-17,0.042,GPT,88,76,78,74,0.07,8.4290695,123.10696,69.879105,82.44253,96.740585,0,NA,76,87.823074,100.02887,20.85543,25.200312,NA,90.5,74.9,0.22
2025-07-18,0.034,GPT,88,78,78,75,0.08,5.300755,189.68695,69.985085,79.98093,93.62692,0,NA,79,91.720795,100.267876,13.034643,19.117477,NA,90.5,74.9,0.22
2025-07-19,0.028,GPT,90,77,78,73,1e-4,3.5628026,190.60536,57.599937,78.61355,96.75423,0,NA,77,91.83711,103.121475,12.165668,16.51055,NA,90.5,75,0.22
2025-07-20,0.026,GPT,93,77,78,72,0,3.3890073,193.00523,53.97799,75.18325,96.75423,0,NA,78,93.37163,103.34442,11.296691,15.641572,NA,90.6,75,0.2
2025-07-21,0.029,GPT,94,77,79,72,0,3.3021097,237.62189,50.72883,73.60505,93.6006,0,NA,78,94.43659,104.58415,10.427715,14.772596,NA,90.6,75,0.21
2025-07-22,0.033,GPT,97,79,79,74,0,3.9972906,293.8538,51.01916,73.76269,93.65309,0,NA,86.51871,97.64077,108.85561,13.034643,18.2485,NA,90.7,75,0.22
2025-07-23,0.026,GPT,97,76,78,72,0.28,3.8234954,354.09808,47.997185,78.56675,96.740585,0,NA,76,90.484566,108.54953,22.593382,31.283144,NA,90.7,75,0.21
2025-07-24,0.047,GPT,88,76,78,75,0.13,6.8649125,118.638176,70.090614,84.05298,100,0,NA,75.2,87.74572,100.267876,13.90362,17.379524,NA,90.7,75,0.21
2025-07-25,0.027,GPT,90,77,78.8,73,0.17,7.820786,154.65587,70.534676,78.80794,96.767784,0,NA,77,94.23137,105.21317,17.379524,23.462358,NA,90.8,75,0.21
2025-07-26,0.026,GPT,91,77,79,76,0,5.4745502,156.29703,67.80607,78.97872,96.75423,0,NA,78,94.06137,104.598595,13.90362,19.986454,NA,90.8,75,0.21
2025-07-27,0.022,GPT,92,77,78,74,0,1.9117477,168.28894,57.734264,76.40583,96.75423,0,NA,78,93.72801,103.2619,10.427715,15.641572,NA,90.8,75,0.22
2025-07-28,0.024,GPT,98,78,77,71,0,5.561448,328.20746,44.722626,69.24315,90.61333,0,NA,79,95.06481,106.18853,12.165668,18.2485,NA,90.9,75.1,0.23
2025-07-29,0.036,GPT,99,79,76,72,1e-4,5.387653,324.30002,48.145294,72.45095,87.65986,0,NA,79,92.51324,111.17382,27.80724,38.234955,NA,90.9,75.1,0.23
2025-07-30,0.048,GPT,92,73,79,70,0,4.0841885,257.79712,61.716507,81.32936,90.536934,0,NA,74,86.691795,107.868034,13.90362,18.2485,NA,90.9,75.1,0.22
2025-07-31,0.062,GPT,92,72,76,68,0,3.1283145,214.04181,50.43681,74.10684,93.49386,0,NA,73,87.610596,101.83708,11.296691,16.51055,NA,90.9,75.1,0.22
2025-08-01,0.052,GPT,93,77,77,73,0,3.5628026,221.22011,54.118717,75.45973,93.62692,0,NA,78,92.11198,104.57716,11.296691,19.117477,NA,91,75.1,0.21
2025-08-02,0.035,GPT,89,76,78,73,0.65,3.3890073,15.716793,69.985085,83.27251,96.740585,0,NA,76,86.26949,100.267876,13.90362,19.117477,NA,91,75.1,0.21
2025-08-03,0.031,GPT,92,76,75,70,0,5.300755,338.81372,50.58303,72.7992,93.54752,0,NA,76,86.83754,99.63228,13.90362,18.2485,NA,91,75.1,0.22
2025-08-04,0.039,GPT,88,74,78,70,0.94,3.910393,51.2342,72.24374,82.85544,93.54752,0,NA,74,82.534966,97.18729,15.641572,19.117477,NA,91,75.1,0.22
2025-08-05,0.038,GPT,88,75,77,72,0.21,3.910393,62.97437,65.58669,85.41303,100,0,NA,75,82.831154,99.022934,11.296691,14.772596,NA,91,75.1,0.23
2025-08-06,0.04,GPT,89,74,78,72,0.3,2.6069288,104.558235,65.58669,85.52106,93.65309,0,NA,75,84.55291,97.861694,12.165668,16.51055,NA,91,75.1,0.23
2025-08-07,0.045,GPT,89,76,77,74,0.1,2.085543,74.99637,65.58669,84.53264,96.72687,0,NA,76,84.15704,97.861694,13.90362,16.51055,NA,91,75,0.21
2025-08-08,0.043,GPT,91,75,75,70,0,5.387653,93.24136,52.0371,76.3075,93.574135,0,NA,75,86.51304,97.06639,12.165668,16.51055,NA,91,75,0.21
2025-08-09,0.039,GPT,88,72,75,69,0,5.12696,51.470367,63.18523,76.55779,90.38164,0,NA,72,83.803246,95.42325,11.296691,14.772596,NA,91,75,0.2
2025-08-10,0.033,GPT,89,75,77,72,0,6.430424,92.68585,63.553032,78.51976,90.45971,0,NA,75,87.89651,101.73655,15.641572,19.986454,NA,91,75,0.19
2025-08-11,0.026,GPT,89,75,77,73,0,5.12696,58.540874,63.430904,79.86577,93.54752,0,NA,75,86.71238,99.23798,13.034643,18.2485,NA,91,75,0.19
2025-08-12,0.028,GPT,83,75,77,75,0.12,2.9545193,57.742126,79.530624,92.27507,100,0,NA,76,80.595985,91.15981,17.379524,21.724405,NA,91,74.9,0.19
2025-08-13,0.039,GPT,90,75,80,74,0.01,3.5628026,201.37303,67.917305,83.18869,100,0,NA,75,91.92098,107.76348,12.165668,19.117477,NA,90.9,74.9,0.19
2025-08-14,0.031,GPT,93,74,78,69,0,4.605574,237.0299,47.250732,75.81038,96.699196,0,NA,74,91.79456,104.57716,12.165668,17.379524,NA,90.9,74.9,0.2
2025-08-15,0.027,GPT,92,76,79,71,0.62,2.9545193,281.4505,61.84201,82.51306,93.574135,0,NA,77,88.43373,106.04192,15.641572,26.069286,NA,90.9,74.8,0.22
2025-08-16,0.031,GPT,93,75,77,70,0.81,3.8234954,319.81442,55.966045,82.50028,96.740585,0,NA,75,84.58699,105.963295,24.331335,32.152122,NA,90.8,74.8,0.21
2025-08-17,0.039,GPT,95,75,77,71.6,0.06,2.085543,0.67598325,52.610786,80.875015,96.740585,0,NA,75,86.69202,107.33409,13.90362,20.85543,NA,90.8,74.7,0.22
2025-08-18,0.043,GPT,93,76,76,73,0,3.8234954,133.95456,54.118717,76.76899,96.72687,0,NA,76,88.4633,104.566216,15.641572,20.85543,NA,90.8,74.7,0.22
2025-08-19,0.037,GPT,95,75,78,71,0,3.8234954,98.410675,46.111958,73.3987,93.52077,0,NA,75,90.77091,103.46759,10.427715,13.90362,NA,90.7,74.6,0.22
2025-08-20,0.048,GPT,91,76,77,73,0.26,2.8676217,132.8484,61.337173,79.87138,96.72687,0,NA,76,88.746544,99.23798,12.165668,14.772596,NA,90.7,74.5,0.22
2025-08-21,0.04,GPT,92,75,78,72,0.95,3.3021097,356.2248,57.734264,80.749916,93.574135,0,NA,75,84.47153,103.20935,12.165668,19.117477,NA,90.6,74.5,0.23
2025-08-22,0.038,GPT,89,74,77,70,0.01,2.6938264,339.21838,69.879105,87.206924,96.699196,0,NA,74,79.69804,99.96917,13.034643,19.117477,NA,90.6,74.4,0.23
2025-08-23,0.046,GPT,90,73,76,72,0.01,2.3462358,218.59943,59.303997,78.16713,96.699196,0,NA,74,86.19731,99.23798,7.820786,13.034643,NA,90.5,74.3,0.24
2025-08-24,0.042,GPT,94,75,75,67,0,3.475905,326.15625,44.111877,69.71972,93.52077,0,NA,75,86.49492,98.35218,10.427715,13.90362,NA,90.5,74.2,0.22
2025-08-25,0.05,GPT,91,74,75,70,0,4.344881,79.416336,53.836815,72.08002,90.38164,0,NA,74,86.286446,98.59837,10.427715,15.641572,NA,90.4,74.2,0.22
2025-08-26,0.059,GPT,91,70,71,62,0,3.5628026,62.06638,42.14675,62.733246,84.54979,0,NA,71,81.402985,92.63189,10.427715,16.51055,NA,90.3,74.1,0.2
2025-08-27,0.059,GPT,89,72,71,64,0,3.215212,64.118004,48.145535,68.252754,87.410866,0,NA,72,79.67322,90.56344,11.296691,13.90362,NA,90.2,74,0.2
2025-08-28,0.052,GPT,89,73,75,69,0.18,4.0841885,136.28452,57.32989,75.921074,93.574135,0,NA,73,82.93861,95.77074,13.034643,19.117477,NA,90.2,73.9,0.2
2025-08-29,0.033,GPT,80,71,75,69,0.57,3.1283145,31.182955,74.11623,90.98096,96.71307,0,NA,71,74.89963,83.462776,11.296691,13.034643,NA,90.1,73.7,0.19
2025-08-30,0.03,GPT,86,74,75,70,0.06,4.6924715,356.88815,59.040016,81.56922,96.72687,0,NA,75,81.16691,91.49053,12.165668,14.772596,NA,90,73.6,0.2
2025-08-31,0.042,GPT,88,71,74,69,NA,4.8662667,70.82715,55.274105,80.926216,93.52077,0,NA,71,80.07905,92.2798,10.427715,15.641572,NA,89.9,73.5,0.19
2025-09-01,0.043,GPT,87,71,71,66,0,6.7780147,107.24905,55.134342,71.97975,84.4275,0,NA,72,80.65626,91.49053,17.379524,22.593382,NA,89.8,73.4,0.2
2025-09-02,0.047,GPT,86,71,69,62,0,4.8662667,100.51635,46.18922,68.326546,87.25828,0,NA,72,79.15083,88.30839,12.165668,15.641572,NA,89.7,73.3,0.2
2025-09-03,0.052,GPT,88,67,69,62,0,3.041417,143.55193,44.73916,71.24724,96.599815,0,NA,67,78.505226,89.36775,12.165668,15.641572,NA,89.6,73.1,0.18
2025-09-04,0.047,GPT,89,70,72,63,0,3.9972906,183.82832,46.34204,70.57191,93.41222,0,NA,71,83.06261,93.14648,11.296691,14.772596,NA,89.5,73,0.19
2025-09-05,0.038,GPT,90,73,75,69,0,3.7365978,158.44408,55.413406,75.368004,93.49386,0,NA,73,85.28626,95.77074,11.296691,15.641572,NA,89.4,72.8,0.19
2025-09-06,0.04,GPT,92,74,75,68,0,2.6069288,348.0994,47.10026,75.39539,96.699196,0,NA,74,85.21069,97.9504,11.296691,14.772596,NA,89.3,72.7,0.19
2025-09-07,0.041,GPT,89,71,69,56,0,8.168377,3.600598,48.44538,66.696236,90.26294,0,NA,71,80.57982,92.82899,13.034643,20.85543,NA,89.2,72.5,0.2
2025-09-08,0.043,GPT,88,65,61,52,0,6.256629,2.915609,36.10313,49.968803,67.54545,0,NA,65,76.08064,85.81387,12.165668,16.51055,NA,89.1,72.4,0.2
2025-09-09,0.042,GPT,87,70,73,60,0,5.995936,100.63055,61.081924,76.909065,93.49386,0,NA,71,80.61899,92.2798,14.772596,20.85543,NA,89,72.2,0.21
2025-09-10,0.048,GPT,87,70,72,65,0,4.2579837,115.47313,61.081924,76.00019,93.49386,0,NA,71,81.07643,93.56323,14.772596,19.986454,NA,88.8,72,0.21
2025-09-11,0.061,GPT,91,69,71,61,0,2.6938264,58.988476,39.275574,71.35522,96.6571,0,NA,70,78.97645,90.94932,11.296691,14.772596,NA,88.7,71.8,0.21
2025-09-12,0.064,GPT,92,69,69,63,1e-4,2.2593381,198.09227,40.845272,67.2514,90.22294,0,NA,69,80.682045,92.03283,8.689762,12.165668,NA,88.5,71.6,0.22
2025-09-13,0.065,GPT,89,70,73,69,0,3.8234954,138.98149,57.32989,76.18774,93.41222,0,NA,71,81.507515,94.46002,13.90362,19.986454,NA,88.4,71.4,0.19
2025-09-14,0.058,GPT,90,68,71,61,0,2.4331334,173.5105,40.532368,69.49015,96.61426,0,NA,68,78.75664,89.91811,10.427715,17.379524,NA,88.3,71.2,0.18
2025-09-15,0.057,GPT,91,67,69,61,0,3.041417,164.92574,39.275574,66.829865,93.30121,0,NA,67,79.336136,90.41342,12.165668,16.51055,NA,88.1,71,0.18
2025-09-16,0.06,GPT,88,69,70,65,NA,2.2593381,156.3118,49.69935,73.40628,93.3847,0,NA,70,79.962715,92.39216,7.820786,NA,NA,87.9,70.8,0.17
2025-09-17,0.059,GPT,90,67,71,62,0,3.5628026,145.49716,39.432514,70.971375,93.30121,0,NA,67,78.10622,90.49228,14.772596,19.986454,NA,87.8,70.6,0.16
2025-09-18,0.053,GPT,90,66,69,61,0,2.780724,147.37265,39.275574,71.568665,93.3292,0,NA,68,78.4842,92.154076,11.296691,15.641572,NA,87.6,70.3,0.15
2025-09-19,0.05,GPT,92,68,72,55,0,2.8676217,172.75429,29.742802,71.84388,93.3847,0,NA,69,79.73969,91.47841,11.296691,15.641572,NA,87.4,70.1,0.14
2025-09-20,0.054,GPT,91,69,71,66,0,1.6510549,180.50723,45.353035,73.02307,96.6571,0,NA,70,81.615295,94.727974,11.296691,14.772596,NA,87.2,69.8,0.14
2025-09-21,0.055,GPT,91,69,73,67,0,4.7793694,148.55359,46.9494,72.63514,93.41222,0,NA,70,83.965256,94.34032,13.034643,17.379524,NA,87,69.5,0.13
2025-09-22,0.042,GPT,89,74,74,70,0,6.7780147,137.14284,57.19417,72.31539,93.49386,0,NA,74,86.76647,96.09122,17.379524,24.331335,NA,86.8,69.3,0.13
2025-09-23,0.041,GPT,89,71,75,69,0,5.0400624,161.38869,51.89259,73.36322,96.6571,0,NA,71,86.673065,94.831894,13.034643,19.117477,NA,86.6,69,0.15
2025-09-24,0.03,GPT,89,76,78,73,0.45,4.0841885,198.99034,63.308304,81.93271,96.740585,0,NA,76,86.815735,97.861694,13.034643,24.331335,NA,86.4,68.7,0.14
2025-09-25,0.031,GPT,85,74,77,72,0.19,2.3462358,274.2249,65.233154,88.36304,100,0,NA,75,80.1878,90.974976,10.427715,14.772596,NA,86.2,68.4,0.16
2025-09-26,0.04,GPT,87,70,73,64,1e-4,3.9972906,329.64572,52.980347,76.86357,96.699196,0,NA,70,77.79505,90.07442,12.165668,16.51055,NA,86,68.1,0.15
2025-09-27,0.042,GPT,90,64,66,61,0,4.344881,356.86313,41.834915,65.5166,93.24476,0,NA,65,77.65383,89.91811,11.296691,16.51055,NA,85.7,67.8,0.15
2025-09-28,0.05,GPT,91,65,68,59,0,4.344881,13.4713335,38.062756,64.56891,86.892624,0,NA,65,77.93439,90.05536,11.296691,14.772596,NA,85.5,67.4,0.15
2025-09-29,0.052,GPT,91,70,72,63,0,3.9972906,66.09771,43.650066,69.72133,93.4668,0,NA,70,80.515205,93.56323,12.165668,15.641572,NA,85.2,67.1,0.16
2025-09-30,0.045,GPT,91,70,70,61,0,3.8234954,17.27056,40.845272,65.95132,93.43958,0,NA,70,79.126015,91.47841,12.165668,17.379524,NA,85,66.8,0.15
2025-10-01,0.042,GPT,87,70,70,65,0,3.475905,117.33765,51.60226,72.684364,90.342285,0,NA,72,79.38872,90.07442,12.165668,16.51055,NA,84.7,66.4,0.14
2025-10-02,0.047,GPT,86,68,71,60,0,7.820786,93.80558,58.907314,71.94396,93.41222,0,NA,68,79.59767,90.75653,19.117477,24.331335,NA,84.5,66,0.14
2025-10-03,0.04,GPT,84,70,67,55,0,7.820786,64.80133,51.665134,61.341488,71.1219,0,NA,70,76.94828,84.79359,14.772596,19.986454,NA,84.2,65.7,0.14
2025-10-04,0.037,GPT,81,71,66,60,1e-4,9.037353,56.171318,56.230988,64.63108,73.636375,0,NA,71,75.77782,81.62341,15.641572,21.724405,NA,83.9,65.3,0.14
2025-10-05,0.039,GPT,79,70,74,65,1.19,10.688408,85.295265,68.79399,89.24585,96.699196,0,NA,70,74.39247,78,20.85543,26.938263,NA,83.6,64.9,0.13
2025-10-06,0.031,GPT,86,75,77,73,0.01,9.384943,119.296555,72.0438,86.125046,96.71307,0,NA,75,83.23246,97.18729,17.379524,23.462358,NA,83.3,64.5,0.13
2025-10-07,0.034,GPT,85,74,76,73,0.31,4.5186763,114.31628,76.927475,90.02021,100,0,NA,75,80.94698,92.875336,14.772596,NA,NA,83,64.1,0.12
2025-10-08,0.032,GPT,89,71,74,69,0.68,4.2579837,7.4933395,51.89259,83.3897,100,0,NA,71,80.33966,94.831894,14.772596,21.724405,NA,82.7,63.7,0.13
2025-10-09,0.04,GPT,89,70,69,56,0,7.212503,10.100519,45.046844,65.43933,87.20687,0,NA,70,79.08077,90.440735,12.165668,17.379524,NA,82.4,63.2,0.13
2025-10-10,0.041,GPT,84,67,66,57,0,7.125605,27.847595,44.11933,62.759647,90.14227,0,NA,67,74.23087,83.19942,13.034643,19.986454,NA,82.1,62.8,0.11
2025-10-11,0.042,GPT,83,60,60,54,0,5.4745502,7.299504,38.16895,63.1763,80.77269,0,NA,61,70.65352,82.71364,14.772596,25.200312,NA,81.7,62.4,0.11
2025-10-12,0.054,GPT,82,57,59,49,0,2.4331334,299.95184,34.98846,65.90965,89.85287,0,NA,57,68.32099,80.226974,8.689762,13.90362,NA,81.4,62,0.11
2025-10-13,0.052,GPT,85,55,59,49,0,1.6510549,249.38002,31.73065,66.616875,96.43526,0,NA,56,68.85344,81.94563,8.689762,13.90362,NA,81.1,61.5,0.11
2025-10-14,0.059,GPT,86,58,59,52,0,3.215212,4.637097,32.20481,62.55906,93.07152,0,NA,59,70.68113,84.08383,12.165668,16.51055,NA,80.7,61.1,0.12
2025-10-15,0.064,GPT,87,60,70,54,0,4.171086,105.75563,37.43171,71.802574,96.628624,0,NA,61,71.70985,84.934715,13.90362,17.379524,NA,80.4,60.6,0.11
2025-10-16,0.057,GPT,86,61,67,60,0,1.9117477,171.3899,43.02936,76.290016,100,0,NA,61,72.40974,85.22246,7.820786,12.165668,NA,80,60.2,0.12
2025-10-17,0.051,GPT,83,62,71,61,0,5.2138577,126.94498,58.506363,78.873344,100,0,NA,62,74.663864,85.615944,12.165668,17.379524,NA,79.7,59.7,0.13
2025-10-18,0.046,GPT,85,76,74,69,1e-4,9.993227,148.76447,62.937656,73.67337,84.73089,0,NA,76,81.71557,90.974976,17.379524,22.593382,NA,79.3,59.3,0.12
2025-10-19,0.041,GPT,87,61,76,45,0.13,6.5173216,323.02902,38.16895,65.5869,96.71307,0,NA,62,77.26076,87.0938,15.641572,21.724405,NA,79,58.8,0.13
2025-10-20,0.042,GPT,75,52,61,44,0,5.6483455,105.43187,41.133778,61.700474,86.892624,0,NA,53,66.10662,75,13.034643,23.462358,NA,78.6,58.3,0.12
2025-10-21,0.048,GPT,81,58,69,57,0,3.3890073,175.78354,60.304718,80.1019,93.12993,0,NA,59,71.26405,82.323685,10.427715,16.51055,NA,78.2,57.9,0.12
2025-10-22,0.042,GPT,80,53,66,37,0,5.6483455,4.4811754,22.959717,51.691418,87.15519,0,NA,54,69.08443,79,12.165668,17.379524,NA,77.9,57.4,0.11
2025-10-23,0.048,GPT,78,47,53,40,0,3.1283145,121.601295,26.516108,60.861927,85.94504,0,NA,48,62.45157,78,13.034643,21.724405,NA,77.5,57,0.11
2025-10-24,0.052,GPT,82,52,58,44,0,5.387653,98.79476,28.965698,65.09602,89.552,0,NA,52,65.94408,79.87074,18.2485,26.938263,NA,77.2,56.5,0.11
2025-10-25,0.046,GPT,78,59,69,56,0.07,10.514612,107.26415,66.55171,79.43711,90.30272,0,NA,60,70.71638,78,19.117477,26.069286,NA,76.8,56.1,0.11
2025-10-26,0.041,GPT,78,69,74,68,0.54,7.820786,142.66089,81.58112,88.122505,96.699196,0,NA,70,74.30871,78,17.379524,23.462358,NA,76.4,55.7,0.1
2025-10-27,0.036,GPT,79,62,70,59,0,5.300755,335.01562,53.855663,81.43135,100,0,NA,64,70.42593,78,13.90362,19.117477,NA,76.1,55.2,0.12
2025-10-28,0.04,GPT,77,59,62,57,0,6.082834,59.590256,53.711258,79.649796,96.52633,0,NA,59,66.400696,76,14.772596,19.117477,NA,75.7,54.8,0.11
2025-10-29,0.033,GPT,71,52,67,39,0.58,11.035998,289.20306,38.319256,65.364174,96.61426,0,NA,53,61.08014,70,20.85543,32.152122,NA,75.4,54.4,0.11
2025-10-30,0.032,GPT,66,47,48,44,0,7.125605,310.28433,46.486202,69.77484,92.70664,0,NA,47,56.383274,66,18.2485,25.200312,NA,75,54,0.11
2025-10-31,0.039,GPT,67,42,50,41,0,1.7379525,287.74844,41.581432,76.84782,96.24313,0,NA,42,53.574657,66,10.427715,13.034643,NA,74.7,53.6,0.11
2025-11-01,NA,GPT,69,44,52,43,0,2.3462358,114.67918,45.215736,75.973015,96.30871,0,NA,44,56.31609,69,10.427715,13.034643,NA,74.3,53.2,0.14
2025-11-02,NA,GPT,72,50,52,41,0,5.6483455,343.80887,35.028893,64.71238,89.552,0,NA,50,59.26272,71,13.034643,17.379524,NA,74,52.8,0.13
2025-11-03,NA,GPT,69,41,43,36,0,4.171086,357.8002,29.661081,61.09819,89.14742,0,NA,40.646614,54.48334,69,13.90362,18.2485,NA,73.6,52.5,0.13
2025-11-04,NA,GPT,71,42,51,40,0,2.6938264,97.02466,32.41817,69.46582,96.30871,0,NA,41.26356,55.47456,71,12.165668,15.641572,NA,73.3,52.1,0.15
2025-11-05,NA,GPT,76,47,60,45,0,2.2593381,143.80078,53.711258,80.71118,96.49632,0,NA,47,61.177002,76,10.427715,13.90362,NA,73,51.8,0.14
2025-11-06,NA,GPT,77,52,64,52,0,3.3890073,123.538994,57.691505,84.58223,100,0,NA,52,63.97087,76,13.90362,17.379524,NA,72.6,51.4,0.13
2025-11-07,NA,GPT,80,59,72,59,0,3.910393,168.68256,73.9256,90.5448,100,0,NA,59,70.33266,83.462776,13.034643,19.117477,NA,72.3,51.1,0.13
2025-11-08,NA,GPT,81,60,70,60,0,3.3021097,201.5305,60.304718,85.590904,100,0,NA,60,71.460106,82.323685,12.165668,16.51055,NA,72,50.8,0.13
2025-11-09,NA,GPT,74,48,70,33,0,9.645637,330.33676,30.856943,65.98595,100,0,NA,42.365353,64.43402,73,22.593382,32.152122,NA,71.7,50.5,0.13
2025-11-10,NA,GPT,54,34,34,18,0,9.993227,327.92908,24.863451,47.541004,69.25534,0,NA,30.272263,39.80175,54,19.986454,27.80724,NA,71.4,50.2,0.14
2025-11-11,NA,GPT,54,27,37,18,0,2.8676217,108.42308,27.777893,58.336834,92.44886,0,NA,26.402206,39.999187,53.6,11.296691,14.772596,NA,71.1,49.9,0.13
2025-11-12,NA,GPT,69,38,56,37,0,2.9545193,172.95126,54.525536,76.8687,96.41977,0,NA,36.690838,55.89648,68,11.296691,14.772596,NA,70.8,49.7,0.13
2025-11-13,NA,GPT,76,48,61,48,0,1.8329749,209.48338,57.41601,83.080376,96.46597,0,NA,49,61.635124,74,8.689762,14.772596,NA,70.5,49.4,0.14
2025-11-14,NA,GPT,78,52,59,51.8,0,1.6510549,346.38376,51.665134,88.70807,100,0,NA,52,59.107876,75,7.820786,12.165668,NA,70.2,49.2,0.14
2025-11-15,NA,GPT,75,50,63,49,0,3.1283145,175.54913,53.275234,79.79197,96.40418,0,NA,50,63.56028,73,10.427715,17.379524,NA,69.9,48.9,0.14
2025-11-16,NA,GPT,81,55,63,56,0,3.041417,265.75443,52.40035,82.093704,100,0,NA,56,67.22645,81.0326,13.90362,19.986454,NA,69.7,48.7,0.13
2025-11-17,NA,GPT,76,56,66,56,0,3.5628026,134.09387,66.31745,87.29348,100,0,NA,56,66.28223,76,8.689762,12.165668,NA,69.4,48.5,0.14
2025-11-18,NA,GPT,78,59,69,60.8,0,4.0841885,150.02121,73.829636,91.44407,100,0,NA,60.8,68.98997,77,13.034643,16.51055,NA,69.1,48.3,0.13
2025-11-19,NA,GPT,79,60,70,60,0,1.7379525,164.59697,64.391594,93.45886,100,0,NA,60,67.52739,79,8.689762,13.034643,NA,68.9,48.1,0.13
2025-11-20,NA,GPT,77,62,69,62,0,5.12696,132.33946,62.055984,90.37499,100,0,NA,62,69.002975,77,11.296691,14.772596,NA,68.6,47.9,0.14
2025-11-21,NA,GPT,77,69,70,67,0,6.5173216,157.94753,73.829636,87.12348,100,0,NA,69,73.047386,77,13.034643,19.986454,NA,68.4,47.8,0.14
2025-11-22,NA,GPT,80,66,71,66,0,2.8676217,259.8135,69.23361,88.201775,100,0,NA,66,72.95377,82.86111,8.689762,13.034643,NA,68.1,47.6,0.13
2025-11-23,NA,GPT,79,57,67,53,0,5.12696,355.5039,43.33624,74.242424,100,0,NA,58,66.47247,77,10.427715,13.90362,NA,67.9,47.4,0.13
2025-11-24,NA,GPT,75,51,71,51,0,5.7352433,127.48259,66.31745,87.5347,100,0,NA,51,65.887245,75,14.772596,18.2485,NA,67.7,47.3,0.14
2025-11-25,NA,GPT,80,65,72,65,1e-4,6.169731,169.76749,76.49357,89.41533,100,0,NA,65,72.88989,79,13.90362,22.593382,NA,67.4,47.1,0.13
2025-11-26,NA,GPT,71,49,61,31,0,8.689762,343.05014,40.490986,66.574615,96.49632,0,NA,43.949753,60.91769,70,15.641572,22.593382,NA,67.2,47,0.13
2025-11-27,NA,GPT,63,41,33,21,0,7.820786,352.42233,20.446863,43.47738,64.73628,0,NA,36.369637,47.682903,63,15.641572,24.331335,NA,67,46.9,0.13
2025-11-28,NA,GPT,58,37,31,18,0,6.6911173,19.775612,25.17971,48.577457,75.636185,0,NA,32.756535,44.373867,57,14.772596,22.593382,NA,66.8,46.7,0.13
2025-11-29,NA,GPT,67,43,54,28,0,8.255275,87.86103,49.158375,63.493053,86.457565,0,NA,38.18721,54.370457,66,18.2485,23.462358,NA,66.6,46.6,0.14
2025-11-30,NA,GPT,69,52,58,50,0,5.995936,14.372799,67.54545,80.00935,92.95269,0,NA,52,59.44948,68,18.2485,22.593382,NA,66.3,46.5,0.13
2025-12-01,NA,GPT,61,48,56,46,3.23,7.125605,22.545454,74.8438,89.70273,100,NA,NA,43.0322,53.039524,60,14.772596,21.724405,NA,66.1,46.4,0.12
2025-12-02,NA,GPT,57,39,56,34,0.01,10.25392,340.55893,66.260666,82.25634,96.45066,NA,NA,33.00014,45.006798,57,19.117477,25.200312,NA,65.9,46.3,0.12
2025-12-03,NA,GPT,51,37,44,33,0,4.344881,40.576073,62.82601,79.23164,92.67508,0,NA,30.873676,41.41608,50,10.427715,13.90362,NA,65.7,46.2,0.11
2025-12-04,NA,GPT,59,48,57,43,3.05,6.5173216,37.91144,76.76083,94.71681,100,NA,NA,42.365353,50.062935,58,15.641572,23.462358,NA,65.5,46,0.12
2025-12-05,NA,GPT,51,47,47,45,0.03,6.6042194,352.9202,82.925804,91.039795,96.30871,NA,NA,41.09262,46.75871,51,18.2485,23.462358,NA,65.3,45.9,0.12
2025-12-06,NA,GPT,52,48,49,46,0.14,3.6497002,39.840355,89.41942,93.76563,96.34091,NA,NA,44.80021,48.586212,51,8.689762,12.165668,NA,65.1,45.8,0.13
2025-12-07,NA,GPT,65,51,56,49,0.05,4.431779,48.829906,72.54121,91.81885,100,0,NA,51,55.873867,65,10.427715,14.772596,NA,64.9,45.7,0.13
2025-12-08,NA,GPT,58,44,54,37,0.08,10.25392,357.4635,59.402515,76.09466,96.41977,NA,NA,40.646614,50.576355,57,19.117477,26.938263,NA,64.8,45.6,0.14
2025-12-09,NA,GPT,52,34,41,35,0,3.1283145,261.3115,65.74503,82.693085,100,0,NA,31.145733,42.60643,50,8.689762,13.90362,NA,64.6,45.5,0.14
2025-12-10,NA,GPT,65,34,54,33.8,0,3.1283145,243.05786,62.636307,82.48936,100,0,NA,33.8,50.801395,64,11.296691,16.51055,NA,64.4,45.4,0.14
2025-12-11,NA,GPT,59,38,45,33,0,3.3890073,22.66836,40.113743,75.01784,100,0,NA,34.708565,46.73186,58,11.296691,16.51055,NA,64.2,45.2,0.14
2025-12-12,NA,GPT,70,39,62,38,0,2.6938264,143.89294,67.89182,86.682,100,0,NA,39,56.627876,69,7.820786,10.427715,NA,64,45.1,0.13
2025-12-13,NA,GPT,73,59,65,59,0,3.1283145,141.20934,73.343155,90.41046,100,0,NA,60,65.24947,73,8.689762,13.034643,NA,63.9,45,0.14
2025-12-14,NA,GPT,62,33,60,13,0,11.731179,355.31323,34.53232,66.46231,100,0,NA,23.730122,47.30667,62,22.593382,33.89007,NA,63.7,44.9,0.14
2025-12-15,NA,GPT,50,27,31,11,0,4.2579837,20.213604,31.579824,54.563576,92.2131,0,NA,19.50849,32.100582,50,14.772596,21.724405,NA,63.5,44.8,0.14
2025-12-16,NA,GPT,62,29,49,23,0,2.780724,105.393936,39.11983,72.50279,96.32486,0,NA,26.402206,45.766506,61,8.689762,12.165668,NA,63.4,44.6,0.14
2025-12-17,NA,GPT,62,48,60,44,0.17,4.344881,75.21348,74.4576,86.71948,96.51137,0,NA,46.104233,56.534718,62.6,13.034643,19.986454,NA,63.2,44.5,0.16
2025-12-18,NA,GPT,71,62,65,61,0.1,7.0387077,137.01363,81.29232,90.150635,100,0,NA,62,66.021324,70,13.90362,18.2485,NA,63,44.4,0.17
2025-12-19,NA,GPT,67,39,57,28,0,5.561448,344.8164,27.710651,56.068764,92.51444,0,NA,39,51.945793,65,26.938263,36.497,NA,62.9,44.3,0.16
2025-12-20,NA,GPT,69,36,60,36,0,3.3021097,138.08525,63.147846,83.68244,96.48119,0,NA,38,54.9356,69,11.296691,14.772596,NA,62.7,44.1,0.16
2025-12-21,NA,GPT,73,56,68,56,1.06,2.6938264,143.47292,81.50947,95.939995,100,0,NA,56,64.50411,73,8.689762,11.296691,NA,62.6,44,0.17
2025-12-22,NA,GPT,69,60,67,57,0.75,7.4731956,108.3915,70.27102,87.83526,100,0,NA,60,65.67289,68,15.641572,21.724405,NA,62.4,43.9,0.17
2025-12-23,NA,GPT,73,55,65,55,0,3.3890073,130.06413,76.04932,91.039505,100,0,NA,56,64.16097,73,13.034643,15.641572,NA,62.3,43.7,0.16
2025-12-24,NA,GPT,74,57,66,57,0,1.1296691,144.28899,75.959206,95.369606,100,0,NA,57.2,62.768364,74,6.95181,10.427715,NA,62.2,43.6,0.16
2025-12-25,NA,GPT,71,56,64,56,0,1.7379525,163.71114,73.14542,94.08942,100,0,NA,56,61.170315,71,6.95181,10.427715,NA,62.1,43.5,0.16
2025-12-26,NA,GPT,74,61,67,62,0,2.6069288,206.4941,76.13901,91.52355,100,0,NA,62,67.542854,74,8.689762,18.2485,NA,61.9,43.3,0.17
2025-12-27,NA,GPT,74,63,68,63,0,3.7365978,190.81873,81.43745,92.21565,100,0,NA,63,68.100624,73,8.689762,13.90362,NA,61.8,43.2,0.15
2025-12-28,NA,GPT,75,64,67,63,0,3.8234954,179.33374,73.44134,87.93594,100,0,NA,64,68.788155,74,11.296691,18.2485,NA,61.7,43.1,0.16
2025-12-29,NA,GPT,69,38,67,16,1e-4,12.600156,334.47287,23.656837,53.989624,100,NA,NA,29.25515,50.068954,68,25.200312,39.10393,NA,61.6,43,0.14
2025-12-30,NA,GPT,52,32,27,17,0,8.515967,337.2089,26.76591,49.932068,81.53968,0,NA,23.274395,33.695312,51,17.379524,24.331335,NA,61.5,42.9,0.15
2025-12-31,NA,GPT,55,28,39,21,0,3.041417,247.69731,30.42933,63.32055,92.48175,0,NA,24.115845,40.65778,55,10.427715,15.641572,NA,61.4,42.8,0.15
2026-01-01,NA,GPT,67,36,49,34,0,3.1283145,238.0274,30.373575,68.664856,100,0,NA,35.6,52.15746,66,11.296691,14.772596,NA,61.3,42.7,0.19
2026-01-02,NA,GPT,66,46,61,45,1e-4,4.0841885,185.9991,75.128654,87.18387,100,NA,NA,46,58.286552,65,11.296691,20.85543,NA,61.3,42.6,0.19
2026-01-03,NA,GPT,79,59,69,53,0.08,5.8221407,305.67392,57.965057,82.87603,100,0,NA,59,67.98495,79,14.772596,23.462358,NA,61.2,42.5,0.18
2026-01-04,NA,GPT,63,52,54,50,0,4.8662667,20.885187,64.87046,80.17922,96.388504,0,NA,52,57.701046,63,13.034643,19.117477,NA,61.1,42.4,0.18
2026-01-05,NA,GPT,70,50,61,51,0,2.9545193,125.001755,65.360794,88.11177,100,0,NA,52,59.28223,69,10.427715,13.90362,NA,61.1,42.3,0.18
2026-01-06,NA,GPT,74,53,65,53,0,3.5628026,203.01025,70.80636,89.1309,100,0,NA,53,64.369896,73,11.296691,17.379524,NA,61,42.2,0.17
2026-01-07,NA,GPT,75,59,66,60,0,3.1283145,191.06432,73.53908,91.88641,100,0,NA,60,66.71024,74,10.427715,13.90362,NA,61,42.2,0.16
2026-01-08,NA,GPT,75,62,68,62,0,7.5600934,144.10014,78.819,92.31073,100,0,NA,62,68.37561,74,15.641572,22.593382,NA,60.9,42.1,0.16
2026-01-09,NA,GPT,76,67,70,66,0,10.25392,153.46736,81.65243,91.606186,96.6571,0,NA,68,70.87603,75,15.641572,26.938263,NA,60.9,42.1,0.16
2026-01-10,NA,GPT,73,56,70,48.2,0.47,7.2994003,295.2447,71.83594,88.95505,100,0,NA,56,68.0223,72,19.117477,26.938263,NA,60.9,42,0.17
2026-01-11,NA,GPT,62,43,46,25,0,10.340817,349.49234,30.634087,49.96041,76.94182,0,NA,38.77837,50.618263,61,19.986454,29.545193,NA,60.9,42,0.16
2026-01-12,NA,GPT,55,33,32,21,0,4.171086,7.2926445,27.250074,55.000267,88.62398,0,NA,29.831749,40.418266,54,11.296691,19.986454,NA,60.9,42,0.16
2026-01-13,NA,GPT,56,29,43,20,0,1.9117477,175.97844,29.161465,65.59962,95.98255,0,NA,25.259026,43.81594,56,8.689762,13.034643,NA,60.9,42,0.16
2026-01-14,NA,GPT,65,45,48,41,0.05,5.387653,294.26886,49.853954,73.42923,92.70664,NA,NA,42.600967,52.963734,63,13.90362,19.986454,NA,60.9,42,0.15
2026-01-15,NA,GPT,53,32,44,18,0,6.6911173,328.49753,25.795038,57.565548,88.57473,0,NA,33,40.623775,52,14.772596,24.331335,NA,61,42,0.14
2026-01-16,NA,GPT,63,31,51,29,0,5.12696,166.43094,49.545654,73.30005,96.0187,0,NA,27.545387,50.291794,63,13.90362,21.724405,NA,61,42,0.14
2026-01-17,NA,GPT,61,44,53,29,0.14,9.384943,353.74414,34.109657,61.627514,92.95269,NA,NA,37.63112,50.415344,60,17.379524,22.593382,NA,61,42,0.13
2026-01-18,NA,GPT,51,28,29,10,1e-4,7.820786,323.03098,21.374,43.616623,78.14515,NA,NA,24.32596,35.165333,50,19.986454,27.80724,NA,61.1,42.1,0.13
2026-01-19,NA,GPT,58,27,34,17,0,1.9986453,321.84488,24.125748,61.91481,92.31534,0,NA,28,40.22637,55,10.427715,13.90362,NA,61.1,42.1,0.14
2026-01-20,NA,GPT,60,33,40,30,0,1.8248501,122.38043,33.06891,71.05578,92.51444,0,NA,33,44.467846,59,11.296691,13.034643,NA,61.2,42.2,0.14
2026-01-21,NA,GPT,68,40,60,37,0,6.8649125,131.28491,60.621716,79.682526,93.15888,0,NA,38.9772,56.493454,67,14.772596,19.986454,NA,61.3,42.3,0.14
2026-01-22,NA,GPT,72,58,63,56,0.05,4.2579837,145.47902,70.70024,87.73675,100,0,NA,58,63.959442,71,12.165668,17.379524,NA,61.4,42.4,0.14
2026-01-23,NA,GPT,65,53,55,48,0,6.430424,21.008434,67.54545,84.36729,96.41977,0,NA,54,57.87791,65,13.90362,22.593382,NA,61.4,42.5,0.15
2026-01-24,NA,GPT,66,49,65,44,0.82,8.602865,72.62748,76.85155,86.462944,100,NA,NA,50,56.485016,66,19.117477,23.462358,NA,61.5,42.6,0.15
2026-01-25,NA,GPT,68,32,67,27,0.54,10.862203,304.2541,81.53968,92.70886,100,NA,NA,21.568403,48.405903,68,26.938263,39.972908,NA,61.6,42.7,0.14
2026-01-26,NA,GPT,43,26,27,16,0,13.469131,339.1539,34.65885,61.14368,84.90479,0,NA,13.881657,22.14013,34.228836,21.724405,31.283144,NA,61.7,42.8,0.15
2026-01-27,NA,GPT,48,21,28,9,0,4.431779,333.44443,22.564486,65.28597,92.143906,0,NA,12.589841,28.741186,44.693104,10.427715,13.90362,NA,61.9,42.9,0.15
2026-01-28,NA,GPT,55,26,34,21,0,2.6069288,301.05435,28.429186,67.16249,92.31534,0,NA,21.917225,38.07674,54,11.296691,15.641572,NA,62,43.1,0.16
2026-01-29,NA,GPT,56,27,39,26,0,2.4331334,119.8227,34.866077,72.841995,96.141754,0,NA,27,41.477,55,10.427715,17.379524,NA,62.1,43.2,0.17
2026-01-30,NA,GPT,63,33,48,28,0,5.6483455,328.86432,50.569492,73.635925,100,0,NA,29.638048,45.556046,61,20.85543,30.41417,NA,62.2,43.3,0.16
2026-01-31,NA,GPT,38,23,25,4,0,15.467777,331.07162,26.523394,42.52161,66.54722,0,NA,11.81982,19.197025,25.819857,26.938263,38.234955,NA,62.4,43.5,0.17
2026-02-01,NA,GPT,48,19,22,8,0,5.9090385,326.33237,23.915041,50.98882,81.15067,0,NA,10.151997,25.340769,43.59584,13.034643,21.724405,NA,62.5,43.7,0.14
2026-02-02,NA,GPT,53,24,35,22,0,2.9545193,197.08406,37.70085,62.368496,88.1703,0,NA,22.972662,39.61211,52,11.296691,18.2485,NA,62.6,43.8,0.15
2026-02-03,NA,GPT,67,35,54,34,0,3.5628026,188.40656,56.294388,77.57002,96.08966,0,NA,35,53.078747,66,13.034643,20.85543,NA,62.8,44,0.14
2026-02-04,NA,GPT,64,40,56,30,0.29,7.994581,331.5654,40.76953,72.81543,100,NA,NA,33.83994,54.14426,63,18.2485,25.200312,NA,62.9,44.2,0.14
2026-02-05,NA,GPT,54,31,32,22,0,7.7338886,321.76093,34.1976,61.675564,88.62398,0,NA,23.513834,37.0577,53,19.986454,27.80724,NA,63.1,44.4,0.14
2026-02-06,NA,GPT,73,32,46,31,0,4.8662667,265.28406,31.499441,64.22717,96.0544,0,NA,33,53.929535,73,13.90362,22.593382,NA,63.3,44.6,0.14
2026-02-07,NA,GPT,69,42,43,29,0,5.6483455,8.471415,23.157667,51.75199,92.61139,0,NA,42.406742,54.282497,69,13.034643,18.2485,NA,63.4,44.7,0.14
2026-02-08,NA,GPT,65,34,53,32,0,3.041417,153.86449,50.007416,74.073906,96.388504,0,NA,34,51.65704,64,12.165668,16.51055,NA,63.6,44.9,0.15
2026-02-09,NA,GPT,71,48,58,48,0,3.5628026,195.84607,63.526188,85.8121,100,0,NA,49,59.602787,71,11.296691,19.117477,NA,63.8,45.1,0.15
2026-02-10,NA,GPT,71,54,61,54,0,3.041417,169.72665,68.12028,88.52793,100,0,NA,55,62.309647,70,10.427715,13.90362,NA,63.9,45.3,0.16
2026-02-11,NA,GPT,75,57,64,57,0,2.780724,199.7714,66.31745,85.350464,100,0,NA,58,65.55261,75,12.165668,19.117477,NA,64.1,45.5,0.16
2026-02-12,NA,GPT,73,57,60,54,0,3.1283145,47.037163,56.9991,84.3358,100,0,NA,57,61.921253,71,8.689762,13.90362,NA,64.3,45.7,0.17
2026-02-13,NA,GPT,69,55,59,54,0,2.6938264,156.64397,65.48212,88.62702,100,0,NA,55,60.781322,69,7.820786,12.165668,NA,64.5,45.9,0.17
2026-02-14,NA,GPT,70,51,64,51,0.01,8.4290695,120.24607,61.018894,85.952156,100,0,NA,51,62.123344,69,20.85543,26.069286,NA,64.7,46.1,0.16
2026-02-15,NA,GPT,75,58,66,51,0.62,11.5573845,279.76416,51.665134,75.826065,96.58529,0,NA,58,65.503136,75,19.117477,30.41417,NA,64.8,46.3,0.18
2026-02-16,NA,GPT,60,52,51,50,0,4.431779,7.0278287,72.02478,78.46553,92.861755,0,NA,52,57.029964,59,13.034643,19.986454,NA,65,46.5,0.16
2026-02-17,NA,GPT,69,46,61,46,0,7.907684,126.969345,65.602936,87.06725,100,0,NA,44.693104,59.11446,69,17.379524,22.593382,NA,65.2,46.7,0.17
2026-02-18,NA,GPT,75,61,67,60,0,5.995936,176.18332,68.68291,88.38666,100,0,NA,61,67.87891,75,11.296691,19.117477,NA,65.4,46.9,0.17
2026-02-19,NA,GPT,75,67,69.8,66,0,6.6042194,188.9286,81.58112,92.13592,100,0,NA,67,70.28962,75,11.296691,19.986454,NA,65.6,47.1,0.16
2026-02-20,NA,GPT,80,66,71,66,0,4.8662667,192.30037,66.784035,87.35347,100,0,NA,66,73.31484,79,12.165668,19.117477,NA,65.8,47.3,0.16
2026-02-21,NA,GPT,82,63,71,51,0.04,7.125605,236.40205,64.634445,82.40168,96.6571,0,NA,63,74.015915,83.774414,20.85543,30.41417,NA,66,47.5,0.16
2026-02-22,NA,GPT,63,42,47,14,0,14.425006,337.46503,16.224686,38.731964,62.116566,0,NA,36.76216,50.62583,61,26.069286,37.36598,NA,66.1,47.6,0.15
2026-02-23,NA,GPT,57,35,24,14,0,10.25392,336.0233,19.568453,36.86413,54.05192,0,NA,28.487572,40.90454,57,19.117477,26.938263,NA,66.3,47.8,0.16
2026-02-24,NA,GPT,56,28,46,20,0,4.8662667,167.31215,38.19988,58.763268,81.385345,0,NA,29.831749,44.498585,55,11.296691,19.986454,NA,66.5,48,0.16
2026-02-25,NA,GPT,71,50,60,48,0,6.5173216,180.84438,60.887005,74.696396,86.401855,0,NA,54,63.298954,70,13.90362,26.938263,NA,66.7,48.2,0.17
2026-02-26,NA,GPT,73,62,63,60,0,4.9531646,188.17036,68.233765,82.82842,96.55598,0,NA,62,67.09547,72,13.90362,24.331335,NA,66.9,48.4,0.18
2026-02-27,0.04,GPT,78,57,66,56,0.06,3.5261323,124.0838,68.57134,90.497116,100,0,NA,57,64.89658,75.2,13,19.117477,NA,67.1,48.6,0.18
2026-02-28,0.045,GPT,74,51,58,51,0,2.9135888,139.96666,54.9584,83.24434,100,0,NA,51,60.469547,73,14,18.2485,NA,67.3,48.8,0.17
2026-03-01,0.043,GPT,72,48,58,47,0,3.3198607,146.26312,51.218533,82.517080000000007,100,0,NA,48,59.441116,72,12,16.51055,NA,67.5,49,0.16
2026-03-02,0.042,GPT,74,49,65,49,0,6.1512194,120.2381,57.41601,86.01278,100,0,NA,50,63.055332,74,14,18.2485,NA,67.7,49.1,0.16
2026-03-03,0.04,GPT,76,66,66.2,62,0,11.904975,117.24888,68.68291,86.87118,100,0,NA,66,69.46593,76,18.2485,23.462358,NA,67.9,49.3,0.16
2026-03-04,0.037,GPT,76,65,66.2,62,0,9.993227,117.39439,66.31745,86.35317,100,0,NA,65,69.82383,75,18.2485,24.331335,NA,68.1,49.5,0.17
2026-03-05,0.028,GPT,75,66,69.8,64.4,0,10.167022,116.9802,73.48049,88.31306,100,0,NA,66,70.34063,75,15.641572,20.85543,NA,68.3,49.7,0.16
2026-03-06,0.027,GPT,78,69,71,68,0,12.252565,125.70162,79.05967,90.86441,100,0,NA,69,72.260284,77,19.117477,25.200312,NA,68.5,49.9,0.17
2026-03-07,0.028,GPT,79,71,71.6,70,1e-4,10.775306,133.82133,76.49357,90.394936,100,0,NA,71,73.35348,78,17.379524,22.593382,NA,68.7,50.1,0.17
2026-03-08,0.033,GPT,75,62,67,63,1.43,4.171086,34.12779,68.68291,90.42926,100,0,NA,63,68.38286,75,14.772596,19.986454,NA,68.8,50.2,0.16
2026-03-09,0.029,GPT,78,62,72,62,1e-4,6.169731,150.36334,76.49357,90.61544,100,0,NA,62,70.97603,78,13.034643,18.2485,NA,69,50.4,0.17
2026-03-10,0.026,GPT,80,69,72,69,0,7.646991,155.91504,76.58117,89.41638,100,0,NA,69,74.51177,79,14.772596,21.724405,NA,69.2,50.6,0.15
2026-03-11,NA,GPT,80,62,72,60,0.64,10.775306,157.85725,76.58117,86.354675,94.11272,0,NA,62,75.51508,79,22.593382,36.497,NA,69.4,50.8,0.15
2026-03-12,0.037,GPT,65,44,61,33,0.45,9.384943,348.946,30.212187,67.01812,96.52633,0,NA,46,58.25268,65,24.331335,34.75905,NA,69.6,51,0.14
2026-03-13,0.047,GPT,67,41,51,37,0,2.9545193,137.62599,47.35272,71.06934,92.89224,0,NA,41.26356,54.68876,67,10.427715,14.772596,NA,69.8,51.2,0.15
2026-03-14,0.052,GPT,72,46,63,45,0,5.7352433,136.74713,54.814598,79.95225,100,0,NA,46,61.064808,72,13.90362,18.2485,NA,70,51.4,0.15
2026-03-15,0.041,GPT,77,69,71,61,0.33,9.471841,158.21738,75.68629,85.43681,94.06835,0,NA,69,72.476234,77,17.379524,24.331335,NA,70.2,51.6,0.16
2026-03-16,0.042,GPT,74,38,71,20,0.21,13.702439,324.3773,27.250074,57.041965,93.12993,NA,NA,36.405403,51.284733,74,25,36.497,NA,70.4,51.7,0.16
2026-03-17,0.044,GPT,57,33,32,13,NA,4.873171,343.8654,17.924213,51.069088,88.62398,NA,NA,28.435831,41.373535,56,13,19.117477,NA,70.6,51.9,0.16
2026-03-18,0.048,GPT,60,34,40,21,0,2.9463415,139.78918,22.7453,57.832363,88.72162,0,NA,34.404476,47.749428,59,9,13.034643,NA,70.8,52.1,0.17
2026-03-19,0.053,GPT,68,39,49,37,0,2.5777004,180.99397,33.05262,65.93735,96.17596,0,NA,40,54.930313,67,11,16.51055,NA,71,52.3,0.17
2026-03-20,0.056,GPT,73,46,55,46,1e-4,3.009756,183.52928,44.008972,72.251755,96.30871,NA,NA,47,60.889362,72,10,15.641572,NA,71.2,52.5,0.17
2026-03-21,0.056,GPT,76,49,63,49,0,4.3351917,200.38087,51.218533,76.643166,96.372734,0,NA,50,64.49645,75,12,22.593382,NA,71.4,52.7,0.19
2026-03-22,0.049,GPT,78,58,64.4,57.2,0,5.2138577,209.96336,55.8111,78.837944,100,0,NA,57.2,69.296165,77,13.034643,22.593382,NA,71.6,52.9,0.19
2026-03-23,0.043,GPT,83,57,64,57,0,4.2579837,258.94125,47.2362,73.511314,100,0,NA,57,71.6382,82.551476,13.90362,20.85543,NA,71.8,53.1,0.19
2026-03-24,0.052,GPT,80,59,59,45,0,3.910393,44.895653,35.99668,60.383396,89.8949,0,NA,60,67.52195,78,10.427715,14.772596,NA,71.9,53.3,0.19
2026-03-25,0.044,GPT,74,55,66,55,0,6.256629,130.65677,73.53908,86.582375,96.48119,0,NA,57,66.41644,74,15.641572,19.986454,NA,72.1,53.5,0.19
2026-03-26,0.045,GPT,77,64,67,63,0,5.12696,151.89761,64.14679,83.36629,96.58529,0,NA,65,70.41674,76,13.90362,18.2485,NA,72.3,53.8,0.18
2026-03-27,0.046,GPT,81,61,68,60,0,3.475905,217.1906,48.95129,79.12935,100,0,NA,61,71.933136,81.62341,11.296691,17.379524,NA,72.5,54,0.17
2026-03-28,0.042,GPT,77,59,61,34,0,9.645637,6.896461,21.633932,43.555737,75.68629,0,NA,60,67.43554,77,19.117477,28.676216,NA,72.7,54.2,0.17
2026-03-29,0.044,GPT,72,56,63,36,1e-4,11.5573845,99.36185,42.080463,70.47659,84.05295,0,NA,57,65.43289,71,19.986454,27.80724,NA,72.9,54.4,0.17
2026-03-30,0.04,GPT,76,61,68,55.4,1e-4,10.445296,108.9621,76.13901,82.69657,93.357025,0,NA,60.8,69.203545,75,17,23.462358,NA,73.1,54.6,0.18
2026-03-31,0.042,GPT,79,68,70,66.2,0,10.922648,127.63036,73.9256,87.40226,96.6429,0,NA,69,72.96934,78,16,23.462358,NA,73.3,54.8,0.19
2026-04-01,NA,GPT,78,72,72,66.2,0.07,10.775306,138.54211,78.22687,88.66023,93.4668,0,NA,72,73.5423,78,22.593382,31.283144,NA,73.5,55,0.21
2026-04-02,0.041,GPT,79,70,70,67,1e-4,12.339462,130.93015,69.12441,84.481415,93.43958,0,NA,70,73.74007,79,17.379524,23.462358,NA,73.7,55.3,0.21
2026-04-03,0.038,GPT,79,71,71,67,0,11.035998,126.8203,69.01474,82.70606,90.38164,0,NA,72,74.452484,79,15.641572,22.593382,NA,73.9,55.5,0.21
2026-04-04,0.035,GPT,80,72,72,68,1e-4,11.209793,137.39903,74.11623,85.828545,90.420784,0,NA,72,75.51426,83.462776,19.117477,24.331335,NA,74.1,55.7,0.2
2026-04-05,0.031,GPT,75,61,72,52,0.88,7.0387077,351.48676,69.72365,86.888435,96.67121,0,NA,62,68.25784,75,13.90362,19.117477,NA,74.3,55.9,0.2
2026-04-06,0.037,GPT,65,48,48,41,0,7.820786,11.129854,44.420464,56.843685,79.837746,0,NA,51,58.811848,64,15.641572,26.069286,NA,74.5,56.2,0.2
2026-04-07,0.052,GPT,79,47,51,32,0,4.7793694,59.67877,20.639671,58.41741,89.552,0,NA,46.104233,60.82527,78,14.772596,21.724405,NA,74.7,56.4,0.19
2026-04-08,0.05,GPT,76,50,60,46,0,8.342172,102.00558,33.891613,65.17961,92.83109,0,NA,51,65.68502,77,22.593382,33.89007,NA,74.9,56.6,0.2
2026-04-09,0.051,GPT,75,59,59,50,0,9.037353,106.678665,54.525536,68.190994,96.49632,0,NA,60,67.48223,74,20.85543,28.676216,NA,75.1,56.8,0.2
2026-04-10,0.047,GPT,76,57,63,54,0,6.6042194,119.60094,59.643726,79.17,96.5412,0,NA,57,66.85993,76,19.117477,25.200312,NA,75.3,57.1,0.19
2026-04-11,0.053,GPT,81,56,64,52,0,4.582578,128.88866,39.109043,72.863304,96.5412,0,NA,56,68.570206,79.87074,16,24.331335,NA,75.5,57.3,0.2
2026-04-12,0.047,GPT,78,58,67,57,0,8.265505,128.46306,62.183395,81.39309,100,0,NA,58,69.360275,78,17,24.331335,NA,75.7,57.5,0.18
2026-04-13,0.048,GPT,80,69,66,61,0,9.645637,146.31175,54.143066,70.98689,84.24168,0,NA,69,73.50871,79,14.772596,21.724405,NA,75.9,57.8,0.19
2026-04-14,0.047,GPT,78,62,66,59,0,7.8209057,148.14862,55.8111,70.84947,89.8949,0,NA,62,72.68153,77,14,21,NA,76.1,58,0.19
2026-04-15,0.048,GPT,80,70,67,61,0,8.285714,150.65099,54.143066,72.682465,84.30393,0,NA,71,74.54007,79,15,21,NA,76.3,58.2,0.2
2026-04-16,0.044,GPT,82,66,68,64,0,5.387653,167.34375,60.173492,74.95062,96.599815,0,NA,67,75.20704,83.123245,13.034643,22.593382,NA,76.5,58.5,0.19
2026-04-17,NA,GPT,81,61,66,56,0,4.344881,164.95149,53.421043,72.64693,96.58529,0,NA,63,73.171974,81.84375,12.165668,18.2485,NA,76.8,58.7,0.19
2026-04-18,NA,GPT,81,64,70,63,0.08,5.8221407,182.32968,62.562702,74.27822,84.4888,0,NA,68,75.09752,83.43829,13.90362,22.593382,NA,77,58.9,0.19
2026-04-19,NA,GPT,70,48,67,37,0.07,9.12425,0.99037313,34.379047,68.226814,93.357025,0,NA,51,60.519165,71,19.117477,30.41417,NA,77.2,59.2,0.18
2026-04-20,0.058,GPT,77,45,52,37,0,4.605574,89.73658,24.370762,60.802654,92.73803,0,NA,44.693104,60.16226,76,13.90362,19.117477,NA,77.4,59.4,0.18
2026-04-21,0.065,GPT,78,47,59,46,0,5.8221407,120.869606,42.861988,66.433975,96.30871,0,NA,48,65.32474,76,15.641572,20.85543,NA,77.6,59.7,0.18
2026-04-22,0.063,GPT,79,62,65,55,0,8.602865,121.03413,55.52879,71.188835,83.79669,0,NA,62,70.79791,79,17.379524,22.593382,NA,77.9,59.9,0.17
2026-04-23,0.051,GPT,79,59,66,59,0,8.689762,125.96438,57.691505,75.78551,96.52633,0,NA,60,70.86202,78,19.117477,26.938263,NA,78.1,60.2,0.17
2026-04-24,0.049,GPT,80,65,70,63,0,8.950456,151.9669,66.784035,81.8015,96.6429,0,NA,65,74.17759,79,14.772596,20.85543,NA,78.3,60.4,0.16
2026-04-25,0.054,GPT,83,64,71,62,1.49,6.3435264,180.11783,62.688168,82.247086,96.57068,0,NA,64,74.34005,84.93434,39.10393,59.090385,NA,78.5,60.7,0.17
2026-04-26,0.052,GPT,80,66,70,63,0.24,2.5200312,181.14433,58.101105,86.69999,96.6571,0,NA,66,72.76766,81.62341,22.593382,33.0211,NA,78.8,60.9,0.16
2026-04-27,0.045,GPT,81,70,72,67,0,9.384943,143.25017,64.634445,82.71287,96.67121,0,NA,70,76.97396,85.35674,17.379524,20.85543,NA,79,61.2,0.16
2026-04-28,0.05,GPT,82,74,72,69,0,8.255275,160.67685,69.34235,79.91039,90.38164,0,NA,74,77.908455,85.35674,14.772596,23.462358,NA,79.3,61.4,0.16
2026-04-29,0.049,GPT,82,66,71,65,0.32,5.995936,172.76425,62.688168,79.85062,93.43958,0,NA,67,76.95904,84.93434,14.772596,21.724405,NA,79.5,61.7,0.14
2026-04-30,0.036,GPT,77,67,71,66,0.17,4.344881,29.268353,73.73322,90.03251,100,0,NA,67,71.14342,77,11.296691,16.51055,NA,79.7,61.9,0.14
2026-05-01,0.04,GPT,67,55,66,54,1.47,8.086411,16.86917,86.83926,91.70728,96.599815,0,NA,56,62.147736,67,15,25.200312,NA,80,62.2,0.13
2026-05-02,0.048,GPT,73,52,55,41,0.36,9.63345,353.96393,31.499441,68.00798,96.43526,0,NA,53,62.007805,73,19,27.80724,NA,80.2,62.5,0.13
2026-05-03,0.06,GPT,76,47,52,39,1e-4,3.3890073,253.90086,28.179628,62.18796,96.30871,NA,NA,47,62.294075,75,12.165668,16.51055,NA,80.5,62.7,0.14
2026-05-04,0.063,GPT,76,51,56,45,0,4.431779,178.2689,34.346546,63.04051,96.388504,0,NA,52,65.92753,75,12.165668,19.117477,NA,80.7,63,0.14
2026-05-05,0.061,GPT,79,58,69,56,0,7.212503,160.78813,61.92808,75.76617,93.07152,0,NA,58,71.059235,78,17.379524,22.593382,NA,81,63.3,0.15
2026-05-06,0.037,GPT,80,73,76,69,0.07,7.212503,168.25543,84.73089,90.56863,96.740585,0,NA,73,76.10648,79,13.034643,19.117477,NA,81.2,63.6,0.14
2026-05-07,0.024,GPT,80,67,75,64,0.02,6.5470386,324.244,71.53616,85.7912,96.68524,0,NA,68,75.127686,83.15346,12,20,NA,81.5,63.8,0.15
2026-05-08,0.042,GPT,72,65,68,61,0.56,5.8850174,53.75168,75.959206,86.781136,96.58529,0,NA,65,67.91122,72,12,17.379524,NA,81.7,64.1,0.14
2026-05-09,0.047,GPT,73,64,69,62.6,2.74,5.492683,141.61783,78.57479,93.185684,96.6429,0,NA,64,68.9908,73,28,39.10393,NA,82,64.4,0.15
2026-05-10,0.052,GPT,80,64,71,64,0,4.1923347,132.63472,66.784035,86.07245,100,0,NA,64,72.31819,79,12,18.2485,NA,82.2,64.7,0.14
2026-05-11,0.035,GPT,81,67,71,66,0.35,2.912892,18.81965,62.436752,89.4885,100,0,NA,67,72.53257,82.323685,12,19,NA,82.5,65,0.13
2026-05-12,0.04,GPT,82,68,68,65,0.81,6.169731,21.87288,58.371758,80.2419,96.628624,0,NA,68,74.00699,84.15861,12.165668,17.379524,NA,82.7,65.3,0.14
2026-05-13,0.045,GPT,86,64,65,59,0,5.300755,359.64246,42.873306,72.74902,96.55598,0,NA,64,73.47056,84.90292,12.165668,19.117477,NA,83,65.5,0.12
2026-05-14,0.06,GPT,88,61,63,52,0,4.7793694,346.59387,31.350754,58.226616,96.55598,0,NA,63,74.065994,85.11502,14.772596,19.986454,NA,83.2,65.8,0.12
2026-05-15,0.062,GPT,81,59,67,53,0,5.8221407,135.84358,52.40035,67.763855,86.62292,0,NA,60,72.91628,81.41521,13.034643,19.117477,NA,83.5,66.1,0.12
2026-05-16,0.067,GPT,82,65,66,60,0,5.995936,143.74065,50.572296,72.409035,96.58529,0,NA,66,74.98671,82.828026,13.034643,19.117477,NA,83.7,66.4,0.13
2026-05-17,0.054,GPT,82,67,71,64,0,10.167022,133.27158,67.01446,76.320755,87.051,0,NA,68,77.75805,86.31708,15.641572,23.462358,NA,83.9,66.7,0.14
2026-05-18,0.034,GPT,84,74,76,68,0,12.228572,126.55012,76.927475,83.99763,90.536934,0,NA,74,81.87077,92.875336,19,27,NA,84.2,67,0.13
2026-05-19,0.033,GPT,84,75,75,72,0,9.836934,133.38011,71.94317,81.5688,90.536934,0,NA,76,82.32049,91.1461,15,20.85543,NA,84.4,67.3,0.14
2026-05-20,0.026,GPT,85,73,74,71,0,7.0387077,143.19867,71.94317,81.32628,93.52077,0,NA,74,82.23061,89.61537,14.772596,19.986454,NA,84.6,67.6,0.15
2026-05-21,0.03,GPT,85,71,74,70,2.68,8.77666,141.2962,69.66578,82.8221,100,0,NA,71,81.403206,92.61638,19.117477,26.069286,NA,84.9,67.8,0.15
2026-05-22,0.033,GPT,81,68,77,67,3.19,5.995936,158.82068,71.329956,90.01828,96.68524,0,NA,68,75.13641,87.39471,28.676216,41.71086,NA,85.1,68.1,0.16
2026-05-23,0.029,GPT,84,68,76,68,1e-4,3.041417,182.54834,67.12895,86.09403,100,0,NA,69,78.78744,91.1461,11.296691,16.51055,NA,85.3,68.4,0.17
2026-05-24,0.033,GPT,82,72,74,70,0.39,3.215212,189.21964,76.58117,88.31633,100,0,NA,71.6,77.105,85.81928,13.90362,18.2485,NA,85.5,68.7,0.18
2026-05-25,0.031,GPT,79,71,74,70,0.8,4.8662667,124.19229,81.8642,93.809845,100,0,NA,71,74.104805,78.8,21.724405,28.676216,NA,85.7,69,0.18
2026-05-26,0.041,GPT,85,71,77,70,0,6.95181,163.55583,74.11623,85.94679,100,0,NA,71,82.300026,92.875336,13.90362,19.986454,NA,85.9,69.2,0.19
2026-05-27,0.043,GPT,86,77,75,70,0,7.070383,149.62546,63.06168,77.69894,90.49842,0,NA,77,84.930466,92.61638,13,16.51055,NA,86.1,69.5,0.19
2026-05-28,0.039,GPT,85,74,78,71.6,0.88,7.5254354,134.51173,76.755135,87.10563,96.71307,0,NA,73.4,80.45314,92.926025,17,26.069286,NA,86.3,69.8,0.19
2026-05-29,0.051,GPT,86,73,76,70,1e-4,4.3763065,165.50142,64.9951,81.45858,100,0,NA,73,82.566284,91.76666,12,23,NA,86.5,70,0.2
2026-05-30,0.046,GPT,89,75,76,66,0,3.9365854,218.09596,48.295662,78.701164,96.72687,0,NA,75,85.89905,94.03859,10,17.379524,NA,86.7,70.3,0.2
2026-05-31,0.036,GPT,90,77,77,72,0.17,4.170035,206.34543,57.465145,81.43732,96.75423,0,NA,77,87.92356,99.022934,12,18.2485,NA,86.9,70.5,0.2
2026-06-01,0.035,GPT,89,76,78,69,0.04,2.958188,282.63837,67.69438,82.87368,96.75423,0,NA,77,85.76512,100.02887,12,20.85543,NA,87.1,70.8,0.2
2026-06-02,0.032,GPT,90,72,78,68,0.4,4.4383273,103.22987,59.43528,81.07979,93.52077,0,NA,73,82.089836,99.022934,11,19.117477,NA,87.2,71,0.2
2026-06-03,0.048,GPT,81,71,72,69,0,8.49547,83.71436,69.34235,81.39243,93.43958,0,NA,72,77.495636,84.92256,17,23.462358,NA,87.4,71.3,0.2
2026-06-04,0.055,GPT,82,70,71,59,0,12.240418,104.5955,50.72075,63.50278,87.410866,0,NA,70,77.520744,84.15861,21,28,NA,87.5,71.5,0.2
2026-06-05,0.046,GPT,85,68,74,64,0,11.395744,99.3205,67.35652,77.52659,90.14227,0,NA,68,79.40668,90.36713,22,32,NA,87.7,71.7,0.21
2026-06-06,0.024,GPT,81,75,77,71.6,2.75,8.72683,139.00963,78.66839,91.126144,96.75423,0,NA,75,77.90981,86.51871,16,24.331335,NA,87.8,71.9,0.21
2026-06-07,0.039,GPT,86,76,78,73,0,7.2229967,157.69746,74.58526,85.13779,96.75423,0,NA,76,86.86013,95.551544,14,20.85543,NA,88,72.1,0.21
2026-06-08,0.045,GPT,85,77,75,70,0,6.4968643,145.01843,67.24297,76.2979,87.61058,0,NA,79,84.797935,91.76666,12,19.117477,NA,88.1,72.3,0.21
2026-06-09,0.032,GPT,87,73,76,72,0,6.3442507,130.63184,65.469315,80.001015,93.49386,0,NA,74,84.737885,95.42325,13,21,NA,88.2,72.5,0.22
2026-06-10,0.046,GPT,87,71,74,67,0,4.5156794,146.82118,53.267635,74.22712,96.67121,0,NA,72,83.6352,94.03859,12,19.117477,NA,88.3,72.7,0.22
2026-06-11,0.042,GPT,88,71,73,69,0,4.164603,155.7135,55.274105,72.49277,93.43958,0,NA,72,84.75904,93.56323,10,17.379524,NA,88.4,72.8,0.23
2026-06-12,0.032,GPT,91,74,75,70,0,3.3929079,180.66838,57.19417,74.90449,93.54752,0,NA,74,88.21032,99.23798,10,16,NA,88.5,73,0.23
2026-06-13,0.033,GPT,91,76,77,71,0,4.029965,237.89052,53.836815,75.36035,96.72687,0,NA,76,90.28024,103.170395,10,16.51055,NA,88.6,73.1,0.23
2026-06-14,0.033,GPT,94,77,77,70,0,3.9365854,225.04774,47.400806,73.43954,96.75423,0,NA,78,92.754425,104.57716,10,16.51055,NA,88.7,73.3,0.23
2026-06-15,0.026,GPT,85,74,78,72,1.98,3.5449476,265.04352,74.58526,89.27027,100,0,NA,73.4,80.70192,95.551544,14,19.986454,NA,88.8,73.4,0.24
2026-06-16,0.018,GPT,82,75,77,71.6,0.27,2.185366,242.48172,79.45307,92.60279,96.72687,0,NA,75,78.879005,89.33999,10,15.641572,NA,88.9,73.6,0.25
2026-06-17,0.023,GPT,88,75,79,74,0.2,7.401394,175.2516,74.51093,85.054665,100,0,NA,75,90.247894,101.39277,16,26.069286,NA,89,73.7,0.26
2026-06-18,0.027,GPT,84,73,80.6,71,4.5,10.342857,175.8832,78.81303,89.92033,96.79468,0,NA,73,88.91765,95.95459,18,38.234955,NA,89.1,73.8,0.24
2026-06-19,0.033,GPT,92,73,81,71,1.57,7.278049,184.67029,59.69644,81.44207,96.72687,0,NA,73,95.1943,104.60436,19,29,NA,89.1,73.9,0.24
2026-06-20,0.022,GPT,87,74,79,70,0.16,4.517073,133.21675,74.677795,88.28168,96.71307,0,NA,73,82.16478,100.02887,16,23,NA,89.2,74,0.26
2026-06-21,0.026,GPT,90,75,78,74,0,5.1693377,199.3132,61.46409,80.45176,96.75423,0,NA,75,91.61328,101.83708,13,23.462358,NA,89.3,74.1,0.25
2026-06-22,0.033,GPT,92,81,78,74,1e-4,5.752613,215.00073,59.566097,74.829216,84.96806,0,NA,90.07335,95.69351,101.93281,11,19.117477,NA,89.3,74.2,0.25
2026-06-23,0.035,GPT,94,77,78,73,0,4.5337977,284.25958,54.118717,74.64848,96.75423,0,NA,77,92.86025,103.34442,11,18.2485,NA,89.4,74.2,0.25
2026-06-24,0.04,GPT,89,73,76,65,0.08,3.4202092,86.074326,63.553032,76.38915,93.54752,0,NA,74,83.085945,99.23798,20,31,NA,89.4,74.3,0.24
2026-06-25,0.044,GPT,88,72,78,68,0.09,1.9463415,163.46332,56.921326,82.43521,96.67121,0,NA,72,83.33314,97.56619,10,13.90362,NA,89.5,74.4,0.23
2026-06-26,0.035,GPT,90,75,78,74,0,4.287805,195.20985,59.566097,77.58751,96.740585,0,NA,76,91.32203,103.170395,11,17.379524,NA,89.6,74.4,0.23
2026-06-27,0.03,GPT,91,79,77,75,1e-4,4.775089,188.75908,63.67469,73.50779,90.61333,0,NA,86.51871,95.248184,101.83708,11,16,NA,89.6,74.5,0.24
2026-06-28,0.032,GPT,92,77,76,70,0,4.061324,203.31117,50.58303,70.863144,90.536934,0,NA,78,93.39077,101.93281,9,13.90362,NA,89.7,74.5,0.24
2026-06-29,0.025,GPT,93,76,76,69,0,2.71777,180.71667,47.250732,71.34764,93.6006,0,NA,77,90.371704,98.59837,11,16,NA,89.7,74.6,0.23
2026-06-30,0.04,GPT,94,76,78,68,0.01,3.445296,321.07568,56.103065,75.17019,93.574135,0,NA,76,91.34927,108.85561,20,31.283144,NA,89.7,74.6,0.24
2026-07-01,0.053,GPT,93,74,78,70,0,5.7937284,124.23971,58.001534,71.10784,90.38164,0,NA,74,92.00831,107.458885,18,21.724405,NA,89.8,74.6,0.24
2026-07-02,0.045,GPT,92,76,77,71,0.09,5.1066203,105.318886,55.966045,75.47106,90.57523,0,NA,76,89.72269,103.20935,13,19.117477,NA,89.8,74.7,0.24
2026-07-03,0.05,GPT,92,76,77,70,0.01,3.2156029,164.37282,52.0371,76.018974,93.62692,0,NA,77,88.69275,99.022934,14,18,NA,89.9,74.7,0.25
2026-07-04,0.05,GPT,94,76,75,74,0,3.3560283,189.92667,55.966045,72.63872,93.574135,0,NA,76,91.268936,102.044876,12,23,NA,89.9,74.7,0.25
2026-07-05,0.047,GPT,91,75,76,71,0,4.0947733,286.87024,57.734264,75.40553,90.420784,0,NA,75,85.179,100.74215,12,17.379524,NA,90,74.7,0.25
2026-07-06,0.046,GPT,91,74,78.8,71,0.04,3.7296166,238.76744,59.566097,75.73746,90.45971,0,NA,74,88.56247,102.417015,11,18,NA,90,74.8,0.25
2026-07-07,0.047,GPT,95,77,76,69,0,4.319573,280.79233,44.41797,68.25024,84.85008,0,NA,78,91.125694,102.18779,12,16,NA,90,74.8,0.25
2026-07-08,0.046,GPT,93,73,76,71,0,4.107317,241.02895,49.040173,73.15473,96.68524,0,NA,73,90.05026,102.044876,10,14.772596,NA,90.1,74.8,0.25
2026-07-09,0.03,GPT,93,76,77,72,0,2.780724,211.43959,52.468018,76.59941,96.72687,0,NA,76,90.39371,102.18779,11,23,NA,90.1,74.8,0.26
2026-07-10,0.028,GPT,92,76,77,70,0,2.9914894,194.39728,50.43681,74.47498,96.740585,0,NA,76,89.82237,103.170395,12,24,NA,90.2,74.8,0.26
2026-07-11,0.024,GPT,93,76,77,73,0,3.002837,190.2295,54.259,75.749084,93.574135,0,NA,77,89.349,103.34442,13,18,NA,90.2,74.9,0.26
2026-07-12,0.032,GPT,92,74,77,73,1.33,2.7163763,282.46307,55.82857,84.82185,96.740585,0,NA,75,82.77205,99.63228,11,20.85543,NA,90.3,74.9,0.27
2026-07-13,0.026,GPT,82,74,75,73,0.58,4.491103,279.70563,76.755135,89.54726,96.72687,0,NA,74,78.42717,88.009636,12,18,NA,90.3,74.9,0.25
2026-07-14,0.036,GPT,83,74,75,70,0.12,3.6028368,271.32318,64.9951,85.41581,96.71307,0,NA,74,79.06119,89.61537,10,21,NA,90.3,74.9,0.23
2026-07-15,0.038,GPT,92,74,73,68,0,3.430605,277.33994,47.10026,72.25952,96.699196,0,NA,74,84.428474,97.097626,13,19,NA,90.4,74.9,0.23
2026-07-16,0.043,GPT,93,72,76,68,0,2.826241,229.05133,47.10026,73.5488,96.68524,0,NA,73,87.70876,103.34442,10,14,NA,90.4,74.9,0.22
2026-07-17,0.03,GPT,97,76,77,71,0,4.5248227,304.5472,44.722626,71.720215,90.57523,0,NA,77,91.71468,104.91017,12,23,NA,90.5,74.9,0.22
2026-07-18,0.027,GPT,97,77,76,71,0,5.0659575,309.9267,46.111958,68.210144,90.536934,0,NA,78,93.94511,106.037766,12,16,NA,90.5,74.9,0.22
