date,O3,station,max_temp_f,min_temp_f,max_dewpoint_f,min_dewpoint_f,precip_in,ws,wd,min_rh,avg_rh,max_rh,snow_in,snowd_in,min_feel,avg_feel,max_feel,max_wind_speed_kts,max_wind_gust_kts,srad_mj,climo_high_f,climo_low_f,climo_precip_in
2013-07-01,0.042,JAN,86,64,64.94,62.06,0.02,3.9330544,325.2783,44.748,68.34047,93.33006,NA,NA,64.04,75.923035,86.5078,10,19.117477,NA,91.4,71.5,0.16
2013-07-02,0.057,JAN,87.1,64.4,64.94,57,0.01,2.8870292,12.045895,40.137066,63.440937,93.33006,NA,NA,64.94,76.26566,85.80605,7,13.034643,NA,91.5,71.6,0.15
2013-07-03,0.053,JAN,90,63,66.2,60.08,0.02,3.4309623,43.07891,40.3023,66.06004,93.275604,NA,NA,64.04,77.07629,87.99493,9,17.379524,NA,91.5,71.7,0.16
2013-07-04,0.042,JAN,90,68,70,64.4,0.03,4.1875873,26.870508,44.921947,74.5825,96.3583,NA,NA,69.08,79.18212,90.94543,10,14.772596,NA,91.6,71.8,0.16
2013-07-05,0.028,JAN,84.2,70,73.4,66.2,0.03,3.5885634,105.44736,64.26449,83.99345,96.99304,NA,NA,72.098915,78.35625,89.005684,9,17.379524,NA,91.6,71.8,0.16
2013-07-06,0.025,JAN,87.1,69,72,66.2,0.01,4.8500695,108.93682,58.910583,80.85863,96.968346,NA,NA,69.08,78.6771,90.71107,11,20,NA,91.7,71.9,0.16
2013-07-07,0.036,JAN,91.4,73,75.2,69.8,0.01,3.623431,150.42578,52.1115,77.78788,94.10022,NA,NA,74.43935,82.621506,97.68257,10,18.2485,NA,91.7,72,0.16
2013-07-08,0.036,JAN,93.2,72,73.4,68,0.01,3.5362623,210.59868,44.1222,72.598816,94.14301,NA,NA,73,85.01907,97.45191,8,12.165668,NA,91.8,72,0.16
2013-07-09,0.036,JAN,94,72,75.2,71.06,0.02,4.373082,222.97977,47.6426,73.2233,93.54147,NA,NA,74.43935,87.05802,101.2331,13,21.724405,NA,91.8,72.1,0.16
2013-07-10,0.035,JAN,94,73.9,75.2,69.8,0.01,4.6736403,244.69286,47.6426,71.16846,93.56953,NA,NA,76.462204,89.1232,102.14967,9,17.379524,NA,91.9,72.1,0.16
2013-07-11,0.034,JAN,82,70,75.92,69.08,0.94,4.304742,186.36322,74.0652,87.41977,94.14301,NA,NA,72.258896,78.64828,84.58517,16,33.0211,NA,91.9,72.2,0.15
2013-07-12,0.055,JAN,92,69,73.4,66,0,4.039749,350.84738,42.6119,74.627235,100,NA,NA,71.06,81.2837,94.78182,10,17.379524,NA,92,72.2,0.16
2013-07-13,0.054,JAN,88,66.9,66.92,60.8,0.03,3.8493724,8.342887,40.439606,65.12177,90.0191,NA,NA,68,78.57927,88.431366,10,13.90362,NA,92,72.2,0.17
2013-07-14,0.043,JAN,89.1,69,72,66,0.13,3.7873082,115.68769,55.312664,79.25008,96.3879,NA,NA,69.08,78.63187,93.06653,8,20.85543,NA,92,72.3,0.16
2013-07-15,0.038,JAN,90,69.8,73.4,68,0.01,4.2217574,108.4075,53.45501,77.38612,94.10022,NA,NA,69.98,82.27229,94.35011,9,19.986454,NA,92.1,72.3,0.16
2013-07-16,0.024,JAN,89.6,71.6,72,69.08,0.02,4.9253836,86.44336,53.45501,75.16488,94.10022,NA,NA,72.88068,83.20148,95.26232,10,18.2485,NA,92.1,72.3,0.16
2013-07-17,0.03,JAN,94,71,73.4,69.08,0.01,3.1799164,81.04264,45.7897,70.72427,93.51795,NA,NA,74.28058,86.102486,98.32616,7,13.90362,NA,92.2,72.4,0.16
2013-07-18,0.036,JAN,90,70,73.4,69.8,0.73,2.746862,233.39265,59.049355,85.637375,100,NA,NA,72.39623,78.600105,94.726944,9,25.200312,NA,92.2,72.4,0.17
2013-07-19,0.057,JAN,91,70,75.2,69.8,0.01,0.8026499,210.69278,53.45501,82.50763,100,NA,NA,69.8,81.49177,94.35011,4,13.034643,NA,92.3,72.4,0.16
2013-07-20,0.045,JAN,92,70,72,68,0.01,3.0313807,171.62672,48.55045,74.1813,96.3879,NA,NA,72.39623,83.16261,96.71592,10,17.379524,NA,92.3,72.4,0.17
2013-07-21,0.032,JAN,92,71,73.94,68,0.03,6.506276,198.65193,51.96061,75.24769,93.48956,NA,NA,72.258896,82.89884,95.42277,16,23,NA,92.3,72.4,0.16
2013-07-22,0.026,JAN,92,73.4,75.2,71.06,0.01,7.3291492,222.1142,53.9078,75.97527,94.10022,NA,NA,74.86271,85.009186,99.66314,12,19.117477,NA,92.4,72.4,0.16
2013-07-23,0.022,JAN,93,75.2,75.2,69.8,0.01,6.9930267,231.53023,50.6661,71.8397,94.18534,NA,NA,76.84472,88.68577,99.67043,12,19.986454,NA,92.4,72.4,0.18
2013-07-24,0.027,JAN,84.2,72,75.2,66.2,0.04,3.7963738,251.06447,67.14597,81.09574,97.016945,NA,NA,73.9,81.59607,90.40201,7,13.90362,NA,92.4,72.4,0.17
2013-07-25,0.051,JAN,91,69,73.4,60.8,0,3.852859,344.10083,40.604,73.6015,100,NA,NA,69.8,79.99132,93.0665,10,14.772596,NA,92.5,72.4,0.17
2013-07-26,0.049,JAN,89.1,64,71.6,62.06,0,2.133891,286.23596,42.0151,70.51415,93.383865,NA,NA,64.04,79.523155,89.95105,6,13.034643,NA,92.5,72.4,0.16
2013-07-27,0.025,JAN,81,71,73.94,68,0.85,3.6262205,72.56459,74.1149,87.02162,100,NA,NA,72.258896,77.20102,85.324425,9,13.034643,NA,92.5,72.4,0.16
2013-07-28,0.033,JAN,91,71,75.2,69.08,1e-4,2.4944212,9.410502,51.83444,78.56882,100,NA,NA,72.39623,82.23441,93.64356,8,13.90362,NA,92.6,72.4,0.17
2013-07-29,0.042,JAN,93,71.6,73.4,66.2,0.01,2.3012552,101.8062,43.96167,70.55523,93.51795,NA,NA,72,85.24177,95.96672,6,10.427715,NA,92.6,72.4,0.16
2013-07-30,0.039,JAN,96.1,75,77,69.08,0.02,2.3179917,205.29056,44.41525,71.45163,90.80131,NA,NA,76.462204,89.56754,101.53531,6,10.427715,NA,92.6,72.4,0.16
2013-07-31,0.039,JAN,94,77,75.2,64,0.04,3.1799164,260.36325,39.76362,67.37456,90.3345,NA,NA,78.1,87.72568,96.361496,9,13.90362,NA,92.6,72.4,0.16
2013-08-01,0.044,JAN,96,75,73.94,71.06,0.02,3.8075314,346.6524,47.6426,68.5602,90.2933,NA,NA,77.3268,90.33318,106.092,10,17.379524,NA,92.7,72.4,0.17
2013-08-02,0.049,JAN,96,73,75.02,69.98,0.01,2.3849373,158.92674,45.9217,69.36684,90.7287,NA,NA,75.2982,89.134995,102.578,7,10.427715,NA,92.7,72.3,0.16
2013-08-03,0.049,JAN,95,76,75.02,71.96,0.02,3.5439332,251.95215,49.1197,72.611755,90.8013,NA,NA,77.4797,90.11659,102.15,10,18.2485,NA,92.7,72.3,0.17
2013-08-04,0.046,JAN,98,74,75.02,71.06,0.02,3.0962343,329.50653,45.9563,74.40604,93.6205,NA,NA,76.6198,89.74126,104.877,10,19.986454,NA,92.7,72.3,0.16
2013-08-05,0.044,JAN,96,76,77,71.06,0.2,3.2740586,187.76022,46.9322,76.581406,94.2272,NA,NA,76.8447,89.27016,103.13,10,20.85543,NA,92.7,72.3,0.16
2013-08-06,0.035,JAN,97,76,75.92,71.96,0.01,4.083682,199.26091,45.9563,72.116875,93.6205,NA,NA,77.6109,90.88412,104.877,11,18.2485,NA,92.7,72.2,0.17
2013-08-07,0.041,JAN,80,75,75.02,68,0.02,3.3263597,180.76303,40.1446,66.482956,93.5928,NA,NA,76.4622,90.575195,102.049,7,7.820786,NA,92.7,72.2,0.16
2013-08-08,0.048,JAN,99,76,75.92,71.06,0.01,4.782427,160.32335,43.3624,67.46899,93.5928,NA,NA,77.6109,93.608765,105.066,9,19.117477,NA,92.7,72.1,0.16
2013-08-09,0.046,JAN,98,74,75.92,69.98,0.3,4.3535566,150.3249,41.7961,75.2014,94.143,NA,NA,76.8447,88.73588,104.877,10,25.200312,NA,92.7,72.1,0.16
2013-08-10,0.03,JAN,95,75,75.92,69.08,0.02,2.9030683,155.81999,48.9909,75.99519,93.5928,NA,NA,77.6109,87.107925,100.118,8,27.80724,NA,92.7,72.1,0.16
2013-08-11,0.033,JAN,94,75,75.2,68,0.36,3.5822873,162.07553,45.6309,74.157295,93.5695,NA,NA,76.6198,85.70061,96.7159,14,23,NA,92.6,72,0.15
2013-08-12,0.032,JAN,94,74,75.92,69.98,0.26,5.5647745,188.23096,45.9217,76.969,93.5695,NA,NA,75.43045,85.586334,100.808,25,31.283144,NA,92.6,71.9,0.15
2013-08-13,0.028,JAN,89,74,75.92,71.06,0.47,4.2859135,233.11545,66.3535,87.266914,94.1853,NA,NA,75.4305,81.15656,97.7613,11,29,NA,92.6,71.9,0.16
2013-08-14,0.038,JAN,87,73,73.94,66.92,0.05,4.286611,6.6466236,54.8971,78.527016,96.4461,NA,NA,74.4393,81.25216,91.5039,12,19.117477,NA,92.5,71.8,0.15
2013-08-15,0.046,JAN,87,68,68,62.06,0.02,4.510917,9.529507,47.8308,67.78654,83.9141,NA,NA,68,77.665726,89.4341,9,16,NA,92.5,71.8,0.16
2013-08-16,0.051,JAN,87,66,71.06,62.96,0.05,3.2203627,19.835285,49.5066,72.90988,93.518,NA,NA,66.02,77.58504,89.4341,8,15.641572,NA,92.4,71.7,0.15
2013-08-17,0.033,JAN,84,69,69.98,64.94,0.02,3.764993,81.556496,56.2428,80.78348,93.4658,NA,NA,69.08,74.87552,84.1938,9,15,NA,92.4,71.6,0.16
2013-08-18,0.022,JAN,81,69,71.6,66.02,0.03,5.3193865,57.521324,61.5844,82.51208,93.437,NA,NA,69.08,74.63324,83.3581,12,17.379524,NA,92.3,71.5,0.15
2013-08-19,0.03,JAN,86,69,71.96,69.08,0.01,2.535565,6.8450747,60.8714,82.23279,96.3879,NA,NA,72.3962,78.20307,89.4153,6,19.117477,NA,92.2,71.4,0.16
2013-08-20,0.048,JAN,90,66,73.94,66.02,0.24,1.6994421,77.94812,55.4582,77.72559,96.9296,NA,NA,66.92,81.894875,96.0795,8,18.2485,NA,92.2,71.4,0.15
2013-08-21,0.028,JAN,89,73,75.2,71.06,0,3.5641563,144.07866,59.0494,82.26778,100,NA,NA,74.4393,82.9981,95.8571,10,42.579834,NA,92.1,71.3,0.14
2013-08-22,0.036,JAN,93,70,75.92,69.98,0.7,1.6108787,38.023354,48.836,79.67936,96.3879,NA,NA,72.3962,83.38872,97.7998,6,25.200312,NA,92,71.2,0.16
2013-08-23,0.032,JAN,92,71,75.92,71.06,0.13,2.7698746,38.793945,52.1115,79.96179,97.0174,NA,NA,73.4147,84.76204,99.6704,9,19.117477,NA,91.9,71.1,0.15
2013-08-24,0.03,JAN,92,72,75.2,69.98,0.34,3.1004183,94.12647,50.2292,80.300285,93.5695,NA,NA,73.25,82.34187,98.548,16,25.200312,NA,91.8,70.9,0.14
2013-08-25,0.028,JAN,88,71,73.04,69.08,0.03,4.1743374,92.017685,56.9164,78.07995,94.057,NA,NA,72.8807,82.15655,92.8384,11,17.379524,NA,91.7,70.8,0.14
2013-08-26,0.041,JAN,90,67,69.98,62.06,0.02,4.83682,88.347916,43.2333,65.673225,90.6553,NA,NA,69.98,79.78427,90.4644,9,15.641572,NA,91.6,70.7,0.14
2013-08-27,0.049,JAN,88,62,64.94,59,0.01,1.9246862,36.78083,40.1371,66.20229,96.2503,NA,NA,62.06,75.34768,86.111,6,14.772596,NA,91.5,70.6,0.14
2013-08-28,0.06,JAN,89,62,66.02,60.98,0.02,0.9623431,106.24411,40.604,67.911705,96.2812,NA,NA,62.96,76.32413,89.5195,6,13.034643,NA,91.3,70.4,0.12
2013-08-29,0.046,JAN,93,66,69.08,64.94,0.04,0.50209206,80,43.8275,68.9747,93.3546,NA,NA,66.92,80.20988,93.7641,5,11.296691,NA,91.2,70.3,0.13
2013-08-30,0.068,JAN,95,69,69.98,66.02,0.03,0.83682007,325.31104,42.5082,67.00359,90.14,NA,NA,69.98,83.62167,97.4519,7,19.986454,NA,91.1,70.1,0.13
2013-08-31,0.056,JAN,95,70,73.04,68,0.01,1.8702929,256.25677,41.5003,68.82385,93.4658,NA,NA,72.2589,86.09156,100.208,6,13.034643,NA,90.9,69.9,0.13
2013-09-01,0.047,JAN,96,71,71.06,66.92,0.02,3.1380754,233.5279,39.9822,66.41892,90.7287,NA,NA,73.1168,86.48739,99.8185,8,13.90362,NA,90.8,69.8,0.12
2013-09-02,0.048,JAN,96,73,77,69.98,0.03,3.3619246,236.96965,47.2213,72.87851,90.7287,NA,NA,75.1442,85.772255,102.15,11,15.641572,NA,90.6,69.6,0.13
2013-09-03,0.05,JAN,96,73,73.04,69.98,0.01,3.0543933,13.193738,44.4152,70.29734,93.5415,NA,NA,74.4393,87.087555,101.535,10,14.772596,NA,90.5,69.4,0.12
2013-09-04,0.055,JAN,96,71,73.04,62.96,0.02,3.0543933,14.65653,34.8246,66.40214,93.4896,NA,NA,72.2589,85.45412,98.9798,8,24.331335,NA,90.3,69.2,0.12
2013-09-05,0.068,JAN,97,71.6,73.04,62.06,0.02,3.246862,144.09789,33.7375,66.633644,96.4172,NA,NA,73.25001,86.47011,97.4519,7,11.296691,NA,90.1,69,0.11
2013-09-06,0.065,JAN,97,72,73.04,60.08,0.02,2.4937239,115.818504,31.4502,65.489525,93.518,NA,NA,74.2806,85.616,98.3262,8,19.986454,NA,90,68.8,0.12
2013-09-07,0.058,JAN,95,69,68,60.08,0.02,2.0669456,61.326584,31.4502,60.576443,87.3539,NA,NA,69.98,82.81137,95,8,58.22141,NA,89.8,68.6,0.12
2013-09-08,0.057,JAN,96,66,69.98,60.98,0.03,2.4686193,147.70078,33.7375,61.62672,90.4644,NA,NA,66.92,82.45781,95,8,13.034643,NA,89.6,68.3,0.12
2013-09-09,0.059,JAN,97,69,69.8,62.06,0.01,2.5523012,146.28778,31.748,61.22717,89.9831,NA,NA,69.08,84.13089,98.2946,7,12.165668,NA,89.4,68.1,0.12
2013-09-10,0.053,JAN,96,71,69.98,64.94,0.02,3.0334728,74.20292,36.1059,65.27962,90.062,NA,NA,72.0989,84.90676,98.8691,8,50.400623,NA,89.2,67.9,0.12
2013-09-11,0.045,JAN,95,69,69.98,62.06,0.02,3.58159,116.243065,35.8689,63.15295,93.4658,NA,NA,72.0989,83.44051,94.1846,8,61,NA,89,67.6,0.12
2013-09-12,0.048,JAN,96,67,69.98,60.08,0,2.4979079,41.07983,32.517,57.644703,77.3549,NA,NA,75.02,83.92676,96.4143,8,19.117477,NA,88.8,67.3,0.13
2013-09-13,0.052,JAN,96,70,73.04,60.98,0.26,3.2196653,35.623837,41.5003,71.176865,96.4172,NA,NA,71.06,80.520966,99.8185,13,18.2485,NA,88.6,67.1,0.13
2013-09-14,0.049,JAN,87,60,60.98,51.98,0.01,4.414226,23.187092,31.104,57.308838,80.9295,NA,NA,62.96,73.09917,84.9894,8,57.352432,NA,88.4,66.8,0.12
2013-09-15,0.057,JAN,93,57,64.04,53.06,0.01,1.6317992,162.70786,25.9428,58.81706,93.0771,NA,NA,57.02,75.409935,90.5523,5,12.165668,NA,88.1,66.5,0.12
2013-09-16,0.053,JAN,96,67,69.98,60.08,0,2.4895399,21.115107,31.4502,62.64798,86.7675,NA,NA,69.08,81.800545,95,9,18.2485,NA,87.9,66.2,0.11
2013-09-17,0.06,JAN,96,65,64.94,55.94,0.01,3.2635984,44.356533,28.0232,55.322838,87.1552,NA,NA,66.02,80.510345,95,11,22,NA,87.7,65.9,0.11
2013-09-18,0.037,JAN,90,67,71.06,59,0.01,5.8577404,127.74049,49.7919,69.05634,87.4073,NA,NA,68,82.01807,94.3501,10,13.90362,NA,87.4,65.5,0.12
2013-09-19,0.04,JAN,94,72,71.06,66.02,0.02,6.0606694,131.21588,43.8275,69.39907,90.6553,NA,NA,72.9616,82.75916,93.7641,14,21.724405,NA,87.2,65.2,0.11
2013-09-20,0.026,JAN,89,72,75.92,69.8,1.13,6.149233,159.74382,59.1645,85.314964,100,NA,NA,72.8807,80.82667,95.0015,24,35,NA,86.9,64.9,0.1
2013-09-21,0.033,JAN,79,67,73.94,57.02,3.8,5.956067,20.196316,65.3286,83.67801,100,NA,NA,68,73.78161,81.1383,12,19.117477,NA,86.6,64.5,0.11
2013-09-22,0.04,JAN,80,58,57.92,51.98,0,6.577406,33.996773,39.2206,63.10195,83.4673,NA,NA,59,68.54487,80.06,11,26.069286,NA,86.4,64.2,0.1
2013-09-23,0.034,JAN,86,55,71.06,53.06,0,3.6150627,96.48662,51.2489,73.790596,93.0458,NA,NA,55.04,73.54635,87.202,8,18.2485,NA,86.1,63.8,0.11
2013-09-24,0.017,JAN,79,70,73.94,69.8,2.14,4.6903768,127.0968,78.621,90.69138,100,NA,NA,72.3962,76.2352,82.0793,11,39.10393,NA,85.8,63.4,0.1
2013-09-25,0.054,JAN,86,64,71.6,60.08,0,2.904463,281.62262,43.1824,76.381546,100,NA,NA,64.94,75.86033,85.4994,10,14,NA,85.5,63.1,0.11
2013-09-26,0.055,JAN,87,60,68,59,0,2.6359832,37.6096,41.7143,71.627785,96.2503,NA,NA,62.06,74.0474,85.8061,8,17.379524,NA,85.3,62.7,0.12
2013-09-27,0.042,JAN,87,65,68,62.6,0,3.3033473,85.2434,46.1899,73.2079,100,NA,NA,64.4,75.46619,88.2925,8,21.724405,NA,85,62.3,0.11
2013-09-28,0.051,JAN,86,64,62.06,57.92,0,4.251046,112.762794,44.2872,66.5044,84.26,NA,NA,64.94,72.981514,83.1591,9,12.165668,NA,84.7,61.9,0.11
2013-09-29,0.022,JAN,73,65,69.8,60.08,0.02,4.58159,150.46336,73.4057,83.824646,94.057,NA,NA,64.94,70.04111,73.1168,9,11.296691,NA,84.4,61.5,0.12
2013-09-30,0.034,JAN,84,68,71.06,64.94,0.01,6.1066947,144.10352,63.0313,82.22686,93.437,NA,NA,68,74.93893,86.5171,9,15.641572,NA,84,61.1,0.12
2013-10-01,0.034,JAN,86,67,69.98,64.94,0,4.292887,136.66597,54.8971,78.34057,93.3839,NA,NA,66.92,76.98886,88.2072,8,21.724405,NA,83.7,60.7,0.12
2013-10-02,0.03,JAN,85,71,69.98,66.02,0.06,4.3633194,114.20091,54.7739,79.7451,93.4658,NA,NA,72.2589,78.002975,87.7934,9,13.034643,NA,83.4,60.3,0.13
2013-10-03,0.027,JAN,86,70,73.94,68,1e-4,4.6520224,135.45184,65.1269,83.79808,100,NA,NA,69.8,78.50457,90.8113,9,13.90362,NA,83.1,59.8,0.12
2013-10-04,0.027,JAN,90,71,71.96,66.92,0,6.3221755,147.21503,49.9468,76.70213,94.1002,NA,NA,72.8807,81.49256,92.856,10,17.379524,NA,82.7,59.4,0.12
2013-10-05,0.028,JAN,88,71,71.96,69.08,1e-4,5.0732217,145.97153,55.1909,81.370636,94.1002,NA,NA,72.2589,79.962105,92.8384,10,15.641572,NA,82.4,59,0.13
2013-10-06,0.031,JAN,74,56,71.96,51.08,0.22,5.099024,321.79773,52.7986,80.48911,100,NA,NA,55.94,68.34331,74.8627,15,19.986454,NA,82.1,58.5,0.11
2013-10-07,0.034,JAN,74,50,51.98,48.02,0,6.8075314,347.43842,41.2149,66.022514,89.2615,NA,NA,51.98,62.850166,73.94,12,21.724405,NA,81.7,58.1,0.12
2013-10-08,0.035,JAN,77,51,55.04,48.02,0,3.7447698,13.544964,38.7434,70.18989,93.0196,NA,NA,51.98,62.535835,77,8,13.034643,NA,81.4,57.7,0.11
2013-10-09,0.033,JAN,79,51,64.94,50,0,2.4672246,104.81016,57.6037,83.851265,96.2503,NA,NA,51.08,64.915016,80.8155,8,18.2485,NA,81,57.2,0.11
2013-10-10,0.04,JAN,83,58,66.02,57.2,0,1.4323571,187.82872,47.3902,82.75004,100,NA,NA,57.2,68.74335,82.6527,7,11.296691,NA,80.6,56.8,0.1
2013-10-11,0.037,JAN,84,61,68,60.08,0,2.083682,200.35172,52.4748,81.83448,100,NA,NA,60.8,70.63935,83.5216,8,39.972908,NA,80.3,56.3,0.1
2013-10-12,0.033,JAN,86,61,69.8,60.8,1e-4,2.4449093,200.62785,54.7739,84.84817,100,NA,NA,60.8,72.67511,88.2072,10,26.069286,NA,79.9,55.9,0.11
2013-10-13,0.029,JAN,85,67,69.98,64.94,0,2.9428172,12.0995245,56.7175,81.02006,100,NA,NA,66.2,74.95885,85.9886,7,13.034643,NA,79.5,55.5,0.11
2013-10-14,0.045,JAN,84,64,64.94,57.92,0,3.0334728,75.11993,42.605,72.40022,90.3879,NA,NA,64.94,71.992424,82.6388,6,19.117477,NA,79.2,55,0.11
2013-10-15,0.04,JAN,84,63,66.92,60.98,0,4.8117156,156.57468,50.8367,73.585495,89.778,NA,NA,64.04,73.26741,83.1929,10,20.85543,NA,78.8,54.6,0.11
2013-10-16,0.021,JAN,77,64,71.6,62.06,0.21,5.6520224,203.40752,76.569,89.15138,96.3118,NA,NA,64.04,70.90974,77,9,14.772596,NA,78.4,54.1,0.12
2013-10-17,0.022,JAN,65,50,62.96,50,1e-4,3.577406,330.36612,69.7242,89.07649,100,NA,NA,51.08,61.014645,64.94,8,13.034643,NA,78,53.7,0.13
2013-10-18,0.034,JAN,72,48,60.08,48.02,0.02,1.7991632,86.61018,50.8914,82.306274,100,NA,NA,48.2,59.490044,71.06,6,62.566288,NA,77.6,53.3,0.13
2013-10-19,0.035,JAN,73,48,57.92,46.94,1e-4,4.6861925,324.0544,55.2162,80.15568,96.8112,NA,NA,48.4397,60.91547,71.96,11,19.117477,NA,77.2,52.8,0.13
2013-10-20,0.041,JAN,70,43,46.94,35.96,0,1.4058577,59.316982,29.5214,69.338646,92.8098,NA,NA,41.7867,53.893127,69.08,5,10.427715,NA,76.8,52.4,0.13
2013-10-21,0.029,JAN,73,41,57.02,41,0,1.1715481,144.06036,47.7467,78.035446,93.0771,NA,NA,42.98,57.816067,71.96,6,13.034643,NA,76.5,52,0.13
2013-10-22,0.035,JAN,73,48,57.2,48.02,0,2.6715481,327.01743,49.3612,80.677185,100,NA,NA,50,59.966274,71.96,9,13.034643,NA,76.1,51.5,0.13
2013-10-23,0.038,JAN,71,45,50,35.96,0,3.794979,349.67633,28.6264,66.54332,92.8372,NA,NA,44.7388,56.78653,69.98,13,18.2485,NA,75.7,51.1,0.14
2013-10-24,0.048,JAN,77,42,53.06,41,0,4.8535566,296.76965,40.1591,66.174774,89.5622,NA,NA,44.06,59.131554,75.92,13,19.117477,NA,75.3,50.7,0.13
2013-10-25,0.033,JAN,63,41,44.06,28.94,0,5.9790797,33.682365,27.5262,57.311684,79.191154,NA,NA,40.5763,50.328213,62.96,14,19.117477,NA,74.9,50.3,0.14
2013-10-26,0.039,JAN,72,37,48.2,33.98,0,1.5899582,162.40959,28.6264,63.583477,89.3374,NA,NA,37.94,53.592026,70.3882,7,8.689762,NA,74.5,49.9,0.14
2013-10-27,0.034,JAN,70,46,60.08,44.06,0.07,4.3933053,171.50494,56.6563,77.8887,96.8522,NA,NA,46.94,59.622593,69.08,9,15.641572,NA,74.1,49.5,0.13
2013-10-28,0.033,JAN,77,60,64.04,57.92,0.11,1.573919,145.59189,61.9123,85.73422,100,NA,NA,60.08,66.07824,77,7,13.034643,NA,73.7,49.1,0.13
2013-10-29,0.036,JAN,80,60,62.96,59,0,5.497908,153.78134,52.3744,78.787964,93.3004,NA,NA,60.98,69.098366,80.3874,10,19.117477,NA,73.3,48.7,0.13
2013-10-30,0.035,JAN,79,61,66.02,60.08,1e-4,6.924686,149.21529,59.7392,81.72832,96.2503,NA,NA,62.06,69.10862,78.08,12,19.117477,NA,72.9,48.4,0.12
2013-10-31,0.024,JAN,74,64,69.98,62.06,1.41,10.579498,173.16919,84.1584,90.1178,96.9683,NA,NA,64.4,70.72027,74.2806,17,28,NA,72.5,48,0.13
2013-11-01,0.041,JAN,74,49,60.98,42.98,0,2.430265,322.49228,35.3565,73.52447,100,NA,NA,50,61.38473,71.8357,9,15.641572,NA,72.2,47.6,0.13
2013-11-02,0.037,JAN,69,48,51.08,39.2,1e-4,5.5648537,334.12515,37.1471,65.57027,92.8699,NA,NA,50,57.10594,68,13,22.593382,NA,71.8,47.3,0.14
2013-11-03,0.032,JAN,66,38,46.04,37.04,0,3.0711298,65.184135,38.4198,71.01482,92.5558,NA,NA,39.02,50.80623,64.94,10,19.117477,NA,71.4,46.9,0.14
2013-11-04,0.03,JAN,68,39,51.98,37.94,0,4.4769874,116.26556,48.1659,72.06468,96.5531,NA,NA,39.92,55.695984,66.92,9,15.641572,NA,71,46.6,0.15
2013-11-05,0.033,JAN,77,58,57.02,48.92,0,10.832636,127.975914,46.6366,65.800705,77.7541,NA,NA,59,65.07707,77,17,26.069286,NA,70.7,46.3,0.14
2013-11-06,0.027,JAN,77,55,66.92,50,0.03,6.2078104,141.02605,65.9022,78.73587,93.8791,NA,NA,55.04,65.36025,75.92,14,51.2696,NA,70.3,45.9,0.14
2013-11-07,0.033,JAN,61,42,53.06,35.96,1e-4,10.189679,347.72537,42.015938,68.738914,90.0283,NA,NA,39.4353,48.94695,60.08,15,30.41417,NA,69.9,45.6,0.15
2013-11-08,0.036,JAN,63,34,42.98,33.08,0,3.1799164,57.24724,35.2293,66.88773,95.8237,NA,NA,35.06,49.296074,62.96,9,17.379524,NA,69.6,45.3,0.14
2013-11-09,0.024,JAN,65,45,51.08,41,1e-4,2.3849373,17.752659,48.0004,74.470474,89.9465,NA,NA,46.04,53.76343,62.96,8,37.36598,NA,69.2,45,0.14
2013-11-10,0.038,JAN,71,46,51.08,46.04,0,2.8870292,10.228681,43.921,73.43458,96.0194,NA,NA,48.02,57.465466,69.9303,8,15.641572,NA,68.9,44.7,0.15
2013-11-11,0.042,JAN,75,42,51.98,41,0,0.75313807,13.134941,36.9029,73.813416,100,NA,NA,42.8,56.339283,73.9564,5,17.379524,NA,68.5,44.5,0.14
2013-11-12,0.023,JAN,54,37,50,24.98,0,9.703627,358.71066,53.8062,74.59135,100,NA,NA,28.0253,43.20491,53.96,17,28,NA,68.2,44.2,0.14
2013-11-13,0.031,JAN,55,29,28.04,17.06,0,6.6903768,20.24492,23.8434,56.785732,81.9458,NA,NA,22.4664,34.85702,53.96,13,22,NA,67.8,43.9,0.15
2013-11-14,0.033,JAN,63,24,39.92,21.02,0,4.1422596,142.53731,31.9559,61.497326,88.0135,NA,NA,24.98,44.83718,62.06,13,18.2485,NA,67.5,43.7,0.15
2013-11-15,0.02,JAN,67,50,57.92,39.02,0.05,2.986053,123.651886,63.2187,82.15614,100,NA,NA,51.08,56.77912,66.02,6,35.628025,NA,67.2,43.4,0.14
2013-11-16,0.024,JAN,76,57,66.2,55.94,1e-4,8.561367,151.72401,68.6854,86.06467,96.8112,NA,NA,57.02,66.61849,75.02,13,19.117477,NA,66.9,43.2,0.15
2013-11-17,0.02,JAN,79,68,71.06,66.02,1e-4,8.253139,178.57005,73.9485,88.75519,96.993,NA,NA,68,73.07182,81.6878,14,21.724405,NA,66.5,43,0.15
2013-11-18,0.039,JAN,81,20,71.6,6.08,0.3,6.4965134,15.942732,22.0278,53.47114,94.1002,NA,NA,14.9018,59.597073,74.8627,14,33.0211,NA,66.2,42.7,0.14
2013-11-19,0.033,JAN,61,39,35.96,24.98,0,7.288703,25.200943,27.9646,44.970047,69.856,NA,NA,35.6178,48.880814,59,12,59.959362,NA,65.9,42.5,0.15
2013-11-20,0.037,JAN,69,34,48.02,30.02,0,3.330544,115.97649,35.7883,62.275597,88.4165,NA,NA,33.2156,51.613068,69.08,9,14.772596,NA,65.6,42.3,0.15
2013-11-21,0.021,JAN,73,51,60.08,48.2,0,7.414923,140.74107,63.6965,82.054085,93.5484,NA,NA,51.8,60.61046,71.96,13,44.317787,NA,65.3,42.1,0.15
2013-11-22,0.015,JAN,67,57,64.4,55.4,0.84,5.5969315,23.593527,87.9167,93.39412,100,NA,NA,57.02,62.759037,66.2,13,47,NA,65,41.9,0.14
2013-11-23,0.025,JAN,57,40,55.4,28.04,0.45,11.160391,6.0949225,61.8929,86.98205,100,NA,NA,31.3711,43.757,57.02,16,24.331335,NA,64.8,41.7,0.14
2013-11-24,0.031,JAN,48,32,26.96,17.96,0,9.824267,24.331837,32.2,51.30334,69.401,NA,NA,22.4664,31.686062,41.703,14,25.200312,NA,64.5,41.6,0.15
2013-11-25,0.021,JAN,44,36,42.98,21.02,3.87,5.237665,39.513897,51.949,77.81362,100,NA,NA,31.6003,36.446457,42.8,11,19.986454,NA,64.2,41.4,0.15
2013-11-26,0.023,JAN,45,37,42.98,33.08,1.09,9.3417015,337.96143,82.4618,92.51979,100,NA,NA,29.7397,35.411945,41.3592,16,24.331335,NA,63.9,41.2,0.15
2013-11-27,0.028,JAN,41,27,33.08,19.94,0,9.476988,334.75504,44.5052,64.72892,82.4618,NA,NA,21.0492,27.665886,34.2541,16,26.069286,NA,63.7,41.1,0.16
2013-11-28,0.028,JAN,50,23,28.04,14,0,1.0041841,30.572536,25.1625,66.63184,91.9807,NA,NA,18.0583,33.117897,48.0312,5,7.820786,NA,63.4,40.9,0.15
2013-11-29,0.033,JAN,58,24,30.92,19.94,0,1.1297071,19.685492,23.3596,65.54991,91.3228,NA,NA,24.08,38.121357,57.92,5,8.689762,NA,63.1,40.8,0.17
2013-11-30,0.033,JAN,64,25,33.98,23,0,1.1297071,165.44913,21.6781,63.99577,88.3176,NA,NA,26.06,42.37294,64.04,5,19.117477,NA,62.9,40.6,0.16
2013-12-01,0.028,JAN,66,34,48.92,30.92,0,3.3472803,177.01747,44.023,67.426605,92.4268,NA,NA,33.2156,51.896828,66.02,7,10.427715,NA,62.6,40.5,0.15
2013-12-02,0.034,JAN,73,53,59,48.02,1e-4,5.0230126,195.15384,63.4542,78.47962,100,NA,NA,53.06,60.696945,69.98,13,19.986454,NA,62.4,40.3,0.16
2013-12-03,0.031,JAN,77,50,62.96,50,0,8.501394,182.54361,51.7557,81.48292,100,NA,NA,50,65.871,77,14,24.331335,NA,62.1,40.2,0.15
2013-12-04,0.025,JAN,80,66,66.2,62.6,0,9.003487,180.23192,57.9938,80.86563,96.9296,NA,NA,66.02,71.098366,80.6766,18,26.069286,NA,61.9,40.1,0.16
2013-12-05,0.021,JAN,82,47,69.08,46.04,0,8.174337,188.90126,60.4858,81.78703,96.6573,NA,NA,43.5236,67.706726,83.0776,14,51.2696,NA,61.7,39.9,0.16
2013-12-06,0.016,JAN,47,33,44.6,32,0.2,8.597629,342.74756,86.6944,93.21214,100,NA,NA,22.18,35.305176,41.8927,15,22,NA,61.4,39.8,0.15
2013-12-07,0.016,JAN,36,31,33.8,30.02,0,9.280334,2.9615254,81.6528,89.178986,96.461,NA,NA,20.6271,25.643051,33.98,15,48.66267,NA,61.2,39.7,0.16
2013-12-08,0.005,JAN,43,34,42.08,33.08,0.79,2.5425384,12.09645,86.7947,92.75799,100,NA,NA,32.0445,37.691376,42.8,6,12.165668,NA,61,39.6,0.16
2013-12-09,0.016,JAN,43,37,42.8,35.06,0.52,7.055788,355.14957,86.8939,92.75,100,NA,NA,29.7807,35.43935,41.2407,11,51.2696,NA,60.8,39.4,0.16
2013-12-10,0.029,JAN,46,28,35.6,24.98,0.01,6.3019524,348.78134,51.2437,78.48836,95.7869,NA,NA,23.8312,31.007063,39.6287,12,31.283144,NA,60.6,39.3,0.17
2013-12-11,0.031,JAN,57,26,32,24.08,0,4.280335,11.153696,31.3562,68.23343,92.1211,NA,NA,21.0492,36.821697,57.02,12,57.352432,NA,60.4,39.2,0.16
2013-12-12,0.034,JAN,51,26,30.02,17.06,0,5.4393306,24.849125,26.6636,60.483124,84.5638,NA,NA,22.7828,33.124252,51.08,10,17.379524,NA,60.2,39.1,0.16
2013-12-13,0.028,JAN,54,24,46.04,21.02,0.09,5.7740583,139.81966,37.0274,64.11878,89.7339,NA,NA,24.08,40.41825,53.96,13,25.200312,NA,60,39,0.16
2013-12-14,0.027,JAN,61,43,55.94,33.98,0.41,7.3535566,302.67627,70.3017,86.75247,100,NA,NA,36.7371,49.653393,60.8,14,28,NA,59.8,38.9,0.17
2013-12-15,0.023,JAN,42,26,33.08,24.98,0,5.8500695,338.85855,65.1551,77.04726,92.1211,NA,NA,26.96,32.014027,37.4,14,79.076836,NA,59.6,38.8,0.15
2013-12-16,0.025,JAN,61,26,35.96,24.08,0,1.7573222,208.21613,28.0991,69.749535,92.2271,NA,NA,21.5347,39.90511,60.08,7,15.641572,NA,59.4,38.6,0.17
2013-12-17,0.02,JAN,65,29,37.94,26.06,0,2.4267783,251.5924,33.9192,68.79731,92.2578,NA,NA,26.159,44.554268,64.94,9,13.034643,NA,59.2,38.5,0.16
2013-12-18,0.03,JAN,66,31,37.04,30.2,0,3.9330544,149.50098,30.3231,65.048584,92.9725,NA,NA,32,46.373444,66.02,7,14.772596,NA,59,38.4,0.17
2013-12-19,0.036,JAN,69,37,53.96,33.08,0,7.5188284,155.75662,60.1081,73.14573,86.58,NA,NA,32.0195,54.64914,68,13,19.117477,NA,58.9,38.3,0.18
2013-12-20,0.03,JAN,76,55,64.94,53.96,0,9.4693165,158.79337,68.4696,82.03376,89.6125,NA,NA,57.02,66.64774,73.94,16,22,NA,58.7,38.2,0.17
2013-12-21,0.031,JAN,79,57,66.92,53.06,1.47,16.129707,176.46742,64.5384,77.36285,100,NA,NA,57.02,71.56683,80.9885,23,37.36598,NA,58.6,38.1,0.18
2013-12-22,0.018,JAN,64,44,55.94,41,0.18,4.792887,287.60782,72.3265,87.0403,96.7293,NA,NA,37.1145,55.47079,62.96,15,22,NA,58.4,38,0.18
2013-12-23,0.027,JAN,45,31,39.2,26.06,0,9.271967,341.27563,52.7236,72.73421,86.992,NA,NA,23.4626,31.676973,39.4793,14,88.635574,NA,58.3,37.9,0.18
2013-12-24,0.034,JAN,47,28,26.96,21.2,0,5.414226,15.813407,39.8961,66.81909,84.9953,NA,NA,22.3656,30.700827,41.8927,10,17.379524,NA,58.1,37.8,0.17
2013-12-25,0.032,JAN,51,23,28.94,19.04,0,1.8995816,43.227913,29.0706,64.49501,84.9953,NA,NA,23,33.789272,48.4397,6,11.296691,NA,58,37.7,0.18
2013-12-26,0.035,JAN,56,28,33.08,24.98,0,2.3849373,358.88953,41.3761,71.03262,92.1587,NA,NA,28.04,39.29311,55.04,7,13.90362,NA,57.9,37.6,0.17
2013-12-27,0.033,JAN,54,28,35.96,26.06,0,2.4686193,33.563503,33.762,65.523224,92.2945,NA,NA,30.02,42.439632,53.96,6,12.165668,NA,57.7,37.5,0.18
2013-12-28,0.023,JAN,47,42,44.96,30.02,0.83,3.6366806,17.916105,51.5491,83.948685,95.9851,NA,NA,38.7543,43.374126,46.04,8,13.90362,NA,57.6,37.4,0.16
2013-12-29,0.038,JAN,61,43,44.96,37,0,1.6841004,287.6936,43.7091,79.38732,100,NA,NA,39.6341,47.91518,60.08,8,13.034643,NA,57.5,37.3,0.17
2013-12-30,0.013,JAN,47,37,42.08,32,0,4.133891,332.5667,73.1847,83.64958,95.9153,NA,NA,32.0195,39.901604,46.4,7,15,NA,57.4,37.2,0.16
2013-12-31,0.021,JAN,45,35,33.08,30.02,0,4.6938634,6.012944,55.5626,75.25651,85.4325,NA,NA,27.3187,34.757,42.98,9,13.90362,NA,57.3,37.2,0.17
2014-01-01,0.024,JAN,62,35,51.8,33.08,0.14,4.645746,167.81715,59.7243,81.285995,100,NA,NA,33.4497,47.152054,60.98,10,13.90362,NA,57.2,37.1,0.17
2014-01-02,0.029,JAN,56,30,53.6,19.94,0.44,9.968619,328.35144,50.9361,71.60042,100,NA,NA,21.6138,39.020496,55.94,17,31.283144,NA,57.2,37,0.17
2014-01-03,0.033,JAN,42,25,19.94,12.92,0,6.3974895,35.3831,31.3565,55.695553,74.4976,NA,NA,16.1278,23.969627,41,13,21.724405,NA,57.1,36.9,0.17
2014-01-04,0.035,JAN,58,22,42.08,15.98,0,7.264993,162.0696,48.7756,67.168396,88.9012,NA,NA,19.2351,37.465603,57.02,16,21.724405,NA,57,36.8,0.17
2014-01-05,0.032,JAN,65,28,57.2,19.94,0.16,11.325663,230.61617,65.1368,81.68901,93.7405,NA,NA,18.0022,43.09591,64.04,20,39.10393,NA,57,36.8,0.18
2014-01-06,0.036,JAN,28,14,17.96,-0.04,0,11.027197,333.3603,33.2787,52.062607,73.4583,NA,NA,3.52611,11.004577,17.96,20,30.41417,NA,56.9,36.7,0.17
2014-01-07,0.03,JAN,32,14,12.92,-2.02,0,3.8368201,2.048501,31.1647,51.445305,73.3414,NA,NA,3.59402,15.743543,30.92,9,15.641572,NA,56.9,36.6,0.17
2014-01-08,0.033,JAN,47,17,14,5,0,5.3430963,139.34016,17.5098,41.852962,80.2949,NA,NA,11.0039,28.672964,41.3465,11,17.379524,NA,56.9,36.6,0.18
2014-01-09,0.037,JAN,63,38,41,10.94,0,6.07113,126.48442,20.431,37.12733,73.99,NA,NA,32.2427,47.48047,62.06,12,17.379524,NA,56.9,36.5,0.17
2014-01-10,0.024,JAN,66,41,62.96,39.02,0.03,8.485355,150.32791,72.1988,85.85965,95.9504,NA,NA,36.0477,51.278755,66.02,18,27,NA,56.9,36.5,0.17
2014-01-11,0.039,JAN,67,36,64.4,28.04,0.34,7.6569037,275.61984,25.5432,59.95113,93.9243,NA,NA,37.04,57.463005,66.92,18,28,NA,56.9,36.4,0.17
2014-01-12,0.037,JAN,67,31,37.94,28.94,1e-4,5.8995814,168.63019,23.9754,56.309105,88.4165,NA,NA,32,49.4713,66.92,14,20.85543,NA,56.9,36.4,0.17
2014-01-13,0.021,JAN,60,45,57.2,35.96,0.43,5.5969315,186.7104,52.1061,87.698654,100,NA,NA,43.8154,53.572342,60.8,12,18.2485,NA,56.9,36.4,0.17
2014-01-14,0.034,JAN,64,34,44.06,28.04,0,3.3682008,271.74704,26.5298,59.743347,96.461,NA,NA,33.98,49.03392,62.96,11,23,NA,57,36.3,0.17
2014-01-15,0.037,JAN,50,25,37.04,10.94,1e-4,7.962343,332.04208,23.200651,45.6652,74.4055,NA,NA,26.06,36.91421,44.5527,13,26.069286,NA,57,36.3,0.18
2014-01-16,0.04,JAN,62,25,35.06,17.96,0,6.9748955,207.49178,24.1303,50.250042,74.4055,NA,NA,21.8981,41.65026,62.06,14,25.200312,NA,57,36.3,0.18
2014-01-17,0.039,JAN,51,25,33.08,6.98,0,6.259414,295.8407,17.0882,37.76958,70.08,NA,NA,28.04,40.311016,46.7197,15,27,NA,57.1,36.3,0.16
2014-01-18,0.038,JAN,61,22,35.06,12.92,1e-4,7.3640165,203.25005,17.9179,44.552937,74.2012,NA,NA,15.9917,41.548805,60.08,13,26.938263,NA,57.2,36.3,0.17
2014-01-19,0.036,JAN,61,32,41,21.92,1e-4,3.1882846,309.8913,22.0511,53.579834,76.5262,NA,NA,33.08,46.27868,60.98,8,15.641572,NA,57.3,36.3,0.17
2014-01-20,0.045,JAN,69,28,39.02,24.08,0,3.8912134,201.53987,20.3614,54.200356,81.9458,NA,NA,28.94,48.132957,68,10,17.379524,NA,57.3,36.4,0.17
2014-01-21,0.035,JAN,55,27,42.08,15.08,0,12.075314,338.79117,34.0581,48.511353,77.141,NA,NA,18.5898,34.526974,53.06,22,35,NA,57.4,36.4,0.18
2014-01-22,0.034,JAN,49,19,24.08,8.96,0,1.5732218,94.03232,22.2966,50.97552,81.0938,NA,NA,19.94,32.437244,48.92,5,14.772596,NA,57.5,36.4,0.17
2014-01-23,0.034,JAN,45,28,21.02,3.02,0,7.866109,5.6199265,30.4652,45.57972,66.3396,NA,NA,16.9617,28.834637,37.0188,15,19.986454,NA,57.7,36.5,0.18
2014-01-24,0.031,JAN,37,20,10.04,-0.94,0,5.3974895,17.228458,22.2856,36.23578,62.0035,NA,NA,12.4923,21.256943,35.96,11,18.2485,NA,57.8,36.5,0.18
2014-01-25,0.036,JAN,59,20,26.06,10.04,0,5.41841,228.10434,19.987,50.772343,75.1117,NA,NA,12.306371,33.112698,59,13,18.2485,NA,57.9,36.6,0.18
2014-01-26,0.038,JAN,65,31,39.92,26.06,0,6.2343097,170.27983,31.1673,56.506626,81.4199,NA,NA,28.6886,47.49784,64.04,14,19.117477,NA,58,36.7,0.17
2014-01-27,0.034,JAN,54,30,46.04,1.94,0,10.629707,7.6560206,27.4332,52.435184,95.9153,NA,NA,18.6101,41.23378,53.96,17,24.331335,NA,58.2,36.7,0.18
2014-01-28,0.031,JAN,30,21,17.06,1.94,0.07,10.727336,0.5409439,31.982,54.60678,81.2516,0.8,NA,7.24117,12.651314,20.3438,15,24.331335,NA,58.3,36.8,0.19
2014-01-29,0.033,JAN,35,16,12.02,-0.94,0,3.8117154,41.736866,26.4343,45.18252,70.8922,NA,NA,8.62101,18.206152,32,9,19.986454,NA,58.5,36.9,0.18
2014-01-30,0.033,JAN,50,14,17.96,3.92,0,5.5523014,164.87697,16.2556,44.81717,76.9769,NA,NA,9.34594,26.294725,44.9556,11,19.986454,NA,58.7,37,0.19
2014-01-31,0.039,JAN,63,25,42.08,19.94,0,5.4686193,167.80544,44.4739,65.43749,88.8084,NA,NA,26.06,42.819416,62.96,9,17.379524,NA,58.8,37.2,0.19
2014-02-01,0.031,JAN,70,41,57.92,39,0,7.2482567,158.84457,54.4493,73.1656,95.9153,NA,NA,36.5299,55.871986,69.08,14,17.379524,NA,59,37.3,0.19
2014-02-02,0.021,JAN,69,38,64.94,35.6,1.5,7.9818687,187.6095,83.5951,91.99757,100,NA,NA,30.765,55.107655,68,13,24.331335,NA,59.2,37.4,0.18
2014-02-03,0.025,JAN,41,34,37.4,32,0.05,7.8898187,4.5600953,82.0931,88.60134,93.1369,NA,NA,24.9686,31.563839,39.92,13,21.724405,NA,59.4,37.5,0.18
2014-02-04,0.017,JAN,66,39,60.98,35.6,0.43,7.794282,150.28745,80.4859,90.05937,100,NA,NA,32.9823,43.36188,66.02,21,29,NA,59.6,37.7,0.18
2014-02-05,0.031,JAN,41,30,37.04,21.92,0,10.634588,337.01,67.0869,78.674034,96.5228,NA,NA,17.8375,28.115908,33.8399,16,28.676216,NA,59.8,37.9,0.18
2014-02-06,0.033,JAN,37,26,24.8,21.02,1e-4,8.390516,2.1325445,59.0937,71.46937,88.0135,NA,NA,19.3409,22.54805,28.8356,12,20.85543,NA,60,38,0.18
2014-02-07,0.03,JAN,49,24,30.92,21.02,1e-4,5.7085075,5.812834,51.2437,69.59387,87.9095,NA,NA,16.8589,29.87541,45.7677,8,14.772596,NA,60.2,38.2,0.18
2014-02-08,0.03,JAN,56,33,39.92,28.94,0.07,1.7782427,70.37861,54.6666,78.685165,92.4917,NA,NA,30.0294,42.07071,55.04,5,12.165668,NA,60.4,38.4,0.19
2014-02-09,0.034,JAN,63,36,46.94,35.06,0,3.1087866,239.0153,53.9373,78.94065,93.3474,NA,NA,33.4497,47.94179,62.96,8,13.90362,NA,60.6,38.5,0.19
2014-02-10,0.028,JAN,44,35,39.92,33.08,0.42,8.445606,8.745649,75.5044,86.01822,93.1904,NA,NA,27.3187,34.366848,42.1339,12,17.379524,NA,60.9,38.7,0.19
2014-02-11,0.026,JAN,35,32,33.8,30.02,0.73,9.160391,17.108103,86.4905,89.64976,93.0828,NA,NA,22.952,25.554174,28.6813,13,45.186764,NA,61.1,38.9,0.18
2014-02-12,0.022,JAN,37,31,33.98,30.02,0.2,8.322176,339.64566,86.4905,93.305504,100,NA,NA,21.6138,26.262823,29.606,10,17.379524,NA,61.3,39.1,0.19
2014-02-13,0.036,JAN,53,26,32,24.08,0,2.8542538,276.97885,42.5814,72.28784,96.3474,NA,NA,24.7791,37.324986,53.06,8,13.90362,NA,61.6,39.3,0.18
2014-02-14,0.039,JAN,62,31,50,28.04,0.08,7.4930267,227.22974,57.6007,75.01261,92.3611,NA,NA,27.6779,46.185146,62.06,19,25.200312,NA,61.8,39.6,0.18
2014-02-15,0.037,JAN,56,30,33.08,24.98,0,4.669456,2.0636816,31.0341,62.490303,84.9953,NA,NA,24.0438,38.521008,55.04,14,23,NA,62,39.8,0.18
2014-02-16,0.056,JAN,70,33,44.96,28.94,0,2.3430963,205.11601,31.9178,64.33324,85.2442,NA,NA,32.1867,50.61415,69.08,8,11.296691,NA,62.3,40,0.18
2014-02-17,0.033,JAN,73,51,57.92,50,0,5.456067,188.08401,59.0816,77.43558,96.7569,NA,NA,51.98,62.475605,73.04,13,41,NA,62.5,40.2,0.18
2014-02-18,0.033,JAN,74,47,62.6,46.4,0,5.0446305,189.05011,57.0508,82.866295,100,NA,NA,46.4,61.712677,73.04,15,20.85543,NA,62.8,40.4,0.17
2014-02-19,0.035,JAN,79,57,60.98,53.06,0,7.1645746,180.38786,43.2615,74.74584,96.8112,NA,NA,57.2,66.71,78.08,12,19.117477,NA,63,40.7,0.18
2014-02-20,0.032,JAN,82,54,66.2,41,1.75,13.633891,187.44438,43.5648,70.805824,100,NA,NA,55.04,70.65704,81.1766,25,37.36598,NA,63.3,40.9,0.18
2014-02-21,0.042,JAN,62,37,41,19.94,1e-4,3.460251,356.1084,19.514,55.455566,88.5668,NA,NA,37.04,49.1709,62.06,13,24.331335,NA,63.5,41.1,0.17
2014-02-22,0.042,JAN,68,36,37.94,28.04,0,4.4351463,149.79774,25.8487,57.23388,89.1558,NA,NA,35.96,49.959175,66.92,12,18.2485,NA,63.8,41.4,0.18
2014-02-23,0.035,JAN,68,43,55.94,35.96,0,1.2761506,13.620651,63.2098,73.80186,90.0283,NA,NA,44.06,57.079933,68,11,18.2485,NA,64,41.6,0.18
2014-02-24,0.038,JAN,66,49,46.94,37.94,0,5.121339,22.035812,43.1328,61.42534,82.8679,NA,NA,45.4032,55.6826,66.02,9,15.641572,NA,64.3,41.8,0.19
2014-02-25,0.033,JAN,58,50,50,37.04,0.06,3.4051604,4.6113005,54.7975,72.68616,92.2797,NA,NA,51.08,53.712467,57.02,15,18.2485,NA,64.5,42.1,0.18
2014-02-26,0.035,JAN,52,30,48.02,19.04,0.15,11.1973505,354.41083,52.5634,69.15852,93.2433,NA,NA,22.3656,30.836031,51.08,16,27,NA,64.8,42.3,0.19
2014-02-27,0.043,JAN,52,21,24.08,12.92,0,2.1171548,331.78973,21.4095,55.44221,88.4741,NA,NA,21.92,34.718132,51.98,10,14,NA,65.1,42.6,0.19
2014-02-28,0.045,JAN,62,28,42.08,19.04,1e-4,6.8200836,155.37895,21.7618,46.983517,78.446,NA,NA,28.6886,47.738884,59,13,20.85543,NA,65.3,42.8,0.18
2014-03-01,0.04,JAN,78,51,57.92,42.98,0,6.96583,171.1839,46.6366,67.60808,80.4864,NA,NA,51.98,63.45017,77,11,17.379524,NA,65.6,43,0.19
2014-03-02,0.036,JAN,79,44,62.6,41,0.03,9.9492,176.98601,50.1053,73.09499,89.5622,NA,NA,35.8741,68.28608,78.98,20,54,NA,65.8,43.3,0.18
2014-03-03,0.035,JAN,44,26,37.94,19.94,0.12,11.096931,335.8601,71.2589,81.0977,93.1904,NA,NA,14.4416,20.061584,36.9195,17,35,NA,66.1,43.5,0.18
2014-03-04,0.022,JAN,35,27,28.4,21.02,0,4.1032076,27.00736,69.17,76.22942,81.5026,NA,NA,17.2469,26.602205,35.06,9,13.90362,NA,66.4,43.8,0.19
2014-03-06,0.024,JAN,49,41,44.6,39.02,0.6,7.0320783,343.19144,79.7852,90.65903,95.8959,NA,NA,34.7047,39.04819,45.4208,10,15.641572,NA,66.9,44.2,0.19
2014-03-07,0.041,JAN,64,35,46.04,35.6,0,1.6276151,311.34555,44.023,77.049095,100,NA,NA,35.6,48.232723,62.06,5,8.689762,NA,67.1,44.5,0.19
2014-03-08,0.044,JAN,70,40,48.92,39.02,1e-4,2.3849373,182.01338,38.9092,70.11594,96.5531,NA,NA,39.92,55.013775,68,12,17.379524,NA,67.4,44.7,0.18
2014-03-09,0.049,JAN,72,48,50,44.96,0,3.041841,0.44338495,39.1264,65.761734,86.3033,NA,NA,51.08,59.8967,69.98,9,13.90362,NA,67.7,44.9,0.17
2014-03-10,0.045,JAN,75,43,51.98,42.08,0,1.9686192,235.77194,44.663,74.20883,100,NA,NA,43.5042,57.602013,73.94,9,13.90362,NA,67.9,45.1,0.17
2014-03-11,0.015,JAN,69,48,62.96,48.02,0.11,3.7447698,149.69086,67.7898,88.23638,100,NA,NA,48.4397,59.773964,68,11,20.85543,NA,68.2,45.4,0.18
2014-03-12,0.044,JAN,63,36,60.98,28.94,0,10.564854,323.74445,37.4597,65.6118,100,NA,NA,39.4353,55.60946,62.96,20,31.283144,NA,68.4,45.6,0.17
2014-03-13,0.048,JAN,64,31,35.06,24.98,0,1.1715481,338.79303,25.2373,55.242565,88.3176,NA,NA,32,47.80686,62.96,8,15.641572,NA,68.7,45.8,0.17
2014-03-14,0.051,JAN,68,35,44.96,32,0,4.6234307,185.10046,32.4902,59.52309,85.4872,NA,NA,34.3566,51.577335,64.94,13,19.986454,NA,68.9,46,0.17
2014-03-15,0.043,JAN,70,54,57.92,46.94,0.57,4.543933,136.40176,50.5993,74.53506,96.2017,NA,NA,53.96,61.031967,69.08,12,15.641572,NA,69.2,46.2,0.18
2014-03-16,0.043,JAN,71,42,62.6,39.02,0.48,7.9128313,288.29086,58.5552,80.203865,100,NA,NA,35.9762,60.456757,69.8,15,25.200312,NA,69.4,46.5,0.18
2014-03-17,0.026,JAN,42,37,39.2,32,0,7.562064,321.38705,73.0792,82.89776,93.1904,NA,NA,28.8356,33.62699,39.2,12,67.78014,NA,69.7,46.7,0.18
2014-03-18,0.04,JAN,68,38,44.96,35.06,0,6.859135,160.26828,40.3866,67.638145,88.6626,NA,NA,32.9823,49.651524,66.92,14,59.090385,NA,69.9,46.9,0.18
2014-03-19,0.05,JAN,77,46,55.4,41,0,7.1499305,234.52596,33.2244,67.65437,93.449,NA,NA,42.9898,59.476246,74.8951,12,18.2485,NA,70.2,47.1,0.18
2014-03-20,0.049,JAN,71,43,42.08,23,0,3.748954,27.88102,16.8723,53.26506,79.7852,NA,NA,44.96,55.75165,69.98,11,15.641572,NA,70.4,47.3,0.18
2014-03-21,0.064,JAN,78,37,48.02,35.06,0,5.3556485,179.76836,25.478,52.96406,92.4917,NA,NA,37.94,59.32144,76.7855,13,21,NA,70.7,47.5,0.19
2014-03-22,0.056,JAN,78,54,60.08,48.02,1e-4,3.179219,201.54361,50.1053,69.2911,86.5214,NA,NA,55.94,65.846405,77,6,19.117477,NA,70.9,47.7,0.18
2014-03-23,0.038,JAN,64,49,59,35.96,0.04,8.856346,9.157541,56.0514,75.956505,93.499,NA,NA,42.972,52.86189,62.96,15,27,NA,71.2,47.9,0.21
2014-03-24,0.045,JAN,66,40,35.96,28.94,0,5.9958158,18.573845,27.696,48.14669,69.9581,NA,NA,34.4329,50.561,64.04,9,16,NA,71.4,48.1,0.19
2014-03-25,0.045,JAN,58,33,32,19.94,0,8.334728,343.0032,23.3596,48.182613,78.1345,NA,NA,35.06,46.06231,57.02,23,31.283144,NA,71.7,48.3,0.2
2014-03-26,0.049,JAN,62,30,30.02,21.02,0,5.2719665000000004,136.06483,21.227,48.322536,88.9181,NA,NA,30.3215,46.09891,60.98,10,19.117477,NA,71.9,48.5,0.18
2014-03-27,0.045,JAN,75,48,60.98,32,1.4,11.679219,158.74124,49.2269,64.98666,100,NA,NA,43.847,58.69814,71.96,20,29,NA,72.1,48.7,0.17
2014-03-28,0.037,JAN,76,60,64.4,60.08,2.08,8.790795,148.88878,68.6854,88.128395,100,NA,NA,60.98,65.66728,75.02,19,28,NA,72.4,49,0.19
2014-03-29,0.044,JAN,65,44,60.8,42.08,0.22,10.2106,329.2727,44.6436,73.77614,100,NA,NA,46.94,58.819405,64.94,18,28,NA,72.6,49.2,0.18
2014-03-30,0.048,JAN,72,38,42.08,28.94,0,2.0502093,26.98629,20.8029,61.25148,92.6533,NA,NA,39.02,53.21199,69.08,8,11.296691,NA,72.8,49.4,0.19
2014-03-31,0.049,JAN,81,40,44.06,32,0,6.6945605,164.45558,18.2202,51.317684,92.5558,NA,NA,39.92,60.203587,78.6224,16,24.331335,NA,73.1,49.6,0.2
2014-04-01,0.043,JAN,80,56,60.08,50,1e-4,7.196653,174.82098,43.5648,69.31999,90.1091,NA,NA,55.94,67.30204,80.5566,12,20.85543,NA,73.3,49.8,0.21
2014-04-02,0.037,JAN,81,61,64.04,59,0,8.6638775,164.10773,58.1365,76.81355,93.8334,NA,NA,60.8,70.41854,81.6805,14,21.724405,NA,73.5,50,0.21
2014-04-03,0.044,JAN,85,69,66.2,60.08,0,12.677824,176.82358,47.3902,69.38201,88.3433,NA,NA,69.08,74.859795,83.7184,18,26.069286,NA,73.7,50.2,0.2
2014-04-04,0.041,JAN,72,54,66.2,46.94,1.27,8.020921,279.66513,52.6684,79.87536,100,NA,NA,55.04,64.59469,71.6,19,26.069286,NA,74,50.4,0.21
2014-04-05,0.044,JAN,65,48,44.96,39.02,1e-4,7.380753,21.425194,38.4198,56.537693,71.1855,NA,NA,44.9556,56.352623,64.94,11,18.2485,NA,74.2,50.7,0.2
2014-04-06,0.033,JAN,62,50,59,42.8,5.97,7.352859,71.26563,58.5219,92.18183,100,NA,NA,45.2135,53.08054,60.8,20,31.283144,NA,74.4,50.9,0.21
2014-04-07,0.041,JAN,65,43,64.4,44.06,0.06,6.737099,273.46518,59.9887,83.97551,100,NA,NA,44.96,56.47824,64.94,13,26.069286,NA,74.6,51.1,0.2
2014-04-08,0.042,JAN,60,42,51.98,42.08,0.03,5.112971,296.39178,69.3018,83.98812,100,NA,NA,42.5543,51.620514,59,13,24.331335,NA,74.8,51.3,0.22
2014-04-09,0.049,JAN,71,41,44.06,33.08,0,3.330544,298.33466,26.32,60.78763,91.9788,NA,NA,42.08,55.827293,69.98,11,17.379524,NA,75.1,51.6,0.21
2014-04-10,0.06,JAN,79,42,48.02,39.92,0,8.648536,178.33542,28.6751,55.09141,88.9012,NA,NA,40.2421,60.768192,76.9357,15,21,NA,75.3,51.8,0.22
2014-04-11,0.052,JAN,78,49,57.02,46.94,0,6.786611,177.80081,43.381100000000004,68.67192,92.8699,NA,NA,48.4397,63.995804,77,12,20.85543,NA,75.5,52.1,0.21
2014-04-12,0.045,JAN,82,58,61,53.06,0,9.05788,173.31674,40.8409,68.76919,96.2189,NA,NA,60.08,70.10008,81.7812,15,19.986454,NA,75.7,52.3,0.21
2014-04-13,0.043,JAN,84,60,64.94,51.98,0.12,10.944909000000001,169.90558,45.4358,68.50002,89.9397,NA,NA,60.08,71.14767,83.1591,20,26.069286,NA,75.9,52.5,0.21
2014-04-14,0.044,JAN,71,47,66.2,44.96,2.94,10.425384,122.44553,75.3967,90.50152,100,NA,NA,42.044,61.661972,69.98,21,31.283144,NA,76.2,52.8,0.22
2014-04-15,0.047,JAN,55,41,46.04,26.96,0.02,11.861227,338.25128,33.6884,59.639755,96.6573,NA,NA,33.2805,42.921856,55.04,20,30.41417,NA,76.4,53,0.21
2014-04-16,0.049,JAN,66,37,41,26.96,0,4.3765693,77.26982,25.8487,53.009937,76.4278,NA,NA,32.0195,48.274715,66.02,8,14.772596,NA,76.6,53.3,0.2
2014-04-17,0.041,JAN,68,41,53.06,37.94,0,3.5983264,97.484375,52.3543,71.17795,92.5904,NA,NA,40.7179,56.19556,68,9,14.772596,NA,76.8,53.6,0.2
2014-04-18,0.047,JAN,74,51,57.2,51.98,0,5.6046023,20.28312,51.3619,75.398575,93.6455,NA,NA,55.04,62.815773,71.96,11,15.641572,NA,77,53.8,0.2
2014-04-19,0.056,JAN,79,47,55.04,46.04,0,3.5146444,5.1838117,35.9081,69.93605,100,NA,NA,46.4,62.646896,78.08,11,18.2485,NA,77.3,54.1,0.2
2014-04-20,0.06,JAN,82,49,55.04,46.04,0,1.7154812,130.6264,30.1912,65.429695,100,NA,NA,47.7723,65.10159,80.06,6,12.165668,NA,77.5,54.4,0.2
2014-04-21,0.052,JAN,80,57,60.08,51.08,0,6.464435,180.54453,45.1363,71.00998,93.7405,NA,NA,57.02,67.79565,78.98,10,15,NA,77.7,54.6,0.18
2014-04-22,0.044,JAN,79,57,64.4,57.92,0.01,3.97629,285.47928,55.9133,83.22102,100,NA,NA,57.92,66.861885,77,9,13.034643,NA,77.9,54.9,0.17
2014-04-23,0.062,JAN,82,49,57.2,44.96,0,2.209205,357.95773,30.1912,64.69542,100,NA,NA,51.8,66.4176,80.06,9,14.772596,NA,78.1,55.2,0.17
2014-04-24,0.053,JAN,84,54,64.94,50,1e-4,6.3179917,186.20966,39.8331,63.980347,89.3961,NA,NA,55.04,71.51578,84.02,13,26.069286,NA,78.4,55.5,0.18
2014-04-25,0.051,JAN,80,55,64.94,48.92,0.09,3.358438,315.4865,34.8589,66.81434,100,NA,NA,57.02,68.298744,80.06,9,14.772596,NA,78.6,55.8,0.18
2014-04-26,0.053,JAN,88,50,68,50,0,4.3514643,164.94656,38.0008,68.28634,96.729294,NA,NA,51.08,71.45199,87.9949,10,15,NA,78.8,56.1,0.18
2014-04-27,0.035,JAN,86,65,71.06,62.6,0.73,12.546722,163.42534,49.5066,75.61201,100,NA,NA,66.02,77.923485,88.2925,21,32.152122,NA,79.1,56.4,0.16
2014-04-28,0.03,JAN,87,62,71.06,64.04,1.28,12.009066,181.01572,56.9164,77.83794,96.3879,NA,NA,68,77.42292,91.9974,21,47.793694,NA,79.3,56.7,0.17
2014-04-29,0.045,JAN,84,55,66.92,53.06,0,4.400976,182.63046,54.0515,77.8785,100,NA,NA,55.04,68.6987,84.5316,13,19.986454,NA,79.5,57,0.15
2014-04-30,0.039,JAN,68,47,53.96,42.98,0,6.0251045,306.1155,45.0934,63.02023,93.0196,NA,NA,50,59.99414,66.92,13,18.2485,NA,79.8,57.3,0.15
2014-05-01,0.054,JAN,71,42,48.92,32,0,2.2175732,292.72388,28.3169,61.033184,96.5991,NA,NA,42.98,57.5359,69.98,7,19.986454,NA,80,57.6,0.15
2014-05-02,0.055,JAN,75,48,51.98,35.96,0,2.7615063,339.4533,24.1445,58.45885,92.8699,NA,NA,48.92,61.130253,73.3568,11,18.2485,NA,80.3,57.9,0.15
2014-05-03,0.064,JAN,82,48,51.08,39.92,0,3.1380754,275.48795,23.8724,55.628365,86.1923,NA,NA,48.92,64.79684,80.1181,12,16,NA,80.5,58.2,0.14
2014-05-04,0.064,JAN,87,52,57.92,48.92,0,2.9707112,225.88097,28.9047,61.04384,89.9465,NA,NA,53.06,69.59491,84.6551,8,13.90362,NA,80.7,58.5,0.15
2014-05-05,0.056,JAN,86,55,55.94,42.98,0,5.8158994,198.74295,29.9219,53.582172,83.2074,NA,NA,57.02,71.37143,83.7654,10,15.641572,NA,81,58.8,0.14
2014-05-06,0.054,JAN,83,54,60.98,53.06,0,7.3263597,175.599,42.605,66.58337,96.7842,NA,NA,55.04,70.08153,82.6388,14,19.117477,NA,81.2,59.1,0.15
2014-05-07,0.053,JAN,86,59,64.04,57.92,0,8.200837,169.48764,41.5496,66.749466,93.2456,NA,NA,60.08,73.385605,84.5247,13,23,NA,81.5,59.4,0.14
2014-05-08,0.038,JAN,86,68,66.92,59,0,8.705718,157.33208,40.1371,68.966385,93.969,NA,NA,68,76.437996,86.2675,13,22.593382,NA,81.8,59.7,0.14
2014-05-09,0.037,JAN,74,64,69.98,62.06,1.88,6.75523,140.50246,81.7121,91.334854000000007,100,NA,NA,64.04,67.130486,75.0196,18,33.0211,NA,82,60,0.13
2014-05-10,0.031,JAN,84,62,69.98,60.98,0.12,5.0404463,163.00636,60.2464,83.17479,96.9683,NA,NA,62.96,72.53109,84.9661,9,26.069286,NA,82.3,60.3,0.14
2014-05-11,0.031,JAN,88,70,73.4,68,0.15,7.776848,159.9069,55.1909,82.29653,100,NA,NA,72.258896,78.90717,91.3461,13,26.069286,NA,82.5,60.6,0.13
2014-05-12,0.033,JAN,90,70,71.96,64.94,0,8.995118,160.2362,46.7745,74.61928,96.993,NA,NA,72.8807,80.28908,93.1371,18,23,NA,82.8,61,0.13
2014-05-13,0.045,JAN,87,69,71.06,57.92,0.08,5.233612,175.27516,39.9714,71.75018,100,NA,NA,69.08,77.14095,85.4689,10,17.379524,NA,83,61.3,0.13
2014-05-14,0.028,JAN,74,51,69.98,48.02,0.37,6.492329,305.86102,72.6154,89.49095,100,NA,NA,51.8,65.009445,75.1442,13,21.724405,NA,83.3,61.6,0.13
2014-05-15,0.05,JAN,70,47,48.92,42.08,0,6.3200836,322.51566,36.3556,65.42004,92.7766,NA,NA,44.5256,57.133667,69.98,12,24.331335,NA,83.6,61.9,0.14
2014-05-16,0.057,JAN,77,50,55.94,44.06,1e-4,3.3891213,240.64503,35.4989,62.739254,89.9465,NA,NA,50,63.795135,75.92,8,13.90362,NA,83.8,62.2,0.14
2014-05-17,0.056,JAN,84,58,59,50,0,7.83682,202.29929,30.8005,60.429325,90.1091,NA,NA,57.92,70.77525,82.1058,15,20.85543,NA,84.1,62.5,0.14
2014-05-18,0.056,JAN,84,59,64.4,55.04,0,3.834728,232.62318,39.5276,69.3469,93.2205,NA,NA,60.08,71.34308,83.4934,10,14.772596,NA,84.3,62.8,0.13
2014-05-19,0.054,JAN,86,60,62.96,53.06,0,5.1882844,166.21518,34.4874,63.391613,92.5642,NA,NA,60.08,72.61797,83.3763,11,21,NA,84.6,63.1,0.14
2014-05-20,0.058,JAN,88,61,64.04,53.96,0,7.997908,181.2158,33.4495,60.99393,100,NA,NA,60.98,74.92071,86.9515,13,19.986454,NA,84.9,63.4,0.13
2014-05-21,0.054,JAN,88,66,66.92,57.92,0,6.4135284,193.08995,37.3055,66.656425,96.342,NA,NA,66.02,76.24286,87.98,13,18.2485,NA,85.1,63.7,0.14
2014-05-22,0.056,JAN,88,63,66.02,60.08,0,2.9916317,235.04407,41.6121,68.6108,93.3004,NA,NA,64.94,75.655685,87.126,8,12.165668,NA,85.4,63.9,0.14
2014-05-23,0.061,JAN,90,63,68,60.08,1e-4,0.9623431,159.56207,40.3023,69.50329,93.3004,NA,NA,64.94,76.5274,87.9949,5,10.427715,NA,85.6,64.2,0.14
2014-05-24,0.043,JAN,84,66,66.92,64.04,0,3.4309623,190.13078,52.9345,75.34012,92.8335,NA,NA,68,74.940926,84.3678,10,13.90362,NA,85.9,64.5,0.14
2014-05-25,0.048,JAN,89,64,68,57.92,0,2.3849373,182.03926,36.2543,67.55603,93.3004,NA,NA,64.94,76.73087,89.06,8,13.034643,NA,86.1,64.8,0.14
2014-05-26,0.048,JAN,88,64,68,60.98,0,3.9748955,170.92154,41.6121,69.75271,93.2756,NA,NA,64.04,77.41226,88.8593,9,18.2485,NA,86.3,65.1,0.13
2014-05-27,0.038,JAN,87,69,71.96,64.4,0.43,5.494421,171.34029,54.7739,78.168434,93.4658,NA,NA,69.08,77.10949,89.6162,18,31.283144,NA,86.6,65.3,0.15
2014-05-28,0.03,JAN,76,67,69.98,66.02,2.56,8.135983,152.37056,73.5941,87.68713,100,NA,NA,68,71.12374,75.92,15,22.593382,NA,86.8,65.6,0.15
2014-05-29,0.023,JAN,82,69,69.98,66.02,0.72,9.160391,135.65665,67.2191,87.914345,94.057,NA,NA,69.08,73.266495,84.1017,18,30.41417,NA,87,65.9,0.16
2014-05-30,0.027,JAN,81,71,71.96,68,0.02,9.3953970000000009,126.44596,66.7046,83.66795,94.057,NA,NA,72.2589,76.81969,83.8657,16,20,NA,87.3,66.1,0.15
2014-05-31,0.024,JAN,83,70,73.04,69.08,0.05,6.205718,124.0713,63.0313,83.80431,94.057,NA,NA,72.2589,76.86825,86.9895,17,21.724405,NA,87.5,66.4,0.15
2014-06-01,0.025,JAN,86,70,71.96,68,0.22,5.3702927,131.00662,56.9815,84.803925,100,NA,NA,69.8,76.43821,88.8443,22,30.41417,NA,87.7,66.6,0.15
2014-06-02,0.023,JAN,86,69,71.96,68,0,4.6569037,135.82115,60.8714,83.37259,96.993,NA,NA,69.08,77.94243,91.5039,11,15.641572,NA,87.9,66.9,0.15
2014-06-03,0.03,JAN,89,71,71.96,69.08,0,3.9330544,143.32907,55.3127,81.975136,100,NA,NA,72.2589,79.46517,93.0665,9,13.90362,NA,88.1,67.1,0.15
2014-06-04,0.029,JAN,88,71,71.96,69.08,0,5.598326,185.7291,56.9164,77.11134,96.993,NA,NA,72.8807,81.65055,92.8384,9,15.641572,NA,88.3,67.3,0.15
2014-06-05,0.03,JAN,88,73,73.94,69.98,0,4.972106,199.16252,56.9164,77.0652,94.1002,NA,NA,74.4393,83.87673,94.7269,11,18.2485,NA,88.5,67.6,0.14
2014-06-06,0.028,JAN,92,73,75.02,71.96,0,4.1841006,240.35204,55.7235,75.8902,93.5695,NA,NA,75.4305,87.059296,100.66,10,13.90362,NA,88.7,67.8,0.15
2014-06-07,0.026,JAN,93,72,75.02,71.06,0.02,3.1631799,223.71677,50.6661,74.81647,93.5695,NA,NA,74.4393,86.71963,98.787,9,13.90362,NA,88.9,68,0.14
2014-06-08,0.026,JAN,91,70,73.94,69.08,0.3,4.177127,222.28198,51.8344,75.074844,93.5928,NA,NA,76.4622,86.0576,96.3615,10,28.676216,NA,89,68.2,0.15
2014-06-09,0.025,JAN,90,69,73.94,66.2,0.3,7.5034866,191.34631,53.455,79.27963,100,NA,NA,69.8,80.10861,98.286,20,30.41417,NA,89.2,68.4,0.14
2014-06-10,0.033,JAN,79,67,71.6,64.4,2.05,7.6450486,170.31416,73.8815,90.41668,100,NA,NA,66.2,71.88355,81.3927,16,24.331335,NA,89.4,68.6,0.16
2014-06-11,0.047,JAN,83,66,66.92,60.98,0,5.83682,259.86923,52.1938,75.45555,96.9296,NA,NA,66.92,74.084206,83.1929,13,19.986454,NA,89.5,68.8,0.15
2014-06-12,0.058,JAN,88,64,71.06,62.06,0,2.3012552,230.89934,46.3228,73.958405,96.9041,NA,NA,64.04,77.80709,89.4341,8,13.034643,NA,89.6,69,0.15
2014-06-13,0.051,JAN,87,68,71.6,62.96,0.38,4.107392,310.29034,47.8155,76.72159,96.3583,NA,NA,69.08,77.82302,90.0969,17,23,NA,89.8,69.2,0.15
2014-06-14,0.057,JAN,89,67,68,57.02,0,1.1715481,192.89165,35.0982,69.41144,93.437,NA,NA,66.92,77.654106,87.5454,6,11.296691,NA,89.9,69.4,0.15
2014-06-15,0.038,JAN,90,69,71.96,66.02,0.01,6.401674,168.80899,48.1197,70.52166,90.0191,NA,NA,69.98,82.3094,93.6436,11,15.641572,NA,90.1,69.5,0.14
2014-06-16,0.027,JAN,90,71,71.96,69.08,0.01,4.5209203,165.97679,51.8344,75.133865,94.057,NA,NA,72.2589,83.225845,96.0795,14,19.117477,NA,90.2,69.7,0.15
2014-06-17,0.024,JAN,91,71,73.94,68,0.01,5.294282,176.18782,48.5504,74.84957,96.3879,NA,NA,72.3962,84.108574,97.1331,10,14,NA,90.3,69.8,0.15
2014-06-18,0.032,JAN,91,71,73.94,68,0.01,4.041841,175.99295,48.7064,72.491165,93.518,NA,NA,72.2589,84.03383,95.9667,9,15,NA,90.4,70,0.15
2014-06-19,0.044,JAN,91,71,75.92,69.08,0.01,2.1046026,149.53897,53.727,77.12474,93.518,NA,NA,73.1168,83.48382,98.548,7,13.034643,NA,90.5,70.2,0.15
2014-06-20,0.041,JAN,93,72,73.94,69.98,0.02,2.067643,245.01874,51.9606,77.04484,93.5695,NA,NA,74.2806,84.344315,97.2022,7,18.2485,NA,90.6,70.3,0.14
2014-06-21,0.034,JAN,91,71,73.94,69.98,0.01,2.4895399,203.75092,57.1775,83.66745,96.993,NA,NA,72.3962,80.7032,98.0756,7,21.724405,NA,90.7,70.4,0.15
2014-06-22,0.041,JAN,90,71,75.02,66.2,0.59,2.4051604,74.70022,61.1253,84.428696,94.057,NA,NA,72.8807,80.197685,98.0756,14,28,NA,90.8,70.6,0.15
2014-06-23,0.027,JAN,90,72,75.2,69.98,0.03,4.7761507,177.40216,57.1775,82.7991,93.518,NA,NA,73.25,80.128624,98.2018,10,19.117477,NA,90.9,70.7,0.14
2014-06-24,0.028,JAN,84,72,73.94,68,0.35,5.3040447,213.07622,65.0019,83.09278,94.143,NA,NA,74.1521,79.53429,87.5973,11,18.2485,NA,91,70.8,0.15
2014-06-25,0.03,JAN,88,70,73.4,68,1.51,5.0788007,202.22755,63.2692,85.167206,96.3879,NA,NA,72.2589,77.60196,90.9369,13,19.117477,NA,91,70.9,0.14
2014-06-26,0.028,JAN,85,70,71.96,68,0.59,4.641562,194.89742,62.7745,84.07061,96.9683,NA,NA,69.8,77.66262,88.3231,24,33.0211,NA,91.1,71.1,0.14
2014-06-27,0.025,JAN,84,70,73.04,68,0.13,4.6387725,167.40665,60.8714,84.8463,100,NA,NA,69.8,76.74993,87.7934,12,14.772596,NA,91.2,71.2,0.15
2014-06-28,0.023,JAN,91,71,75.92,69.08,0.06,6.6345887,158.52397,63.2495,81.65097,94.057,NA,NA,72.2589,81.749565,101.618,19,27,NA,91.2,71.3,0.15
2014-06-29,0.022,JAN,90,75,75.92,71.96,0,5.9232917,190.21446,57.1775,77.98825,97.0415,NA,NA,76.6198,87.04693,97.1331,11,15.641572,NA,91.3,71.4,0.14
2014-07-28,0.043,JAN,93,71,75.92,64.04,0,5.8981867,296.97992,41.0402,70.505875,90.3687,NA,NA,73.04,86.64625,100.808,9,14.772596,NA,92.6,72.4,0.17
2014-07-29,0.042,JAN,89,64,66.92,59,0,5.259414,352.08395,40.4396,66.21808,96.9041,NA,NA,64.94,77.26345,88.8255,14,28.676216,NA,92.6,72.4,0.16
2014-07-30,0.052,JAN,85,59,62.06,53.06,0,3.376569,37.11282,35.7112,60.135445,89.6957,NA,NA,60.98,73.95504,84.92,8,13.90362,NA,92.6,72.4,0.16
2014-07-31,0.053,JAN,85,69,68,55.94,1e-4,2.3012552,33.533203,37.2146,66.47583,87.3539,NA,NA,69.08,76.14804,83.7691,7,10.427715,NA,92.6,72.4,0.16
2014-08-01,0.039,JAN,80,70,71.96,64.94,0.03,1.4644351,100.113464,62.1581,77.606125,96.4172,NA,NA,71.06,75.26949,81.1383,4,6.95181,NA,92.7,72.4,0.17
2014-08-02,0.041,JAN,87,72,71.96,68,0.01,3.7238493,26.508755,55.0443,79.26118,93.518,NA,NA,73.25,79.69566,92.2139,8,14.772596,NA,92.7,72.3,0.16
2014-08-03,0.039,JAN,91,72,71.96,68,0,2.9497907,33.97796,51.9606,73.836624,90.7287,NA,NA,74.2806,83.03075,95.4228,11,20,NA,92.7,72.3,0.17
2014-08-04,0.036,JAN,93,70,71.96,69.8,1e-4,2.2705717,63.835487,50.2292,81.062515,93.518,NA,NA,73.25,79.9192,96.7159,16,39.10393,NA,92.7,72.3,0.16
2014-08-05,0.05,JAN,95,68,73.04,66.92,1e-4,2.0502093,329.02997,41.3383,72.122734,96.3879,NA,NA,68,83.94178,97.7998,8,13.034643,NA,92.7,72.3,0.16
2014-08-06,0.043,JAN,97,71,73.94,69.08,0,1.8828452,331.37152,43.0687,70.75692,96.993,NA,NA,73.4147,87.46026,100.725,7,12.165668,NA,92.7,72.2,0.17
2014-08-07,0.037,JAN,95,73,75.92,69.08,0,2.9288702,206.37265,50.3853,74.13631,93.5928,NA,NA,75.4305,88.99192,105.777,9,17.379524,NA,92.7,72.2,0.16
2014-08-08,0.023,JAN,96,73,75.92,69.08,0,4.1841006,231.04825,43.0687,70.43222,93.5415,NA,NA,74.4393,89.2386,100.725,10,34,NA,92.7,72.1,0.16
2014-08-09,0.026,JAN,93,74,75.92,71.6,0.24,4.8751745,233.43884,57.6937,84.45332,93.5695,NA,NA,75.4305,83.89525,105.745,27,38.234955,NA,92.7,72.1,0.16
2014-08-10,0.035,JAN,95,71,75.02,69.8,2.51,3.8709903,249.05342,50.5097,82.29592,100,NA,NA,72.3962,83.101685,102.182,17,24.331335,NA,92.7,72.1,0.16
2014-08-11,0.021,JAN,85,72,75.92,71.06,0.1,3.3417015,217.77829,74.4434,90.76579,96.993,NA,NA,73.4147,77.24839,92.4488,15,26.069286,NA,92.6,72,0.15
2014-08-12,0.036,JAN,92,70,73.94,66.92,1e-4,2.912134,322.9408,48.7064,78.75282,100,NA,NA,71.06,81.42076,96.7159,10,38.234955,NA,92.6,71.9,0.15
2014-08-13,0.041,JAN,87,65,66.02,59,0,5.259414,13.09526,40.1371,66.70007,93.3546,NA,NA,66.02,76.037254,86.8039,13,19.117477,NA,92.6,71.9,0.16
2014-08-14,0.046,JAN,87,61,64.94,57.02,0,2.874477,358.46957,37.3812,67.31222,93.3004,NA,NA,62.06,74.242,86,11,18.2485,NA,92.5,71.8,0.15
2014-08-15,0.068,JAN,90,62,69.08,60.08,0,1.0878661,8.424722,41.7143,70.18713,96.8783,NA,NA,62.96,76.26498,89.3375,4,11.296691,NA,92.5,71.8,0.16
2014-08-16,0.04,JAN,92,65,73.04,64.04,0,2.6359832,220.52045,46.9327,73.04812,93.3546,NA,NA,66.02,81.84444,97.0344,6,12.165668,NA,92.4,71.7,0.15
2014-08-17,0.025,JAN,95,74,77,69.98,0,6.292887,214.07729,47.2213,75.90653,94.143,NA,NA,75.2982,86.40714,100.118,11,19.117477,NA,92.4,71.6,0.16
2014-08-18,0.018,JAN,91,74,77,69.98,0.01,6.5327754,228.08371,53.455,77.88409,94.143,NA,NA,74.8627,85.79817,96.0795,13,22.593382,NA,92.3,71.5,0.15
2014-08-19,0.023,JAN,93,58,77,73.04,0,4.6422596,224.83617,55.8435,76.452446,94.143,NA,NA,76.6198,88.36988,101.825,10,14.772596,NA,92.2,71.4,0.16
2014-08-20,0.033,JAN,95,72,73.94,68,0,2.6359832,208.18,42.9079,71.42609,96.4172,NA,NA,74.4393,86.53574,99.1091,6,10.427715,NA,92.2,71.4,0.15
2014-08-21,0.028,JAN,96,73,75.02,69.98,0.25,2.1450489,222.79878,44.4152,75.08739,94.143,NA,NA,75.2982,86.21619,102.182,10,18.2485,NA,92.1,71.3,0.14
2014-08-22,0.031,JAN,94,72,75.02,69.98,0,2.4937239,238.47874,47.2213,74.58878,96.993,NA,NA,73.4147,86.56044,100.118,7,10.427715,NA,92,71.2,0.16
2014-08-23,0.028,JAN,97,73,73.94,66.92,0,2.0502093,326.48987,38.6761,71.05693,97.0174,NA,NA,74.5756,87.1611,101.233,7,12.165668,NA,91.9,71.1,0.15
2014-08-24,0.035,JAN,97,72,75.02,64.94,0,2.7615063,343.95917,36.1059,69.559845,93.5415,NA,NA,74.4393,88.39408,101.535,9,15.641572,NA,91.8,70.9,0.14
2014-08-25,0.032,JAN,93,75,77,71.96,0.05,3.7238493,78.26401,52.2368,79.20296,90.8013,NA,NA,77.4797,86.62407,100.503,8,20.85543,NA,91.7,70.8,0.14
2014-08-26,0.044,JAN,92,70,73.04,59,0,4.342399,79.06467,34.2222,60.484047,87.6003,NA,NA,71.06,81.30854,91.94,11,18.2485,NA,91.6,70.7,0.14
2014-08-27,0.048,JAN,94,68,66.92,60.08,0,2.8451884,41.13574,34.524,63.018612,89.9831,NA,NA,69.08,80.888885,93.5781,9,13.034643,NA,91.5,70.6,0.14
2014-08-28,0.057,JAN,94,68,73.04,59,0,1.8284519,175.27933,32.1729,66.788666,90.0191,NA,NA,69.08,81.98318,93.92,6,10.427715,NA,91.3,70.4,0.12
2014-08-29,0.047,JAN,94,73,73.04,64.94,0,4.916318,147.26762,39.6834,68.58283,93.5415,NA,NA,75.4305,85.052536,96.0191,11,18.2485,NA,91.2,70.3,0.13
2014-08-30,0.019,JAN,85,74,75.02,69.98,0.31,6.352859,165.20796,69.7345,88.35901,97.0174,NA,NA,75.4305,79.672806,93.3968,13,32,NA,91.1,70.1,0.13
2014-08-31,0.015,JAN,86,73,77,71.06,1e-4,5.859135,168.47803,69.846,85.33589,93.6709,NA,NA,75.2982,83.94815,95.0015,10,15.641572,NA,90.9,69.9,0.13
2014-09-01,0.02,JAN,94,73,75.92,69.98,1e-4,6.711297,165.0606,45.9217,79.885086,97.0415,NA,NA,74.5756,83.773476,100.208,21,30.41417,NA,90.8,69.8,0.12
2014-09-02,0.024,JAN,92,72,75.92,69.98,1.49,5.41841,187.4119,57.6443,87.24966,97.0174,NA,NA,73.4147,81.519356,98.286,15,23.462358,NA,90.6,69.6,0.13
2014-09-03,0.03,JAN,90,70,75.92,69.08,0,2.908647,283.0868,59.3022,81.19888,96.993,NA,NA,69.98,83.19616,97.1331,8,13.90362,NA,90.5,69.4,0.12
2014-09-04,0.035,JAN,94,72,75.02,69.98,0,2.9435146,214.07349,47.2213,74.23132,97.0174,NA,NA,74.4393,86.211429999999993,99.1091,9,12.165668,NA,90.3,69.2,0.12
2014-09-05,0.041,JAN,91,72,75.02,69.98,0.02,2.7691772,186.2835,61.3631,83.91564,97.0174,NA,NA,73.25,80.809006,99.2892,10,14.772596,NA,90.1,69,0.11
2014-09-06,0.043,JAN,92,69,73.94,68,0,1.7726638,349.8549,46.9327,76.65201,96.993,NA,NA,69.08,83.11749,95.9667,7,11.296691,NA,90,68.8,0.12
2014-09-07,0.026,JAN,86,74,73.94,71.96,0,4.5230126,359.25317,67.146,84.505615,93.5695,NA,NA,75.4305,80.51747,91.6606,8,12.165668,NA,89.8,68.6,0.12
2014-09-08,0.04,JAN,93,70,73.94,66.92,0,2.3263597,0.32709178,43.9617,75.00847,93.5928,NA,NA,73.25,84.93403,96.7159,7,11.296691,NA,89.6,68.3,0.12
2014-09-09,0.044,JAN,94,72,75.92,69.98,0,3.5146444,164.51996,47.2213,75.34545,96.993,NA,NA,73.4147,86.98741,100.808,14,21,NA,89.4,68.1,0.12
2014-09-10,0.029,JAN,92,75,75.02,69.98,0,6.7880054,179.86603,50.2292,75.96036,96.4461,NA,NA,76.755,86.418274,98.548,11,19.117477,NA,89.2,67.9,0.12
2014-09-11,0.035,JAN,94,74,75.92,71.06,0,4.6234307,189.54172,50.5097,77.174934,97.0174,NA,NA,75.5938,87.63483,101.021,8,12.165668,NA,89,67.6,0.12
2014-09-12,0.025,JAN,89,72,75.92,71.96,0.03,4.4232917,6.1699085,67.4817,86.82569,97.0174,NA,NA,75.4305,82.34029,98.8509,11,16.51055,NA,88.8,67.3,0.13
2014-09-13,0.02,JAN,73,67,71.6,62.06,0,9.194561,10.910803,76.1334,86.649734,96.993,NA,NA,66.92,69.601364,74.4393,14,19.117477,NA,88.6,67.1,0.13
2014-09-14,0.034,JAN,86,65,69.98,60.08,0,4.8765693,4.4704075,57.1246,75.748116,90.6553,NA,NA,64.94,74.867584,90.0969,8,13.90362,NA,88.4,66.8,0.12
2014-09-15,0.038,JAN,91,69,71.96,64.94,0,2.3849373,345.43094,50.2292,73.35692,93.4658,NA,NA,69.98,81.89303,96.7159,9,12.165668,NA,88.1,66.5,0.12
2014-09-16,0.033,JAN,89,71,71.96,60.98,0,3.372385,5.3870044,40.4396,71.28819,93.518,NA,NA,73.25,81.41744,91.9974,9,13.90362,NA,87.9,66.2,0.11
2014-09-17,0.035,JAN,92,66,71.06,66.92,0,2.246862,87.05981,46.7745,75.61661,96.3583,NA,NA,68,80.13099,95.1311,6,10.427715,NA,87.7,65.9,0.11
2014-09-18,0.038,JAN,90,69,75.92,66.92,0.18,4.3933053,115.661804,49.9468,78.7138,92.8335,NA,NA,69.08,78.88149,93.9423,14,27,NA,87.4,65.5,0.12
2014-09-19,0.041,JAN,90,66,71.06,64.94,1e-4,2.3430963,94.517204,48.1197,76.40969,96.9296,NA,NA,66.92,78.269226,92.856,8,13.034643,NA,87.2,65.2,0.11
2014-09-20,0.041,JAN,90,66,69.08,64.04,0,2.0083683,74.29211,43.5312,74.389145,96.9296,NA,NA,66.92,78.40202,90.9454,6,13.034643,NA,86.9,64.9,0.1
2014-09-21,0.045,JAN,92,64,69.08,62.06,0,0.73221755,115.42167,39.3831,71.2641,96.9041,NA,NA,64.04,78.13491,92.5887,5,10.427715,NA,86.6,64.5,0.11
2014-09-22,0.037,JAN,84,67,69.98,50,0,8.737099,15.663246,31.8934,55.326004,87.4073,NA,NA,68,75.829315,82.3679,14,21,NA,86.4,64.2,0.1
2014-09-23,0.041,JAN,84,57,59,51.08,0,4.9414225,42.05584,36.7684,59.17342,83.6643,NA,NA,57.02,69.617424,82.04,10,19.117477,NA,86.1,63.8,0.11
2014-09-24,0.04,JAN,84,58,62.06,55.94,0,4.90795,89.378136,42.605,69.977325,89.778,NA,NA,59,70.40165,82.6388,11,17.379524,NA,85.8,63.4,0.1
2014-09-25,0.046,JAN,86,57,60.98,57.02,0,2.870293,16.321577,39.8331,69.93781,93.134,NA,NA,59,70.74699,84.92,9,13.90362,NA,85.5,63.1,0.11
2014-09-26,0.048,JAN,86,60,66.02,59,0,2.6778243,78.88965,44.5858,74.080574,93.2456,NA,NA,60.98,72.49535,85.4982,7,13.90362,NA,85.3,62.7,0.12
2014-09-27,0.027,JAN,81,61,66.02,60.98,0,4.466527,75.439896,58.1365,80.31949,96.9041,NA,NA,62.06,70.889145,81.6805,11,19.986454,NA,85,62.3,0.11
2014-09-28,0.02,JAN,83,67,69.98,64.04,0,4.477685,55.001568,63.0313,78.472725,89.9831,NA,NA,68,76.52395,86.5171,9,13.90362,NA,84.7,61.9,0.11
2014-09-29,0.026,JAN,89,66,69.98,64.04,0,4.627615,40.79405,45.044,73.704704,93.3839,NA,NA,68,78.991455,89.799,10,16.51055,NA,84.4,61.5,0.12
2014-09-30,0.042,JAN,90,64,69.08,62.06,0,1.8410041,106.409454,40.604,71.99486,96.9041,NA,NA,64.04,76.70029,89.5195,7,13.034643,NA,84,61.1,0.12
2014-10-01,0.035,JAN,90,65,71.06,64,0,5.3117156,150.48856,42.3142,74.4599,96.9296,NA,NA,66.02,78.163,91.4207,9,16.51055,NA,83.7,60.7,0.12
2014-10-02,0.032,JAN,90,74,77,71.06,0.47,8.423291,164.73743,59.3022,83.89162,97.0415,NA,NA,76.3347,82.54899,97.1331,13,32,NA,83.4,60.3,0.13
2014-10-03,0.038,JAN,82,57,73.94,55.04,0,6.497908,274.90683,48.6395,78.22949,96.9296,NA,NA,57.92,70.68616,80.7273,18,35,NA,83.1,59.8,0.12
2014-10-04,0.034,JAN,71,49,53.96,30.02,0,6.251046,340.48138,23.2594,54.877796,85.6699,NA,NA,47.2089,59.304222,69.98,13,23.462358,NA,82.7,59.4,0.12
2014-10-05,0.041,JAN,79,46,53.06,42.08,0,6.527197,197.90784,27.8372,60.828594,92.7489,NA,NA,45.7677,61.644962,77.8863,14,20.85543,NA,82.4,59,0.13
2014-10-06,0.042,JAN,81,61,64.94,53.96,0,7.920502,181.26872,52.6554,73.62671,89.6957,NA,NA,62.06,70.91621,82.0216,15,25.200312,NA,82.1,58.5,0.11
2014-10-07,0.037,JAN,87,66,68,62.06,0,6.9267783,189.91083,44.6264,76.597984,96.9296,NA,NA,66.92,75.43042,88.8593,12,17.379524,NA,81.7,58.1,0.12
2014-10-08,0.051,JAN,89,64,69.98,64.04,0,3.5564854,162.45393,46.4831,77.003845,96.9041,NA,NA,64.94,76.643684,89.799,10,13.034643,NA,81.4,57.7,0.11
2014-10-09,0.032,JAN,87,66,71.06,66.02,0,4.9686193,173.14085,55.0443,79.23507,100,NA,NA,66.02,77.86687,91.3461,8,18.2485,NA,81,57.2,0.11
2014-10-10,0.024,JAN,89,72,71.96,64.04,0,7.5585775,202.62543,46.35,73.86419,94.1002,NA,NA,73.04,80.21515,90.3974,12,19.986454,NA,80.6,56.8,0.1
2014-10-11,0.022,JAN,89,69,71.06,60.98,0,5.9895396,223.58357,40.4396,73.389984,93.4896,NA,NA,69.98,78.43514,88.416,14,18.2485,NA,80.3,56.3,0.1
2014-10-12,0.025,JAN,87,68,71.96,66.92,0,5.6066947,181.65535,56.9815,77.16322,93.437,NA,NA,69.08,78.04496,88.8443,11,18.2485,NA,79.9,55.9,0.11
2014-10-13,0.032,JAN,89,61,71.06,60.08,1.59,11.382845,174.53891,53.181,83.39923,100,NA,NA,62.06,74.9292,90.6202,20,37,NA,79.5,55.5,0.11
2014-10-14,0.031,JAN,72,55,59,48.02,0,7.3919106,254.21703,45.4265,71.746826,93.1901,NA,NA,55.94,62.66276,70.001,12,19.986454,NA,79.2,55,0.11
2014-10-15,0.035,JAN,74,48,50,37.04,0,5.0209203,266.5205,26.9284,63.094437,89.7339,NA,NA,47.1786,59.28798,71.3552,15,23.462358,NA,78.8,54.6,0.11
2014-10-16,0.043,JAN,80,45,51.98,41,0,2.0502093,228.97736,27.5348,67.58296,92.8372,NA,NA,44.96,59.952194,77.8863,7,12.165668,NA,78.4,54.1,0.12
2014-10-17,0.047,JAN,82,51,62,50,0,3.6820083,228.22305,42.3021,75.142944,96.7293,NA,NA,51.98,66.04367,81.9574,10,19.117477,NA,78,53.7,0.13
2014-10-18,0.038,JAN,80,57,62.96,53.06,0,5.2154813,356.74707,40.6355,72.57191,100,NA,NA,57.02,66.42293,78.98,11,14.772596,NA,77.6,53.3,0.13
2014-10-19,0.034,JAN,73,46,51.08,44.06,0,4.07113,28.000935,36.6703,67.81482,92.80975,NA,NA,48.02,59.071995,70.6396,8,14.772596,NA,77.2,52.8,0.13
2014-10-20,0.038,JAN,77,43,53.06,42.08,0,1.3389121,322.5878,34.6141,70.95176,96.6284,NA,NA,44.06,58.831455,75.02,5,12.165668,NA,76.8,52.4,0.13
2014-10-21,0.049,JAN,80,48,57.92,48.02,0,1.7154812,2.0216126,43.0757,75.23601,96.6859,NA,NA,48.92,62.184425,78.98,7,11.296691,NA,76.5,52,0.13
2014-10-22,0.041,JAN,75,46,53.96,44.96,0,5.083682,27.95274,36.9029,67.12993,100,NA,NA,46.94,60.93694,73.9564,12,16.51055,NA,76.1,51.5,0.13
2014-10-23,0.033,JAN,69,42,48.92,41,0,2.995816,25.899496,44.7846,72.732506,92.8098,NA,NA,42.5543,54.87617,68,7,10.427715,NA,75.7,51.1,0.14
2014-10-24,0.039,JAN,76,43,51.98,42.08,0,2.133891,344.46387,30.6636,70.52795,96.6573,NA,NA,42.98,57.155674,73.6632,7,13.90362,NA,75.3,50.7,0.13
2014-10-25,0.046,JAN,82,45,60.98,44.96,0,1.5481172,308.15326,47.2297,75.969086,95.9851,NA,NA,46.04,62.666264,82.4317,7,12.165668,NA,74.9,50.3,0.14
2014-10-26,0.052,JAN,85,53,64.04,51.98,0,1.1297071,211.27737,47.683,77.181435,100,NA,NA,53.06,68.148155,84.6781,6,10.427715,NA,74.5,49.9,0.14
2014-10-27,0.047,JAN,83,56,62.06,51.98,0,6.5167365,171.78441,39.6666,72.07378,96.2189,NA,NA,57.92,69.49137,82.94,13,19.986454,NA,74.1,49.5,0.13
2014-10-28,0.037,JAN,80,58,64.94,57.92,0,5.3263597,170.03384,60.2337,82.50296,100,NA,NA,59,69.77384,80.6766,11,14.772596,NA,73.7,49.1,0.13
2014-10-29,0.033,JAN,76,47,66.2,42.98,1e-4,5.906555,358.10446,32.9129,74.113235,96.2812,NA,NA,48.92,65.269646,73.94,14,20.85543,NA,73.3,48.7,0.13
2014-10-30,0.042,JAN,73,41,46.94,37.94,0,2.1757321,26.17236,29.8322,66.258545,96.6284,NA,NA,42.08,55.72469,71.4607,8,16.51055,NA,72.9,48.4,0.12
2014-10-31,0.038,JAN,70,43,48.02,19.94,0,9.58159,340.2005,33.878,64.37162,92.7489,NA,NA,39.1939,54.29891,69.08,23,31,NA,72.5,48,0.13
2014-11-01,0.035,JAN,57,36,32,19.94,0,8.912134,354.8243,25.4315,46.29154,64.88159,NA,NA,28.4378,41.567917,55.94,15,23.462358,NA,72.2,47.6,0.13
2014-11-02,0.035,JAN,65,28,35.96,24.08,0,2.5523012,78.40752,21.6781,59.777855,88.9181,NA,NA,26.159,45.6896,64.04,9,13.90362,NA,71.8,47.3,0.14
2014-11-03,0.039,JAN,72,38,46.04,26.96,0,5.2719665000000004,152.42952,19.1781,52.746407,82.4618,NA,NA,35.4791,53.357216,69.98,10,14.772596,NA,71.4,46.9,0.14
2014-11-04,0.035,JAN,79,45,57.92,44.96,0,6.7573223,167.07957,48.1861,72.54902,92.9613,NA,NA,46.94,63.582092,77,11,19.117477,NA,71,46.6,0.15
2014-11-05,0.026,JAN,74,60,62.96,57.02,0.02,4.16318,165.62427,68.3511,82.48566,93.3004,NA,NA,60.98,66.48092,73.04,9,15.641572,NA,70.7,46.3,0.14
2014-11-06,0.029,JAN,68,49,64.4,39.02,0.11,6.315202,333.79803,49.7267,75.32931,96.9041,NA,NA,46.7197,60.922832,68,12,27.80724,NA,70.3,45.9,0.14
2014-11-07,0.032,JAN,60,37,37.94,28.04,0,5.640167,13.4681835,31.6773,56.650917,85.6065,NA,NA,39.1911,47.79734,60.08,14,19.986454,NA,69.9,45.6,0.15
2014-11-08,0.039,JAN,70,33,44.96,26.96,0,2.9707112,319.39386,22.1029,63.60698,95.7497,NA,NA,29.9232,51.166023,69.08,7,13.90362,NA,69.6,45.3,0.14
2014-11-09,0.031,JAN,67,37,44.06,35.96,0,2.0125523,356.57822,34.2375,71.42557,96.5531,NA,NA,35.4791,49.960632,66.02,8,13.034643,NA,69.2,45,0.14
2014-11-10,0.046,JAN,76,35,53.06,33.98,0,6.9456067,169.94461,25.1968,62.1609,95.8237,NA,NA,34.4502,55.828846,73.4062,13,19.986454,NA,68.9,44.7,0.15
2014-11-11,0.039,JAN,81,47,62.96,42.08,1e-4,8.675733,209.05415,48.48,74.51365,89.4819,NA,NA,41.3465,64.1903,78.98,15,22,NA,68.5,44.5,0.14
2014-11-12,0.016,JAN,47,36,42.98,28.94,0,10.025802,342.88892,70.08,75.99569,86.0182,NA,NA,28.4378,37.765377,42.9898,14,28.676216,NA,68.2,44.2,0.14
2014-11-13,0.025,JAN,41,29,28.94,15.98,0,12.171548,349.23306,44.1777,58.14176,78.1345,NA,NA,21.6741,27.033972,32.0817,17,28,NA,67.8,43.9,0.15
2014-11-14,0.028,JAN,45,28,21.02,12.92,0,8.4560669999999991,5.7996354,26.9364,50.038597,71.9067,NA,NA,17.6482,27.270603,39.22,13,20.85543,NA,67.5,43.7,0.15
2014-11-15,0.031,JAN,53,24,28.04,10.94,0,3.1380754,147.04742,20.4145,47.236057,80.9555,NA,NA,22.7958,41.37712,53.06,7,13.90362,NA,67.2,43.4,0.14
2014-11-16,0.017,JAN,61,43,60.98,30.02,3.2,6.4755926,12.697952,42.7176,89.71087,100,NA,NA,37.0188,51.13888,60.98,13,19.986454,NA,66.9,43.2,0.15
2014-11-17,0.034,JAN,45,28,41,19.94,0.21,9.682009,324.6105,41.1019,71.149284,96.5531,NA,NA,23.4626,30.978554,38.8443,16,27,NA,66.5,43,0.15
2014-11-18,0.035,JAN,45,25,23,12.02,0,4.794979,15.489723,27.8763,56.28311,84.7987,NA,NA,19.7089,27.974514,42.4753,10,16.51055,NA,66.2,42.7,0.14
2014-11-19,0.041,JAN,61,24,32,14,0,6.527197,195.23088,16.1924,52.414223,80.9555,NA,NA,19.2225,38.18291,60.08,12,19.117477,NA,65.9,42.5,0.15
2014-11-20,0.029,JAN,67,40,50,33.98,0,4.6234307,146.67305,52.3543,75.50799,92.7766,NA,NA,35.8012,50.640053,66.92,9,12.165668,NA,65.6,42.3,0.15
2014-11-21,0.041,JAN,71,39,46.94,37.94,0,5.3849373,146.90654,39.224,69.010506,95.8601,NA,NA,39.02,54.748028,69.98,14,19.986454,NA,65.3,42.1,0.15
2014-11-22,0.042,JAN,71,45,55.94,41,0,6.7852163,136.56352,45.5669,67.42608,86.1923,NA,NA,46.94,59.14952,69.98,14,20.85543,NA,65,41.9,0.14
2014-11-23,0.033,JAN,70,61,62.96,55.94,0.34,11.322176,171.8141,65.5443,83.81882,96.8522,NA,NA,60.98,63.909706,69.98,20,32.152122,NA,64.8,41.7,0.14
2014-11-24,0.031,JAN,64,44,60.08,32,0,6.2517433,291.636,33.425,66.43264,92.5642,NA,NA,42.5543,55.535828,62.96,13,22.593382,NA,64.5,41.6,0.15
2014-11-25,0.031,JAN,53,30,39.02,23,0,4.1422596,346.5735,33.0364,62.89625,92.4623,NA,NA,30.02,42.12804,53.06,14,19.986454,NA,64.2,41.4,0.15
2014-11-26,0.042,JAN,67,27,35.96,26.06,0,6.6108785,223.38846,26.8386,56.05628,92.1899,NA,NA,25.1904,47.879066,66.92,17,61,NA,63.9,41.2,0.15
2014-11-27,0.024,JAN,52,31,30.92,28.04,0,6.5523014,331.81116,40.7293,60.02032,88.9181,NA,NA,28.6886,39.848923,51.08,15,23.462358,NA,63.7,41.1,0.16
2014-11-28,0.029,JAN,60,28,33.98,21.92,0,5.288703,157.8223,22.7678,59.781223,92.2578,NA,NA,24.2296,40.81258,60.08,9,15.641572,NA,63.4,40.9,0.15
2014-11-29,0.035,JAN,73,44,55.94,37.04,0,10.384937,182.0179,49.3612,73.26476,89.6486,NA,NA,40.0776,58.553036,71.96,16,27,NA,63.1,40.8,0.17
2014-11-30,0.035,JAN,78,56,59,53.06,0,9.446304,172.8214,43.381100000000004,73.846405,96.7842,NA,NA,55.94,64.79163,77,15,26,NA,62.9,40.6,0.16
2014-12-01,0.029,JAN,78,47,62.6,42.98,0,5.8319387,175.48798,44.8352,77.4853,96.8522,NA,NA,42.5166,63.5462,77,10,29,NA,62.6,40.5,0.15
2014-12-02,0.003,JAN,55,44,46.04,41,1e-4,4.2977686,353.11398,68.7296,84.40564,96.6573,NA,NA,41.3592,46.844624,55.04,8,11.296691,NA,62.4,40.3,0.16
2014-12-03,0.021,JAN,70,46,55.94,46.04,0,3.0244071,21.477654,58.5552,83.77696,100,NA,NA,44.8664,55.842518,69.08,6,10.427715,NA,62.1,40.2,0.15
2014-12-04,0.026,JAN,76,46,59,46.04,0,1.997908,183.6491,53.6469,82.06119,100,NA,NA,46.04,60.68389,75.92,8,13.034643,NA,61.9,40.1,0.16
2014-12-05,0.028,JAN,77,57,64.94,60.08,0.01,9.331939,171.22409,61.9123,82.18539,100,NA,NA,62.96,69.474014,77,16,28.676216,NA,61.7,39.9,0.16
2014-12-06,0.019,JAN,69,50,66.2,44.96,0.04,9.451883,341.39926,65.6098,84.68708,96.9296,NA,NA,44.6286,61.06471,68,15,19.986454,NA,61.4,39.8,0.15
2014-12-07,0.024,JAN,50,41,44.96,37.94,0,6.7203627,20.054718,63.0796,76.07636,88.8507,NA,NA,39.8708,43.384827,48.92,13,20.85543,NA,61.2,39.7,0.16
2014-12-08,0.026,JAN,64,37,42.08,37.04,0,2.1171548,318.31915,44.4739,72.9133,92.5268,NA,NA,39.02,49.049267,62.96,7,12.165668,NA,61,39.6,0.16
2014-12-09,0.033,JAN,66,32,42.98,30.92,0,5.1046023,338.81558,30.0083,71.28543,96.5228,NA,NA,33.08,45.640255,64.94,12,19.117477,NA,60.8,39.4,0.16
2014-12-10,0.019,JAN,54,33,35.06,30.02,0,4.782427,15.138728,44.4811,71.4471,92.4268,NA,NA,27.6779,38.392876,53.06,7,13.90362,NA,60.6,39.3,0.17
2014-12-11,0.018,JAN,58,30,37.94,28.94,0,2.5523012,29.922009,46.5981,70.32901,95.7291,NA,NA,27.4539,43.1446,55.04,8,11.296691,NA,60.4,39.2,0.16
2014-12-12,0.011,JAN,57,44,42.98,35.96,1e-4,1.3807532,66.95082,50.4163,68.68671,89.5622,NA,NA,43.0693,48.591557,55.94,5,9.558739,NA,60.2,39.1,0.16
2014-12-13,0.032,JAN,68,41,48.02,39.02,0,1.7991632,43.328754000000004,46.8263,73.2323,92.6872,NA,NA,42.08,53.299126,68,7,11.296691,NA,60,39,0.16
2014-12-14,0.039,JAN,69,38,48.92,37.04,0,2.6778243,147.73808,46.9915,77.30118,96.5531,NA,NA,39.02,52.218662,69.08,6,10.427715,NA,59.8,38.9,0.17
2014-12-15,0.025,JAN,70,46,64.4,42.08,0.42,8.366806,181.60654,51.3428,84.10369,96.8783,NA,NA,45.4208,59.45661,69.08,14,21.724405,NA,59.6,38.8,0.15
2014-12-16,0.016,JAN,59,35,41,33.08,0,5.6234307,297.12134,43.3576,63.9777,92.4268,NA,NA,35.06,46.919987,55.94,11,18,NA,59.4,38.6,0.17
2014-12-17,0.019,JAN,58,31,41,30.02,0,2.0920503,30.031277,46.7686,77.01855,95.7497,NA,NA,32,42.93994,55.94,6,10.427715,NA,59.2,38.5,0.16
2014-12-18,0.007,JAN,51,41,46.04,39,0.03,3.292887,73.65834,70.9534,83.602684,92.7489,NA,NA,41.13893,45.451637,51.08,7,11.296691,NA,59,38.4,0.17
2014-12-19,0.017,JAN,49,45,44.96,35.96,0.3,4.45258,50.358994,60.7407,81.57311,93.3985,NA,NA,39.22,44.478573,48.92,10,13.90362,NA,58.9,38.3,0.18
2014-12-20,0.027,JAN,57,38,42.98,37.04,1e-4,5.7008367,24.612066,57.1427,82.01476,92.6533,NA,NA,36.6688,43.902157,57.02,10,14.772596,NA,58.7,38.2,0.17
2014-12-21,0.03,JAN,61,36,48.92,33.98,0,4.705021,106.60644,55.522,80.56103,92.8699,NA,NA,32.6843,46.277554,60.98,10,17.379524,NA,58.6,38.1,0.18
2014-12-22,0.013,JAN,64,51,62.06,48.92,1e-4,6.36053,154.73502,86.6864,93.63075,100,NA,NA,51.08,58.100628,64.04,10,17,NA,58.4,38,0.18
2014-12-23,0.022,JAN,66,48,64.04,46.04,1.54,6.3856344,27.379837,92.5642,95.9831,100,NA,NA,43.847,58.282692,64.94,17,24,NA,58.3,37.9,0.18
2014-12-24,0.016,JAN,50,39,44.96,33.08,1e-4,7.251046,274.98422,58.0651,75.399445,89.0836,NA,NA,35.6178,42.38039,45.6346,11,20.85543,NA,58.1,37.8,0.17
2014-12-25,0.026,JAN,56,30,37.04,28.94,0,4.0041842,167.06235,38.3353,74.259,95.7497,NA,NA,27.4539,40.54651,55.94,10,13.90362,NA,58,37.7,0.18
2014-12-26,0.025,JAN,62,35,50,33.98,1e-4,6.0153418,124.473946,62.3257,78.12852,92.5268,NA,NA,33.2156,49.217068,60.98,11,18.2485,NA,57.9,37.6,0.17
2014-12-27,0.018,JAN,64,53,60.98,48.92,0.79,7.782427,144.67308,77.2303,91.3699,96.8522,NA,NA,53.06,58.502678,62.96,11,17.379524,NA,57.7,37.5,0.18
2014-12-28,0.009,JAN,61,47,60.98,44.96,0.79,5.8403068,332.9964,89.7339,94.56843,100,NA,NA,42.0907,47.13161,60.98,9,15.641572,NA,57.6,37.4,0.16
2014-12-29,0.007,JAN,50,44,46.4,44.06,0.01,5.688982,352.76987,86.1312,95.055565,100,NA,NA,38.0914,43.050644,46.4897,11,15.641572,NA,57.5,37.3,0.17
2014-12-30,0.021,JAN,48,38,42.98,28.94,0,9.306137,4.378914,58.0651,79.734184,100,NA,NA,30.8998,36.637856,43.4337,13,19.986454,NA,57.4,37.2,0.16
2014-12-31,0.024,JAN,50,31,30.92,26.06,0,7.240175,12.002772,45.6497,65.842094,81.9458,NA,NA,22.7828,34.03885,45.4032,12,17.379524,NA,57.3,37.2,0.17
2015-01-01,0.016,JAN,48,33,42.98,28.94,0.27,5.387727,45.091454,65.4271,81.707436,92.7153,NA,NA,29.2157,37.43644,44.1382,12,16.51055,NA,57.2,37.1,0.17
2015-01-02,0.015,JAN,58,45,57.92,42.98,0.29,5.1164575,83.43393,88.9929,95.4357,100,NA,NA,40.5763,48.921253,57.92,10,16.51055,NA,57.2,37,0.17
2015-01-03,0.02,JAN,72,58,66.92,57.02,1.79,9.434449,171.64436,81.0014,91.96312,100,NA,NA,60.08,65.36565,71.06,14,25.200312,NA,57.1,36.9,0.17
2015-01-04,0.025,JAN,60,35,57.92,26.6,1e-4,8.140864,322.2418,65.8038,79.04989,96.2017,NA,NA,25.8962,43.883144,60.08,14,19.986454,NA,57,36.8,0.17
2015-01-05,0.023,JAN,47,28.4,28.04,21.92,0,7.0209203,355.0674,40.3483,68.27209,88.82257,NA,NA,17.6482,28.93894,43.5042,13,19.986454,NA,57,36.8,0.18
2015-01-06,0.03,JAN,61,25,33.98,24.08,0,3.251046,342.73785,25.0704,65.80344,92.0895,NA,NA,21.8981,40.17343,60.98,9,14.772596,NA,56.9,36.7,0.17
2015-01-07,0.032,JAN,47,20,30.02,-0.04,0,13.514645,358.98627,38.2317,55.090656,78.1345,NA,NA,7.00915,25.054296,38.9813,23,32.152122,NA,56.9,36.6,0.17
2015-01-08,0.027,JAN,35,13,15.08,-0.04,0,5.5523014,56.363052,24.0844,45.39291,65.5799,NA,NA,2.83846,15.789598,32,13,19.986454,NA,56.9,36.6,0.18
2015-01-09,0.03,JAN,40,24,19.94,10.04,0,6.1924686,345.5707,32.2102,45.392597,60.3767,NA,NA,19.9642,28.81613,35.0689,11,19,NA,56.9,36.5,0.17
2015-01-10,0.033,JAN,46,25,23,5,0,4.8535566,37.26139,20.356,41.14456,63.7689,NA,NA,17.9048,29.797947,43.8154,10,16.51055,NA,56.9,36.5,0.17
2015-01-11,0.034,JAN,61,36,48.92,14,0.16,6.7238493,131.68312,34.471,55.906895,92.2797,NA,NA,35.4791,48.323486,60.08,12,16.51055,NA,56.9,36.4,0.17
2015-01-12,0.018,JAN,60,42,57.2,41,0.46,8.083682,329.92908,83.2074,94.29764,100,NA,NA,35.2048,49.872623,59,12,17.379524,NA,56.9,36.4,0.17
2015-01-13,0.017,JAN,42,35,41,33.08,1e-4,8.57113,353.8556,85.5524,92.299034,96.5531,NA,NA,27.8825,31.897362,37.6704,13,18.2485,NA,56.9,36.4,0.17
2015-01-14,0.02,JAN,39,33,33.08,30.2,0,5.042538,17.92141,72.4556,87.48657,92.397,NA,NA,25.9758,30.667902,37.94,9,12.165668,NA,57,36.3,0.17
2015-01-15,0.018,JAN,44,28,35.96,26.96,0.09,3.2475593,359.21786,67.4548,85.20616,95.8237,NA,NA,25.1904,34.30977,40.2421,7,11.296691,NA,57,36.3,0.18
2015-01-16,0.032,JAN,57,24,33.08,24.08,0,0.7112971,28.137781,30.2109,71.208694,96.3474,NA,NA,26.06,38.99302,57.02,6,9.558739,NA,57,36.3,0.18
2015-01-17,0.036,JAN,62,29,35.96,26.06,0,5.7740583,181.05034,32.1716,64.989044,92.2945,NA,NA,28.6886,43.63063,62.06,14,19.117477,NA,57.1,36.3,0.16
2015-01-18,0.04,JAN,68,32,42.08,14,0,3.1213388,302.67084,13.1405,58.050617,96.4921,NA,NA,33.08,47.491432,66.02,9,13.90362,NA,57.2,36.3,0.17
2015-01-19,0.04,JAN,70,28,37.94,23,0,5.2719665000000004,196.75105,16.8723,53.76363,84.9263,NA,NA,25.108,48.01649,69.98,10,15.641572,NA,57.3,36.3,0.17
2015-01-20,0.049,JAN,69,36,50,33.98,0,2.5690377,224.67484,41.9791,73.35173,92.6872,NA,NA,33.2156,50.989674,68,6,11.296691,NA,57.3,36.4,0.17
2015-01-21,0.037,JAN,65,37,39.92,28.94,0,5.2719665000000004,9.116018,32.4902,57.87739,95.8959,NA,NA,35.6178,49.924652,64.04,8,14.772596,NA,57.4,36.4,0.18
2015-01-22,0.034,JAN,54,41,39.92,28.94,1.16,8.654115,37.552658,39.2846,64.80964,92.5904,NA,NA,33.4562,43.79101,53.06,14,24.331335,NA,57.5,36.4,0.17
2015-01-23,0.016,JAN,44,37,42.98,35.06,0.5,8.601116,341.78543,88.7573,92.70844,96.5991,NA,NA,30.3215,34.777477,40.7179,14,19.117477,NA,57.7,36.5,0.18
2015-01-24,0.03,JAN,56,32,35.06,28.04,0,5.064156,245.6696,35.2196,71.56545,96.461,NA,NA,28.6813,38.959538,55.04,9,19.117477,NA,57.8,36.5,0.18
2015-01-25,0.04,JAN,68,35,39.02,33.08,0,9.820084,249.60686,33.1863,59.057293,95.7869,NA,NA,29.2157,49.56163,66.92,18,30,NA,57.9,36.6,0.18
2015-01-26,0.026,JAN,56,41,35.06,30.02,0,7.0153418,302.26807,38.3353,58.240402,72.7767,NA,NA,37.6704,44.192387,55.94,13,21.724405,NA,58,36.7,0.17
2015-01-27,0.036,JAN,69,35,37.94,28.04,0,5.920502,335.58014,22.2622,54.235428,85.3664,NA,NA,35.96,51.60302,68,13,20,NA,58.2,36.7,0.18
2015-01-28,0.031,JAN,68,35,37.94,30.92,0,6.121339,132.37054,26.1538,53.212463,78.3077,NA,NA,35.7494,50.60288,68,11,14.772596,NA,58.3,36.8,0.19
2015-01-29,0.041,JAN,77,44,53.06,35.96,0,9.506276,243.24252,36.9029,61.473507,83.0928,NA,NA,41.0163,57.06183,73.9564,18,27,NA,58.5,36.9,0.18
2015-01-30,0.028,JAN,58,39,35.06,26.96,0,7.845188,4.842653,32.6051,57.110813,75.8761,NA,NA,32.2427,42.212444,57.02,15,21,NA,58.7,37,0.19
2015-01-31,0.035,JAN,61,31,39.92,23,0,5.259414,120.25509,24.9312,51.624283,85.1205,NA,NA,30.9224,45.030388,60.98,11,17.379524,NA,58.8,37.2,0.19
2015-02-01,0.033,JAN,70,45,60.08,33.08,0.57,10.248257,193.37863,62.8737,80.36497,93.1031,NA,NA,37.0535,56.624084,69.98,17,42,NA,59,37.3,0.19
2015-02-02,0.028,JAN,44,29,33.98,23,0,9.306137,332.55258,54.6775,66.70111,78.2717,NA,NA,19.7487,28.351929,37.6704,18,28,NA,59.2,37.4,0.18
2015-02-03,0.025,JAN,48,27,30.92,23,0,2.4560668,99.553406,40.3483,65.31673,84.8685,NA,NA,25.1904,35.530712,46.94,6,9.558739,NA,59.4,37.5,0.18
2015-02-04,0.018,JAN,51,36,41,30.92,1e-4,2.8451884,79.65639,52.0165,70.6826,85.9038,NA,NA,34.4502,42.371197,51.08,6,9.558739,NA,59.6,37.7,0.18
2015-02-05,0.034,JAN,52,31,39.02,21.92,0,8.90516,354.18732,33.4358,60.714634,79.5387,NA,NA,26.159,38.884583,51.98,14,19.986454,NA,59.8,37.9,0.18
2015-02-06,0.033,JAN,60,24,24.98,3.02,0,0.83682007,240.72264,10.2655,49.954308,84.0987,NA,NA,24.98,39.80794,59,4,8.689762,NA,60,38,0.18
2015-02-07,0.045,JAN,69,31,46.04,23,0,7.1422596,179.68668,23.8277,52.69897,76.9778,NA,NA,27.4202,50.496426,68,13,19.986454,NA,60.2,38.2,0.18
2015-02-08,0.041,JAN,74,49,55.04,46.04,1e-4,9.292887,196.10823,47.5926,72.57951,92.8699,NA,NA,46.286,60.446335,73.04,17,24,NA,60.4,38.4,0.19
2015-02-09,0.037,JAN,71,41,55.94,35.06,0.01,8.478382,332.37823,34.8706,65.78007,93.0196,NA,NA,35.1996,57.00315,69.98,15,25,NA,60.6,38.5,0.19
2015-02-10,0.033,JAN,57,34,33.98,28.4,0,6.48675,6.20084,36.9599,63.709732,85.3664,NA,NA,29.1783,39.9992,55.94,15,19.986454,NA,60.9,38.7,0.19
2015-02-11,0.043,JAN,68,30,37.04,28.04,0,2.5523012,350.92508,25.0368,59.681973,92.2945,NA,NA,30.92,48.821674,68,7,12.165668,NA,61.1,38.9,0.18
2015-02-12,0.037,JAN,52,32,35.96,17.96,0,10.167364,346.094,26.6636,53.121376,79.2134,NA,NA,24.3224,37.6232,51.08,16,24.331335,NA,61.3,39.1,0.19
2015-02-13,0.037,JAN,51,27,23,6.98,0,3.2301254,26.343615,17.9435,42.716423,68.9153,NA,NA,22.3656,33.955044,50,8,13.90362,NA,61.6,39.3,0.18
2015-02-14,0.048,JAN,71,29,39.2,23,0,3.8912134,252.44252,27.6222,58.90941,82.1715,NA,NA,28.6813,48.34314,69.98,12,19.117477,NA,61.8,39.6,0.18
2015-02-15,0.037,JAN,55,38,39.02,17.96,1e-4,6.297071,64.8479,26.1054,42.025227,73.7934,NA,NA,32.2427,44.353085,55.04,9,18.2485,NA,62,39.8,0.18
2015-02-16,0.032,JAN,66,28,57.92,21.02,1.25,10.053696,297.7771,32.9294,82.11271,96.6284,NA,NA,16.8129,37.323105,66.02,17,28,NA,62.3,40,0.18
2015-02-17,0.037,JAN,39,25,23,19.04,1e-4,8.445606,339.9697,47.892,69.64542,84.6695,NA,NA,13.595,22.337177,32.0195,14,21.724405,NA,62.5,40.2,0.18
2015-02-18,0.041,JAN,47,23,24.98,10.04,0,8.062761,307.28156,24.5321,53.450912,87.9095,NA,NA,18.1715,29.631569,39.8708,16,29,NA,62.8,40.4,0.17
2015-02-19,0.038,JAN,41,23,17.96,3.92,0,5.6778245,17.232191,23.5558,42.020554,60.095,NA,NA,14.3571,24.600578,39.02,13,20.85543,NA,63,40.7,0.18
2015-02-20,0.041,JAN,57,26,48.92,6.98,0.02,10.285913,149.48578,35.8404,54.94297,80.2516,NA,NA,21.0518,40.206924,57.02,24,33.0211,NA,63.3,40.9,0.18
2015-02-21,0.04,JAN,67,55,57.92,51.08,1,14.317991,175.81496,62.9632,79.31801,96.8112,NA,NA,55.04,61.146946,66.02,25,36.497,NA,63.5,41.1,0.17
2015-02-22,0.028,JAN,56,41,48.92,39.02,0.67,8.297071,3.780792,88.8084,93.61752,100,NA,NA,33.0985,40.22617,46.1276,13,20.85543,NA,63.8,41.4,0.18
2015-02-23,0.033,JAN,42,32,39.92,28.94,0.94,10.782427,2.2206538,75.3936,89.362686,95.8959,NA,NA,23.3762,26.506094,37.0838,16,24,NA,64,41.6,0.18
2015-02-24,0.032,JAN,34,28,30.02,26.06,1e-4,5.2712693,339.352,81.5026,89.4556,92.8597,NA,NA,18.5994,25.647627,33.08,11,14.772596,NA,64.3,41.8,0.19
2015-02-25,0.029,JAN,36,32,33.8,28.94,1.02,4.979777,11.005986,84.5638,91.482544,96.461,1e-4,NA,25.9758,29.098043,33.98,9,12.165668,NA,64.5,42.1,0.18
2015-02-26,0.04,JAN,47,33,33.08,28.04,0,8.684798,342.5148,55.3165,80.39973,95.7497,NA,NA,24.3224,29.640663,40.9717,18,20.85543,NA,64.8,42.3,0.19
2015-02-27,0.04,JAN,48,30,28.94,19.94,0,8.734309,11.67804,40.3483,61.90075,84.5638,NA,NA,20.6271,30.110783,42.0907,12,18.2485,NA,65.1,42.6,0.19
2015-02-28,0.041,JAN,68,28,44.06,19.94,0,4.9414225,102.63334,22.1029,44.795967,74.8073,NA,NA,28.6886,48.43567,66.92,13,19.117477,NA,65.3,42.8,0.18
2015-03-01,0.019,JAN,61,46,57.92,42.98,0.88,5.233612,144.77696,76.7051,90.68174,100,NA,NA,46.4897,55.349945,60.08,15,20.85543,NA,65.6,43,0.19
2015-03-02,0.008,JAN,57,50,55.94,48.92,0.06,3.8291492,354.5487,96.0532,97.88174,100,NA,NA,46.7197,52.216717,57.02,7,9.558739,NA,65.8,43.3,0.18
2015-03-03,0.018,JAN,76,52,66.92,51.98,0.12,5.992329,177.31404,70.8797,91.66601,100,NA,NA,51.98,64.05757,75.02,17,24.331335,NA,66.1,43.5,0.18
2015-03-04,0.027,JAN,82,44,66.02,41,0.04,11.883543,202.87093,48.6395,76.27442,93.3985,NA,NA,36.1373,66.936966,82.6527,18,27,NA,66.4,43.8,0.19
2015-03-05,0.044,JAN,44,26,39.92,15.98,0.45,12.853557,343.6647,65.2082,80.58838,93.1904,0.3,NA,15.359,21.9342,36.7075,18,27,NA,66.6,44,0.19
2015-03-06,0.043,JAN,48,23,24.98,15.08,0,7.075314,5.919565,28.5705,56.17487,78.3512,NA,NA,12.4577,27.642239,43.4337,13,19.117477,NA,66.9,44.2,0.19
2015-03-07,0.045,JAN,65,23,28.94,10.94,0,1.5899582,348.14633,12.2999,53.00089,88.7259,NA,NA,20.6634,41.96463,64.04,6,10.427715,NA,67.1,44.5,0.19
2015-03-08,0.045,JAN,67,35,46.04,23,0.07,3.9748955,351.4918,19.3367,60.88749,89.7339,NA,NA,33.2156,49.32877,66.02,10,16.51055,NA,67.4,44.7,0.18
2015-03-09,0.022,JAN,59,48,57.2,44.96,0.16,3.9149232,75.89566,71.9038,87.131935,96.8112,NA,NA,46.1276,52.90502,59,8,14.772596,NA,67.7,44.9,0.17
2015-03-10,0.018,JAN,74,59,66.02,57.02,1.41,6.320781,181.80434,70.6759,90.458626,100,NA,NA,59,65.958496,73.04,11,17.379524,NA,67.9,45.1,0.17
2015-03-11,0.026,JAN,63,57,60.08,55.04,0.01,5.759414,353.21536,80.3375,88.59129,96.8522,NA,NA,57.02,59.643055,62.06,9,11.296691,NA,68.2,45.4,0.18
2015-03-12,0.02,JAN,76,58,66.02,55.04,0.03,7.9686193,105.00141,66.6534,85.28029,93.3839,NA,NA,57.92,65.675186,75.92,15,23.462358,NA,68.4,45.6,0.17
2015-03-13,0.025,JAN,72,64,66.92,62.96,0.51,10.3026495,145.37468,73.3022,89.89875,96.342,NA,NA,64.94,67.65054,71.96,27,35.628025,NA,68.7,45.8,0.17
2015-03-14,0.024,JAN,70,55,62.96,53.96,1e-4,5.434449,225.48064,62.9316,82.77405,93.3004,NA,NA,55.94,63.05088,69.08,10,14.772596,NA,68.9,46,0.17
2015-03-15,0.035,JAN,76,52,57.92,51.08,0,2.1541142,16.348173,46.3372,80.70206,100,NA,NA,51.98,62.062763,75.02,7,12.165668,NA,69.2,46.2,0.18
2015-03-16,0.047,JAN,84,51,57.92,46.04,0,2.2175732,254.19305,27.4897,68.619415,100,NA,NA,51.8,65.99493,81.7493,13,19.117477,NA,69.4,46.5,0.18
2015-03-17,0.043,JAN,83,57,60.98,53.06,1e-4,3.9205022,306.64032,41.2465,68.430115,86.9986,NA,NA,59,69.96841,82.4468,10,17.379524,NA,69.7,46.7,0.18
2015-03-18,0.041,JAN,79,59,64.94,51.08,0,4.1150627,29.303106,46.4948,75.03495,100,NA,NA,59,66.96431,78.08,9,13.90362,NA,69.9,46.9,0.18
2015-03-19,0.034,JAN,76,61,62.96,57.92,0,2.8110182,295.35025,59.7233,82.47632,100,NA,NA,60.08,65.90778,75.02,9,12.165668,NA,70.2,47.1,0.18
2015-03-20,0.022,JAN,76,60,66.02,57.92,0.03,5.6185493,324.09396,70.8797,84.88551,93.3004,NA,NA,60.98,66.313095,75.02,13,14.772596,NA,70.4,47.3,0.18
2015-03-21,0.029,JAN,62,57,57.92,55.04,1.88,4.8354254,49.169285,86.2888,91.40367,96.2017,NA,NA,57.02,59.69,62.06,9,12.165668,NA,70.7,47.5,0.19
2015-03-22,0.029,JAN,64,55.4,60.98,53.6,0.53,4.8633194,317.05957,86.2888,92.240974,96.7842,NA,NA,55.4,59.082344,64.04,10,13.90362,NA,70.9,47.7,0.18
2015-03-23,0.035,JAN,68,49,55.94,48.92,0.02,5.5801954,8.152687,61.03,83.42936,96.7842,NA,NA,51.08,58.45247,66.92,11,16.51055,NA,71.2,47.9,0.21
2015-03-24,0.026,JAN,74,45,55.94,44.06,0,3.8493724,152.07921,51.1815,77.068695,96.6573,NA,NA,46.04,59.726902,73.04,12,16.51055,NA,71.4,48.1,0.19
2015-03-25,0.04,JAN,80,55,60.98,53.6,0,6.7622037,160.59212,41.9975,71.99453,96.7842,NA,NA,55.94,67.45008,78.98,15,23.462358,NA,71.7,48.3,0.2
2015-03-26,0.043,JAN,77,49,62.96,44.96,0.14,6.6652718,304.7209,51.4696,79.05344,93.134,NA,NA,44.3641,62.654522,75.92,17,28,NA,71.9,48.5,0.18
2015-03-27,0.043,JAN,63,42,46.04,32,0,9.17364,350.9511,32.5508,59.52537,88.8507,NA,NA,37.0658,48.884933,62.96,17,24.331335,NA,72.1,48.7,0.17
2015-03-28,0.037,JAN,58,36,37.04,30.92,0,4.3765693,67.03311,40.2213,62.26724,89.2472,NA,NA,37.04,46.10877,57.02,11,14.772596,NA,72.4,49,0.19
2015-03-29,0.055,JAN,79,42,59,30.02,1e-4,9.8026495,164.13774,38.9122,54.50812,81.0741,NA,NA,37.6386,58.433453,78.08,14,24.331335,NA,72.6,49.2,0.18
2015-03-30,0.039,JAN,79,59,62.06,57.02,1e-4,5.4846582,241.09134,49.9391,76.078125,93.134,NA,NA,59,67.73804,78.08,10,18.2485,NA,72.8,49.4,0.19
2015-03-31,0.036,JAN,83,57,60.98,53.06,0,6.8075314,214.44006,36.7684,66.89451,93.0771,NA,NA,57.02,69.372925,82.04,14,19.986454,NA,73.1,49.6,0.2
2015-04-01,0.034,JAN,80,59,62.96,55.04,1e-4,6.12622,183.36589,44.9997,71.09711,93.134,NA,NA,59,69.90004,80.2385,9,18.2485,NA,73.3,49.8,0.21
2015-04-02,0.046,JAN,86,67,66.92,51.98,1e-4,9.820084,184.3466,34.3201,67.75099,93.3839,NA,NA,66.92,74.21224,84.02,19,26.069286,NA,73.5,50,0.21
2015-04-03,0.038,JAN,88,59,66.02,59,0.48,11.279637,208.82004,43.0701,68.697815,93.3546,NA,NA,60.98,76.16585,88.416,18,29.545193,NA,73.7,50.2,0.2
2015-04-04,0.041,JAN,69,50,59,33.08,1e-4,10.485355,5.3372664,27.2857,57.279778,93.1901,NA,NA,51.08,58.573723,69.08,18,27,NA,74,50.4,0.21
2015-04-05,0.035,JAN,65,46,53.96,35.06,0.08,5.25523,126.03873,37.7812,66.01621,86.58,NA,NA,43.0693,55.044670000000004,64.94,11,14.772596,NA,74.2,50.7,0.2
2015-04-06,0.023,JAN,80,56,71.06,53.96,0.33,7.076011,155.2194,66.5828,84.83997,93.518,NA,NA,57.02,68.192535,81.1383,15,20.85543,NA,74.4,50.9,0.21
2015-04-08,0.035,JAN,87,62,68,59,0,7.4198046,185.8849,40.1371,71.76083,100,NA,NA,62.96,75.73599,86.8659,13,20.85543,NA,74.8,51.3,0.22
2015-04-09,0.036,JAN,86,70,69.8,62.96,0,10.856346,175.7549,47.8155,73.975845,90.062,NA,NA,69.98,77.38965,85.8331,16,24.331335,NA,75.1,51.6,0.21
2015-04-10,0.024,JAN,74,57,69.98,53.96,0.17,6.0111575,293.28516,69.7242,85.26218,93.4896,NA,NA,57.02,67.53629,75.0196,10,16.51055,NA,75.3,51.8,0.22
2015-04-11,0.046,JAN,80,51,53.96,42.98,0,5.1882844,46.478485,28.6751,61.116405,92.9293,NA,NA,51.08,64.917725,80.06,10,16.51055,NA,75.5,52.1,0.21
2015-04-12,0.033,JAN,80,57,66.92,44.96,0.01,4.6018133,136.46098,51.7718,73.40215,89.9831,NA,NA,57.02,67.51953,80.8155,10,21.724405,NA,75.7,52.3,0.21
2015-04-13,0.02,JAN,78,68,69.98,64.4,0.42,6.8319387,151.44063,76.569,89.19581,96.3583,NA,NA,68,71.47309,77,11,27,NA,75.9,52.5,0.21
2015-04-14,0.03,JAN,74,65,69.08,62.6,0.01,5.368201,176.62065,78.5658,88.66508,96.342,NA,NA,64.94,70.225235,74.1521,10,14.772596,NA,76.2,52.8,0.22
2015-04-15,0.045,JAN,81,65,66.92,62.06,0.31,5.492329,175.90463,57.9938,79.00478,96.9041,NA,NA,64.4,71.47393,80.6766,11,21,NA,76.4,53,0.21
2015-04-16,0.026,JAN,77,64,69.98,62.96,0.36,4.6443515,167.43289,79.3669,89.24147,96.9296,NA,NA,64.94,70.39618,76.9422,17,26.069286,NA,76.6,53.3,0.2
2015-04-17,0.039,JAN,80,63,68,62.06,0.02,4.251046,89.3587,59.9796,83.78356,96.9041,NA,NA,62.96,70.00084,78.08,14,19.117477,NA,76.8,53.6,0.2
2015-04-18,0.025,JAN,72,65,66.92,62.06,0.91,5.639333,106.793686,76.1334,87.2854,96.342,NA,NA,64.94,68.056915,71.96,9,14.772596,NA,77,53.8,0.2
2015-04-19,0.047,JAN,80,65,66.92,46.94,0.33,7.9755926,218.07932,36.9029,72.73315,96.9296,NA,NA,64.4,72.34566,80.7273,15,36,NA,77.3,54.1,0.2
2015-04-20,0.045,JAN,72,52,55.94,42.98,0,6.6666665,289.51294,38.8122,62.79885,89.2615,NA,NA,51.98,63.962925,73.04,13,28,NA,77.5,54.4,0.2
2015-04-21,0.052,JAN,75,49,51.08,33.08,1e-4,2.3430963,34.41569,23.8605,55.66689,92.2797,NA,NA,47.7723,61.496067,72.1693,8,14.772596,NA,77.7,54.6,0.18
2015-04-22,0.055,JAN,82,52,62.06,48.92,0.03,2.2615063,221.53,35.0277,67.86579,96.8783,NA,NA,53.06,66.87093,82.04,9,13.034643,NA,77.9,54.9,0.17
2015-04-29,0.056,JAN,73,51,50,44.06,0,6.74477,345.3105,36.6703,62.877266,86.413,NA,NA,51.98,61.488544,70.6396,13,20.85543,NA,79.5,57,0.15
2015-04-30,0.065,JAN,83,47,51.98,42.98,0,3.0962343,285.58533,26.868,60.41803,92.8372,NA,NA,48.02,64.32783,80.06,12,18.2485,NA,79.8,57.3,0.15
2015-05-01,0.059,JAN,79,51,51.08,41,0,4.1422596,19.223326,28.541,55.990498,89.3093,NA,NA,53.06,64.257645,78.98,10,16.51055,NA,80,57.6,0.15
2015-05-02,0.07,JAN,81,45,51.08,35.96,0,1.5899582,153.34769,20.4363,57.525066,92.7766,NA,NA,46.94,62.85987,78.7684,6,10.427715,NA,80.3,57.9,0.15
2015-05-03,0.059,JAN,84,53,62.06,48.92,0,4.7698746,172.44273,32.67002,61.317574,86.8957,NA,NA,53.06,68.61744,82.04,10,17.379524,NA,80.5,58.2,0.14
2015-05-04,0.052,JAN,84,51,64.04,51.08,0,4.196653,149.66241,38.3073,65.30347,90.0283,NA,NA,53.96,69.93978,84.02,11,19.986454,NA,80.7,58.5,0.15
2015-05-05,0.054,JAN,85,59,60.08,53.06,0,6.460251,132.94414,34.4874,61.461857,93.134,NA,NA,59,72.41169,83.3763,14,22.593382,NA,81,58.8,0.14
2015-05-06,0.044,JAN,85,57,64.04,55.94,0,5.037657,142.29886,39.8608,64.82359,89.6505,NA,NA,59,72.92229,84.2,10,19.117477,NA,81.2,59.1,0.15
2015-05-07,0.04,JAN,87,63,66.02,59,0,6.083682,154.78256,41.7143,68.34483,96.8783,NA,NA,62.96,74.97544,86.111,13,16.51055,NA,81.5,59.4,0.14
2015-05-08,0.044,JAN,87,62,66.02,57.92,0,5.380753,169.7928,39.9714,66.030174,93.2456,NA,NA,62.96,75.339645,84.92,10,18.2485,NA,81.8,59.7,0.14
2015-05-09,0.04,JAN,86,64,68,57.92,1e-4,5.920502,155.02478,43.0701,67.88275,93.3301,NA,NA,64.94,75.22467,86.2675,12,22,NA,82,60,0.13
2015-05-10,0.037,JAN,90,66,66.92,59,0,7.6736403,162.36029,36.4201,65.01383,93.3301,NA,NA,66.02,77.07615,89.06,13,19.986454,NA,82.3,60.3,0.14
2015-05-11,0.047,JAN,83,66,69.98,59,1e-4,5.5871687,181.60155,45.5983,78.222115,93.437,NA,NA,66.02,73.560326,82.4317,10,16.51055,NA,82.5,60.6,0.13
2015-05-12,0.036,JAN,76,67,68,64.94,0.37,3.613668,22.791592,73.5941,85.51601,96.342,NA,NA,68,71.17979,75.92,10,15.641572,NA,82.8,61,0.13
2015-05-13,0.046,JAN,84,64,66.02,55.94,0,4.589958,48.30007,44.2872,65.78523,89.9397,NA,NA,64.04,73.162575,83.4029,6,13.034643,NA,83,61.3,0.13
2015-05-14,0.05,JAN,87,67,66.02,57.02,0,4.171548,142.59618,47.974,63.725147,81.2946,NA,NA,66.92,76.318954,87.3309,8,15.641572,NA,83.3,61.6,0.13
2015-05-15,0.026,JAN,88,68,71.06,66.02,0.49,7.5090656,154.37949,55.0443,84.21731,93.4896,NA,NA,68,75.030136,90.0969,20,36,NA,83.6,61.9,0.14
2015-05-16,0.022,JAN,87,71,71.6,68,0.02,9.8751745,152.12775,56.9164,84.01522,93.4658,NA,NA,72.0989,76.62494,91.9974,14,32,NA,83.8,62.2,0.14
2015-05-17,0.031,JAN,87,68,73.04,64.94,0.14,9.660391,165.08113,60.9838,78.112076,92.8335,NA,NA,69.08,79.998344,91.6606,21,31.283144,NA,84.1,62.5,0.14
2015-05-18,0.003,JAN,74,65,71.06,64.4,0.92,4.6596932,160.04031,78.723,90.489586,96.9296,NA,NA,66.2,70.95652,75.0196,17,26,NA,84.3,62.8,0.13
2015-05-19,0.04,JAN,86,63,69.08,60.98,0,2.1108787,359.71033,47.683,75.901054,100,NA,NA,62.96,74.841606,86.6584,6,10.427715,NA,84.6,63.1,0.14
2015-05-20,0.026,JAN,88,66,71.06,64.04,0.34,5.0013947,245.87833,47.8308,75.9088,96.9683,NA,NA,66.92,78.1846,90.6202,13,21,NA,84.9,63.4,0.13
2015-05-21,0.028,JAN,78,56,69.08,51.08,0,7.245467,5.4291196,71.4168,83.08089,96.9296,NA,NA,57.92,67.86488,75.92,14,19.117477,NA,85.1,63.7,0.14
2015-05-22,0.042,JAN,78,52,59,48.92,0,5.923989,49.400417,43.381100000000004,66.415115,89.2615,NA,NA,51.98,64.59883,77,10,14.772596,NA,85.4,63.9,0.14
2015-05-23,0.041,JAN,87,59,66.02,53.96,0,3.912134,125.320755,48.6395,63.258778,86.6864,NA,NA,59,75.22277,88.2925,9,13.034643,NA,85.6,64.2,0.14
2015-05-24,0.035,JAN,87,68,71.96,64.94,1.74,9.862622,149.1829,57.1246,79.59667,94.1002,NA,NA,69.08,78.18196,90.1519,18,38.234955,NA,85.9,64.5,0.14
2015-05-25,0.033,JAN,84,69,75.02,64.94,0.16,7.252441,150.83119,71.0816,86.10474,96.9683,NA,NA,68,75.9781,89.4601,24,38,NA,86.1,64.8,0.14
2015-05-26,0.046,JAN,86,65,71.06,62.06,0.46,5.739191,176.77636999999999,49.6623,77.63107,93.8791,NA,NA,64.4,74.61969,87.6193,17,30.41417,NA,86.3,65.1,0.13
2015-05-27,0.027,JAN,82,69,71.96,66.02,0.18,5.4274755,161.75865,60.4858,85.90436,96.993,NA,NA,69.98,75.886444,86.3877,11,19.117477,NA,86.6,65.3,0.15
2015-05-28,0.051,JAN,89,67,71.06,64.04,0,2.8598325,105.49803,45.044,74.647316,96.9296,NA,NA,66.92,77.73673,89.3375,10,14.772596,NA,86.8,65.6,0.15
2015-05-29,0.032,JAN,89,72,71.06,66.92,0,7.972106,158.507,51.6825,75.13765,93.518,NA,NA,73.25,80.410645,91.6323,14,24.331335,NA,87,65.9,0.16
2015-05-30,0.033,JAN,87,68,71.06,66.02,0.28,5.3354254,181.76305,54.8971,82.08663,93.4658,NA,NA,69.98,76.33144,89.412,11,27.80724,NA,87.3,66.1,0.15
2015-05-31,0.037,JAN,84,66,71.06,64.04,1.96,3.478382,167.1217,64.7712,87.50411,96.9296,NA,NA,66.02,70.42949,85.4342,18,30,NA,87.5,66.4,0.15
2015-06-01,0.042,JAN,84,67,68,64.94,0,3.0306835,344.3362,52.7537,81.2204,96.9296,NA,NA,66.92,73.39974,85.7611,13,16.51055,NA,87.7,66.6,0.15
2015-06-02,0.037,JAN,84,65,64.94,57.92,0,5.4393306,7.4045095,42.605,69.75268,93.3546,NA,NA,64.94,73.79937,83.1591,10,14.772596,NA,87.9,66.9,0.15
2015-06-03,0.046,JAN,84,61,64.94,59,0,3.125523,20.467957,44.2872,69.87351,93.1901,NA,NA,60.98,72.85191,84.3304,8,14.772596,NA,88.1,67.1,0.15
2015-06-04,0.047,JAN,86,62,66.02,59,0,2.2594142,24.103455,44.2872,69.89233,93.2756,NA,NA,62.96,74.63565,86.8659,9,13.90362,NA,88.3,67.3,0.15
2015-06-05,0.049,JAN,89,64,69.08,60.08,0,2.6359832,14.272857,41.7143,68.12662,93.3301,NA,NA,64.94,77.853714,90.9454,8,13.034643,NA,88.5,67.6,0.14
2015-06-06,0.053,JAN,91,69,71.96,66.92,0,2.1757321,20.938837,46.7745,72.041664,93.437,NA,NA,69.98,82.25375,93.1371,7,12.165668,NA,88.7,67.8,0.15
2015-06-07,0.049,JAN,91,71,73.94,69.08,1e-4,1.4644351,236.48065,50.3853,74.81888,93.518,NA,NA,72.2589,83.45703,94.6955,6,14,NA,88.9,68,0.14
2015-06-08,0.05,JAN,93,70,71.96,66.92,0,4.330544,204.54778,45.2158,70.48656,93.4658,NA,NA,69.98,84.493355,96.1802,10,15.641572,NA,89,68.2,0.15
2015-06-09,0.041,JAN,88,72,73.04,66.02,1e-4,4.718271,181.81752,61.1182,78.27289,90.8013,NA,NA,71.96,80.287964,93.1291,13,20.85543,NA,89.2,68.4,0.14
2015-06-10,0.047,JAN,91,70,75.02,64.94,1.62,4.561367,166.78441,48.5504,74.634476,93.4896,NA,NA,69.98,80.66096,94.3501,18,27,NA,89.4,68.6,0.16
2015-06-11,0.041,JAN,93,70,73.04,68,1e-4,3.8472803,172.1208,47.3554,74.62394,93.4896,NA,NA,69.98,82.37665,97.0344,15,26.069286,NA,89.5,68.8,0.15
2015-06-12,0.029,JAN,87,70,73.94,66.02,0.52,6.589958,156.52994,61.1182,85.40735,93.5415,NA,NA,72.0989,77.566025,92.2139,17,25.200312,NA,89.6,69,0.15
2015-06-13,0.017,JAN,91,71,75.02,69.08,0.28,6.866109,148.15482,53.9078,83.93987,94.1002,NA,NA,73.1168,80.09176,96.3615,23,37.36598,NA,89.8,69.2,0.15
2015-06-14,0.02,JAN,91,74,75.02,71.06,0.32,6.625523,145.31451,55.4582,80.82516,93.5928,NA,NA,75.4305,83.51781,96.0795,18,30.41417,NA,89.9,69.4,0.15
2015-06-15,0.019,JAN,92,73,73.94,69.08,0.04,5.5550904,143.6011,52.1115,79.928986,94.1002,NA,NA,74.4393,81.95654,97.6826,18,25.200312,NA,90.1,69.5,0.14
2015-06-16,0.012,JAN,92,72,75.2,69.98,0,5.5196505,151.3644,50.2292,74.22798,93.5695,NA,NA,73.25,86.3783,98.787,11,18.2485,NA,90.2,69.7,0.15
2015-06-17,0.019,JAN,93,73,75.02,69.08,0,5.1464434,161.68626,47.3554,72.556366,93.5415,NA,NA,75.4305,86.89537,97.7998,11,16.51055,NA,90.3,69.8,0.15
2015-06-18,0.023,JAN,92,74,73.94,71.06,0,7.7642956,179.7722,52.1115,71.65223,90.8013,NA,NA,76.4622,88.00815,99.6704,12,18.2485,NA,90.4,70,0.15
2015-06-19,0.02,JAN,92,76,73.94,69.08,0,8.417015,205.3736,50.2292,72.39094,90.8013,NA,NA,77.4797,87.39183,99.6631,14,21.724405,NA,90.5,70.2,0.15
2015-06-20,0.028,JAN,92,78,73.94,71.06,0,6.7252665,229.63306,52.1115,71.19214,87.1241,NA,NA,80.5629,89.07001,98.548,10,18.2485,NA,90.6,70.3,0.14
2015-06-21,0.022,JAN,94,75,75.02,69.08,0,3.3054392,246.83698,44.5296,71.1049,90.2933,NA,NA,76.4622,87.99197,99.4116,9,13.034643,NA,90.7,70.4,0.15
2015-06-22,0.027,JAN,95,74,75.92,69.98,0,2.3430963,243.05618,45.9217,71.11069,93.5695,NA,NA,76.6198,90.42461,102.182,6,11.296691,NA,90.8,70.6,0.15
2015-06-23,0.028,JAN,97,78,75.02,68,0,2.7196653,280.34,40.1446,66.72998,90.3345,NA,NA,80.6238,92.5647,102.873,7,12.165668,NA,90.9,70.7,0.14
2015-06-24,0.029,JAN,95,73,75.92,69.98,0.94,4.3549514,283.0168,50.9449,78.47895,94.1002,NA,NA,74.4393,86.62639,105.735,17,29.545193,NA,91,70.8,0.15
2015-06-25,0.04,JAN,94,71,73.94,66.92,0,3.0125523,208.09111,42.5082,71.9651,96.993,NA,NA,72.2589,84.863106,97.4519,8,10.427715,NA,91,70.9,0.14
2015-06-26,0.03,JAN,92,73,75.02,69.98,1.7,4.127615,215.3531,57.6443,83.52063,93.5695,NA,NA,74.2806,81.50931,99.2553,18,28,NA,91.1,71.1,0.14
2015-06-27,0.035,JAN,87,74,75.02,71.06,1e-4,5.449791,282.52365,65.3545,80.036,93.5928,NA,NA,76.3347,83.25502,93.1291,9,19.117477,NA,91.2,71.2,0.15
2015-06-28,0.051,JAN,89,70,71.06,57.92,0,1.9246862,346.53055,38.7784,67.322365,93.518,NA,NA,69.98,78.56136,87.9949,7,17.379524,NA,91.2,71.3,0.15
2015-06-29,0.039,JAN,92,67,73.04,64.94,0,5.0209203,231.503,42.2111,70.24733,90.0191,NA,NA,68,81.84111,95.3918,10,19.117477,NA,91.3,71.4,0.14
2015-06-30,0.03,JAN,88,70,75.92,64.94,1.02,7.272926,214.65468,60.2464,77.824844,94.1002,NA,NA,71.96,77.95536,96.551,16,31.283144,NA,91.4,71.5,0.16
2015-07-01,0.031,JAN,91.4,69,71.96,68,0,7.3082285,215.68092,46.93265,73.86951,93.4658,NA,NA,69.98,82.12626,95.42277,12,24.331335,NA,91.4,71.5,0.16
2015-07-02,0.021,JAN,89,74,73.04,69.08,1e-4,6.589958,212.3987,57.3855,75.611015,93.5415,NA,NA,75.1442,83.86247,97.1331,11,19.117477,NA,91.5,71.6,0.15
2015-07-03,0.017,JAN,89,77,75.02,69.98,0,6.8619246,218.02763,63.1423,75.37663,90.2933,NA,NA,78.5172,87.022575,96.6438,12,18.2485,NA,91.5,71.7,0.16
2015-07-04,0.027,JAN,87,71,75.2,69.08,0.15,6.804742,220.21182,67.3637,82.34822,93.4896,NA,NA,73.1168,81.02975,93.9477,16,32.152122,NA,91.6,71.8,0.16
2015-07-05,0.032,JAN,79,68,71.96,66.92,1.23,4.90795,178.96017,73.8815,89.00535,96.4172,NA,NA,69.08,74.15904,80.2623,14,22,NA,91.6,71.8,0.16
2015-07-06,0.026,JAN,90,67,73.94,64.94,0,6.0027894999999996,183.59601,53.9078,76.94812,96.9296,NA,NA,66.92,82.2806,97.2022,10,14.772596,NA,91.7,71.9,0.16
2015-07-07,0.023,JAN,93,73,75.92,66.02,1e-4,6.5,184.32733,51.9606,73.88958,93.6205,NA,NA,73.94,86.281,100.808,14,39,NA,91.7,72,0.16
2015-07-08,0.024,JAN,93,72,75.92,66.02,0,7.2900977,185.65968,48.836,70.98874,90.7287,NA,NA,73.04,87.19389,100.118,14,17.379524,NA,91.8,72,0.16
2015-07-09,0.032,JAN,93,72,77,68,0,3.2845187,188.15417,44.1222,69.7914,90.7287,NA,NA,75.2982,88.70911,100.19,9,16.51055,NA,91.8,72.1,0.16
2015-07-10,0.051,JAN,95,73,75.02,69.98,0,2.577406,164.50287,47.6426,72.695305,87.6951,NA,NA,75.1442,87.67753,102.182,7,11.296691,NA,91.9,72.1,0.16
2015-07-11,0.044,JAN,94,76,78.08,71.96,0.01,2.3577406,235.98065,49.1197,74.00007,90.8013,NA,NA,77.4797,89.33318,102.15,8,14.772596,NA,91.9,72.2,0.15
2015-07-12,0.032,JAN,94,76,75.02,71.06,0,2.6359832,268.15268,48.9909,71.1446,90.8013,NA,NA,77.3268,90.287,103.22,7,12.165668,NA,92,72.2,0.16
2015-07-13,0.028,JAN,95,76,75.02,71.06,0,2.5523012,239.74103,47.6426,69.64933,90.2933,NA,NA,77.3268,90.20313,101.233,8,11.296691,NA,92,72.2,0.17
2015-07-14,0.037,JAN,95,75,75.02,69.08,0,4.8953977,239.0427,45.7897,69.12186,87.6003,NA,NA,77.3268,89.62018,101.825,9,14.772596,NA,92,72.3,0.16
2015-07-15,0.04,JAN,96,76,75.02,71.06,0,4.924686,253.15242,45.9563,68.36222,87.5481,NA,NA,77.203,90.91968,104.877,9,16.51055,NA,92.1,72.3,0.16
2015-07-16,0.037,JAN,96,75,73.94,69.08,0,3.5146444,248.06972,44.5296,67.894135,90.8013,NA,NA,77.4797,90.27632,102.15,8,12.165668,NA,92.1,72.3,0.16
2015-07-17,0.037,JAN,97,74,75.92,71.06,0,2.5941422,267.16776,43.3624,68.10558,90.8013,NA,NA,77.3268,92.350784,105.066,7,11.296691,NA,92.2,72.4,0.16
2015-07-18,0.038,JAN,98,77,77,69.08,0,3.460251,275.87463,40.5289,68.04618,90.3345,NA,NA,78.6438,94.39697,106.092,8,11.296691,NA,92.2,72.4,0.17
2015-07-19,0.027,JAN,99,76,77,68,0,3.539749,309.99362,37.7871,66.743744,93.6205,NA,NA,78.8002,94.398,107.4,10,14.772596,NA,92.3,72.4,0.16
2015-07-20,0.036,JAN,99,78,75.92,69.98,0,4.460251,246.15227,40.4412,65.84938,90.3345,NA,NA,80.6924,95.890526,108.554,9,13.90362,NA,92.3,72.4,0.17
2015-07-21,0.04,JAN,98,78,75.92,69.08,0,4.7154813,249.598,41.6618,67.83254,87.6951,NA,NA,80.6238,93.9729,106.021,9,14.772596,NA,92.3,72.4,0.16
2015-07-22,0.028,JAN,96,77,75.02,69.08,0,4.828452,236.01321,42.9643,67.852745,90.2933,NA,NA,78.51721,92.3756,105.735,10,17.379524,NA,92.4,72.4,0.16
2015-07-23,0.036,JAN,97,77,73.94,66.02,0,5.5941424,255.48755,40.0691,63.862915,81.6337,NA,NA,80.4184,92.10634,104.877,11,17.379524,NA,92.4,72.4,0.18
2015-07-24,0.038,JAN,98,78,75.02,69.08,0,5.7740583,272.9815,44.5744,65.0779,84.5785,NA,NA,80.2623,93.61164,107.248,10,18.2485,NA,92.4,72.4,0.17
2015-07-25,0.04,JAN,100,74,75.92,66.92,0,3.5020921,356.23105,43.3624,70.62065,87.6003,NA,NA,77.3268,89.19476,109.805,11,22.593382,NA,92.5,72.4,0.17
2015-07-26,0.041,JAN,99,73,73.94,66.92,0,3.1673641,113.92881,36.4048,65.64594,93.518,NA,NA,74.4393,89.39396,103.16,7,16.51055,NA,92.5,72.4,0.16
2015-07-27,0.049,JAN,98,73,73.94,64.04,0,3.539749,145.43288,32.9334,61.622604,90.7287,NA,NA,75.1442,89.31582,101.36,7,13.90362,NA,92.5,72.4,0.16
2015-07-28,0.053,JAN,99,74,75.02,68,1e-4,3.0543933,329.9346,39.053,62.179424,81.922,NA,NA,76.9422,92.35263,105.348,10,14.772596,NA,92.6,72.4,0.17
2015-07-29,0.049,JAN,101,77,73.94,69.08,0,4.5606694,356.35107,38.1571,60.822384,84.5785,NA,NA,80.4857,93.514656,106.481,14,20.85543,NA,92.6,72.4,0.16
2015-07-30,0.042,JAN,101,76,77,69.08,0.1,5.506276,10.663289,38.4537,64.92045,87.6003,NA,NA,78.5172,94.320526,110.108,14,31,NA,92.6,72.4,0.16
2015-07-31,0.047,JAN,96,74,66.92,51.98,0,9.2468610000000009,24.325512,22.6846,47.082054,73.4916,NA,NA,73.94,84.10805,93.936,16,23.462358,NA,92.6,72.4,0.16
2015-08-01,0.051,JAN,97,71,66.02,51.98,0,8.60251,22.508709,22.6846,47.477806,71.4168,NA,NA,73.94,83.50969,93.936,15,24.331335,NA,92.7,72.4,0.17
2015-08-02,0.055,JAN,100,68,66.02,53.96,0,5.3138075,19.699673,22.343,51.257465,84.0369,NA,NA,69.98,84.54252,98.06,11,18.2485,NA,92.7,72.3,0.16
2015-08-03,0.048,JAN,100,70,66.02,59,0,3.2635984,12.106975,26.8101,52.174423,84.1034,NA,NA,71.06,86.01348,98.96,9,16.51055,NA,92.7,72.3,0.17
2015-08-04,0.06,JAN,102,72,73.94,53.96,0,3.962343,147.55186,21.6243,52.624546,90.7287,NA,NA,72.9616,87.57965,98.8657,8,12.165668,NA,92.7,72.3,0.16
2015-08-05,0.049,JAN,99,75,73.94,68,0,6.0167365,189.10696,40.1446,66.46142,90.8013,NA,NA,77.3268,89.66923,102.873,15,27,NA,92.7,72.3,0.16
2015-08-06,0.03,JAN,99,77,75.2,66.02,0,7.5069733,227.98442,37.4886,63.3008,90.3345,NA,NA,78.5172,91.61277,103.554,17,21,NA,92.7,72.2,0.17
2015-08-07,0.038,JAN,99,79,73.04,69.08,0,5.539749,248.8843,43.2575,59.60144,79.116,NA,NA,81.8977,94.17587,107.4,9,16.51055,NA,92.7,72.2,0.16
2015-08-08,0.042,JAN,101,77,78.98,71.96,0.1,6.1324964,266.976,41.119,65.39578,84.5256,NA,NA,80.5629,94.15281,113.505,13,22,NA,92.7,72.1,0.16
2015-08-09,0.045,JAN,103,74,73.94,62.96,0,3.5564854,3.1446803,27.3861,62.009487,93.5695,NA,NA,76.4622,92.61647,110.361,12,18.2485,NA,92.7,72.1,0.16
2015-08-10,0.043,JAN,103,77,77,68,0.09,4.882148,169.70087,38.4537,65.46084,90.3345,NA,NA,80.4184,93.148506,110.108,18,30.41417,NA,92.7,72.1,0.16
2015-08-11,0.043,JAN,95,75,75.92,69.98,1e-4,4.5746164,262.38138,53.9972,73.965675,90.8013,NA,NA,76.3347,88.84995,103.22,11,21,NA,92.6,72,0.15
2015-08-12,0.046,JAN,97,77,75.92,60.98,0,6.1506276,2.4198875,31.4116,57.69255,87.6003,NA,NA,78.5172,88.02003,97.0411,11,19.117477,NA,92.6,71.9,0.15
2015-08-13,0.052,JAN,96,72,64.94,53.96,0,5.6736403,26.97442,26.0744,49.92569,76.1334,NA,NA,71.96,83.20588,95,10,16.51055,NA,92.6,71.9,0.16
2015-08-14,0.061,JAN,96,67,64.94,55.94,0,3.8284519,22.95919,27.1038,50.92065,75.3967,NA,NA,69.08,82.22043,93.92,8,12.165668,NA,92.5,71.8,0.15
2015-08-15,0.053,JAN,99,68,69.08,57.02,0,4.542538,106.72,26.5214,58.813354,83.9813,NA,NA,69.08,82.57669,95.9035,12,27,NA,92.5,71.8,0.16
2015-08-16,0.042,JAN,94,71,69.98,64.94,1e-4,5.079498,105.455986,40.0691,68.197235,90.062,NA,NA,71.06,81.95302,97.0628,10,18.2485,NA,92.4,71.7,0.15
2015-08-17,0.036,JAN,92,75,73.94,66.02,0,6.8158994,138.5113,43.8275,74.4585,87.6003,NA,NA,76.1861,82.81719,94.3602,19,26.938263,NA,92.4,71.6,0.16
2015-08-18,0.037,JAN,96,74,73.04,64.94,1e-4,7.6945605,198.06743,37.3252,72.15698,90.8013,NA,NA,76.4622,85.38569,97.6034,15,25,NA,92.3,71.5,0.15
2015-08-19,0.023,JAN,86,74,75.2,69.08,0.03,6.9855404,189.60956,64.8973,81.793274,93.5415,NA,NA,75.4305,82.04592,95.0015,13,27,NA,92.2,71.4,0.16
2015-08-20,0.029,JAN,91,73,73.94,69.08,0.14,3.1499302,307.7341,57.1775,82.021454,94.143,NA,NA,74.4393,81.79066,99.2553,11,17,NA,92.2,71.4,0.15
2015-08-21,0.046,JAN,94,73,73.94,68,0,3.5864713,154.66533,44.1222,76.01929,93.5415,NA,NA,74.4393,83.92396,97.7998,9,16.51055,NA,92.1,71.3,0.14
2015-08-22,0.035,JAN,96,70,71.96,66.92,0.04,3.2182705,164.69731,41.3383,75.90716,94.057,NA,NA,72.2589,82.18719,97.6999,15,29.545193,NA,92,71.2,0.16
2015-08-23,0.028,JAN,96,72,75.92,69.98,0,4.434449,274.69217,46.0797,73.76584,93.518,NA,NA,73.25,87.41116,102.578,12,20.85543,NA,91.9,71.1,0.15
2015-08-24,0.048,JAN,93,73,71.96,59,0,6.92887,349.96863,42.6119,63.424095,87.4515,NA,NA,75.02,84.78383,95.3918,13,19.117477,NA,91.8,70.9,0.14
2015-08-25,0.048,JAN,89,66,60.98,46.04,0,7.502092,11.619395,23.3882,47.167355,73.1109,NA,NA,66.92,75.821655,85.8179,12,20,NA,91.7,70.8,0.14
2015-08-26,0.047,JAN,89,59,57.92,44.96,0,7.0962343,14.357067,22.4529,47.48533,80.6354,NA,NA,59,74.22384,84.7995,16,22.593382,NA,91.6,70.7,0.14
2015-08-27,0.054,JAN,89,56,57.02,51.98,0,4.7280334999999996,23.656155,28.2235,55.311478,90.0283,NA,NA,55.94,73.32917,86.5372,10,19.117477,NA,91.5,70.6,0.14
2015-08-28,0.06,JAN,95,61,62.96,55.04,0,2.3640168,93.20107,27.8896,56.940834,83.5951,NA,NA,62.06,77.097466,91.0607,8,14.772596,NA,91.3,70.4,0.12
2015-08-29,0.056,JAN,94,68,66.92,55.04,0,4.368201,155.1156,28.8162,57.582226,87.2551,NA,NA,69.08,80.475945,91.94,12,24.331335,NA,91.2,70.3,0.13
2015-08-30,0.062,JAN,96,68,69.98,57.92,1e-4,4.3179917,137.4128,30.0991,59.990925,89.9397,NA,NA,68,82.47936,93.92,9,13.034643,NA,91.1,70.1,0.13
2015-08-31,0.058,JAN,96,70,69.08,59,0,3.4811716,105.88428,31.2875,57.306797,90.062,NA,NA,72.0989,84.73472,96.08,8,13.90362,NA,90.9,69.9,0.13
2015-09-01,0.046,JAN,97,71,71.6,60.08,0.35,3.8682008,330.03662,31.4116,67.48374,93.518,NA,NA,71.96,82.19032,96.08,13,26,NA,90.8,69.8,0.12
2015-09-02,0.051,JAN,90,71,71.96,68,0,1.3682008,102.653435,49.9468,76.649506,93.518,NA,NA,74.1521,82.03851,94.3501,7,13.90362,NA,90.6,69.6,0.13
2015-09-03,0.06,JAN,95,69,71.96,64.04,1e-4,2.0083683,175.10902,37.3252,66.6379,90.6553,NA,NA,69.98,84.056175,97.6034,5,21.724405,NA,90.5,69.4,0.12
2015-09-04,0.057,JAN,97,72,73.04,64.94,0,3.246862,113.46061,36.1059,64.587585,93.4896,NA,NA,73.1168,86.926,101.127,7,13.034643,NA,90.3,69.2,0.12
2015-09-05,0.04,JAN,100,73,73.04,62.96,0,2.4776847,193.05132,32.771,66.36848,90.14,NA,NA,74.2806,86.39111,102.673,10,19.117477,NA,90.1,69,0.11
2015-09-06,0.049,JAN,98,72,71.06,62.96,0,5.3974895,111.347565,33.687,62.294853,90.14,NA,NA,74.2806,86.53918,100.273,9,15.641572,NA,90,68.8,0.12
2015-09-07,0.047,JAN,96,70,69.08,64.04,1e-4,3.916318,74.30225,36.1697,63.268703,87.3539,NA,NA,72.9616,84.03613,97.0411,10,19.986454,NA,89.8,68.6,0.12
2015-09-08,0.054,JAN,97,70,68,57.02,0,2.4267783,175.95712,27.2627,60.231216,87.2551,NA,NA,69.98,83.03923,95,8,16.51055,NA,89.6,68.3,0.12
2015-09-09,0.043,JAN,94,72,71.96,64.94,1e-4,5.2761507,212.86154,39.6834,67.008224,87.4073,NA,NA,73.04,83.154655,95.3224,16,21.724405,NA,89.4,68.1,0.12
2015-09-10,0.044,JAN,92,71,73.94,66.92,0.14,3.5864713,236.52715,48.1197,77.717834,93.5415,NA,NA,74.2806,81.516884,95.4228,18,21.724405,NA,89.2,67.9,0.12
2015-09-11,0.035,JAN,89,70,71.06,66.92,0.25,4.63947,181.97964,51.6825,81.80553,96.993,NA,NA,71.06,78.15786,92.3883,11,18.2485,NA,89,67.6,0.12
2015-09-12,0.042,JAN,83,63,69.08,44.06,0,8.32636,346.47354,29.2823,60.08718,93.4658,NA,NA,64.04,72.313,80.6411,12,22.593382,NA,88.8,67.3,0.13
2015-09-13,0.039,JAN,79,54,50,39.92,0,4.8995814,30.663893,25.7921,50.79933,77.324,NA,NA,55.94,66.20811,77.7902,11,19,NA,88.6,67.1,0.13
2015-09-14,0.046,JAN,86,49,53.06,42.98,0,4.5606694,122.32328,22.9516,52.33957,92.8372,NA,NA,48.92,68.29677,82.1459,9,17.379524,NA,88.4,66.8,0.12
2015-09-15,0.05,JAN,88,58,60.08,48.92,0,5.205021,108.17163,26.824,53.801003,80.6354,NA,NA,59,73.12409,84.7992,10,14.772596,NA,88.1,66.5,0.12
2015-09-16,0.043,JAN,92,64,64.94,55.94,0,4.58159,99.77202,30.6517,58.97458,87.1003,NA,NA,64.04,78.40471,89.96,11,16.51055,NA,87.9,66.2,0.11
2015-09-17,0.045,JAN,93,66,68,57.92,0,3.6610878,102.04937,33.273,59.68684,89.9397,NA,NA,68,79.74612,91.94,7,13.034643,NA,87.7,65.9,0.11
2015-09-18,0.047,JAN,93,61,64.04,57.92,0,2.4267783,103.67091,30.9509,60.63885,90.3104,NA,NA,62.06,77.079636,91.972,7,14.772596,NA,87.4,65.5,0.12
2015-09-19,0.049,JAN,97,61,64.04,57.92,0,2.1757321,334.87268,28.1607,57.84156,86.952,NA,NA,62.06,79.52916,96.08,8,17.379524,NA,87.2,65.2,0.11
2015-09-20,0.037,JAN,93,68,69.08,62.06,0,5.3849373,359.54794,42.6119,63.595654,81.4352,NA,NA,69.98,81.039856,95.1311,12,18.2485,NA,86.9,64.9,0.1
2015-09-21,0.041,JAN,85,62,64.04,59,0.03,3.790795,20.117264,44.2872,67.025475,87.1552,NA,NA,64.04,73.82886,84.0625,10,16.51055,NA,86.6,64.5,0.11
2015-09-22,0.052,JAN,91,57,62.06,41,0,5.4393306,12.835587,18.8906,55.575497,93.1031,NA,NA,57.92,73.38135,87.2135,12,17.379524,NA,86.4,64.2,0.1
2015-09-23,0.042,JAN,91,66,64.94,57.02,0,6.585774,67.709816,36.7931,59.14057,81.2172,NA,NA,66.92,77.748116,89.96,10,15.641572,NA,86.1,63.8,0.11
2015-09-24,0.043,JAN,92,64,64.04,57.92,0,3.7866108,80.19039,32.9224,60.120087,89.778,NA,NA,64.04,77.89642,89.96,8,19.117477,NA,85.8,63.4,0.1
2015-09-25,0.054,JAN,93,63,62.96,57.92,1e-4,2.8870292,14.25344,32.0092,60.97492,90.3104,NA,NA,62.96,76.91887,91.04,12,16.51055,NA,85.5,63.1,0.11
2015-09-26,0.057,JAN,92,64,64.04,48.92,0,3.7656903,8.770548,24.4884,56.060593,86.9986,NA,NA,64.94,76.551735,88.0253,11,21.724405,NA,85.3,62.7,0.12
2015-09-27,0.032,JAN,86,71,69.98,60.98,1e-4,5.7419806,85.80274,47.5235,69.01925,87.4073,NA,NA,71.06,77.32376,86.2675,9,20,NA,85,62.3,0.11
2015-09-28,0.023,JAN,85,72,71.6,66.02,0.01,6.1764297,75.032555,53.2115,78.27634,94.1002,NA,NA,71.96,76.75413,87.1645,11,17.379524,NA,84.7,61.9,0.11
2015-09-29,0.018,JAN,85,69,71.96,68,0.17,3.3152022,19.084393,58.6546,83.77394,96.993,NA,NA,69.98,77.310265,87.202,9,16.51055,NA,84.4,61.5,0.12
2015-09-30,0.034,JAN,86,68,69.98,62.96,0,7.2015343,355.34976,47.8155,77.595055,100,NA,NA,69.08,74.989655,85.8331,12,19.986454,NA,84,61.1,0.12
2015-10-01,0.046,JAN,84,64,62.96,48.92,0,10.634588,349.71606,32.8376,59.57469,84.3813,NA,NA,64.04,71.59232,82.04,14,24.331335,NA,83.7,60.7,0.12
2015-10-02,0.025,JAN,65,58,51.98,50,0,11.057416,348.1867,60.2507,67.88816,77.9194,NA,NA,57.92,61.973732,64.94,15,26.069286,NA,83.4,60.3,0.13
2015-10-03,0.022,JAN,63,56,51.98,48.02,0,11.405858,357.32455,64.3514,69.18935,74.5642,NA,NA,57.02,60.354897,62.06,16,21,NA,83.1,59.8,0.12
2015-10-04,0.017,JAN,64,55,55.04,48.2,1e-4,8.748257,346.82413,67.463,74.83214,83.0752,NA,NA,55.04,59.55205,64.04,13,16.51055,NA,82.7,59.4,0.12
2015-10-05,0.028,JAN,85,59,62.06,53.96,0,5.2377963,7.6967006,45.895,70.565636,87.0542,NA,NA,59,69.081955,84.3304,9,14.772596,NA,82.4,59,0.13
2015-10-06,0.04,JAN,90,59,62.06,57.92,0,2.3430963,318.69904,36.4201,66.81273,93.2205,NA,NA,60.08,73.74117,89.06,8,13.90362,NA,82.1,58.5,0.11
2015-10-07,0.046,JAN,93,60,64.04,57.02,0,1.6317992,52.156487,31.8725,64.27226,93.2205,NA,NA,62.06,76.14343,89.96,8,10.427715,NA,81.7,58.1,0.12
2015-10-08,0.039,JAN,91,68,66.92,59,0,4.4769874,160.8598,36.4201,64.43462,87.2551,NA,NA,68,78.560135,89.06,9,12.165668,NA,81.4,57.7,0.11
2015-10-09,0.034,JAN,87,70,68,60.08,1e-4,3.4979079,331.00696,41.7143,68.324844,78.8081,NA,NA,69.98,75.27755,86.111,15,22,NA,81,57.2,0.11
2015-10-10,0.029,JAN,71,50,64.94,50,0.12,6.3256626,358.5071,56.7801,79.80011,93.3546,NA,NA,53.06,64.79389,71.06,14,17.379524,NA,80.6,56.8,0.1
2015-10-11,0.044,JAN,82,46,55.04,37.94,0,1.2238494,78.770065,21.4549,62.986702,96.6573,NA,NA,46.04,62.011253,79.3483,5,11.296691,NA,80.3,56.3,0.1
2015-10-12,0.043,JAN,89,53,57.02,46.94,0,6.217573,198.3663,30.3518,53.738865,82.9414,NA,NA,53.06,71.32762,86.9332,10,15,NA,79.9,55.9,0.11
2015-10-13,0.044,JAN,89,53,66.02,26.96,0,4.9121337,297.96262,11.3246,43.79992,90.4644,NA,NA,53.96,73.113884,83.2838,10,16.51055,NA,79.5,55.5,0.11
2015-10-14,0.043,JAN,91,47,46.94,32,0,1.8410041,309.51038,13.748,46.180786,82.5941,NA,NA,46.94,66.3604,85.9171,7,13.034643,NA,79.2,55,0.11
2015-10-15,0.046,JAN,96,51,48.92,37.04,0,1.5062761,243.7255,13.7187,45.825283,82.9414,NA,NA,51.08,69.98629,89.6195,7,11.296691,NA,78.8,54.6,0.11
2015-10-16,0.049,JAN,84,53,51.98,35.96,0,7.196653,13.660556,29.2823,48.16739,77.1518,NA,NA,53.96,68.73608,81.3477,15,20.85543,NA,78.4,54.1,0.12
2015-10-17,0.038,JAN,75,51,35.06,26.96,0,8.11297,16.723398,17.4001,30.617607,50.112,NA,NA,51.98,63.136,73.0776,15,21,NA,78,53.7,0.13
2015-10-18,0.04,JAN,75,49,32,24.08,0,7.330544,27.692974,15.4384,30.631056,47.849,NA,NA,46.7197,60.73055,71.889,14,19.986454,NA,77.6,53.3,0.13
2015-10-19,0.035,JAN,77,42,37.04,30.92,0,6.3765693,106.53511,19.1473,38.75614,52.0165,NA,NA,46.286,59.188038,74.1938,11,18.2485,NA,77.2,52.8,0.13
2015-10-20,0.043,JAN,83,52,53.96,35.96,0,6.874477,132.94095,35.3361,50.622147,72.3265,NA,NA,53.06,67.02743,80.9895,9,16,NA,76.8,52.4,0.13
2015-10-21,0.04,JAN,85,54,55.94,50,0,4.631799,117.45678,30.8005,58.58927,90.0283,NA,NA,55.04,69.59788,83.0474,11,21,NA,76.5,52,0.13
2015-10-22,0.036,JAN,87,56,62.06,51.98,0,6,134.69994,38.6968,60.63117,86.5214,NA,NA,55.94,72.324905,84.92,10,17.379524,NA,76.1,51.5,0.13
2015-10-23,0.029,JAN,85,67,64.04,60.08,0,6.506276,143.95445,44.4503,63.51256,83.9141,NA,NA,68,76.46283,85.8331,12,19.986454,NA,75.7,51.1,0.14
2015-10-24,0.028,JAN,83,67,68,62.06,0.04,5.5606694,127.19016,56.2428,74.226326,90.062,NA,NA,66.92,74.72131,83.8155,10,15.641572,NA,75.3,50.7,0.13
2015-10-25,0.026,JAN,71,67,66.92,62.96,2.34,7.5969315,39.30468,86.7675,90.81026,93.969,NA,NA,66.92,67.9518,71.06,16,26.069286,NA,74.9,50.3,0.14
2015-10-26,0.03,JAN,70,65,66.92,62.06,2.11,13.446304,72.62525,75.9592,86.081184,93.9243,NA,NA,64.94,68.19506,69.98,21,33.0211,NA,74.5,49.9,0.14
2015-10-27,0.015,JAN,73,67,69.98,64.4,0.18,6.4260807,136.90773,86.7675,91.26865,94.057,NA,NA,68,70.166,74.5999,11,14.772596,NA,74.1,49.5,0.13
2015-10-28,0.032,JAN,80,61,64.94,59,0.02,6.868201,193.99205,52.3744,78.636246,93.3546,NA,NA,60.98,69.50792,80.1191,14,19.986454,NA,73.7,49.1,0.13
2015-10-29,0.043,JAN,80,52,64.04,46.04,0,2.8340306,336.25964,31.2803,73.67818,100,NA,NA,53.96,66.6023,78.98,9,13.90362,NA,73.3,48.7,0.13
2015-10-30,0.035,JAN,77,49,51.98,46.04,0,5.732218,115.017235,34.5487,62.297825,100,NA,NA,50,63.438015,77,13,22.593382,NA,72.9,48.4,0.12
2015-10-31,0.023,JAN,69,61,66.2,48.92,2.05,7.522315,144.31145,50.4391,82.63075,96.9296,NA,NA,60.98,65.66402,68,16,26.069286,NA,72.5,48,0.13
2015-11-01,0.025,JAN,70,66,66.92,62.96,0.35,4.3891215,34.105366,89.8593,92.69952,96.9296,NA,NA,66.02,67.45385,69.98,10,12.165668,NA,72.2,47.6,0.13
2015-11-02,0.019,JAN,73,65,64.94,62.6,0.08,5.2656903,352.54022,78.0446,89.67593,93.8791,NA,NA,64.4,67.117325,71.96,8,13.90362,NA,71.8,47.3,0.14
2015-11-03,0.015,JAN,73,66,64.94,62.6,0,2.5648537,349.58987,70.6759,85.81653,93.3546,NA,NA,66.02,68.492805,73.04,6,7.820786,NA,71.4,46.9,0.14
2015-11-04,0.02,JAN,78,62,66.02,59,0,1.4644351,88.603935,55.765,81.985146,96.3118,NA,NA,62.96,69.26602,77,5,7.820786,NA,71,46.6,0.15
2015-11-05,0.017,JAN,82,59,69.8,57.2,0,5.331241,164.54805,62.4018,85.93662,96.8522,NA,NA,59,70.36657,83.7169,10,16.51055,NA,70.7,46.3,0.14
2015-11-06,0.033,JAN,84,64,71.96,62.06,3.64,5.216273,128.70496,64.8973,86.699554,96.2812,NA,NA,64.04,73.68753,85.8517,16,22.593382,NA,70.3,45.9,0.14
2015-11-07,0.027,JAN,67,52,64.04,48.2,1.53,7.866109,29.083347,81.8665,91.089485,96.9041,NA,NA,51.98,62.161045,66.92,16,22.593382,NA,69.9,45.6,0.15
2015-11-08,0.028,JAN,65,51,53.06,42.08,0.01,10.056485,18.38907,58.3854,71.40777,86.58,NA,NA,51.08,57.883976,64.94,14,24.331335,NA,69.6,45.3,0.14
2015-11-09,0.018,JAN,58,55,53.96,51.08,0,4.8849373,22.289825,80.4859,84.83566,90.0283,NA,NA,55.04,56.718746,57.92,7,12.165668,NA,69.2,45,0.14
2015-11-10,0.019,JAN,71,53,53.06,46.94,0,1.8507671,164.37962,43.921,78.61406,92.9879,NA,NA,53.96,58.51591,69.9303,5,7.820786,NA,68.9,44.7,0.15
2015-11-11,0.033,JAN,79,53,66.02,51.08,0,8.579498,177.62589,62.1581,82.783424,96.8112,NA,NA,53.06,67.07638,80.8155,19,40,NA,68.5,44.5,0.14
2015-11-12,0.028,JAN,72,45,66.02,33.8,0.11,5.098326,301.76358,28.339516,67.784805,89.6505,NA,NA,45.7677,59.246933,71.06,14,32,NA,68.2,44.2,0.14
2015-11-13,0.034,JAN,68,43,42.98,30.92,0,5.0209203,12.771549,25.9874,60.11282,92.6533,NA,NA,42.4396,53.34163,66.92,12,17.379524,NA,67.8,43.9,0.15
2015-11-14,0.039,JAN,69,40,37.94,28.94,0,5.3138075,56.49176,25.0368,52.50558,88.7573,NA,NA,38.9772,51.597286,68,13,23.462358,NA,67.5,43.7,0.15
2015-11-15,0.037,JAN,67,41,44.96,33.08,0,3.5564854,108.121765,31.3403,59.220688,85.671,NA,NA,38.9772,53.495384,64.94,9,18.2485,NA,67.2,43.4,0.14
2015-11-16,0.03,JAN,78,52,66.92,44.96,1e-4,9.535564,139.59322,61.9123,73.51126,86.7675,NA,NA,53.06,67.1359,77,18,22,NA,66.9,43.2,0.15
2015-11-17,0.039,JAN,82,61,68,59,1.42,17.965132,151.57617,58.255,75.17183,96.8522,NA,NA,60.8,74.96182,83.3581,25,39.10393,NA,66.5,43,0.15
2015-11-18,0.032,JAN,66,48,57.92,46.94,1.67,3.8535564,181.66159,62.9632,86.570366,96.8112,NA,NA,48.92,56.65824,66.02,11,16.51055,NA,66.2,42.7,0.14
2015-11-19,0.036,JAN,71,44,53.96,42.08,0,3.4616458,19.118658,36.2762,74.27833,100,NA,NA,44.06,56.320606,69.98,9,13.90362,NA,65.9,42.5,0.15
2015-11-20,0.031,JAN,70,45,46.94,39.92,0,5.033473,58.42652,37.4923,65.74444,85.9038,NA,NA,41.1389,55.08558,69.08,8,14.772596,NA,65.6,42.3,0.15
2015-11-21,0.035,JAN,70,41,50,30.92,0,7.76848,342.32672,45.5669,69.78598,89.5622,NA,NA,33.0985,51.233406,69.98,17,29,NA,65.3,42.1,0.15
2015-11-22,0.036,JAN,51,30,30.02,17.96,0,8.401673,7.942405,27.7539,55.57667,78.446,NA,NA,25.4886,34.95155,51.08,17,27,NA,65,41.9,0.14
2015-11-23,0.034,JAN,60,27,32,17.06,0,0.7949791,25.863924,19.2262,61.056587,88.7259,NA,NA,26.96,40.88195,59,5,7.820786,NA,64.8,41.7,0.14
2015-11-24,0.034,JAN,63,34,35.06,28.04,0,3.6401675,130.82452,29.6926,60.676437,88.4699,NA,NA,35.06,45.52155,62.06,10,17.379524,NA,64.5,41.6,0.15
2015-11-25,0.035,JAN,71,37,53.06,33.08,0,9.150628,135.69234,52.7986,65.58559,85.4325,NA,NA,35.4791,56.90859,69.98,16,25.200312,NA,64.2,41.4,0.15
2015-11-26,0.037,JAN,77,59,57.02,51.08,0,11.284519,133.9368,48.3407,69.359566,83.4673,NA,NA,59,65.48678,75.92,17,26.069286,NA,63.9,41.2,0.15
2015-11-27,0.03,JAN,77,61,61,55.04,0,8.569735,141.08472,59.7233,78.62395,89.77801,NA,NA,60.98,65.98498,75.92,15,21.724405,NA,63.7,41.1,0.16
2015-11-28,0.032,JAN,79,54,63,53.06,1e-4,7.051604,166.47174,51.91084,76.90301,96.78424,NA,NA,55.04,67.89581,78.08,14,19.117477,NA,63.4,40.9,0.15
2015-11-29,0.018,JAN,75,55,64.94,53.06,0.12,5.7078104,208.37314,73.49157,85.41627,96.13738,NA,NA,55.04,65.7495,73.94,9,20.85543,NA,63.1,40.8,0.17
2015-11-30,0.023,JAN,77,57,64.04,55,0.06,4.107392,182.71156,51.9362,79.854675,96.2189,NA,NA,57.02,65.96025,75.92,10,14.772596,NA,62.9,40.6,0.16
2015-12-01,0.004,JAN,64,54,62.06,51.98,0.39,4.0209203,330.18942,89.3961,92.53366,96.8783,NA,NA,53.96,57.45431,64.04,9,13.034643,NA,62.6,40.5,0.15
2015-12-02,0.022,JAN,58,44,51.98,37.04,0.06,3.9428172,327.69177,52.6986,79.11589,92.9879,NA,NA,40.7179,50.11675,57.02,11,13.90362,NA,62.4,40.3,0.16
2015-12-03,0.029,JAN,54,38,37.94,32,0,7.0543933,3.9284406,46.4556,68.3959,85.5524,NA,NA,33.3359,41.08011,53.06,13,19.117477,NA,62.1,40.2,0.15
2015-12-04,0.025,JAN,59,34,37.94,28.04,0,5.288703,28.485218,43.6749,64.91347,82.6035,NA,NA,28.7468,42.290985,57.92,10,12.165668,NA,61.9,40.1,0.16
2015-12-05,0.032,JAN,65,33,46.04,30.02,0,3.585774,47.826324,42.8201,69.82858,89.1558,NA,NA,31.0982,48.27466,64.04,8,13.90362,NA,61.7,39.9,0.16
2015-12-06,0.035,JAN,70,40,50,39.02,0,1.0423906,9.089802,48.6023,77.295494,96.5531,NA,NA,39.92,52.584545,69.08,6,11.296691,NA,61.4,39.8,0.15
2015-12-07,0.037,JAN,68,38,48.92,37.04,0,1.2775453,33.858345,43.573,78.06628,96.6573,NA,NA,37.94,49.736244,66.92,6,10.427715,NA,61.2,39.7,0.16
2015-12-08,0.036,JAN,69,36,50,35.06,0,4.9372387,166.52644,37.3199,72.05967,96.4921,NA,NA,35.96,51.74368,68,11,16.51055,NA,61,39.6,0.16
2015-12-09,0.041,JAN,73,49,55.04,48.02,0,4.9309626,212.93987,55.2162,79.853264,96.6859,NA,NA,47.7723,58.336517,71.96,9,17.379524,NA,60.8,39.4,0.16
2015-12-10,0.032,JAN,74,45,62.96,44.06,0,6.3054395,193.07942,57.1976,82.66369,100,NA,NA,44.96,60.730907,73.04,17,21,NA,60.6,39.3,0.17
2015-12-11,0.033,JAN,80,64,64.94,60.98,0,10.665272,174.09586,52.1938,76.96864,96.2812,NA,NA,64.04,71.14412,81.2728,20,26.069286,NA,60.4,39.2,0.16
2015-12-12,0.034,JAN,80,65,64.94,60.08,1e-4,10.061367,154.7951,54.0767,76.6419,93.3546,NA,NA,64.94,70.532745,80.5161,15,20,NA,60.2,39.1,0.16
2015-12-13,0.04,JAN,80,53,64.94,51.08,0.86,16.258717,159.44763,56.1834,76.00414,96.1046,NA,NA,53.06,69.25249,80.3874,26,41,NA,60,39,0.16
2015-12-14,0.034,JAN,69,46,51.98,41,0.22,7.005579,202.31142,37.3199,73.5944,92.9879,NA,NA,44.7388,54.92656,68,15,23.462358,NA,59.8,38.9,0.17
2015-12-15,0.036,JAN,73,40,48.92,37.94,0,3.2635984,143.98567,30.1848,69.22282,92.7153,NA,NA,40.2118,53.876633,70.5097,12,16.51055,NA,59.6,38.8,0.15
2015-12-16,0.027,JAN,68,47,64.04,44.06,0.2,6.109484,141.4614,82.7318,90.23662,100,NA,NA,45.4032,59.866283,68,18,23.462358,NA,59.4,38.6,0.17
2015-12-17,0.03,JAN,59,36,51.98,28.94,1e-4,6.2635984,338.772,31.6773,58.769608,88.5668,NA,NA,37.04,48.21182,59,12,19.117477,NA,59.2,38.5,0.16
2015-12-18,0.03,JAN,53,31,35.96,26.96,0,3.3891213,340.50555,37.6844,70.93273,92.3611,NA,NA,32,39.670982,51.98,10,17.379524,NA,59,38.4,0.17
2015-12-19,0.031,JAN,58,28,32,19.94,0,1.5481172,132.00111,22.6147,65.33704,92.1899,NA,NA,25.1904,39.77064,57.92,7,11.296691,NA,58.9,38.3,0.18
2015-12-20,0.03,JAN,59,30,44.96,26.96,1e-4,5.3138075,135.72076,43.0386,65.425705,88.3717,NA,NA,30.02,47.67381,59,10,18.2485,NA,58.7,38.2,0.17
2015-12-21,0.022,JAN,67,55,64.4,44.96,2.37,8.615063,156.23965,68.7296,86.44373,96.9041,NA,NA,55.04,60.63343,66.92,15,18.2485,NA,58.6,38.1,0.18
2015-12-22,0.025,JAN,71,65,66.2,62.06,0.13,6.816597,156.75797,84.0369,91.190315,100,NA,NA,64.4,67.29393,69.98,19,30,NA,58.4,38,0.18
2015-12-23,0.02,JAN,79,66,69.08,62.06,1e-4,13.297071,176.81113,69.5214,81.17219,88.1753,NA,NA,66.02,72.10606,81.0985,21,30,NA,58.3,37.9,0.18
2015-12-24,0.022,JAN,83,63,71.96,62.96,0.08,5.874477,177.63983,60.2464,83.23304,96.9041,NA,NA,64.94,73.79399,84.5316,12,17.379524,NA,58.1,37.8,0.17
2015-12-25,0.02,JAN,80,67,73.4,64.04,0.33,9.320781,173.21648,79.116,87.934784,93.518,NA,NA,66.92,74.40217,82.3057,15,30.41417,NA,58,37.7,0.18
2015-12-26,0.023,JAN,84,70,69.98,66.02,0,11.32357,161.34653,56.509,80.46419,93.4658,NA,NA,72.0989,76.70411,86.6556,19,29.545193,NA,57.9,37.6,0.17
2015-12-27,0.028,JAN,81,72,69.98,66.02,0.03,13.436542,153.62044,62.2913,79.993034,90.6553,NA,NA,72.9616,76.03741,82.1375,20,27.80724,NA,57.7,37.5,0.18
2015-12-28,0.034,JAN,77,45,69.8,37.94,1.2,12.67364,201.22142,44.023,68.36076,93.4658,NA,NA,43.5236,61.08142,77,23,35,NA,57.6,37.4,0.16
2015-12-29,0.018,JAN,56,43,46.04,37.94,0,3.2105997,310.73315,59.5762,74.398186,82.8062,NA,NA,40.5763,48.444042,55.94,7,10.427715,NA,57.5,37.3,0.17
2015-12-30,0.016,JAN,57,48,48.02,42.08,1e-4,5.494421,355.24234,66.6473,77.54499,86.3033,NA,NA,44.3062,51.76118,57.02,10,19.117477,NA,57.4,37.2,0.16
2015-12-31,0.031,JAN,56,44,42.08,33.08,0,11.094142,4.1268616,48.16,63.767086,82.37826,NA,NA,37.3508,44.489464,53.96,17,24.331335,NA,57.3,37.2,0.17
2016-01-01,0.029,JAN,47,40,33.98,30.02,1e-4,9.2468610000000009,352.40668,53.3318,64.41917,73.1908,NA,NA,32.0817,36.632275,40.9717,14,19.117477,NA,57.2,37.1,0.17
2016-01-02,0.032,JAN,49,38,33.98,24.98,0,3.4058578,1.4076473,38.8917,60.826603,79.1234,NA,NA,34.4329,41.259617,47.0023,7,13.034643,NA,57.2,37,0.17
2016-01-03,0.029,JAN,55,36,37.04,30.92,0,2.5523012,302.94717,41.3761,66.3993,85.4872,NA,NA,35.96,43.957428,55.04,7,9.558739,NA,57.1,36.9,0.17
2016-01-04,0.029,JAN,48,33,32,23,0,8.6841,8.00706,47.5422,67.713585,88.4699,NA,NA,25.9758,33.117596,42.0907,15,21,NA,57,36.8,0.17
2016-01-05,0.028,JAN,52,28,30.02,21.02,0,5.037657,74.66374,37.5356,59.970013,77.5043,NA,NA,20.761,33.941708,51.08,10,13.90362,NA,57,36.8,0.18
2016-01-06,0.032,JAN,61,33,39.02,21.92,0,5.58159,111.2699,40.4273,56.903976,76.1625,NA,NA,30.3215,42.608643,60.08,11,16.51055,NA,56.9,36.7,0.17
2016-01-07,0.02,JAN,53,43,48.92,33.98,0.16,5.182706,119.094055,67.4548,79.39057,93.499,NA,NA,39.4353,46.530518,53.06,9,13.90362,NA,56.9,36.6,0.17
2016-01-08,0.02,JAN,68,48,55.04,48.2,0,5.569735,149.33131,65.6098,88.385155,96.729294,NA,NA,47.2089,54.851875,66.92,11,13.034643,NA,56.9,36.6,0.18
2016-01-09,0.031,JAN,62,43,57.02,39.92,0.98,7.5962343,248.47588,66.5571,83.66382,93.1031,NA,NA,36.3421,54.262672,62.06,13,23.462358,NA,56.9,36.5,0.17
2016-01-10,0.035,JAN,45,28,39.92,21.02,0.01,8.493027,324.19324,44.8306,69.06794,91.9788,NA,NA,21.6924,31.622448,38.5097,12,20.85543,NA,56.9,36.5,0.17
2016-01-11,0.031,JAN,49,25,24.98,12.02,0,1.8284519,80.18122,22.2966,58.976215,78.3512,NA,NA,19.3409,31.994234,48.0312,5,9.558739,NA,56.9,36.4,0.17
2016-01-12,0.032,JAN,58,27,33.08,21.92,0,3.3472803,261.9002,34.4108,63.369595,85.0524,NA,NA,22.7958,40.18143,57.92,12,17.379524,NA,56.9,36.4,0.17
2016-01-13,0.027,JAN,63,29,37.04,26.06,0,2.8451884,178.00499,26.5298,62.812916,88.9181,NA,NA,27.4539,43.600452,62.96,9,10.427715,NA,56.9,36.4,0.17
2016-01-14,0.035,JAN,66,32,50,28.04,0,6.02371,154.06068,55.9548,70.30458,88.3717,NA,NA,29.7323,50.70152,64.94,15,19.986454,NA,57,36.3,0.17
2016-01-15,0.032,JAN,67,43,55.4,41,0.01,5.4832635,218.87555,55.9548,80.20448,93.0196,NA,NA,42.98,56.100292,66.02,12,19.986454,NA,57,36.3,0.18
2016-01-16,0.031,JAN,57,38,41,30.92,1e-4,6.1506276,1.9479612,38.3353,65.72695,88.9012,NA,NA,35.6085,44.48046,57.02,13,17.379524,NA,57,36.3,0.18
2016-01-17,0.035,JAN,52,31,33.08,24.08,0,5.9372387,332.53506,34.5664,61.463825,81.5026,NA,NA,29.9232,37.681854,51.08,11,18,NA,57.1,36.3,0.16
2016-01-18,0.031,JAN,47,29,28.94,21.92,0,5.3556485,359.04935,43.8143,67.78456,88.9181,NA,NA,24.1131,31.917648,42.5166,10,15.641572,NA,57.2,36.3,0.17
2016-01-19,0.031,JAN,55,27,30.02,19.04,1e-4,5.8828454,122.39583,36.308,54.942097,77.9985,NA,NA,22.9269,37.529743,53.96,12,17.379524,NA,57.3,36.3,0.17
2016-01-20,0.027,JAN,62,44,53.06,30.02,0.1,6.569735,183.75302,53.3318,76.27852,92.8699,NA,NA,39.22,49.99058,60.98,11,21.724405,NA,57.3,36.4,0.17
2016-01-21,0.024,JAN,68,51,57.92,48.02,0.71,6.2224545000000004,36.853046,72.8116,90.84885,96.7842,NA,NA,51.08,54.938828,66.92,15,23,NA,57.4,36.4,0.18
2016-01-22,0.034,JAN,51,33,48.2,26.6,0.18,11.306137,312.2951,66.6025,79.95249,92.8699,1e-4,NA,22.0554,27.76672,51.8,19,29,NA,57.5,36.4,0.17
2016-01-23,0.031,JAN,38,25,26.06,21.92,0,9.287309,334.88898,59.0937,70.98648,84.7987,NA,NA,20.0752,24.958776,30.8998,17,25.200312,NA,57.7,36.5,0.18
2016-01-24,0.033,JAN,55,22,30.02,19.04,0,3.6401675,160.41847,29.7151,65.95919,91.9807,NA,NA,18.3999,34.934628,53.96,9,11.296691,NA,57.8,36.5,0.18
2016-01-25,0.036,JAN,67,34,53.96,28.94,1e-4,10.317991,164.93594,56.7343,68.90818,78.3077,NA,NA,30.0294,53.40388,66.92,15,24.331335,NA,57.9,36.6,0.18
2016-01-26,0.021,JAN,61,40,57.2,35.96,1.22,9.049512,354.47922,80.187,87.717834,96.0715,NA,NA,32.4751,45.162548,60.08,12,19.117477,NA,58,36.7,0.17
2016-01-27,0.029,JAN,52,36,35.06,30.02,0,9.351464,0.25698215,42.7176,67.833595,82.6035,NA,NA,28.4162,36.70422,51.98,15,20.85543,NA,58.2,36.7,0.18
2016-01-28,0.036,JAN,59,29,30.92,24.08,0,4.6234307,303.33533,29.2033,58.788998,92.1899,NA,NA,23.846800000000002,41.43648,59,8,14.772596,NA,58.3,36.8,0.19
2016-01-29,0.039,JAN,70,34,37.94,28.94,0,2.870293,204.3389,27.2857,54.37004,79.1234,NA,NA,33.2156,50.012432,69.08,9,15.641572,NA,58.5,36.9,0.18
2016-01-30,0.049,JAN,74,42,51.98,35.06,0,11.468619,184.91637,42.4819,62.001366,77.4943,NA,NA,40.5763,58.03564,73.04,18,27,NA,58.7,37,0.19
2016-01-31,0.041,JAN,73,57,59,51.98,0,10.132497,180.34961,53.2379,73.32233,89.6505,NA,NA,57.92,64.64251,73.04,18,28,NA,58.8,37.2,0.19
2016-02-01,0.033,JAN,76,59,62.96,57.02,1e-4,6.7845187,177.14735,53.6469,80.62203,93.2456,NA,NA,59,65.857445,75.92,13,17.379524,NA,59,37.3,0.19
2016-02-02,0.033,JAN,77,57,68,53.96,5.06,9.932357,180.45602,68.8991,85.416214,96.3583,NA,NA,57.02,68.62802,77,17,29,NA,59.2,37.4,0.18
2016-02-03,0.036,JAN,61,41,53.96,26.96,0.09,5.8995814,321.67007,30.3563,63.155407,96.7293,NA,NA,37.0838,51.49126,60.08,11,18,NA,59.4,37.5,0.18
2016-02-04,0.037,JAN,56,30,33.08,23,0,8.054394,352.4529,35.8003,58.704556,81.6528,NA,NA,28.509,36.487003,43.245,15,21.724405,NA,59.6,37.7,0.18
2016-02-05,0.041,JAN,54,26,30.92,14,0,1.6736401,28.701094,20.8701,59.031406,88.0135,NA,NA,26.06,38.640606,53.06,8,13.90362,NA,59.8,37.9,0.18
2016-02-06,0.043,JAN,57,31,30.02,17.96,0,1.9665272,345.79126,22.3152,53.624844,81.9458,NA,NA,30.92,42.93505,55.94,9,15.641572,NA,60,38,0.18
2016-02-07,0.045,JAN,75,27,33.08,24.08,0,3.2635984,232.88527,16.1687,53.0738,88.1161,NA,NA,28.04,45.71356,72.9819,8,13.90362,NA,60.2,38.2,0.18
2016-02-08,0.037,JAN,62,38,35.06,17.06,0,8.67364,286.68857,27.7945,40.442715,62.8737,NA,NA,33.4497,45.810566,59,18,28,NA,60.4,38.4,0.19
2016-02-09,0.039,JAN,53,33,21.02,14,0,9.774058,298.9908,21.7161,38.48021,58.6551,NA,NA,26.0955,37.567127,51.98,19,30.41417,NA,60.6,38.5,0.19
2016-02-10,0.037,JAN,55,23,28.04,17.06,0,4.3933053,222.05595,27.0151,51.33076,80.7097,NA,NA,22.9269,37.3575,53.96,10,15.641572,NA,60.9,38.7,0.19
2016-02-11,0.047,JAN,74,40,44.96,28.94,0,5.9539747,240.01436,29.1034,55.9468,79.6987,NA,NA,35.7494,54.406715,71.4607,14,20.85543,NA,61.1,38.9,0.18
2016-02-12,0.048,JAN,69,40,48.92,33.98,0,6.541841,316.67773,28.3169,59.551693,92.8098,NA,NA,37.9299,53.52082,68,12,21.724405,NA,61.3,39.1,0.19
2016-02-13,0.04,JAN,53,37,32,14,0,8.046025,29.316317,21.8794,41.493847,64.2866,NA,NA,29.9729,40.041355,53.06,13,20.85543,NA,61.6,39.3,0.18
2016-02-14,0.043,JAN,66,36,51.08,15.98,0,9.288703,158.74089,34.7174,45.884407,74.9597,NA,NA,33.3056,50.35596,64.94,16,23.462358,NA,61.8,39.6,0.18
2016-02-15,0.032,JAN,63,49,60.08,44.06,1.32,8.858438,199.88121,80.554,88.14122,93.1031,NA,NA,44.9556,55.800266,62.96,20,31,NA,62,39.8,0.18
2016-02-16,0.042,JAN,73,40,48.02,35.96,0,7.9818687,254.98145,30.1848,65.70889,96.5991,NA,NA,37.0838,54.017025,70.2747,18,32,NA,62.3,40,0.18
2016-02-17,0.036,JAN,63,40,37.94,35.06,0,4.5313807,19.351204,39.1547,64.67402,85.6065,NA,NA,35.0689,47.14033,62.06,8,13.034643,NA,62.5,40.2,0.18
2016-02-18,0.038,JAN,73,37,41,33.98,0,6.1380754,153.16415,28.9352,56.77944,89.2472,NA,NA,37.9299,54.841908,71.4119,14,19.117477,NA,62.8,40.4,0.17
2016-02-19,0.047,JAN,76,46,55.94,39.02,0,10.83682,174.94641,41.3834,66.17519,92.9293,NA,NA,43.5236,61.60427,75.92,18,26.069286,NA,63,40.7,0.18
2016-02-20,0.043,JAN,76,57,57.92,53.96,0,8.986751,183.95023,49.655,70.963806,93.134,NA,NA,57.02,66.247574,75.02,15,21.724405,NA,63.3,40.9,0.18
2016-02-21,0.031,JAN,73,60,60.98,57.02,1e-4,5.619247,191.90752,63.8277,79.710365,89.6957,NA,NA,60.98,65.553055,73.04,10,14.772596,NA,63.5,41.1,0.17
2016-02-22,0.021,JAN,65,56,62.06,53.6,0.83,3.6562064,331.37704,83.5951,91.53716,96.8112,NA,NA,55.4,61.086193,64.94,9,17,NA,63.8,41.4,0.18
2016-02-23,0.031,JAN,67,54,62.6,50,0.69,7.0864716,152.08258,83.0752,90.579796,93.8791,NA,NA,53.6,59.62473,66.92,18,28,NA,64,41.6,0.18
2016-02-24,0.032,JAN,55,41,51.98,33.08,0.24,9.214087,281.53616,58.3434,75.768105,92.9879,NA,NA,35.0143,42.051384,53.96,19,26.069286,NA,64.3,41.8,0.19
2016-02-25,0.042,JAN,60,34,35.06,28.94,0,7.029289,317.26678,34.0126,58.376915,81.8013,NA,NA,31.0982,45.13678,60.08,17,26.069286,NA,64.5,42.1,0.18
2016-02-26,0.038,JAN,57,30,33.08,26.06,0,3.0125523,332.8629,32.6051,60.013058,85.1205,NA,NA,31.6003,42.275608,55.94,8,13.034643,NA,64.8,42.3,0.19
2016-02-27,0.045,JAN,66,30,35.96,24.98,0,2.7196653,194.00682,22.5077,56.56199,88.3176,NA,NA,28.6886,47.172382,66.02,8,12.165668,NA,65.1,42.6,0.19
2016-02-28,0.052,JAN,72,38,51.08,30.92,0,9.464436,186.9675,22.5486,56.34437,82.4618,NA,NA,32.6843,54.580322,70.1687,18,27,NA,65.3,42.8,0.18
2016-02-29,0.046,JAN,74,52,55.04,50,0,4.8319387,190.7894,49.5217,72.92038,92.9613,NA,NA,51.98,62.348454,73.04,8,13.90362,NA,65.4,42.9,0.18
2016-03-01,0.036,JAN,74,45,59,44.96,0.04,8.470712,218.61884,58.8195,79.713066,100,NA,NA,44.96,60.6741,71.96,19,27.80724,NA,65.6,43,0.19
2016-03-02,0.036,JAN,66,41,46.94,26.96,0,6.2426777,40.814754,23.6763,52.87342,92.8372,NA,NA,38.7543,51.696556,66.02,10,14.772596,NA,65.8,43.3,0.18
2016-03-03,0.027,JAN,71,44,62.06,30.92,0.17,7.6680613,183.23814,42.5814,79.416565,96.6573,NA,NA,44.06,55.65182,69.08,16,21.724405,NA,66.1,43.5,0.18
2016-03-04,0.038,JAN,66,40,44.96,39.2,0,2.7294283,26.499607,43.2615,75.941505,96.6284,NA,NA,40.2118,50.66658,64.94,10,13.90362,NA,66.4,43.8,0.19
2016-03-05,0.045,JAN,74,38,44.96,37.04,0,1.9665272,336.28177,32.771,64.93624,95.8959,NA,NA,39.02,55.499878,72.5809,9,16,NA,66.6,44,0.19
2016-03-06,0.047,JAN,75,38,44.06,32,0,4.9790797,156.32315,22.3195,54.565403,92.5268,NA,NA,39.02,56.30433,72.1215,11,16.51055,NA,66.9,44.2,0.19
2016-03-07,0.045,JAN,78,43,55.04,39.92,0,10.305439,161.49966,35.9809,61.649544,86.08,NA,NA,40.7179,61.352375,77,16,27,NA,67.1,44.5,0.19
2016-03-08,0.042,JAN,78,59,57.92,53.96,0,14.552301,143.92465,50.1053,68.35885,89.5667,NA,NA,59,67.70552,77,21,32,NA,67.4,44.7,0.18
2016-03-09,0.036,JAN,76,66,66.92,57.02,0.25,15.165969,146.58498,64.0667,78.12772,93.3839,NA,NA,66.02,70.33184,75.92,21,34.75905,NA,67.7,44.9,0.17
2016-03-10,0.03,JAN,71,66,68,64.04,4.8,11.213389,141.17938,84.0369,89.87291,96.9296,NA,NA,66.02,68.29481,72.616,21,30.41417,NA,67.9,45.1,0.17
2016-03-11,0.028,JAN,68,63,64.4,60.8,2.31,6.352859,104.4827,83.9141,90.09801,93.9243,NA,NA,62.6,65.70306,68,14,25.200312,NA,68.2,45.4,0.18
2016-03-12,0.029,JAN,69.8,60,64.94,59,0.85,4.1373777,156.53358,80.8582,91.415245,100,NA,NA,60.08,64.91853,69.08,17,34,NA,68.4,45.6,0.17
2016-03-13,0.046,JAN,77,62,60.08,55.04,0,9.156206,197.75137,46.6366,72.11788,90.3104,NA,NA,62.06,67.64728,77,14,20.85543,NA,68.7,45.8,0.17
2016-03-14,0.042,JAN,82,61,60.98,51.08,0,8.066248,218.47955,35.3361,62.951878,83.7899,NA,NA,64.04,70.93546,80.9895,13,21,NA,68.9,46,0.17
2016-03-15,0.044,JAN,87,59,62.06,55.94,0,11.193166,192.43207,37.3812,63.802753,89.6125,NA,NA,60.08,72.26372,84.9253,19,28,NA,69.2,46.2,0.18
2016-03-16,0.046,JAN,79,59,64.04,39.92,0,4.7364016,13.325085,24.7336,54.38326,87.0542,NA,NA,60.98,69.016785,77.7405,10,15.641572,NA,69.4,46.5,0.18
2016-03-17,0.039,JAN,75,51,53.96,39.02,0.48,5.198745,27.609922,31.7432,62.941452,89.9465,NA,NA,53.96,61.0411,73.7139,14,22.593382,NA,69.7,46.7,0.18
2016-03-18,0.035,JAN,74,51,62.6,48.2,1.17,4.859135,117.00874,59.0816,83.89657,93.2756,NA,NA,51.08,61.44042,73.94,12,27,NA,69.9,46.9,0.18
2016-03-19,0.038,JAN,63,43,60.98,37.04,0.04,9.707113,341.9881,61.151,78.78699,96.2503,NA,NA,40.7179,52.791824,62.96,17,24.331335,NA,70.2,47.1,0.18
2016-03-20,0.037,JAN,55,37,37.04,24.98,0,8.146443,331.319,34.7153,55.18547,88.6626,NA,NA,37.7426,44.616886,53.96,23,31,NA,70.4,47.3,0.18
2016-03-21,0.029,JAN,62,34,35.06,26.96,0,2.6903765,271.0542,27.2146,54.187542,85.3664,NA,NA,35.06,47.079006,60.98,8,13.90362,NA,70.7,47.5,0.19
2016-03-22,0.054,JAN,71,35,46.94,32,0,9.288703,180.66096,26.1538,56.098858,81.8013,NA,NA,32.3808,53.337887,69.2194,17,27,NA,70.9,47.7,0.18
2016-03-23,0.05,JAN,77,50,55.94,46.04,0,12.468619,170.3299,44.8352,63.60373,86.1923,NA,NA,46.286,64.18862,77,25,35,NA,71.2,47.9,0.21
2016-03-24,0.04,JAN,71,49,62.06,42.98,0.18,9.7691770000000009,211.88657,62.0449,75.278854,87.0542,NA,NA,51.08,63.74339,71.06,23,35,NA,71.4,48.1,0.19
2016-03-25,0.038,JAN,67,44,46.04,37.94,0,5.288703,6.720874,43.1328,65.535706,82.7318,NA,NA,40.5763,52.696674,66.02,9,15.641572,NA,71.7,48.3,0.2
2016-03-26,0.049,JAN,80,46,55.94,42.08,0,2.0502093,50.681595,32.5302,63.567673,89.7339,NA,NA,46.04,62.633484,80.06,6,12.165668,NA,71.9,48.5,0.18
2016-03-27,0.03,JAN,69,59,66.02,57.02,0.46,6.511855,173.12721,81.2172,89.03671,96.8522,NA,NA,59,65.93716,69.08,14,26.938263,NA,72.1,48.7,0.17
2016-03-28,0.041,JAN,71,50,60.98,41,0,5.508368,5.104321,33.6111,65.16594,96.8522,NA,NA,53.06,60.014965,69.98,9,15.641572,NA,72.4,49,0.19
2016-03-29,0.045,JAN,78,48,48.92,39.02,0,4.8535566,83.62175,28.7075,50.57929,82.7318,NA,NA,48.4397,62.771645,76.9926,11,17.379524,NA,72.6,49.2,0.18
2016-03-30,0.037,JAN,76,59,62.6,50,1e-4,13.27894,156.4643,61.6644,72.597595,86.952,NA,NA,60.08,68.230835,75.02,23,34,NA,72.8,49.4,0.19
2016-03-31,0.029,JAN,84,65,69.98,62.06,1.49,11.109484,183.16515,60.7359,81.95635,96.9041,NA,NA,64.94,72.76711,85.9886,21,37.36598,NA,73.1,49.6,0.2
2016-04-01,0.036,JAN,70,52,66.2,42.08,0.08,6.741283,349.12634,48.3033,68.271194,93.969,NA,NA,53.06,60.54268,69.98,18,26,NA,73.3,49.8,0.21
2016-04-02,0.048,JAN,66,43,42.98,30.02,0,7.472803,323.14374,27.696,51.106483,78.9063,NA,NA,44.06,55.25737,64.94,16,23.462358,NA,73.5,50,0.21
2016-04-03,0.051,JAN,76,41,44.06,35.06,0,1.7154812,273.50986,24.1445,56.478233,85.96637,NA,NA,38.9772,57.07807,73.3568,7,12.165668,NA,73.7,50.2,0.2
2016-04-04,0.055,JAN,79,45,48.92,39.92,0,2.6359832,248.11748,26.5684,57.03383,86.0182,NA,NA,46.04,61.31113,77.8419,8,16.51055,NA,74,50.4,0.21
2016-04-05,0.048,JAN,82,49,51.08,42.98,0,3.6401675,101.16518,26.868,52.414864,86.3033,NA,NA,51.08,66.028786,80.3837,9,17.379524,NA,74.2,50.7,0.2
2016-04-06,0.052,JAN,77,58,55.04,44.96,0,9.6694565,200.42555,35.4989,58.942776,80.7832,NA,NA,57.92,66.478516,75.02,22,32.152122,NA,74.4,50.9,0.21
2016-04-07,0.049,JAN,80,47,53.96,37.94,0,4.5188284,240.33194,22.8924,50.066837,89.6486,NA,NA,45.7677,65.073685,77.7405,10,19.117477,NA,74.6,51.1,0.2
2016-04-08,0.046,JAN,71,46,44.06,28.04,0,6.5104604,339.57806,21.4515,44.508236,73.3855,NA,NA,48.02,60.981506,69.98,14,27,NA,74.8,51.3,0.22
2016-04-09,0.056,JAN,77,41,48.02,35.06,0,2.3849373,164.63637,24.4514,54.69085,85.7881,NA,NA,40.2118,59.641403,75.5982,7,12.165668,NA,75.1,51.6,0.21
2016-04-10,0.054,JAN,82,57,55.94,44.06,0,11.895397000000001,173.71355,28.1391,50.374325,74.9353,NA,NA,57.92,68.632,80.06,21,29.545193,NA,75.3,51.8,0.22
2016-04-11,0.039,JAN,74,59,68,55.94,4.82,9.280334,148.60606,77.8296,87.64222,96.8783,NA,NA,60.08,64.5064,73.94,33,42.579834,NA,75.5,52.1,0.21
2016-04-12,0.029,JAN,69,57,61,53.96,0.15,6.1004186,31.709373,72.917755,83.41956,93.2205,NA,NA,57.92,64.163765,69.08,10,15.641572,NA,75.7,52.3,0.21
2016-04-13,0.024,JAN,70,55,60.98,53.06,0.24,4.852859,53.96322,73.0234,86.64784,93.8334,NA,NA,55.04,60.87544,69.08,10,17.379524,NA,75.9,52.5,0.21
2016-04-14,0.025,JAN,69,59,64.04,57.2,0.04,3.6053,68.62742,75.3967,89.43317,96.2017,NA,NA,59,63.69142,69.08,12,19.117477,NA,76.2,52.8,0.22
2016-04-15,0.028,JAN,64,60,60.98,57.02,1.14,6.6143656,98.811935,82.4952,89.41089,93.8334,NA,NA,60.08,61.66297,62.96,11,17.379524,NA,76.4,53,0.21
2016-04-16,0.026,JAN,68,59,60.08,55.94,0,7.359135,99.68677,72.9178,82.86195,89.6125,NA,NA,60.08,63.175396,68,12,16.51055,NA,76.6,53.3,0.2
2016-04-17,0.04,JAN,80,61,57.92,53.06,0,9.133891,114.53586,48.1861,65.26987,83.5951,NA,NA,62.06,69.211044,78.08,17,24,NA,76.8,53.6,0.2
2016-04-18,0.049,JAN,79,56,57.02,51.98,0,5.41841,127.65111,43.2615,65.585785,90.1091,NA,NA,57.02,67.42159,78.08,12,19.117477,NA,77,53.8,0.2
2016-04-19,0.03,JAN,73,59,62.06,53.06,0,5,148.63231,61.2771,75.179855,90.3104,NA,NA,60.08,66.15406,73.04,9,13.90362,NA,77.3,54.1,0.2
2016-04-20,0.038,JAN,83,60,63,57.02,0.2,5.9393306,168.04242,43.9869,74.433914,93.3004,NA,NA,60.08,69.743,82.888,11,19.986454,NA,77.5,54.4,0.2
2016-04-21,0.04,JAN,81,64,64.94,60.98,0.11,5.915621,205.02087,55.9745,79.71436,93.8791,NA,NA,64.4,70.40969,81.4524,14,21.724405,NA,77.7,54.6,0.18
2016-04-22,0.051,JAN,81,56,62.96,53.06,0,4.920502,324.12103,40.5352,70.938324,93.2756,NA,NA,57.92,69.27392,80.1502,12,19.117477,NA,77.9,54.9,0.17
2016-04-23,0.052,JAN,81,51,55.94,50,0,3.6401675,350.6547,35.0277,65.97117,92.9613,NA,NA,51.98,66.340836,80.96,12,20.85543,NA,78.1,55.2,0.17
2016-04-24,0.054,JAN,83,52,60.08,50,0,3.9330544,172.82559,36.7684,64.09659,92.9879,NA,NA,51.98,68.802795,82.04,10,17.379524,NA,78.4,55.5,0.18
2016-04-25,0.052,JAN,83,58,62.96,55.04,0,5.916318,168.47025,47.3902,67.13769,86.6864,NA,NA,59,71.739395,82.4317,11,17.379524,NA,78.6,55.8,0.18
2016-04-26,0.035,JAN,85,64,66.2,62.6,0,7.3891215,170.84256,49.6623,72.24452,96.3118,NA,NA,64.4,75.41197,86.2675,13,19.117477,NA,78.8,56.1,0.18
2016-04-27,0.032,JAN,79,66,69.08,64.04,0.28,7.859135,169.8596,64.0289,80.32292,93.3546,NA,NA,66.92,72.64679,81.325,16,24.331335,NA,79.1,56.4,0.16
2016-04-28,0.056,JAN,88,64,68,62.06,0,3.330544,152.98978,43.2333,72.64081,93.3301,NA,NA,64.94,76.17569,88.8593,7,13.034643,NA,79.3,56.7,0.17
2016-04-29,0.029,JAN,84,70,69.98,64.94,0,8.914226,151.94601,56.509,74.42895,94.057,NA,NA,69.98,78.801605,87.202,15,25.200312,NA,79.5,57,0.15
2016-04-30,0.036,JAN,77,66,71.6,62.06,0.19,7.3442507,149.18454,73.4057,83.631325,90.062,NA,NA,66.02,71.71072,77,26,43,NA,79.8,57.3,0.15
2016-05-01,0.034,JAN,81,66,71.6,62.6,0.61,6.1504064,147.9043,66.5828,83.97306,93.3839,NA,NA,66.02,71.376045,83.2232,16,26.069286,NA,80,57.6,0.15
2016-05-02,0.032,JAN,75,61,66.92,60.08,0.4,3.5616724,261.45392,73.4057,85.374146,96.2503,NA,NA,62.06,68.54978,73.94,10,12.165668,NA,80.3,57.9,0.15
2016-05-03,0.04,JAN,76,54,66.2,50,1e-4,6.5536585,338.3092,47.8903,71.222595,93.8334,NA,NA,57.02,66.47483,75.92,13,18.2485,NA,80.5,58.2,0.14
2016-05-04,0.049,JAN,78,49,53.6,44.6,0,5.5634146,289.72293,35.8111,59.193897,92.8699,NA,NA,50,65.01602,77,15,24.331335,NA,80.7,58.5,0.15
2016-05-05,0.058,JAN,75,51,51.98,37.4,0,6.696864,343.39658,28.2041,49.459633,77.4943,NA,NA,53.96,64.82714,73.5476,17,23.462358,NA,81,58.8,0.14
2016-05-06,0.054,JAN,76,46,50,39.2,0,3.0878048,0.36105224,35.3565,59.869457,89.6486,NA,NA,46.94,60.75789,72.7722,10,14.772596,NA,81.2,59.1,0.15
2016-05-07,0.064,JAN,82,48,55.4,44.6,0,1.4606272,202.03716,30.3299,59.760757,89.7339,NA,NA,48.92,65.826584,80.96,8,9.558739,NA,81.5,59.4,0.14
2016-05-08,0.06,JAN,83,53,55.94,48.199997,0,6.234146,177.11708,36.7684,59.661285,89.3093,NA,NA,53.06,69.06269,82.04,14,19.986454,NA,81.8,59.7,0.14
2016-05-09,0.04,JAN,77,64,64.94,51.8,1e-4,8.296167,157.29318,63.2098,74.3079,83.9813,NA,NA,64.94,69.96507,75.92,15,20.85543,NA,82,60,0.13
2016-05-10,0.048,JAN,88,67,68,62.6,0,9.318467,178.79411,48.2631,71.8492,89.9831,NA,NA,68,76.707436,90.3974,15,19.986454,NA,82.3,60.3,0.14
2016-05-11,0.037,JAN,85,69,69.98,64.399994,0,5.916376,175.68266,54.6256,74.71926,90.0191,NA,NA,69.98,76.816574,84.6962,13,15.641572,NA,82.5,60.6,0.13
2016-05-12,0.041,JAN,88,67,69.8,62.6,1e-4,4.862021,226.55722,47.974,71.766014,96.3583,NA,NA,66.92,77.302765,89.4341,10,16.51055,NA,82.8,61,0.13
2016-05-13,0.053,JAN,84,55,66.2,46.4,0,4.970035,353.76294,30.4962,62.401974,87.1552,NA,NA,57.02,71.86861,82.04,11,14.772596,NA,83,61.3,0.13
2016-05-14,0.056,JAN,85,52,60.8,46.4,0,4.983972,338.79028,32.8376,61.672,90.0283,NA,NA,53.06,68.95992,83.582,15,19.986454,NA,83.3,61.6,0.13
2016-05-15,0.041,JAN,75,59,59,42.8,0,7.103136,40.908764,35.3565,51.486866,67.3393,NA,NA,59,65.88451,73.94,12,19.117477,NA,83.6,61.9,0.14
2016-05-16,0.035,JAN,77,62,62.06,46.4,0.04,4.8118467,105.15367,51.4696,61.438087,87.0542,NA,NA,62.06,68.22666,75.92,11,13.90362,NA,83.8,62.2,0.14
2016-05-17,0.031,JAN,74,64,66.92,59,0.16,4.779094,72.6273,76.3059,85.141815,93.3004,NA,NA,64.94,68.55091,73.94,10,13.034643,NA,84.1,62.5,0.14
2016-05-18,0.028,JAN,72,62,66.2,59,0,6.6327524,359.93576,73.2155,84.72081,96.8783,NA,NA,62.06,67.03803,71.06,12,16.51055,NA,84.3,62.8,0.13
2016-05-19,0.038,JAN,83,62,66.92,55.4,0.02,4.3770037,33.970646,52.4748,72.001465,84.1584,NA,NA,62.06,71.39745,83.1929,10,13.90362,NA,84.6,63.1,0.14
2016-05-20,0.049,JAN,87,66,69.8,62.06,0.07,4.136237,257.7003,44.748,74.51101,96.9296,NA,NA,66.92,75.99534,87.1645,18,24,NA,84.9,63.4,0.13
2016-05-21,0.052,JAN,86,63,66.2,59,0,4.4578395,345.54242,42.7696,67.05734,93.3004,NA,NA,64.94,74.82323,85.4982,12,16.51055,NA,85.1,63.7,0.14
2016-05-22,0.054,JAN,83,59,60.8,51.08,0,5.0285716,39.400913,35.3361,56.968693,74.7507,NA,NA,62.06,71.4477,82.04,11,14.772596,NA,85.4,63.9,0.14
2016-05-23,0.062,JAN,86,53,60.8,48.199997,0,2.057143,162.40598,31.8934,61.038017,89.4819,NA,NA,55.04,70.41404,83.0474,11,14.772596,NA,85.6,64.2,0.14
2016-05-24,0.059,JAN,89,61,64.4,55.4,0,5.662718,155.98245,35.0982,59.683243,86.952,NA,NA,62.06,75.64773,87.08,13,17.379524,NA,85.9,64.5,0.14
2016-05-25,0.038,JAN,89,67,71.6,57.199997,0.01,7.174216,165.74837,48.2631,72.29958,90.0191,NA,NA,68,79.21022,90.9356,22,30,NA,86.1,64.8,0.14
2016-05-26,0.033,JAN,89,72,71.6,66.2,0,7.686063,168.77104,51.6825,70.37821,87.4515,NA,NA,73.04,82.159035,93.9423,13,19.117477,NA,86.3,65.1,0.13
2016-05-27,0.048,JAN,85,71,71.6,62.6,1e-4,10.621603,158.87785,52.4748,71.01477,84.8003,NA,NA,73.04,78.61569,86.2325,18,27.80724,NA,86.6,65.3,0.15
2016-05-28,0.042,JAN,85,69,69.98,62.6,1e-4,7.3020906,161.25519,54.8971,74.221504,89.9831,NA,NA,69.08,77.92938,87.6193,19,23.462358,NA,86.8,65.6,0.15
2016-05-29,0.05,JAN,93,64,69.8,60.8,0,2.441115,354.89728,40.9043,68.469406,93.3546,NA,NA,66.02,79.79597,94.7818,10,13.90362,NA,87,65.9,0.16
2016-05-30,0.057,JAN,95,64,69.8,59,1e-4,2.6850173,4.867205,33.273,65.100945,93.2756,NA,NA,64.04,80.287735,93.02,13,21.724405,NA,87.3,66.1,0.15
2016-05-31,0.053,JAN,91,67,69.8,62.6,0.05,3.5728223,149.87874,45.2158,70.12527,93.3839,NA,NA,68,79.038895,94.3602,14,33.0211,NA,87.5,66.4,0.15
2016-06-01,0.036,JAN,87,68,71.6,64.399994,0.06,4.4243903,177.94827,55.0443,75.09949,96.342,NA,NA,68,79.664635,91.3461,25,33,NA,87.7,66.6,0.15
2016-06-02,0.03,JAN,90,71,71.6,62.6,1e-4,3.7965157,159.3966,46.4831,73.46489,90.6553,NA,NA,72.0989,80.88057,92.856,12,19.986454,NA,87.9,66.9,0.15
2016-06-03,0.023,JAN,89,71,73.4,68,0.17,5.23554,152.16791,53.6358,78.612495,93.4896,NA,NA,72.2589,79.266785,92.3883,11,23.462358,NA,88.1,67.1,0.15
2016-06-04,0.023,JAN,84,69,71.96,66.2,0,4.308014,185.60323,67.4378,82.17753,93.437,NA,NA,69.98,78.00102,88.1401,9,13.90362,NA,88.3,67.3,0.15
2016-06-05,0.036,JAN,89,71,71.6,66.2,1e-4,3.6027875,143.67242,49.7919,75.122955,90.7287,NA,NA,73.1168,79.885,91.6323,10,14.772596,NA,88.5,67.6,0.14
2016-06-06,0.044,JAN,91,70,71.96,62.6,0,4.595122,3.3633158,45.2158,70.44554,93.437,NA,NA,69.98,81.81782,94.3602,14,19.117477,NA,88.7,67.8,0.15
2016-06-07,0.059,JAN,94,65,64.94,57.02,0,4.2020907,354.69467,29.9639,56.988205,87.0542,NA,NA,66.02,80.37339,91.972,12,18.2485,NA,88.9,68,0.14
2016-06-08,0.052,JAN,92,67,64.4,57.199997,0,4.8156796,20.304825,35.5671,55.777744,83.9813,NA,NA,68,80.05137,91.94,12,16.51055,NA,89,68.2,0.15
2016-06-09,0.063,JAN,93,64,64.4,46.4,0,2.854007,97.12083,23.9615,52.792664,81.2172,NA,NA,64.94,78.76381,89.2484,8,11.296691,NA,89.2,68.4,0.14
2016-06-10,0.06,JAN,95,64,69.8,59,0,2.0083623,109.85234,33.273,59.59585,87.0542,NA,NA,64.94,81.13145,93.02,8,12.165668,NA,89.4,68.6,0.16
2016-06-11,0.032,JAN,91,72,75.2,68,1e-4,3.4328687,183.53911,50.2292,74.878265,90.8013,NA,NA,73.1168,83.93443,97.2022,14,23.462358,NA,89.5,68.8,0.15
2016-06-12,0.029,JAN,93,72,75.2,66.2,0.9,4.3121953,205.05421,52.2368,78.31425,93.5695,NA,NA,73.94,84.96313,100.808,19,29,NA,89.6,69,0.15
2016-06-13,0.026,JAN,95,72,73.94,69.08,0.07,3.1839721,197.1116,47.3554,80.065445,93.5695,NA,NA,73.25,82.17078,97.2022,17,29.545193,NA,89.8,69.2,0.15
2016-06-14,0.033,JAN,85,73,75.92,69.08,0.03,5.102439,208.75241,66.9263,83.601204,94.1002,NA,NA,74.2806,79.99264,92.8119,13,20.85543,NA,89.9,69.4,0.15
2016-06-15,0.025,JAN,94,76,75.2,69.8,0,5.378397,227.7514,50.2292,74.12997,93.5928,NA,NA,76.5837,88.14883,101.825,12,16,NA,90.1,69.5,0.14
2016-06-16,0.038,JAN,96,77,77,68,0,5.1794424,252.66194,44.4152,70.53687,87.6951,NA,NA,80.6238,91.91221,105.745,12,16.51055,NA,90.2,69.7,0.15
2016-06-17,0.044,JAN,96.1,71,75.92,64.399994,0.48,5.951916,279.1613,50.7884,73.950455,94.057,NA,NA,72.098915,87.92573,105.777,24,37,NA,90.3,69.8,0.15
2016-06-18,0.048,JAN,92,70,73.4,64.399994,0,4.7839723,24.802176,42.6119,70.16413,93.437,NA,NA,69.98,84.10427,96.0795,10,13.034643,NA,90.4,70,0.15
2016-06-19,0.038,JAN,90,74,73.94,69.08,0.25,6.5940766,106.81731,51.9606,74.53319,90.8013,NA,NA,75.1442,83.264946,95.4228,14,20,NA,90.5,70.2,0.15
2016-06-20,0.043,JAN,92,74,73.94,66.2,1e-4,2.2236934,121.39474,48.836,75.02537,93.5415,NA,NA,75.2982,84.34712,97.7998,9,11.296691,NA,90.6,70.3,0.14
2016-06-21,0.043,JAN,90,73,75.92,69.8,0.01,3.4216027,201.85794,53.9078,75.943886,93.518,NA,NA,74.4393,85.1405,97.2022,9,16.51055,NA,90.7,70.4,0.15
2016-06-22,0.039,JAN,93,73,73.4,69.8,0.01,4.6038327,207.51558,50.2292,70.98279,90.7287,NA,NA,74.2806,86.69407,98.548,12,17.379524,NA,90.8,70.6,0.15
2016-06-23,0.045,JAN,93,76,75.2,68,1e-4,4.0059233,205.2475,48.7064,66.48267,81.922,NA,NA,76.9422,87.90978,97.6826,9,11.296691,NA,90.9,70.7,0.14
2016-06-24,0.046,JAN,95,74,73.94,68,1e-4,3.1407666,245.12688,44.4152,67.13145,87.4515,NA,NA,75.1442,89.30781,101.535,8,11.296691,NA,91,70.8,0.15
2016-06-25,0.047,JAN,97,75,73.94,66.2,0,1.8675958,300.36948,41.5003,66.416275,90.2171,NA,NA,76.4622,89.93824,100.725,7,9.558739,NA,91,70.9,0.14
2016-06-26,0.044,JAN,97,74,77,74,0,2.4651568,347.98102,42.9643,67.887856,90.7287,NA,NA,75.2982,91.30635,104.877,8,13.034643,NA,91.1,71.1,0.14
2016-06-27,0.05,JAN,99,72,75.2,66.2,0.87,3.3665504,97.34041,36.4048,68.963524,90.7287,NA,NA,73.1168,88.65144,104.502,13,28.676216,NA,91.2,71.2,0.15
2016-06-28,0.03,JAN,88,74,75.2,69.8,0.18,3.4303136,53.804554,61.3631,83.62138,93.5415,NA,NA,75.2982,82.04671,95.7386,12,18,NA,91.2,71.3,0.15
2016-06-29,0.053,JAN,94,74,75.2,66.2,0,5.2836237,5.0291924,41.3383,67.71956,93.5928,NA,NA,75.4305,87.7643,100.66,13,17.379524,NA,91.3,71.4,0.14
2016-06-30,0.052,JAN,93,71,71.6,60.8,0,4.2836237,11.33345,35.7044,61.918842,90.14,NA,NA,71.96,82.38964,93.02,11,14.772596,NA,91.4,71.5,0.16
2016-07-01,0.056,JAN,96,67,71.6,59,0,2.4271777,353.20566,32.6354,60.36865,93.3546,NA,NA,66.92,84.132965,97.6034,10,15.641572,NA,91.4,71.5,0.16
2016-07-02,0.057,JAN,97,72,75.2,68,0,1.933101,260.91605,43.0687,66.19727,90.7287,NA,NA,75.2982,89.45435,100.725,8,12.165668,NA,91.5,71.6,0.15
2016-07-03,0.038,JAN,96,74,75.2,68,0,6.1547036,204.48361,42.9643,64.44908,87.5481,NA,NA,76.1861,91.10809,102.873,14,19.117477,NA,91.5,71.7,0.16
2016-07-04,0.024,JAN,96,76,75.2,69.8,1e-4,8.681533,197.65414,45.9563,71.48671,90.8013,NA,NA,77.4797,89.10059,104.877,15,28.676216,NA,91.6,71.8,0.16
2016-07-05,0.023,JAN,94,76,78,77,0.03,7.083624,200.54694,54.1779,75.67048,90.3345,NA,NA,78.2503,88.418594,103.089,14,19.117477,NA,91.6,71.8,0.16
2016-07-06,0.025,JAN,96,76,77,66.2,0,8.300348,197.22047,47.5082,71.067635,90.8013,NA,NA,77.0589,89.180305,103.51,19,25.200312,NA,91.7,71.9,0.16
2016-07-07,0.025,JAN,98,75,75.92,69.08,0,8.043554,203.74187,40.5289,66.718704,93.5695,NA,NA,76.6198,91.09312,105.066,15,21.724405,NA,91.7,72,0.16
2016-07-08,0.021,JAN,98,76,75.92,69.08,0,5.078746,221.90578,40.5289,65.07328,90.3345,NA,NA,78.5172,91.9829,103.932,12,18.2485,NA,91.8,72,0.16
2016-07-09,0.036,JAN,95,73,75.92,69.08,1.49,5.344948,215.50899,50.5097,74.63887,93.5695,NA,NA,75.02,87.34704,103.329,15,18.2485,NA,91.8,72.1,0.16
2016-07-10,0.033,JAN,93,72,75.2,69.8,1.46,5.087805,57.386604,55.7235,80.188995,93.518,NA,NA,74.2806,83.03892,99.6631,19,25.200312,NA,91.9,72.1,0.16
2016-07-11,0.021,JAN,93,71,73.94,68,0,4.70662,169.91977,47.3554,74.20212,93.518,NA,NA,72.0989,83.23821,97.6826,15,35,NA,91.9,72.2,0.15
2016-07-12,0.03,JAN,95,72,73.94,68,1e-4,5.324042,172.1726,48.9909,73.500534,90.7287,NA,NA,73.1168,85.577576,102.15,16,30,NA,92,72.2,0.16
2016-07-13,0.027,JAN,94,75,75.92,69.08,0,5.584669,182.17545,48.9909,71.385544,93.5928,NA,NA,76.1861,88.08226,101.021,21,29.545193,NA,92,72.2,0.17
2016-07-14,0.03,JAN,96,72,75.92,69.08,0.11,6.070383,210.13766,44.4152,72.34553,90.7287,NA,NA,73.1168,86.551704,103.51,14,25.200312,NA,92,72.3,0.16
2016-07-15,0.052,JAN,92,72,73.94,69.08,1e-4,4.2139373,168.40906,53.455,77.345985,90.2171,NA,NA,74.1521,81.88057,94.3501,18,26,NA,92.1,72.3,0.16
2016-07-16,0.057,JAN,95,73,75.02,69.8,0,3.3247387,105.90824,44.4152,72.43118,93.5415,NA,NA,74.4393,87.54707,102.15,11,13.034643,NA,92.1,72.3,0.16
2016-07-17,0.039,JAN,93,75,75,75,0.04,4.6529617,166.47261,47.2213,74.6176,90.8013,NA,NA,76.4622,87.368324,102.182,12,19.117477,NA,92.2,72.4,0.16
2016-07-18,0.041,JAN,95,74,77,69.08,0.09,2.5986063,120.75234,44.5296,74.255165,93.5695,NA,NA,75.4305,87.9141,102.182,16,21,NA,92.2,72.4,0.17
2016-07-19,0.049,JAN,97,75,75.02,68,0,1.9121951,82.01073,39.053,68.50107,93.5928,NA,NA,76.6198,90.26415,102.226,6,9.558739,NA,92.3,72.4,0.16
2016-07-20,0.035,JAN,98,76,75.92,71.96,0,2.866899,281.67114,45.9563,71.95353,93.5928,NA,NA,77.6109,92.344986,106.092,11,16.51055,NA,92.3,72.4,0.17
2016-07-21,0.05,JAN,99,75,75.92,69.98,0,2.2606273,353.37076,41.7961,69.90876,90.8013,NA,NA,77.4797,92.588455,107.248,10,13.034643,NA,92.3,72.4,0.16
2016-07-28,0.022,JAN,84,74,73.94,71.06,0.02,5.712892,225.4233,69.4343,83.492805,93.5415,NA,NA,75.2982,80.146960000000007,88.8378,11,16.51055,NA,92.6,72.4,0.17
2016-07-29,0.037,JAN,91,73,73.94,71.06,1e-4,4.071777,212.92284,55.5791,78.099434,93.5415,NA,NA,74.4393,84.17128,97.2022,9,14.772596,NA,92.6,72.4,0.16
2016-07-30,0.033,JAN,92,71,75.92,71.06,1.22,3.9149826,251.60721,59.4165,79.21823,90.7287,NA,NA,75.2982,85.84875,101.618,16,28,NA,92.6,72.4,0.16
2016-07-31,0.035,JAN,91,71,75.92,69.08,0.08,2.5627177,251.34692,59.5531,83.48948,94.057,NA,NA,72.2589,81.32707,101.943,14,28,NA,92.6,72.4,0.16
2016-08-01,0.047,JAN,95,72,77,69.98,0,1.6724739,207.90575,49.1197,74.934204,94.1002,NA,NA,73.25,89.11974,103.329,7,10.427715,NA,92.7,72.4,0.17
2016-08-02,0.035,JAN,97,77,77,73.04,0,3.4620209,289.0408,47.664,72.58139,93.6205,NA,NA,78.8002,94.26033,108.564,9,13.90362,NA,92.7,72.3,0.16
2016-08-03,0.037,JAN,98,75,77,71.06,0,2.5271778,334.97168,43.2575,68.170235,93.5695,NA,NA,76.6198,93.76203,107.4,9,12.165668,NA,92.7,72.3,0.17
2016-08-04,0.037,JAN,99,75,77,71.06,0.56,3.831475,286.08594,43.2575,72.709724,93.5695,NA,NA,76.6198,92.001205,107.4,20,25,NA,92.7,72.3,0.16
2016-08-05,0.041,JAN,95,74,77,69.08,0,3.2299652,239.28938,52.2368,76.482544,93.5415,NA,NA,75,86.201355,107.275,14,27,NA,92.7,72.3,0.16
2016-08-06,0.04,JAN,96,74,77,71.96,2.43,4.050871,286.03497,50.9397,80.36161,93.6205,NA,NA,75.4305,85.73069,108.564,26,32.152122,NA,92.7,72.2,0.17
2016-08-07,0.04,JAN,93,75,75.92,71.96,0,3.7222996,330.9389,57.1775,78.98514,93.5695,NA,NA,76.6198,86.46561,104.302,11,17.379524,NA,92.7,72.2,0.16
2016-08-08,0.042,JAN,92,75,77,71.6,1e-4,4.7914925,324.3394,52.2368,77.276726,90.8013,NA,NA,77.4797,86.63751,99.6704,12,19.986454,NA,92.7,72.1,0.16
2016-08-09,0.038,JAN,92,75,77,73.04,1.76,2.858438,6.0151734,61.8467,82.59974,97.0415,NA,NA,77.4797,86.07265,105.803,16,30.41417,NA,92.7,72.1,0.16
2016-08-10,0.029,JAN,91,77,77,73.94,1e-4,3.8937283,13.77125,61.3686,83.142426,93.6205,NA,NA,78.8002,87.73408,103.089,11,25.200312,NA,92.7,72.1,0.16
2016-08-11,0.028,JAN,88,77,78.98,75.02,0.51,2.8857143,5.9859753,67.5795,85.736855,93.6709,NA,NA,78.8002,87.40105,98.8509,11,13.90362,NA,92.6,72,0.15
2016-08-12,0.024,JAN,85,73,78.08,69.08,0.43,6.88223,126.559456,74.247,87.115295,96.4901,NA,NA,74.4393,82.96471,92.8666,16,22.593382,NA,92.6,71.9,0.15
2016-08-13,0.027,JAN,85,74,71.96,68,0.01,12.268292,160.50066,60.8714,77.699425,94.1002,NA,NA,74.5999,79.971725,90.1519,20,30,NA,92.6,71.9,0.16
2016-08-14,0.028,JAN,89,72,75.92,68,0.02,8.528223,160.0005,61.3631,80.7671,90.2933,NA,NA,72.9616,81.988464,97.5508,15,25.200312,NA,92.5,71.8,0.15
2016-08-15,0.027,JAN,91,76,77,71.96,0.04,7.5003486,155.41881,61.3631,80.299446,93.5928,NA,NA,77.4797,85.549614,97.5508,16,21,NA,92.5,71.8,0.16
2016-08-16,0.023,JAN,90,74,75.02,71.6,0.01,4.926132,157.93289,59.4165,82.32968,94.143,NA,NA,76.4622,83.59835,99.2553,11,24.331335,NA,92.4,71.7,0.15
2016-08-17,0.026,JAN,92,72,75.2,71.06,0,3.2881534,143.9948,57.6443,80.48226,93.5415,NA,NA,74.4393,84.424484,101.943,13,16.51055,NA,92.4,71.6,0.16
2016-08-18,0.032,JAN,93,73,75.92,69.98,0.37,2.5365853,179.55254,52.1115,78.526886,93.5928,NA,NA,74.4393,84.3137,98.548,16,25.200312,NA,92.3,71.5,0.15
2016-08-19,0.022,JAN,89,75,75.92,71.96,0.87,3.9609756,164.26003,63.2495,85.9211,93.6205,NA,NA,76.4622,82.90162,96.6438,15,17.379524,NA,92.2,71.4,0.16
2016-08-20,0.017,JAN,90,74,75.02,71.06,0.11,6.013589,197.50845,63.2495,81.89415,93.5695,NA,NA,75.2982,84.77574,97.8094,12,23,NA,92.2,71.4,0.15
2016-08-21,0.026,JAN,91,75,75.2,71.96,0,4.4383273,255.54405,59.4165,80.46294,93.5928,NA,NA,76.6198,85.328186,99.2553,10,14,NA,92.1,71.3,0.14
2016-08-22,0.033,JAN,93,74,75.2,71.96,1.36,1.8735192,244.60872,52.2368,82.009285,93.6205,NA,NA,75.4305,83.62895,100.66,12,13.90362,NA,92,71.2,0.16
2016-08-23,0.034,JAN,93,74,75.92,71.96,0,2.2393727,128.96716,54.1779,78.26942,93.5928,NA,NA,76.6198,87.02718,100.808,11,15.641572,NA,91.9,71.1,0.15
2016-08-24,0.036,JAN,95,74,75.92,73.04,0.04,1.4947735,142.31566,55.98687,81.61978,93.5695,NA,NA,76.6198,86.42347,104.555,14,25.200312,NA,91.8,70.9,0.14
2016-08-25,0.036,JAN,95,75,78.8,71.06,0.7,2.6327527,122.18709,50.944916,76.96538,93.59277,NA,NA,76.61977,88.73906,104.382,23,33.0211,NA,91.7,70.8,0.14
2016-08-26,0.039,JAN,91,73.4,75.2,71.06,0.12,3.025784,355.27658,57.64435,77.662575,93.54147,NA,NA,75.29825,85.89652,99.26306,11,17.379524,NA,91.6,70.7,0.14
2016-08-27,0.038,JAN,93,72,75.02,66.92,1e-4,2.5477352,65.37246,42.5082,71.88022,90.80131,NA,NA,74.28058,85.92654,97.0344,9,13.90362,NA,91.5,70.6,0.14
2016-08-28,0.032,JAN,92,74,73.94,69.98,0,3.6675959,64.97826,50.2292,70.921585,90.7287,NA,NA,75.2982,86.81772,100.808,10,13.034643,NA,91.3,70.4,0.12
2016-08-29,0.037,JAN,96,74,75.92,69.08,0.08,3.7473867,63.555588,43.0687,72.6521,93.6205,NA,NA,75.1442,86.70994,101.535,12,15,NA,91.2,70.3,0.13
2016-08-30,0.036,JAN,94,74,75.02,69.98,1e-4,3.7355402,67.40679,45.9217,75.688354,93.5928,NA,NA,75.2982,85.9226,100.208,12,19.117477,NA,91.1,70.1,0.13
2016-08-31,0.044,JAN,95,73,73.94,69.08,0,2.9756098,31.116976,45.7897,70.608376,93.5415,NA,NA,75.2982,87.27551,101.233,11,14.772596,NA,90.9,69.9,0.13
2016-09-01,0.051,JAN,95,76,73.94,69.08,0,7.425784,4.3294635,43.0687,67.05892,90.2933,NA,NA,78.3697,90.29829,103.51,13,19,NA,90.8,69.8,0.12
2016-09-02,0.043,JAN,90,73,71.06,64.94,0,6.949826,353.83737,55.4582,71.404106,87.5043,NA,NA,73.04,82.761986,95.2623,11,20.85543,NA,90.6,69.6,0.13
2016-09-03,0.047,JAN,93,71,73.04,64.94,0,4.13554,30.919657,43.9617,65.02436,81.4972,NA,NA,71.06,84.30644,96.1802,11,15.641572,NA,90.5,69.4,0.12
2016-09-04,0.039,JAN,94,74,77,71.06,0.03,4.5721254,131.92159,50.5097,76.71815,93.5695,NA,NA,75.2982,86.80865,101.021,11,24.331335,NA,90.3,69.2,0.12
2016-09-05,0.031,JAN,92,75,77,71.96,0.05,4.2860627,146.29947,57.1775,82.48612,93.6205,NA,NA,76.6198,84.524895,99.2553,11,16.51055,NA,90.1,69,0.11
2016-09-06,0.037,JAN,91,74,75.02,71.06,0,3.133798,163.7411,55.4582,81.219795,94.143,NA,NA,75.4305,83.81968,97.1331,10,12.165668,NA,90,68.8,0.12
2016-09-07,0.033,JAN,93,72,73.94,66.92,0,4.603484,155.1083,45.2158,72.25322,93.5415,NA,NA,73.25,84.04695,97.0344,10,16.51055,NA,89.8,68.6,0.12
2016-09-08,0.047,JAN,93,71,71.06,57.92,0,4.603136,163.50871,32.0092,65.60525,93.4658,NA,NA,72.2589,82.16347,93.5781,11,15.641572,NA,89.6,68.3,0.12
2016-09-09,0.043,JAN,92,72,73.04,66.92,0,4.8912890000000004,179.03824,45.2158,70.60903,93.4896,NA,NA,73.25,84.28405,95.1311,10,12.165668,NA,89.4,68.1,0.12
2016-09-10,0.037,JAN,95,72,73.94,68,1e-4,3.2801394,219.16743,45.6309,72.464165,90.14,NA,NA,74.1521,85.05165,99.6704,10,16.51055,NA,89.2,67.9,0.12
2016-09-11,0.034,JAN,90,71,71.96,64.94,1e-4,5.2027874,21.231436,57.1775,76.62736,90.7287,NA,NA,73.1168,80.87176,96.0795,13,19.117477,NA,89,67.6,0.12
2016-09-12,0.037,JAN,92,68,73.04,66.02,0,2.220906,91.52172,48.5504,76.00056,93.4658,NA,NA,68,80.70127,96.3615,10,13.90362,NA,88.8,67.3,0.13
2016-09-13,0.036,JAN,93,70,71.96,66.92,1e-4,3.170035,85.68574,45.6309,71.58768,93.4896,NA,NA,69.98,82.72072,96.1802,10,13.90362,NA,88.6,67.1,0.13
2016-09-14,0.035,JAN,95,72,71.06,66.92,0,2.476655,54.523838,42.5082,70.07309,90.6553,NA,NA,73.1168,84.33507,98.5221,11,15.641572,NA,88.4,66.8,0.12
2016-09-15,0.038,JAN,96,71,71.96,66.02,0,2.7010453,117.45224,38.7546,67.09606,90.6553,NA,NA,72.0989,85.344220000000007,98.3294,11,16,NA,88.1,66.5,0.12
2016-09-16,0.027,JAN,92,72,73.94,69.08,0.19,5.020209,136.55562,52.1115,79.2981,93.5928,NA,NA,74.2806,82.04413,97.6826,17,31.283144,NA,87.9,66.2,0.11
2016-09-17,0.022,JAN,84,74,75.02,71.6,0.01,4.409059,182.69298,74.3291,86.434364,96.4461,NA,NA,76.4622,81.486565,90.2592,10,14,NA,87.7,65.9,0.11
2016-09-18,0.032,JAN,92,72,73.94,69.08,0,3.5421603,255.4989,59.1645,79.92571,97.0174,NA,NA,75.0196,83.2353,99.2553,9,13.034643,NA,87.4,65.5,0.12
2016-09-19,0.046,JAN,93,71,69.98,64.04,0,3.5101044,1.8684905,41.0402,69.96186,93.4896,NA,NA,71.06,81.046074,94.7818,10,14.772596,NA,87.2,65.2,0.11
2016-09-20,0.048,JAN,96,66,66.92,57.02,0,4.3069687,15.694842,28.1833,60.98063,93.3839,NA,NA,68,80.7556,95,11,16.51055,NA,86.9,64.9,0.1
2016-09-21,0.053,JAN,96,62,68,60.08,0,1.471777,159.58113,33.7375,63.024414,90.3104,NA,NA,62.96,78.79937,95.1908,11,13.90362,NA,86.6,64.5,0.11
2016-09-22,0.056,JAN,94,68,71.06,60.98,0,0.82439023,194.13083,39.0815,67.341835,89.9397,NA,NA,68,80.59361,93.8847,7,8.689762,NA,86.4,64.2,0.1
2016-09-23,0.048,JAN,94,69,71.96,66.92,0,1.7452961,265.8752,41.3383,71.08494,93.437,NA,NA,69.98,83.0221,97.6999,9,17.379524,NA,86.1,63.8,0.11
2016-09-24,0.054,JAN,96,69,71.06,62.06,0,1.4885018,332.19064,32.6354,67.72365,92.8335,NA,NA,69.08,83.222755,97.1569,7,9.558739,NA,85.8,63.4,0.1
2016-09-25,0.05,JAN,97,70,71.96,62.96,0.05,2.3578398,261.2884,33.687,71.3439,90.6553,NA,NA,72.0989,82.19939,97.6534,9,19.117477,NA,85.5,63.1,0.11
2016-09-26,0.047,JAN,92,68,69.98,62.96,0,4.8355403,328.62735,46.9327,70.73904,93.437,NA,NA,69.08,81.067276,95.4228,12,16.51055,NA,85.3,62.7,0.12
2016-09-27,0.041,JAN,87,65,62.96,57.02,0,5.0261326,348.501,38.6968,63.889057,81.2946,NA,NA,66.92,74.90444,87.08,10,13.034643,NA,85,62.3,0.11
2016-09-28,0.056,JAN,88,59,59,46.04,0,2.3156796,260.6184,24.9027,57.78667,86.7917,NA,NA,60.08,71.97755,84.6551,9,13.034643,NA,84.7,61.9,0.11
2016-09-29,0.035,JAN,80,56,57.92,46.04,1e-4,6.7874565,359.23904,31.2803,54.79619,83.5951,NA,NA,57.02,67.89499,78.98,13,20,NA,84.4,61.5,0.12
2016-09-30,0.047,JAN,83,51,55.94,48.92,0,2.2320557,319.40997,38.0838,65.59715,89.9465,NA,NA,51.98,66.29633,80.96,11,14.772596,NA,84,61.1,0.12
2016-10-01,0.049,JAN,83,53,59,51.08,0,1.3954704,345.98068,35.7112,67.41256,93.0196,NA,NA,53.06,67.76664,81.8885,9,12.165668,NA,83.7,60.7,0.12
2016-10-02,0.051,JAN,87,60,59,51.08,0,1.815331,358.791,30.0511,61.64792,83.6643,NA,NA,62.06,71.83235,84.7992,9,17.379524,NA,83.4,60.3,0.13
2016-10-03,0.05,JAN,88,58,62.06,53.06,0,2.0648084,38.27338,31.4066,63.14774,93.1031,NA,NA,57.92,71.8077,85.9535,9,13.90362,NA,83.1,59.8,0.12
2016-10-04,0.046,JAN,92,57,66.02,55.04,0,3.528223,149.17906,35.5671,64.314804,93.1031,NA,NA,57.02,74.23107,91.04,12,18.2485,NA,82.7,59.4,0.12
2016-10-05,0.045,JAN,91,63,66.92,57.02,1e-4,5.1045294,111.24781,34.0572,61.904602,93.3839,NA,NA,66.02,77.651215,91.04,14,18.2485,NA,82.4,59,0.13
2016-10-06,0.043,JAN,92,59,62.06,55.94,0,4.5006967,78.58791,35.5671,59.79953,89.5667,NA,NA,59,75.89045,91.04,12,17.379524,NA,82.1,58.5,0.11
2016-10-07,0.053,JAN,92,63,62.06,55.04,0,4.4020905,3.9402177,29.666,58.916435,86.952,NA,NA,64.04,76.36965,89.96,14,19.117477,NA,81.7,58.1,0.12
2016-10-08,0.045,JAN,85,64,60.08,39.02,0,9.091986,347.36816,31.2353,52.25549,78.0839,NA,NA,64.94,71.9929,82.8763,14,21.724405,NA,81.4,57.7,0.11
2016-10-09,0.043,JAN,86,53,44.96,37.94,0,8.531011,18.342117,20.9915,37.40806,54.6666,NA,NA,55.04,68.06347,82.0415,14,21.724405,NA,81,57.2,0.11
2016-10-10,0.051,JAN,88,57,53.96,42.08,0,4.3365855,63.737297,23.392,46.420025,67.5656,NA,NA,57.02,69.13373,84.7995,10,13.034643,NA,80.6,56.8,0.1
2016-10-11,0.047,JAN,97,54,59,46.04,0,4.7261324,142.25758,25.7904,57.73323,92.9879,NA,NA,53.96,68.81726,82.548,10,13.90362,NA,80.3,56.3,0.1
2016-10-12,0.042,JAN,87,50,53.96,44.96,0,2.7740586,147.1732,23.9133,56.25032,93.0196,NA,NA,53.06,67.90843,83.1885,8,12.165668,NA,79.9,55.9,0.11
2016-10-13,0.041,JAN,88,56,66.92,51.08,0,2.2759583,308.66742,46.1899,70.6463,89.778,NA,NA,57.02,72.67318,87.3309,9,12.165668,NA,79.5,55.5,0.11
2016-10-14,0.049,JAN,88,62,66.02,57.02,0,3.9860628,215.33028,36.1159,69.09878,89.778,NA,NA,64.04,73.98199,85.8746,11,16.51055,NA,79.2,55,0.11
2016-10-15,0.037,JAN,86,61,64.94,59,1e-4,2.9620209,145.98341,44.4503,70.821205,93.2456,NA,NA,60.98,71.92217,85.1268,10,13.90362,NA,78.8,54.6,0.11
2016-10-16,0.037,JAN,90,59,66.02,57.92,0,3.852265,152.38286,35.0367,68.02728,96.2017,NA,NA,59,74.39393,89.06,12,17.379524,NA,78.4,54.1,0.12
2016-10-17,0.029,JAN,89,66,69.8,64.04,0,6.965157,164.17708,46.4831,74.23802,96.3583,NA,NA,66.92,77.1374,89.799,13,17.379524,NA,78,53.7,0.13
2016-10-18,0.035,JAN,91,70,71.6,60.08,0,6.3979096,184.21594,36.7931,68.563225,93.4896,NA,NA,71.96,79.22652,89.96,12,17.379524,NA,77.6,53.3,0.13
2016-10-19,0.028,JAN,90,68,73.94,66.92,0.1,3.2445993,168.85281,49.7919,81.93504,96.9683,NA,NA,69.08,78.34132,90.9356,10,29,NA,77.2,52.8,0.13
2016-10-20,0.028,JAN,86,60,71.06,55.04,0.39,6.29338,289.35516,56.9815,80.83195,90.062,NA,NA,60.98,73.69271,88.3231,18,27,NA,76.8,52.4,0.13
2016-10-21,0.037,JAN,72,50,53.06,39.92,0,8.5069685,349.92313,33.6111,62.329918,89.3961,NA,NA,53.06,60.096775,70.4535,14,21.724405,NA,76.5,52,0.13
2016-10-22,0.04,JAN,74,40,44.96,28.94,0,2.5979095,19.93907,22.2572,59.393562,89.5622,NA,NA,42.08,56.219402,72.2106,12,16.51055,NA,76.1,51.5,0.13
2016-10-23,0.045,JAN,82,43,48.02,35.96,0,1.3094077,190.16936,20.4363,58.69271,89.6486,NA,NA,44.06,59.82017,78.7684,9,12.165668,NA,75.7,51.1,0.14
2016-10-24,0.052,JAN,81,46,51.98,42.98,0,1.4174216,328.67676,27.8372,63.40675,89.6486,NA,NA,46.94,61.919598,79.7353,8,11.296691,NA,75.3,50.7,0.13
2016-10-25,0.06,JAN,85,46,55.04,46.04,0,1.0836236,6.5908537,29.5849,67.35529,96.6859,NA,NA,46.94,63.723324,81.982,7,10.427715,NA,74.9,50.3,0.14
2016-10-26,0.051,JAN,84,52,59,48.02,0,3.8850174,185.80585,37.3835,64.068,83.6915,NA,NA,53.96,67.35128,81.5849,14,18.2485,NA,74.5,49.9,0.14
2016-10-27,0.047,JAN,85,60,64.94,55.04,0,1.1783972,168.02771,38.3073,71.02428,93.1901,NA,NA,60.98,70.25137,84.02,7,7.820786,NA,74.1,49.5,0.13
2016-10-28,0.048,JAN,88,55,62.06,53.96,0,1.2686411,88.84437,32.6684,68.47241,93.0458,NA,NA,55.94,69.25214,86.1915,8,10.427715,NA,73.7,49.1,0.13
2016-10-29,0.045,JAN,88,53,59,51.98,0,1.4111499,163.88982,29.2043,65.45818,93.0771,NA,NA,55.04,68.843605,85.5748,9,12.165668,NA,73.3,48.7,0.13
2016-10-30,0.052,JAN,89,53,57.92,48.02,0,1.1756097,234.11794,25.2043,63.191746,90.0283,NA,NA,53.96,68.282875,85.1161,7,13.90362,NA,72.9,48.4,0.12
2016-10-31,0.047,JAN,89,54,57.92,51.08,0,1.5083624,231.66205,28.2235,63.108387,90.0283,0,NA,55.04,68.68055,86.5372,9,13.034643,NA,72.5,48,0.13
2016-11-01,0.045,JAN,87,54,59,51.08,0,5.3344946,151.92702,30.0866,62.096226,89.3961,0,NA,55.04,69.155174,83.9029,15,21.724405,NA,72.2,47.6,0.13
2016-11-02,0.043,JAN,87,58,64.9,55.94,0,4.9439025,143.56561,38.5848,69.28133,93.134,0,NA,59,71.25236,86,14,18,NA,71.8,47.3,0.14
2016-11-03,0.038,JAN,85,58,66,57,0,1.420906,204.10994,38.6937,73.6569,96.9293,0,NA,57.9,69.688324,84.9,9,13.034643,NA,71.4,46.9,0.14
2016-11-04,0.039,JAN,83,58,63,42.1,0,5.3135886,11.059509,31.5224,61.483753,89.4841,0,NA,60.1,69.44499,81.2013,12,17.379524,NA,71,46.6,0.15
2016-11-05,0.041,JAN,76,49,51.8,42.1,0,3.3916376,24.92849,35.6392,55.307133,78.0331,0,NA,51.1,62.237534,73.875,8,11.296691,NA,70.7,46.3,0.14
2016-11-06,0.045,JAN,77,50,53.1,41,0,3.2620208,112.44427,29.4308,59.22546,86.2867,0,NA,50,61.958275,75.7978,10,15.641572,NA,70.3,45.9,0.14
2016-11-07,0.03,JAN,78,45,64,41,0.26,2.831596,114.98097,48.7309,77.570145,96.9036,0,NA,44.6931,61.74543,77,14,19.986454,NA,69.9,45.6,0.15
2016-11-08,0.024,JAN,68,59,62.1,57,0.38,3.6062717,60.125916,78.0474,88.55898,93.5383,0,NA,59,63.083065,68,7,10.427715,NA,69.6,45.3,0.14
2016-11-09,0.036,JAN,72,55,59,44.1,0,7.161324,7.0643024,58.6545,71.05458,89.5692,0,NA,55,63.49554,72,14,20,NA,69.2,45,0.14
2016-11-10,0.035,JAN,73,41,46,34,0,2.5170732,23.692493,25.4885,64.968544,89.1962,0,NA,42.1,55.227913,70,8,12.165668,NA,68.9,44.7,0.15
2016-11-11,0.035,JAN,69,42,48.9,41,0,1.154007,294.42975,40.4844,73.8033,93.0314,0,NA,43,54.556435,69.1,6,8.689762,NA,68.5,44.5,0.14
2016-11-12,0.04,JAN,70,46,46.9,37,0,5.981533,357.77374,29.8066,63.976665,93.0581,0,NA,44.0907,56.11799,70,12,18.2485,NA,68.2,44.2,0.14
2016-11-13,0.037,JAN,68,40,44.1,37.9,0,2.7240417,355.9501,37.1439,66.5726,88.7656,0,NA,41,52.40728,66.9,8,11.296691,NA,67.8,43.9,0.15
2016-11-14,0.046,JAN,73,38,46.9,35.1,0,1.0125436,267.44736,26.6306,68.03995,96.5527,0,NA,39,53.332672,70.1581,7,14.772596,NA,67.5,43.7,0.15
2016-11-15,0.045,JAN,78,46,57.9,42.1,0,2.5860627,292.0851,43.1364,70.374344,89.9211,0,NA,45.722,58.847942,77,10,13.034643,NA,67.2,43.4,0.14
2016-11-16,0.042,JAN,81,41,51.1,39.9,0,1.1418118,210.09671,26.8936,66.16063,95.8414,0,NA,42.1,58.609325,77.9648,7,13.034643,NA,66.9,43.2,0.15
2016-11-17,0.042,JAN,82,45,55.9,42.1,0,6.3344946,164.78125,24.3819,60.544395,86.2763,0,NA,45.722,62.745472,80.0942,16,19.986454,NA,66.5,43,0.15
2016-11-18,0.043,JAN,82,51,60.1,50,0.06,6.880836,189.6687,43.8979,73.343475,96.7575,0,NA,51.1,65.93663,81.2013,18,26.069286,NA,66.2,42.7,0.14
2016-11-19,0.038,JAN,62,40,48.9,25,0,9.702439,345.7913,26.9248,54.816628,82.8192,0,NA,36.3696,46.68979,61,17,25.200312,NA,65.9,42.5,0.15
2016-11-20,0.037,JAN,62,29,33.1,19,0,2.1031358,19.586388,20.0948,57.901,92.1507,0,NA,29.7557,42.893066,61,8,12.165668,NA,65.6,42.3,0.15
2016-11-21,0.032,JAN,68,27,32,18,0,0.89756095,148.76779,14.5991,55.421947,89.1155,0,NA,28.9,45.48948,68,5,7.820786,NA,65.3,42.1,0.15
2016-11-22,0.039,JAN,74,30,45,21.9,0,5.1013937,154.44043,15.0391,48.38611,78.5761,0,NA,32,53.175213,69.7426,13,17.379524,NA,65,41.9,0.14
2016-11-23,0.03,JAN,70,55,61,46.9,0.11,7.2149825,174.10938,60.5973,77.22814,100,0,NA,55.9,61.50606,69.1,18,24.331335,NA,64.8,41.7,0.14
2016-11-24,0.029,JAN,70,41,52,39.2,0,1.722648,353.44147,48.5327,79.12308,100,0,NA,42.1,54.48429,69.1,6,9.558739,NA,64.5,41.6,0.15
2016-11-25,0.031,JAN,68,40,48.9,39,0,4.5351915,10.220628,48.5646,76.98153,100,0,NA,39.2,53.318848,66.9,10,14.772596,NA,64.2,41.4,0.15
2016-11-26,0.029,JAN,61,35,45,32,0,4.328223,10.954481,39.189,73.20144,93.3985,0,NA,36,46.254623,61,10,15.641572,NA,63.9,41.2,0.15
2016-11-27,0.036,JAN,67,28,43,26.1,0,3.5853658,152.20929,21.3457,58.37968,100,0,NA,28,48.068905,66.9,9,13.90362,NA,63.7,41.1,0.16
2016-11-28,0.038,JAN,75,52,62.6,45,1.44,11.230358,164.1427,55.2796,77.08566,100,0,NA,54,61.661324,75,29,46.05574,NA,63.4,40.9,0.15
2016-11-29,0.03,JAN,77,49,69.8,48.9,0.07,6.1419625,165.15865,71.0325,87.58353,96.0345,0,NA,48.4397,65.684265,77,14,24,NA,63.1,40.8,0.17
2016-11-30,0.03,JAN,73,43,69.1,34,1.31,6.3108015,290.75436,32.5617,68.23914,96.9036,0,NA,40.7654,58.586,74.1165,17,24,NA,62.9,40.6,0.16
2016-12-01,0.035,JAN,63,34,39,26.1,0,1.7637631,11.755418,26.2003,65.76583,92.45325,0,NA,33.4022,45.768585,62.1,9,12.165668,NA,62.6,40.5,0.15
2016-12-02,0.035,JAN,66,34,36,27,0,3.5247388,85.23343,23.7485,55.125263,92.2873,0,NA,32.2324,50.04456,64.9,11,14.772596,NA,62.4,40.3,0.16
2016-12-03,0.036,JAN,53,47,46,34,0.62,7.144251,77.45526,50.1151,85.34202,92.7389,0,NA,41.2959,44.4169,52,14,21,NA,62.1,40.2,0.15
2016-12-04,0.02,JAN,55,47,52,44.1,0.16,5.0536585,9.773385,82.8577,90.31411,96.7296,0,NA,42.9463,49.10286,55,14,20.85543,NA,61.9,40.1,0.16
2016-12-05,0.008,JAN,59,49,57.9,46.9,2.21,4.328223,61.726154,87.4668,93.78405,96.8109,0,NA,44.5279,52.534416,59,9,13.90362,NA,61.7,39.9,0.16
2016-12-06,0.02,JAN,61,50,60.1,46,1e-4,6.768641,276.62354,76.7485,85.62387,96.1504,0,NA,48.4397,52.771065,61,18,25.200312,NA,61.4,39.8,0.15
2016-12-07,0.019,JAN,54,47,46.9,44.1,0,2.5763066,18.088066,73.8911,85.965324,95.9466,0,NA,44.2818,48.85904,53.1,8,11.296691,NA,61.2,39.7,0.16
2016-12-08,0.028,JAN,49,33.8,43,21,0,10.358189,1.5075554,45.609,61.702618,83.2823,0,NA,26.576792,37.268192,44.8002,16,25.200312,NA,61,39.6,0.16
2016-12-09,0.028,JAN,45,28,25,18,0,7.4809294,3.8683355,34.7241,58.105404,81.4008,0,NA,19.9389,28.694876,38.5594,11,19.986454,NA,60.8,39.4,0.16
2016-12-10,0.032,JAN,54,26,27,16,0,2.9177701,56.47614,24.4794,56.917492,85.0791,0,NA,22.7137,35.492493,53.1,8,11.296691,NA,60.6,39.3,0.17
2016-12-11,0.04,JAN,69,31,53.1,19,0,9.526133,163.90126,35.3771,51.934734,75.2013,0,NA,29.9461,52.50685,68,16,24.331335,NA,60.4,39.2,0.16
2016-12-12,0.02,JAN,66,58,60.8,54,0.28,4.1825786,160.94511,80.2472,89.00252,96.8525,0,NA,59,61.52397,66,11,16.51055,NA,60.2,39.1,0.16
2016-12-13,0.019,JAN,68,54,66.2,48.9,0.06,5.0780487,343.1389,81.1873,90.2384,100,0,NA,54,62.07756,68,12,15.641572,NA,60,39,0.16
2016-12-14,0.016,JAN,54,39,48,36,0,6.4167247,353.67526,73.6937,83.508545,89.2662,0,NA,33.8446,46.187344,53.1,10,14.772596,NA,59.8,38.9,0.17
2016-12-15,0.03,JAN,48,34,36,17.1,0,7.82892,12.026076,28.8186,57.81482,89.5297,0,NA,25.9471,33.76041,43.8223,14,19.986454,NA,59.6,38.8,0.15
2016-12-16,0.029,JAN,66,30.9,60.1,21.9,0,7.311498,155.39581,49.0222,66.72261,81.2665,0,NA,27.4311,46.653004,66,20,29,NA,59.4,38.6,0.17
2016-12-17,0.021,JAN,81,66,66.9,60.8,0.01,13.867596,184.00645,57.9792,74.726906,93.2889,0,NA,66,73.76649,81.7088,22,33.0211,NA,59.2,38.5,0.16
2016-12-18,0.027,JAN,74,30,66.9,23,1.16,12.1519165,352.656,63.9809,79.96693,93.0314,0,NA,19.3538,29.613304,73.9,28,33,NA,59,38.4,0.17
2016-12-19,0.028,JAN,42,26,23,19,0,8.972125,358.76624,44.2731,66.802734,84.6589,0,NA,13.5572,22.539766,35.6336,16,21.724405,NA,58.9,38.3,0.18
2016-12-20,0.017,JAN,50,25,33.1,21.9,0,2.4243903,6.547291,45.7539,78.32461,96.3793,0,NA,20.4572,32.92742,48.9,6,8.689762,NA,58.7,38.2,0.17
2016-12-21,0.019,JAN,63,33,44.1,28.9,1e-4,3.804181,169.25008,28.3267,63.083508,92.7556,0,NA,33.2613,49.9557,62.1,9,12.165668,NA,58.6,38.1,0.18
2016-12-22,0.026,JAN,64,41,54,37.9,0.04,3.6550522,14.392631,53.1534,79.821976,100,0,NA,40.7654,53.234818,63,10,11.296691,NA,58.4,38,0.18
2016-12-23,0.034,JAN,70,39,60.8,36,0,5.0843205,165.12706,51.6442,73.91029,89.2662,0,NA,38.9772,56.05603,69.1,13,18.2485,NA,58.3,37.9,0.18
2016-12-24,0.027,JAN,79,63,63,57.9,0,8.210801,174.22232,57.7715,79.38184,93.5383,0,NA,64,68.09519,77,15,18.2485,NA,58.1,37.8,0.17
2016-12-25,0.025,JAN,79,62,64.9,60.8,1e-4,9.6379795,151.63794,55.707,81.68272,96.1826,0,NA,62.1,68.84077,78.1,16,22.593382,NA,58,37.7,0.18
2016-12-26,0.024,JAN,81,66,66,61,0,8.237747,166.87787,52.1625,76.96847,89.859,0,NA,66,71.746346,81.3137,17,22,NA,57.9,37.6,0.17
2016-12-27,0.025,JAN,74,56,66.9,48.2,1e-4,5.252265,278.50327,68.2077,79.89801,93.319,0,NA,57,67.518394,73.9,12,13.90362,NA,57.7,37.5,0.18
2016-12-28,0.019,JAN,75,52,64.9,50,1e-4,4.6682925,190.64717,68.7568,83.534874,93.5972,0,NA,52,64.23986,73.9,11,14.772596,NA,57.6,37.4,0.16
2016-12-29,0.039,JAN,70,36,66,19.9,0.39,8.565854,331.57806,22.5924,58.79596,93.5383,0,NA,37,53.826233,70,17,30,NA,57.5,37.3,0.17
2016-12-30,0.037,JAN,57,33,34,10.9,0,3.687805,49.526306,18.0824,45.420467,82.0777,0,NA,35.1,44.162514,57,10,13.034643,NA,57.4,37.2,0.16
2016-12-31,0.03,JAN,57,44,61,28,0.45,9.048083,162.04408,45.609,82.76599,96.7575,0,NA,41.1871,51.265522,63,18,25,NA,57.3,37.2,0.17
2017-01-01,0.022,JAN,68,62,64,60.1,0.01,3.2167246,158.81842,87.2832,93.127426,96.8788,0,NA,62.1,64.58976,66.9,10,13.90362,NA,57.2,37.1,0.17
2017-01-02,0.025,JAN,66,58,64,57,2.99,6.283509,147.93936,86.1051,92.28106,100,0,NA,57.9,62.50035,66,28,36,NA,57.2,37,0.17
2017-01-03,0.03,JAN,74,52,55.9,45,0,4.98885,239.38216,37.9562,75.1954,96.7575,0,NA,53.1,60.98152,72,12,16.51055,NA,57.1,36.9,0.17
2017-01-04,0.02,JAN,57,34,51.1,32,0,7.9191637,346.04636,60.7903,76.60112,96.4927,0,NA,32.0912,41.69012,55.9,16,21.724405,NA,57,36.8,0.17
2017-01-05,0.018,JAN,50,33,44.1,32,0.01,3.9783971,339.99936,70.9512,87.36077,96.4927,0,NA,28.4876,37.888683,48.9,12,19.117477,NA,57,36.8,0.18
2017-01-06,0.027,JAN,37,22,33.1,16,0.55,10.747038,351.34537,77.0623,83.73124,92.8597,0.8,NA,8.14347,19.724611,28.5577,16,26,NA,56.9,36.7,0.17
2017-01-07,0.033,JAN,33,17,15.1,9,0,10.834844,343.18723,43.3441,62.33269,74.6872,0,NA,3.1164,12.131368,23.5138,17,26.069286,NA,56.9,36.6,0.17
2017-01-08,0.032,JAN,38,17,21,9,0,4.177352,63.81842,33.5221,62.179726,84.5273,0,NA,7.58525,20.357851,34.4045,8,12.165668,NA,56.9,36.6,0.18
2017-01-09,0.034,JAN,59,25,44.1,18,0,8.08885,157.6914,43.4553,61.75367,74.3486,0,NA,17.954,38.741158,57.9,14,22.593382,NA,56.9,36.5,0.17
2017-01-10,0.035,JAN,70,51,57.9,45,0,12.202787,166.36482,58.6008,71.77205,78.0474,0,NA,52,61.282856,69.1,19,29,NA,56.9,36.5,0.17
2017-01-11,0.033,JAN,76,64,62.6,57.9,0,13.961673,177.13045,59.8058,79.44306,88.1753,0,NA,64,67.26216,75,23,32,NA,56.9,36.4,0.17
2017-01-12,0.033,JAN,79,62,63,60.1,0,9.539372,169.48755,55.9531,77.7933,93.1553,0,NA,62.1,68.50836,77,18,21.724405,NA,56.9,36.4,0.17
2017-01-13,0.028,JAN,77,59,64.9,57.9,0,3.2885017,174.50655,57.5036,83.79653,100,0,NA,59,66.674,75.9,9,14.772596,NA,56.9,36.4,0.17
2017-01-14,0.036,JAN,76,52,60.1,50,0,1.1205575,152.66412,42.966,77.04842,100,0,NA,52,61.88822,75,8,11.296691,NA,57,36.3,0.17
2017-01-15,0.032,JAN,77,48,57,48,0,3.4362369,152.29701,47.9925,77.05249,96.6856,0,NA,48.9,60.864807,75,12,18.2485,NA,57,36.3,0.18
2017-01-16,0.029,JAN,76,57,63,54,1e-4,10.237631,158.37685,59.8058,77.833694,93.1806,0,NA,57.9,68.142784,75,16,23.462358,NA,57,36.3,0.18
2017-01-17,0.029,JAN,80,60,64,57,0,7.312892,191.52701,48.2799,77.96597,90.4003,0,NA,61,68.7816,78.1,13,20,NA,57.1,36.3,0.16
2017-01-18,0.019,JAN,76,56,64,54,0.18,3.3156796,120.991356,64.2002,86.325356,96.7837,0,NA,55.9,64.83603,75,11,14.772596,NA,57.2,36.3,0.17
2017-01-19,0.021,JAN,68,50,66.2,52,1.46,5.45331,161.53976,83.3592,95.056786,100,0,NA,52,62.770382,68,14,20.85543,NA,57.3,36.3,0.17
2017-01-20,0.029,JAN,77,50,60.8,50,0,7.557259,184.74081,42.966,76.29188,100,0,NA,51.1,63.920208,75.9,15,20.85543,NA,57.3,36.4,0.17
2017-01-21,0.034,JAN,73,58,62.1,55,2.12,6.757491,134.70226,57.2335,79.47529,93.5383,0,NA,59,64.887665,73,15,29,NA,57.4,36.4,0.18
2017-01-22,0.04,JAN,65,53,59,42.1,0.44,8.221602,252.64902,47.8313,81.41311,100,0,NA,53.1,57.042786,64.9,16,30,NA,57.5,36.4,0.17
2017-01-24,0.033,JAN,71,36,46.9,35.1,0,5.1348433,162.69739,29.745,65.09109,96.5222,0,NA,34.4045,52.784485,69.308,12,16.51055,NA,57.8,36.5,0.18
2017-01-25,0.03,JAN,75,52,64.9,39.9,0.14,7.507317,208.68399,47.1542,77.2688,93.2889,0,NA,52,62.996166,73.9,16,23,NA,57.9,36.6,0.18
2017-01-26,0.018,JAN,58,37,37.9,28,0,6.550523,302.5077,35.213,53.341927,81.9304,0,NA,34.4045,46.055416,57,14,23.462358,NA,58,36.7,0.17
2017-01-27,0.027,JAN,49,34,30.9,21,0,5.05784,290.63696,34.0548,55.170387,72.4303,0,NA,30.0769,38.275192,44.2818,12,16.51055,NA,58.2,36.7,0.18
2017-01-28,0.039,JAN,58,30,30.9,17.1,0,5.8519163,255.28972,22.2497,46.60772,78.5761,0,NA,28.7047,44.113243,57,16,25.200312,NA,58.3,36.8,0.19
2017-01-29,0.041,JAN,61,36,32,27,0,6.0406504,263.34158,29.2515,53.979908,78.3677,0,NA,31.1457,44.899612,60.1,16,23.462358,NA,58.5,36.9,0.18
2017-01-30,0.04,JAN,71,34,37.9,30,0,5.2770033,197.26181,24.4206,53.97633,85.1068,0,NA,28.7705,50.519222,70,11,15.641572,NA,58.7,37,0.19
2017-01-31,0.05,JAN,77,47,50,37,0,7.5665507,211.69366,24.4291,51.734024,74.9121,0,NA,43.4754,59.5285,75.5973,16,19.117477,NA,58.8,37.2,0.19
2017-02-01,0.041,JAN,77,50,55,48,0,7.3912890000000004,186.64673,39.747,69.182594,89.1783,0,NA,52,62.222294,75,14,22.593382,NA,59,37.3,0.19
2017-02-02,0.022,JAN,66,44,60.8,39.9,1e-4,6.738377,348.5788,83.2873,87.886215000000007,96.4183,0,NA,39.528,54.404095,64.9,12,18.2485,NA,59.2,37.4,0.18
2017-02-03,0.036,JAN,55,38,41,19.9,0,8.927526,354.48175,41.4364,61.34856,91.8365,0,NA,33.4022,41.511097,55,14,19.117477,NA,59.4,37.5,0.18
2017-02-04,0.039,JAN,60,30,34,18,0,4.9616723,115.017365,25.9325,44.19081,63.3053,0,NA,27.4311,43.63999,59,10,12.165668,NA,59.6,37.7,0.18
2017-02-05,0.021,JAN,57,49,51.1,35.1,0.06,4.404878,115.67964,52.1121,79.25357,89.1291,0,NA,46.7197,53.09469,55.9,13,17.379524,NA,59.8,37.9,0.18
2017-02-06,0.032,JAN,77,54,62.1,52,0,8.562369,179.74269,48.1163,75.46334,96.1826,0,NA,55,65.30188,77,18,24.331335,NA,60,38,0.18
2017-02-08,0.034,JAN,81,50,63,41,0,9.398606,220.26921,50.5206,72.0559,93.5622,0,NA,44.6286,68.891014,80.9422,18,33.0211,NA,60.4,38.4,0.19
2017-02-09,0.032,JAN,56,38,37.9,30,0,7.241115,2.178374,38.2124,63.168102,82.0777,0,NA,32.6361,43.048485,55,18,22.593382,NA,60.6,38.5,0.19
2017-02-10,0.045,JAN,75,37,55.9,30,0,9.225087,173.94127,23.8473,53.708538,80.1079,0,NA,31.3809,55.493507,73.4798,15,23,NA,60.9,38.7,0.19
2017-02-11,0.025,JAN,80,62,64.9,57,1e-4,10.158885,184.79173,58.0372,76.49355,90.0483,0,NA,63,70.30485,80.5393,14,21.724405,NA,61.1,38.9,0.18
2017-02-12,0.036,JAN,83,60,64.9,44.1,1e-4,8.687108,279.66013,49.0288,71.04018,93.5383,0,NA,61,71.12713,82.6249,16,24.331335,NA,61.3,39.1,0.19
2017-02-13,0.039,JAN,69,48,44.1,30,0,5.808014,20.732967,24.089,46.06457,70.8538,0,NA,46.286,56.963875,69.1,12,19.117477,NA,61.6,39.3,0.18
2017-02-14,0.037,JAN,76,44,61,37,0.13,6.8745646,185.35028,48.3071,68.65183,96.4183,0,NA,44.8002,60.26091,73.9,18,24,NA,61.8,39.6,0.18
2017-02-15,0.042,JAN,60,40,48.9,33.1,1e-4,8.818815,321.5877,40.4625,71.837364,96.629,0,NA,37.0902,45.426353,60.1,15,24.331335,NA,62,39.8,0.18
2017-02-16,0.04,JAN,66,31,37,26.1,0,1.4836237,213.39635,24.7463,62.100273,95.6729,0,NA,32,46.82257,64.9,7,10.427715,NA,62.3,40,0.18
2017-02-17,0.046,JAN,65,37,48.9,33.1,1e-4,6.165157,172.02028,44.7406,67.186554,85.6899,0,NA,33.4022,51.849854,64,12,16.51055,NA,62.5,40.2,0.18
2017-02-18,0.039,JAN,72,49,53.1,46,0,2.6487806,217.24501,52.96,81.26053,100,0,NA,47.7723,57.193268,71.1,9,15.641572,NA,62.8,40.4,0.17
2017-02-19,0.046,JAN,82,48,59,46.9,0,2.1630661,102.9631,39.5214,70.46636,96.0004,0,NA,48,64.55676,82,9,13.034643,NA,63,40.7,0.18
2017-02-20,0.04,JAN,83,55,61,48.9,0.13,8.609331,152.25848,35.3833,58.600655,89.9676,0,NA,55,69.26231,81,16,21.724405,NA,63.3,40.9,0.18
2017-03-01,0.044,JAN,82,53,66,32,0.01,10.77561,247.50815,34.4868,63.56187,83.8625,0,NA,54,69.181755,81.9118,19,25,NA,65.6,43,0.19
2017-03-02,0.044,JAN,65,43,34,24.1,0,7.9034843,10.283448,22.5026,40.62763,62.8285,0,NA,41.6528,51.451027,64,16,23.462358,NA,65.8,43.3,0.18
2017-03-03,0.045,JAN,68,35,37,25,0,4.741463,34.387558,20.3925,48.202652,88.3293,0,NA,35.1,51.941708,68,13,23.462358,NA,66.1,43.5,0.18
2017-03-04,0.047,JAN,71,37,35.1,25,0,5.0916376,127.06448,19.633,39.76248,75.6422,0,NA,37.9,55.5636,69.1,13,18.2485,NA,66.4,43.8,0.19
2017-03-05,0.041,JAN,68,53,57.9,37.9,0.03,5.92892,126.67025,50.7122,70.82564,89.5225,0,NA,53.1,59.609478,66,14,21.724405,NA,66.6,44,0.19
2017-03-06,0.043,JAN,79,61,59,55.9,1e-4,13.157492,160.4353,46.3968,68.868774,86.1051,0,NA,62.1,68.76648,78.1,21,30,NA,66.9,44.2,0.19
2017-03-07,0.035,JAN,76,50,66,45,1.16,9.561672,181.04243,70.8283,84.195595,96.1325,0,NA,51.1,62.314842,75,17,29,NA,67.1,44.5,0.19
2017-03-08,0.04,JAN,74,39,46,26.1,0,4.4738674,85.837975,18.607,54.635292,92.6455,0,NA,38.9772,57.201553,72.0413,13,18.2485,NA,67.4,44.7,0.18
2017-03-09,0.031,JAN,79,50,64.9,42.1,0.16,4.720209,187.82747,53.9536,72.630104,93.2642,0,NA,51.1,65.89246,80.2565,11,18.2485,NA,67.7,44.9,0.17
2017-03-10,0.037,JAN,74,54,63,42.1,0.28,5.8022065,14.139817,46.1323,72.815315,93.8334,0,NA,55,64.3568,73,12,18.2485,NA,67.9,45.1,0.17
2017-03-11,0.033,JAN,58,42,43,37,0.21,7.107317,38.08849,48.9485,68.354965000000007,91.8365,0,NA,34.5078,48.012978,57.9,13,20.85543,NA,68.2,45.4,0.18
2017-03-12,0.037,JAN,60,39,39.2,35.1,0.2,8.103833,32.271347,43.6094,70.580086,92.5181,0,NA,30.9108,43.149178,60.1,14,20,NA,68.4,45.6,0.17
2017-03-13,0.031,JAN,51,43,46.9,37,0.17,3.867596,309.54138,73.6937,84.76331,93.449,0,NA,40.1032,44.88889,51.1,11,15.641572,NA,68.7,45.8,0.17
2017-03-14,0.033,JAN,48,38,43,28.9,1e-4,8.701742,336.51743,57.8719,70.47755,89.1962,0,NA,30.8501,36.86958,42.4673,13,21.724405,NA,68.9,46,0.17
2017-03-15,0.044,JAN,52,34,28.9,19.9,0,6.5108013,16.600565,28.9524,55.265198,75.2643,0,NA,26.0007,36.525097,51.1,14,19.117477,NA,69.2,46.2,0.18
2017-03-16,0.037,JAN,61,34,36,23,0,4.5979095,148.78223,35.8675,53.20142,81.4568,0,NA,34,45.562984,60.1,13,17.379524,NA,69.4,46.5,0.18
2017-03-17,0.045,JAN,76,46,55,35.1,1e-4,8.162718,180.85115,46.5725,63.741623,76.4836,0,NA,44.0907,60.921352,75.9,13,19.117477,NA,69.7,46.7,0.18
2017-03-18,0.036,JAN,78,53,61,53.1,1e-4,5.9452963,240.88194,57.5036,77.89405,93.2919,0,NA,55,64.866554,75,13,19,NA,69.9,46.9,0.18
2017-03-19,0.047,JAN,85,47,53.1,42.1,1e-4,2.0142858,98.3769,28.9851,60.50079,93.449,0,NA,48,64.98896,82.2309,8,10.427715,NA,70.2,47.1,0.18
2017-03-20,0.035,JAN,83,56,60.1,48.9,0,5.619944,208.75943,43.8918,63.019115,90.2914,0,NA,55.9,69.9677,81.9237,11,18.2485,NA,70.4,47.3,0.18
2017-03-21,0.043,JAN,87,58,60.1,46,0,5.0076656,228.41685,24.8759,62.40407,93.0668,0,NA,57.9,70.21982,83.7684,10,18.2485,NA,70.7,47.5,0.19
2017-03-22,0.046,JAN,82,58,59,52,1e-4,4.5045295,2.4000337,45.208,65.724014,89.5225,0,NA,60.1,69.22989,80.7556,11,15,NA,70.9,47.7,0.18
2017-03-23,0.051,JAN,85,54,59,44.1,0,5.7247386,147.36996,34.6996,53.20633,71.9017,0,NA,55.9,69.686935,83.3678,14,22.593382,NA,71.2,47.9,0.21
2017-03-24,0.045,JAN,83,66,62.1,59,1e-4,14.2,156.19368,47.1681,68.01747,83.9076,0,NA,66,72.17217,81.4044,21,32.152122,NA,71.4,48.1,0.19
2017-03-25,0.046,JAN,78,60,62.1,55,0.68,11.199303,169.70282,53.5167,74.32041,92.4318,0,NA,60.1,67.708015,77,19,26.069286,NA,71.7,48.3,0.2
2017-03-26,0.044,JAN,84,62,63,54,0,8.2547035,186.59738,38.1059,69.48711,93.1806,0,NA,62.1,71.01504,82.9,12,24.331335,NA,71.9,48.5,0.18
2017-03-27,0.036,JAN,84,65,66.9,61,0.68,8.045064,176.17883,52.6611,79.90999,93.2889,0,NA,66,71.34363,82.5418,19,37,NA,72.1,48.7,0.17
2017-03-28,0.039,JAN,85,65,66.9,60.1,0,4.8923345,182.75053,46.12,75.31178,93.5622,0,NA,64.9,72.94461,83.1689,12,18.2485,NA,72.4,49,0.19
2017-03-29,0.037,JAN,84,63,66,57.9,0.01,8.064808,166.05952,42.7972,69.89781,93.5622,0,NA,64,73.65725,83.7489,14,21.724405,NA,72.6,49.2,0.18
2017-03-30,0.041,JAN,73,55,66,53.1,0.94,9.381882,181.78867,56.8911,76.11974,93.1806,0,NA,60.1,66.878746,73,21,29,NA,72.8,49.4,0.19
2017-03-31,0.048,JAN,81,50,55.9,48,0,2.3156796,269.74954,36.5796,68.64946,92.9205,0,NA,50,64.5777,81,10,13.90362,NA,73.1,49.6,0.2
2017-04-01,0.051,JAN,85,52,57,50,0,4.1212544,90.09825,34.5604,59.77519,92.8607,0,NA,52,69.08386,82.6729,10,16.51055,NA,73.3,49.8,0.21
2017-04-02,0.041,JAN,78,56,68,53.1,5.38,7.667827,116.95052,49.7945,73.975334,96.8788,0,NA,57,67.47055,78.1,17,30.41417,NA,73.5,50,0.21
2017-04-03,0.04,JAN,78,58,62.6,52,1.79,9.023693,178.11472,43.2754,74.37529,100,0,NA,60.1,67.1023,78.1,21,30.41417,NA,73.7,50.2,0.2
2017-04-04,0.046,JAN,86,54,57.9,48.9,0,5.2738676,165.07028,27.7431,60.719524,90.2914,0,NA,55.9,69.51601,83.4788,12,17.379524,NA,74,50.4,0.21
2017-04-05,0.04,JAN,82,56,68,39.9,1e-4,10.514286,244.64494,33.1556,62.56681,89.9397,0,NA,57,69.06115,81.4044,19,32,NA,74.2,50.7,0.2
2017-04-06,0.045,JAN,68,46,42.1,33.1,0,8.058537,317.34857,28.3943,51.82605,79.9066,0,NA,46.9795,57.509617,66.9,17,29,NA,74.4,50.9,0.21
2017-04-07,0.048,JAN,71,41,43,30,0,3.4278746,337.30527,24.1189,57.21739,88.6707,0,NA,42.1,55.734844,70,13,21,NA,74.6,51.1,0.2
2017-04-08,0.054,JAN,77,40,48.9,37,0,2.8655052,161.85301,29.7992,58.399544,88.618,0,NA,41,58.57225,74.5906,8,10.427715,NA,74.8,51.3,0.22
2017-04-09,0.056,JAN,81,51,53.1,46,0,8.656446,165.4226,31.1474,57.597046,89.0885,0,NA,51.1,65.983864,80.1,15,21.724405,NA,75.1,51.6,0.21
2017-04-10,0.043,JAN,79,51,57.9,48.9,0,6.3428574,168.80432,44.9046,70.00473,92.8607,0,NA,51.1,65.18285,78.1,13,18.2485,NA,75.3,51.8,0.22
2017-04-11,0.048,JAN,79,57,63,55,1e-4,4.1247387,124.84147,45.0413,74.90506,96.8788,0,NA,57.9,68.70488,79,9,13.034643,NA,75.5,52.1,0.21
2017-04-12,0.046,JAN,83,61,64,55.9,0.13,2.8268292,44.305115,43.4447,74.24677,96.8788,0,NA,62.1,70.65727,82.8562,10,14.772596,NA,75.7,52.3,0.21
2017-04-13,0.049,JAN,85,56,63,55,0,1.5554007,92.76394,38.2765,72.03,93.1241,0,NA,57,69.60028,84,8,11.296691,NA,75.9,52.5,0.21
2017-04-14,0.049,JAN,83,56,59,53.1,0,4.34007,151.87068,38.0901,66.015205,93.0088,0,NA,57,69.693886,82,14,19.117477,NA,76.2,52.8,0.22
2017-04-15,0.04,JAN,83,56,64,55,0,7.204878,154.77,46.6972,72.42291,93.0088,0,NA,57,70.04383,82.9144,16,19.986454,NA,76.4,53,0.21
2017-04-16,0.033,JAN,84,65,64.9,60.1,0,6.079094,166.99197,49.0566,76.197395,93.9243,0,NA,66,72.33161,83.1689,12,17.379524,NA,76.6,53.3,0.2
2017-04-17,0.027,JAN,81,63,66,62.1,1e-4,5.3094077,173.5777,59.8318,83.18358,96.8788,0,NA,63,70.397446,81.9118,12,22.593382,NA,76.8,53.6,0.2
2017-04-18,0.026,JAN,83,63,66.9,60.1,0.17,5.1693377,157.34161,50.9747,79.42196,96.9293,0,NA,63,71.524315,83.113,14,20.85543,NA,77,53.8,0.2
2017-04-19,0.043,JAN,85,58,64,55.9,0,4.778397,153.04471,39.6604,70.41449,96.8109,0,NA,57.9,71.88787,84.8296,14,19.986454,NA,77.3,54.1,0.2
2017-04-20,0.033,JAN,85,62,66.9,60.1,0,5.430662,174.66171,49.5088,75.1763,96.9293,0,NA,62.1,73.61107,85.3618,13,19,NA,77.5,54.4,0.2
2017-04-21,0.041,JAN,87,63,66,61,0,6.709408,187.26883,45.9572,69.24923,93.5622,0,NA,64,74.695816,85.4942,14,18.2485,NA,77.7,54.6,0.18
2017-04-22,0.026,JAN,84,57,68,54,1.28,7.887108,228.5356,56.7515,79.735374,93.5622,0,NA,57.9,70.38769,85.0706,14,20.85543,NA,77.9,54.9,0.17
2017-04-23,0.034,JAN,60,53,55,46.9,0.08,6.623345,318.20874,66.83,78.170845,93.6455,0,NA,54,56.767036,59,13,19.117477,NA,78.1,55.2,0.17
2017-04-24,0.054,JAN,77,49,55.9,46,0,4.2864113,320.42535,45.8089,69.246956,92.8002,0,NA,50,62.485714,75.9,14,20.85543,NA,78.4,55.5,0.18
2017-04-25,0.059,JAN,83,51,57,48.9,0,6.590244,174.94148,38.0901,64.77257,96.0345,0,NA,51.1,67.60629,81,16,21.724405,NA,78.6,55.8,0.18
2017-04-26,0.041,JAN,82,59,68,57,0.94,11.392335,161.08676,54.496,73.967964,93.8334,1e-4,NA,59,70.93926,83.4716,21,30.41417,NA,78.8,56.1,0.18
2017-04-27,0.034,JAN,74,56,61,54,1e-4,3.6682928,279.70615,56.8911,82.97761,93.3172,0,NA,55.9,62.414772,73,10,16.51055,NA,79.1,56.4,0.16
2017-04-28,0.037,JAN,89,58,71.6,55.9,0,11.82636,166.16783,51.8045,73.87061,93.3733,0,NA,60.1,79.59701,93.7054,26,35.628025,NA,79.3,56.7,0.17
2017-04-29,0.025,JAN,89,73,71.1,69.1,0,15.667596,160.17151,53.424,71.766464,87.6289,0,NA,74.1165,83.152016,94.414,22,33.89007,NA,79.5,57,0.15
2017-04-30,0.043,JAN,79,59,71.6,52,0.69,12.941463,164.9212,69.0655,82.3514,94.1002,0,NA,61,72.07132,81.3927,25,37.36598,NA,79.8,57.3,0.15
2017-05-01,0.037,JAN,76,53,53.1,39.9,0,6.8958187,240.96042,30.5359,55.261253,83.875,0,NA,54,63.73377,73.7583,14,23.462358,NA,80,57.6,0.15
2017-05-02,0.063,JAN,84,52,60.1,48.9,0,2.8487804,219.12126,37.01,63.187263,92.8607,0,NA,52,69.26428,82.9,10,14.772596,NA,80.3,57.9,0.15
2017-05-03,0.045,JAN,79,58,62.6,55,1,8.887805,164.34053,49.8703,77.09589,93.5383,0,NA,59,66.2138,78.1,25,38.234955,NA,80.5,58.2,0.14
2017-05-04,0.037,JAN,63,52,60.8,42.1,0.06,9.702439,281.31897,63.9846,81.49928,93.1553,0,NA,52,57.232754,63,20,30.41417,NA,80.7,58.5,0.15
2017-05-05,0.051,JAN,72,50,46.9,37,0,9.560976,307.66824,28.7105,56.465034,89.0387,0,NA,47.2089,59.580585,70,22,33,NA,81,58.8,0.14
2017-05-06,0.05,JAN,79,46,53.1,43,0,4.0843205,250.94447,30.9547,62.01075,92.7389,0,NA,46,63.02613,78.1,13,26.069286,NA,81.2,59.1,0.15
2017-05-07,0.057,JAN,87,51,59,48.9,0,1.3836237,304.9801,33.5745,63.122887,89.1291,0,NA,52,68.93636,84.9202,8,14.772596,NA,81.5,59.4,0.14
2017-05-08,0.067,JAN,87,56,66,55,0,1.5407666,42.749554,36.0669,67.62972,93.035,0,NA,57,71.60391,85.887200000000007,9,11.296691,NA,81.8,59.7,0.14
2017-05-09,0.059,JAN,86,58,62.1,55.9,0,3.682927,199.78769,42.7972,66.73978,89.5692,0,NA,59,73.10361,85.1155,10,14.772596,NA,82,60,0.13
2017-05-11,0.037,JAN,81,63,66,62.1,0,4.804181,194.29105,59.7838,77.209984,93.5622,0,NA,64,72.06328,80.6892,10,15.641572,NA,82.5,60.6,0.13
2017-05-12,0.047,JAN,82,63,68,61,0.3,5.5477686,192.3345,55.98,78.67223,96.2753,0,NA,64,72.76828,81.7088,12,22.593382,NA,82.8,61,0.13
2017-05-13,0.032,JAN,71,58,63,57.9,1e-4,5.4473867,337.0108,70.4243,83.095245,100,0,NA,60.1,66.73895,71.1,11,16.51055,NA,83,61.3,0.13
2017-05-14,0.056,JAN,85,54,62.1,51.1,0,1.4498258,7.746957,33.2652,67.88585,100,0,NA,53.6,69.17169,82.5234,9,12.165668,NA,83.3,61.6,0.13
2017-05-15,0.04,JAN,87,57,64.9,55.9,0,1.7195122,165.9398,39.6604,68.1902,96.8109,0,NA,57,72.66989,86.8824,10,14.772596,NA,83.6,61.9,0.14
2017-05-16,0.051,JAN,88,66,66,59,0,6.767247,163.09949,43.2668,63.22958,87.2832,0,NA,66.9,77.8333,89.7988,15,21.724405,NA,83.8,62.2,0.14
2017-05-17,0.045,JAN,88,66,69.1,61,0,9.704413,164.54837,43.2668,67.661415,94.0132,0,NA,66.9,77.505005,88.8639,17,26.069286,NA,84.1,62.5,0.14
2017-05-18,0.031,JAN,90,70,72,66,1e-4,8.308711,160.57588,48.4894,74.01033,94.057,0,NA,70,82.036674,94.7581,14,20.85543,NA,84.3,62.8,0.13
2017-05-19,0.017,JAN,92,71,75,69.1,0.09,7.4818816,151.20416,51.9307,77.52777,93.4268,0,NA,72.2999,82.379105,95.4873,13,21.724405,NA,84.6,63.1,0.14
2017-05-20,0.01,JAN,88,68,73.9,64.9,0.08,5.0543556,165.58636,59.8318,86.30214,96.9686,0,NA,70,76.730896,92.2465,13,27,NA,84.9,63.4,0.13
2017-05-21,0.012,JAN,87,65,70,64,0.91,4.0905924,164.74867,56.9191,87.80754,100,0,NA,66,72.44255,92.0362,19,37,NA,85.1,63.7,0.14
2017-05-22,0.037,JAN,74,65,68,63,1.2,3.1616726,25.809706,70.8709,89.69097,96.9036,0,NA,64.9,68.25986,73.9,8,11.296691,NA,85.4,63.9,0.14
2017-05-23,0.036,JAN,76,64,66.2,63,0.36,4.954704,333.96466,68.6351,85.470314,96.9293,0,NA,64.9,69.176025,75,11,13.90362,NA,85.6,64.2,0.14
2017-05-24,0.04,JAN,73,57,62.1,46.9,0.31,7.83928,276.3503,43.968,69.57895,96.8525,0,NA,57.9,64.71539,71.1,16,26.069286,NA,85.9,64.5,0.14
2017-05-25,0.044,JAN,80,51,61,48.9,0,4.755052,210.07697,42.0313,67.73071,96.7296,0,NA,52,66.20302,79,10,16.51055,NA,86.1,64.8,0.14
2017-05-26,0.055,JAN,88,60,63,57.9,0,9.645993,181.50809,40.1371,63.243877,93.1806,0,NA,60.1,75.42127,87.5812,16,23.462358,NA,86.3,65.1,0.13
2017-05-27,0.028,JAN,90,67,73.9,61,1e-4,7.123345,191.31859,59.1476,76.01321,89.9397,0,NA,66.9,81.848885,97.1439,13,17.379524,NA,86.6,65.3,0.15
2017-05-28,0.043,JAN,85,67,72,64,1.85,6.5449476,109.905014,54.7712,81.27625,96.6781,0,NA,66.9,76.74091,87.1796,20,34.75905,NA,86.8,65.6,0.15
2017-05-29,0.043,JAN,80,65,70,63,0.14,4.3268294,164.16528,66.2655,83.367516,100,0,NA,66,71.89172,78.1,24,35,NA,87,65.9,0.16
2017-05-30,0.028,JAN,84,67,69.1,64.9,0,5.9592333,176.08582,54.6201,79.1889,96.9686,0,NA,66.9,74.83671,86.6245,16,20,NA,87.3,66.1,0.15
2017-05-31,0.028,JAN,84,65,71.1,63,1e-4,3.4783971,102.11283,52.9289,78.56743,96.2923,0,NA,66,75.64582,87.7813,12,17.379524,NA,87.5,66.4,0.15
2017-06-01,0.024,JAN,82,68,71.1,66.9,0.27,3.703136,109.52862,71.3451,89.44847,100,0,NA,68,73.36391,83.2847,9,11.296691,NA,87.7,66.6,0.15
2017-06-02,0.031,JAN,86,69,72,69.1,1e-4,3.2383275,97.75421,61.0647,84.90273,100,0,NA,69.1,77.01364,90.1551,8,11.296691,NA,87.9,66.9,0.15
2017-06-03,0.017,JAN,79,70,73,69.1,0.24,5.3292685,143.94237,81.5538,92.680214,100,0,NA,69.8,74.40292,80.5253,12,15.641572,NA,88.1,67.1,0.15
2017-06-04,0.02,JAN,85,69,72,68,0.19,6.525087,164.59824,63.1562,87.30026,96.9935,0,NA,70,75.92406,86.9503,23,29,NA,88.3,67.3,0.15
2017-06-05,0.03,JAN,82,70,73,69.1,1.7,3.928223,173.19322,74.1517,90.396126,100,0,NA,72.2999,76.17236,85.809,12,20,NA,88.5,67.6,0.14
2017-06-06,0.023,JAN,82,70,72,66.9,0.44,5.731707,24.338163,69.1824,88.3675,100,0,NA,70,75.51658,83.2847,12,19.117477,NA,88.7,67.8,0.15
2017-06-07,0.043,JAN,83,63,68,54,0,8.472474,3.3240058,38.1059,67.73047,96.2923,0,NA,66,73.906586,82,15,20,NA,88.9,68,0.14
2017-06-08,0.054,JAN,82,58,60.1,52,0,4.543554,359.72256,39.2268,64.13227,92.4318,0,NA,59,70.70253,81,13,19.117477,NA,89,68.2,0.15
2017-06-09,0.058,JAN,85,58,64.9,55.9,0,1.5710801,63.132694,40.8348,68.6511,93.1241,0,NA,59,71.51663,82.4125,8,10.427715,NA,89.2,68.4,0.14
2017-06-10,0.053,JAN,87,62,68,60.1,0,3.843554,155.6879,44.8112,69.57377,93.1806,0,NA,63,75.67907,87.313,10,14.772596,NA,89.4,68.6,0.16
2017-06-11,0.035,JAN,90,64,73,63,1e-4,4.6536584,136.88782,57.1828,78.6217,96.9036,0,NA,64.9,79.37436,96.1671,22,32,NA,89.5,68.8,0.15
2017-06-12,0.015,JAN,86,71,77,71.1,0.08,5.087108,155.87369,65.361,85.76597,96.9935,0,NA,73.4587,79.98393,91.9577,10,13.034643,NA,89.6,69,0.15
2017-06-13,0.026,JAN,87,71,73,69.8,1e-4,4.0996513,151.62357,60.9237,83.15425,97.0169,0,NA,72.4372,80.05771,93.6517,10,13.034643,NA,89.8,69.2,0.15
2017-06-14,0.027,JAN,89,71,75.9,70,0.1,4.1519165,159.83139,55.3154,81.311165,96.9935,0,NA,72.4372,82.84119,95.7257,9,12.165668,NA,89.9,69.4,0.15
2017-06-15,0.026,JAN,91,71,75,66,0,5.6592336,213.30882,53.9133,75.88614,97.0169,0,NA,72,84.574524,97.2908,16,27,NA,90.1,69.5,0.14
2017-06-16,0.033,JAN,92,68,75,66,0.59,5.672474,214.60324,51.8045,76.441505,93.319,0,NA,68,82.37284,100.714,26,44.317787,NA,90.2,69.7,0.15
2017-06-17,0.022,JAN,89,68,73.9,66,0.96,5.8034844,199.24377,59.2072,80.21121,96.2753,0,NA,68,80.85824,94.7882,14,17.379524,NA,90.3,69.8,0.15
2017-06-18,0.018,JAN,90,74,75,72,0.01,6.032959,196.33514,63.0171,80.727036,97.0169,0,NA,75.3983,84.363976,96.629,13,21,NA,90.4,70,0.15
2017-06-19,0.024,JAN,88,73,75.9,69.1,0.6,3.5338216,169.36772,64.9547,82.305179999999993,90.9743,0,NA,74.1165,81.13003,97.5572,12,21,NA,90.5,70.2,0.15
2017-06-20,0.015,JAN,85,72,73.9,69.1,0.03,4.951916,78.492,69.5921,85.25496,93.7942,0,NA,73.158,79.35169,91.0421,11,14.772596,NA,90.6,70.3,0.14
2017-06-21,0.01,JAN,81,71,73.9,68,1.55,8.18885,78.16183,84.4095,89.79863,94.143,0,NA,72.2999,75.92156,82.533,14,22,NA,90.7,70.4,0.15
2017-06-22,0.026,JAN,90,76,75.9,70,0.28,11.81115,152.64871,59.2621,78.776436,93.5294,0,NA,77.4548,85.49513,99.2631,22,34,NA,90.8,70.6,0.15
2017-06-23,0.025,JAN,87,73,77,69.1,1.04,9.400697,195.1451,69.4484,83.4914,94.143,0,NA,74.2452,85.13921,97.5572,21,32.152122,NA,90.9,70.7,0.14
2017-06-24,0.036,JAN,88,72,73,66.9,1e-4,4.6390243,333.96097,59.2072,78.67547,94.1002,0,NA,73.2911,81.39069,94.7882,10,13.90362,NA,91,70.8,0.15
2017-06-25,0.033,JAN,83,65,70,60.1,1e-4,5.8132405,28.366486,54.2327,70.52424,87.0332,0,NA,68,75.36159,83.113,12,16.51055,NA,91,70.9,0.14
2017-06-27,0.049,JAN,90,65,69.1,61,0,2.6241283,73.88929,40.6101,66.39843,90.0483,0,NA,66,77.95383,89.578,10,14.772596,NA,91.2,71.2,0.15
2017-06-28,0.045,JAN,90,67,73.9,64,0.26,4.7986064,138.90913,47.7338,72.88464,90.3233,0,NA,68,79.06215,92.9015,19,26,NA,91.2,71.3,0.15
2017-06-29,0.019,JAN,82,73,73.9,69.1,0.07,7.303136,161.60251,76.3647,86.49543,93.5294,0,NA,74.1165,77.895584,84.3025,14,19.986454,NA,91.3,71.4,0.14
2017-06-30,0.017,JAN,93,74,75.2,71.1,0.01,6.924739,206.49634,50.6096,77.04893,93.5059,0,NA,75.2658,85.743095,101.037,11,18.2485,NA,91.4,71.5,0.16
2017-07-01,0.02,JAN,91,72,78.8,70,0.72,5.405575,222.24742,57.431393,81.21652,93.79415,0,NA,73.29106,85.121544,103.35916,16,28,NA,91.4,71.5,0.16
2017-07-02,0.028,JAN,89.1,71,73.4,69.1,0,2.5045297,224.07253,57.163784,79.10149,93.77152,0,NA,72,81.98048,94.552,9,11.296691,NA,91.5,71.6,0.15
2017-07-03,0.019,JAN,91,71,75.2,69.1,0,4.6745644,215.1678,53.867287,75.4468,93.4268,0,NA,72.299934,86.163536,98.5379,12,15.641572,NA,91.5,71.7,0.16
2017-07-04,0.018,JAN,92,75.9,75.2,70,0,5.61115,199.20424,50.326485,72.90365,90.7394,0,NA,77.45475,88.27056,98.5379,11,14.772596,NA,91.6,71.8,0.16
2017-07-05,0.017,JAN,93.2,75.9,75,71.1,0,5.984669,201.8004,49.088055,71.23138,90.172104,0,NA,78.63809,90.15263,101.037025,11,18.2485,NA,91.6,71.8,0.16
2017-07-06,0.025,JAN,94,77,75,71.1,0,5.4801393,223.12262,50.6096,71.30983,90.2146,0,NA,78.63809,90.357635,101.037025,10,14,NA,91.7,71.9,0.16
2017-07-07,0.039,JAN,93.2,75,75,68,0,5.5066204,238.8477,50.609615,72.82378,90.7394,0,NA,76.16951,86.739365,101.037025,19,29,NA,91.7,72,0.16
2017-07-08,0.047,JAN,90,73,75.2,68,0.16,4.1721253,294.85532,49.88376,75.48698,93.77152,0,NA,74.40726,84.71755,97.814644,14,28,NA,91.8,72,0.16
2017-07-09,0.042,JAN,93,73,75,66.9,0,3.6034844,28.931818,45.2412,71.72064,93.79415,0,NA,73.9,85.31507,98.319,10,13.90362,NA,91.8,72.1,0.16
2017-07-10,0.043,JAN,94,69,73.9,64.9,1e-4,2.287108,157.0253,39.652657,69.05593,93.4268,0,NA,70,84.837234,98.77585,9,13.034643,NA,91.9,72.1,0.16
2017-07-11,0.036,JAN,91,73,72,70,1e-4,5.056446,187.42737,50.326485,75.15936,90.9743,0,NA,74.24519,83.70701,96.6851,17,25.200312,NA,91.9,72.2,0.15
2017-07-12,0.028,JAN,93,72,75,70,1e-4,4.522648,175.66733,49.088055,78.428825,93.77152,0,NA,74.24519,83.27549,100.13229,13,24,NA,92,72.2,0.16
2017-07-13,0.027,JAN,88,72,77,70,0.02,2.5972126,186.46436,69.685555,86.51583,96.38104,0,NA,74.24519,81.9016,97.15324,9,13.90362,NA,92,72.2,0.17
2017-07-14,0.039,JAN,94,73,75.2,71.1,2.35,2.2578397,73.707436,50.6096,82.00134,100,0,NA,73.9,83.94503,101.7271,20,32,NA,92,72.3,0.16
2017-07-15,0.043,JAN,93,73,77,71.1,0.52,2.4961672,143.11687,50.6096,85.58234,100,0,NA,74.7,83.76979,101.037025,14,23,NA,92.1,72.3,0.16
2017-07-16,0.042,JAN,93,75,75.9,73,0.89,2.0222998,129.45836,54.172462,82.049065,97.04129,0,NA,75.9,85.74196,100.714,12,22.593382,NA,92.1,72.3,0.16
2017-07-17,0.039,JAN,93,73.9,75.9,73,0,3.1351917,33.50318,52.348576,79.35208,96.38104,0,NA,76.729904,87.58951,102.11232,11,19.117477,NA,92.2,72.4,0.16
2017-07-18,0.044,JAN,93.2,73.9,75.9,73,0,2.9324043,156.77562,52.348576,79.04618,97.04129,0,NA,75.5498,88.358,103.056,8,11.296691,NA,92.2,72.4,0.17
2017-07-19,0.045,JAN,96.1,73.9,75.9,66.9,0,1.7369338,40.47016,41.3353,72.86904,97.0413,0,NA,75.5498,90.23101,104.66202,7,11.296691,NA,92.3,72.4,0.16
2017-07-20,0.044,JAN,97,73.9,77,64,0,1.5222996,4.9218593,34.9177,70.38461,97.0413,0,NA,75.5498,91.08885,103.553,7,9.558739,NA,92.3,72.4,0.17
2017-07-21,0.044,JAN,96.1,75,78.1,72,0.01,2.5191638,46.97941,47.5726,78.45203,97.0413,0,NA,77.75094,89.19295,103.553,10,19.986454,NA,92.3,72.4,0.16
2017-07-22,0.045,JAN,95,73,75.9,71.6,0.14,4.0139375,185.596,52.348576,80.24667,97.016945,0,NA,74.54387,86.08628,104.308,16,24,NA,92.4,72.4,0.16
2017-07-23,0.034,JAN,92,73,75.9,71.6,0,4.3679442,213.65071,55.71818,83.662926,97.016945,0,NA,74.54387,83.55218,100.563,11,20.85543,NA,92.4,72.4,0.18
2017-07-24,0.022,JAN,86,75,78.8,73,1.8,4.914518,194.78705,74.42529,90.15002,97.04129,0,NA,75.2,81.25072,91.95771,14,23.462358,NA,92.4,72.4,0.17
2017-07-25,0.024,JAN,83,73,77,72,0.07,3.4390244,205.96393,76.3647,91.737885,100,0,NA,74.54387,80.07061,91.80951,10,14.772596,NA,92.5,72.4,0.17
2017-07-26,0.032,JAN,94,72,75,69.1,0,2.2069685,250.04381,44.58768,75.55868,96.99354,0,NA,73.29106,86.29163,102.11232,7,10.427715,NA,92.5,72.4,0.16
2017-07-27,0.03,JAN,94,72,75.9,70,0,2.981533,229.85379,47.73699,75.52247,96.99354,0,NA,73.458694,88.269936,104.22139,10,13.034643,NA,92.5,72.4,0.16
2017-07-28,0.033,JAN,93,75,79,71.1,1e-4,5.216725,226.36429,61.92397,77.02043,93.66005,0,NA,77.189125,91.76765,106.12244,12,16.51055,NA,92.6,72.4,0.17
2017-07-29,0.039,JAN,90,73.9,78.1,71.1,0.58,5.1414633,292.42056,57.18277,83.47164,96.42644,0,NA,76.44879,84.546585,99.2631,12,33,NA,92.6,72.4,0.16
2017-07-30,0.04,JAN,89.1,70,72,64,0,6.5609756,21.097635,52.994083,69.47668,90.9743,0,NA,70,80.89018,92.4261,12,17.379524,NA,92.6,72.4,0.16
2017-07-31,0.042,JAN,91,71,71.1,64.9,0,5.112892,80.64916,43.5504,69.528114,93.77152,0,NA,73.15795,82.669304,93.70541,10,13.034643,NA,92.6,72.4,0.16
2017-08-01,0.046,JAN,89,67,73.9,63,0,1.7533101,96.236595,44.9525,71.57356,93.319,0,NA,68,79.80676,89.3384,9,11.296691,NA,92.7,72.4,0.17
2017-08-02,0.042,JAN,85,73,73,69.1,0.02,1.6376307,56.38925,63.1562,80.859604,93.7715,0,NA,74.2452,79.37397,86.4795,7,7.820786,NA,92.7,72.3,0.16
2017-08-03,0.054,JAN,90,71,73,66,0,3.0759583,141.20343,48.1991,73.05954,93.7942,0,NA,73,81.98904,92.9015,9,11.296691,NA,92.7,72.3,0.17
2017-08-04,0.044,JAN,93,70,75,66.9,0.38,2.6592333,29.826927,45.6879,78.4654,100,0,NA,72.4372,83.43342,97.6708,14,19.117477,NA,92.7,72.3,0.16
2017-08-05,0.042,JAN,93,72,73.9,70,0,3.3909407,109.14608,52.3729,76.8338,96.9935,0,NA,73.2911,85.83108,99.6611,11,16.51055,NA,92.7,72.3,0.16
2017-08-06,0.024,JAN,89,74,78.8,73,0.11,6.825087,187.51505,63.1246,86.407036,97.0169,0,NA,75.5498,82.73948,101.826,13,27,NA,92.7,72.2,0.17
2017-08-07,0.013,JAN,89,73,78.1,72,1.43,5.8355403,183.11723,67.611,90.778915,100,0,NA,74.5439,81.994576,101.826,22,30,NA,92.7,72.2,0.16
2017-08-08,0.017,JAN,79,73,75.9,72,1.01,2.3212543,106.23634,86.949700000000007,95.568596,100,0,NA,74.5439,77.39624,83,6,7.820786,NA,92.7,72.1,0.16
2017-08-09,0.015,JAN,85,74,77,72,0.43,2.4933798,106.558235,77.1163,93.03844,100,0,NA,75.5498,79.8516,93.8111,11,19.117477,NA,92.7,72.1,0.16
2017-08-11,0.032,JAN,93,74,79,73.4,0.03,3.5623693,228.21051,57.9348,84.742874,100,0,NA,75.69,86.977356,103.056,8,12.165668,NA,92.6,72,0.15
2017-08-12,0.037,JAN,92,74,75.9,73,0,2.2668989,304.1289,55.7182,81.396805,97.0169,0,NA,75.5498,86.43685,101.866,9,12.165668,NA,92.6,71.9,0.15
2017-08-13,0.036,JAN,92,74,77,72,1.22,2.087108,230.6358,59.7012,87.351425,100,0,NA,75.5498,83.83871,104.221,24,34.75905,NA,92.6,71.9,0.16
2017-08-14,0.021,JAN,93,75,78.1,73,0,4.527526,236.10707,52.3486,80.34387,100,0,NA,75.69,89.83429,104.503,11,15.641572,NA,92.5,71.8,0.15
2017-08-15,0.021,JAN,95,75,78.1,73,0.04,4.9168987,193.61093,50.7202,82.48433,97.0413,0,NA,76.5948,86.42907,105.728,17,32.152122,NA,92.5,71.8,0.16
2017-08-16,0.018,JAN,90,73,78.1,71.6,0.12,5.337282,187.30513,65.184,87.93576,97.0413,0,NA,74.5439,83.074036,101.693,13,27.80724,NA,92.4,71.7,0.15
2017-08-17,0.018,JAN,93,72,78.8,71.1,1e-4,6.2847853,207.36014,57.9348,82.49543,97.0169,0,NA,74.4073,86.93449,104.221,14,21,NA,92.4,71.6,0.16
2017-08-18,0.031,JAN,93,75,79,73.9,0.22,4.1400695,224.08972,61.924,84.621414,97.0413,0,NA,76.7299,88.05242,108.925,18,27,NA,92.3,71.5,0.15
2017-08-19,0.03,JAN,94,74,79,73,1e-4,3.292683,265.4429,57.6911,82.73251,97.0413,0,NA,75.5498,87.53622,107.538,12,15.641572,NA,92.2,71.4,0.16
2017-08-20,0.035,JAN,94,71,78.1,71.1,0,2.121951,133.15714,54.4434,78.65564,97.0169,0,NA,73.4587,89.975685,105.691,7,11.296691,NA,92.2,71.4,0.15
2017-08-21,0.04,JAN,94,75,78.1,72,1e-4,2.5665505,112.726036,50.6096,76.56032,97.0413,0,NA,77.7509,90.71821,104.684,13,16.51055,NA,92.1,71.3,0.14
2017-08-22,0.048,JAN,93,73,75,71.1,0,2.4724739,202.3156,50.7983,75.55409,100,0,NA,74.5439,87.73364,100.714,8,11.296691,NA,92,71.2,0.16
2017-08-23,0.036,JAN,93,73,77,73,0.3,4.060627,352.11652,55.8381,79.914955,100,0,NA,74.7,88.63504,103.108,11,18.2485,NA,91.9,71.1,0.15
2017-08-24,0.039,JAN,90,73,73.9,64,1e-4,5.8222995,24.193865,51.6498,70.862274,96.381,0,NA,73,82.835014,96.4466,12,15.641572,NA,91.8,70.9,0.14
2017-08-25,0.045,JAN,84,69,73.9,63,0,3.4209058,61.69393,58.4319,75.20184,93.7942,0,NA,70,77.81565,88.3108,8,11.296691,NA,91.7,70.8,0.14
2017-08-26,0.029,JAN,87,72,77,70,1e-4,3.5017421,50.70101,69.6856,84.83155,96.9935,0,NA,73.4587,82.85989,97.1532,9,12.165668,NA,91.6,70.7,0.14
2017-08-27,0.027,JAN,85,76,75.9,73,1e-4,3.718467,67.299866,69.6856,86.748886,97.0413,0,NA,77.7509,83.24639,92.3564,8,12.165668,NA,91.5,70.6,0.14
2017-08-28,0.026,JAN,77,70,73.9,66,0.12,4.717573,71.00113,83.9308,89.44307,97.0169,0,NA,70,74.905205,78.6381,15,20,NA,91.3,70.4,0.12
2017-08-29,0.028,JAN,80,70,71.1,64.9,0.02,6.4808364,69.75141,76.7909,85.69912,89.9397,0,NA,70,72.729614,81.9376,11,16.51055,NA,91.2,70.3,0.13
2017-08-30,0.025,JAN,86,73,77,70,0.4,9.938676,109.59608,69.7993,87.45482,93.7942,0,NA,74.2452,81.31713,94.9812,20,28.676216,NA,91.1,70.1,0.13
2017-08-31,0.023,JAN,77,70,73.9,68,0.44,12.123431,177.4578,84.5762,92.10164,100,0,NA,72.137200000000007,75.36925,78.5117,21,32.152122,NA,90.9,69.9,0.13
2017-09-01,0.039,JAN,87,67,71.1,66,0,2.7498257,262.98254,57.0181,82.35247,100,0,NA,66.9,76.15334,88.1849,7,9.558739,NA,90.8,69.8,0.12
2017-09-02,0.043,JAN,88,64,72,63,0,1.2536585,12.130341,44.6608,78.09869,100,0,NA,64.9,76.461044,87.9614,8,11.296691,NA,90.6,69.6,0.13
2017-09-03,0.046,JAN,90,65,71.1,63,0,1.1191638,60.044422,43.4024,74.57565,96.9293,0,NA,64.9,76.72113,89.7988,6,10.427715,NA,90.5,69.4,0.12
2017-09-04,0.04,JAN,90,66,71.1,66,0,2.327526,197.6181,51.1676,76.418274,96.9293,0,NA,66.9,78.66698,91.6549,8,12.165668,NA,90.3,69.2,0.12
2017-09-05,0.043,JAN,91,69,73.9,68,0.2,4.0390244,269.687,49.3622,74.24494,96.2923,0,NA,69.1,83.07069,97.6708,14,24.331335,NA,90.1,69,0.11
2017-09-11,0.039,JAN,81,62,57.9,50,0,9.734495,3.9387321,38.0901,56.410755,78.0474,0,NA,62.1,71.2835,81,18,25.200312,NA,89,67.6,0.12
2017-09-12,0.032,JAN,68,58,60.1,53.1,0.13,6.8491287,281.65997,58.6008,80.76336,93.1553,0,NA,57.9,61.95136,69.1,12,26.069286,NA,88.8,67.3,0.13
2017-09-13,0.045,JAN,80,59,68,55,0,3.2543554,177.27754,58.0372,79.49163,96.9293,0,NA,59,68.920815,81.1579,10,13.034643,NA,88.6,67.1,0.13
2017-09-14,0.054,JAN,88,64,69.1,62.1,0,2.8216028,191.36722,43.2668,78.15498,96.9293,0,NA,64.9,75.21814,88.4173,9,11.296691,NA,88.4,66.8,0.12
2017-09-15,0.041,JAN,89,64,73,64,0,2.6358886,99.79126,49.5965,77.77101,100,0,NA,64.4,78.74017,93.7054,10,13.034643,NA,88.1,66.5,0.12
2017-09-16,0.03,JAN,91,70,73.9,69.1,0,2.4216027,130.78622,51.9307,83.15804,100,0,NA,70,80.20378,95.4873,7,8.689762,NA,87.9,66.2,0.11
2017-09-17,0.034,JAN,91,69,75.9,69.1,1e-4,1.8885018,152.44827,53.91329,83.37054,100,0,NA,69.1,83.044075,98.2954,9,11.296691,NA,87.7,65.9,0.11
2017-09-18,0.031,JAN,92,69,75,68,1e-4,2.1076655,165.61116,53.867287,79.7685,100,0,NA,69.1,83.25755,99.2631,11,15.641572,NA,87.4,65.5,0.12
2017-09-19,0.035,JAN,92,68,77,68,0.03,2.5721254,115.02602,61.4873,85.04943,100,0,NA,69.1,82.88589,100.533,11,13.90362,NA,87.2,65.2,0.11
2017-09-20,0.029,JAN,90,68,75.9,66,0.79,3.974216,84.97684,63.1246,88.09169,97.0169,0,NA,69.1,78.49042,96.629,18,30,NA,86.9,64.9,0.1
2017-09-21,0.04,JAN,92,67,75.9,66.9,0,1.4473867,68.33269,48.9303,80.38083,100,0,NA,66.9,81.89631,97.7691,7,10.427715,NA,86.6,64.5,0.11
2017-09-22,0.046,JAN,92,69,73,68,0,1.5167247,71.1159,47.4471,79.375725,100,0,NA,69.1,81.47871,97.0032,12,18.2485,NA,86.4,64.2,0.1
2017-09-23,0.044,JAN,92,68,71.1,66,0,2.7752614,113.69924,43.852,73.16104,100,0,NA,68,82.22943,95.0847,9,13.034643,NA,86.1,63.8,0.11
2017-09-24,0.046,JAN,90,66,69.1,64.9,0,3.1891985,89.67725,46.551,74.714874,100,0,NA,66,78.33477,92.1617,9,19.986454,NA,85.8,63.4,0.1
2017-09-25,0.039,JAN,88,66,70,64.9,0,2.8010452,59.553078,47.7338,77.840836,96.9293,0,NA,66.9,77.073166,89.4443,11,16.51055,NA,85.5,63.1,0.11
2017-09-28,0.048,JAN,91,67,71.1,64.9,0,5.8341465,2.6415956,42.205,72.42474,96.9686,0,NA,68,81.13885,93.1688,11,21,NA,84.7,61.9,0.11
2017-09-29,0.051,JAN,87,68,66,54,0,7.3298464,10.024716,33.4984,59.303974,76.0146,0,NA,68,76.07794,84.9,11,18.2485,NA,84.4,61.5,0.12
2017-09-30,0.049,JAN,87.1,64,64.9,55,0,7.390592,14.820737,44.6608,59.410538,73.306,0,NA,64,75.59448,87.9614,11,14.772596,NA,84,61.1,0.12
2017-10-01,0.042,JAN,87,69,68,59,0,7.031475,96.376465,43.2668,66.589966,89.89542,0,NA,69.1,77.43003,87.5812,15,22.593382,NA,83.7,60.7,0.12
2017-10-02,0.027,JAN,79,67,70,57.9,1e-4,7.098221,102.77704,61.4972,75.15555,87.2832,0,NA,66.9,72.8606,81.7209,14,26.069286,NA,83.4,60.3,0.13
2017-10-03,0.036,JAN,88,69,66.9,63,0,7.9449477,109.15842,46.2557,68.68885,83.9864,0,NA,70,77.66024,89.4443,14,20.85543,NA,83.1,59.8,0.12
2017-10-04,0.036,JAN,85,64,63,59,0,6.034495,83.88119,41.5763,67.092186,87.1359,0,NA,64,73.87311,85.1155,11,18.2485,NA,82.7,59.4,0.12
2017-10-05,0.04,JAN,87,60,64,59,0,3.2571428,86.09793,40.1371,70.1604,93.1553,0,NA,61,72.445175,85.4689,8,13.90362,NA,82.4,59,0.13
2017-10-06,0.035,JAN,89,60,66,57.9,0,3.7400696,103.569954,43.4024,69.51221,93.1241,0,NA,61,74.49532,88.8639,10,14.772596,NA,82.1,58.5,0.11
2017-10-07,0.023,JAN,88,69,75,64,0.12,5.878049,128.49463,63.0984,80.42759,97.0169,0,NA,70,80.14916,93.0939,12,25.200312,NA,81.7,58.1,0.12
2017-10-08,0.026,JAN,91,73,75,72,0.08,6.30662,308.62863,53.8673,83.190445,100,0,NA,74.54387,83.13125,98.5379,13,18.2485,NA,81.4,57.7,0.11
2017-10-09,0.029,JAN,91,72,75.9,71.1,0,5.0006967,144.38107,63.1246,84.053925,96.9935,0,NA,73.458694,83.12663,96.629,12,17.379524,NA,81,57.2,0.11
2017-10-10,0.025,JAN,85,75,78.1,73.4,0.79,4.3641114,183.0185,74.5066,92.05871,100,0,NA,76.7299,81.15344,94.2174,15,18.2485,NA,80.6,56.8,0.1
2017-10-11,0.039,JAN,85,63,75,59,0,5.0947733,341.3411,52.7141,73.29393,93.5579,0,NA,63,72.95387,87.134,9,12.165668,NA,80.3,56.3,0.1
2017-10-12,0.046,JAN,85,60,62.1,55,0,3.2090592,9.968407,37.0454,71.60776,96.8525,0,NA,61,69.5766,82.9,9,11.296691,NA,79.9,55.9,0.11
2017-10-13,0.044,JAN,90,57,66,52,0,1.6264808,16.452053,28.2087,72.32108,96.8109,0,NA,57,71.803825,89.1,6,9.558739,NA,79.5,55.5,0.11
2017-10-14,0.035,JAN,90,64,71.1,64,0,4.1303134,140.5418,48.0258,74.50199,96.2443,0,NA,66,77.77439,92.1617,12,16.51055,NA,79.2,55,0.11
2017-10-15,0.034,JAN,92,62,75.2,60.1,1e-4,4.9721255,339.5449,46.6834,77.52673,96.2923,0,NA,64,78.24057,94.7581,16,25.200312,NA,78.8,54.6,0.11
2017-10-16,0.032,JAN,74,55,57.2,41,0,11.711498,12.195878,33.5654,57.874073,83.3592,0,NA,55,62.59307,71.5978,19,25.200312,NA,78.4,54.1,0.12
2017-10-17,0.035,JAN,78,49,53.1,44.1,0,5.6857142,52.948986,38.7434,62.316853,80.0646,0,NA,47.2089,62.002487,77,10,15.641572,NA,78,53.7,0.13
2017-10-18,0.042,JAN,80,49,52,45,0,3.8905923,119.6988,33.6562,63.18859,86.3268,0,NA,48.9,62.34816,79,12,15.641572,NA,77.6,53.3,0.13
2017-10-19,0.043,JAN,82,47,61,46,0,1.8006968,82.18745,42.1857,70.41671,89.6651,0,NA,48.9,64.47796,81.7485,7,11.296691,NA,77.2,52.8,0.13
2017-10-20,0.036,JAN,84,54,63,53.1,0,4.2989545,119.077545,42.7972,70.635574,90.2914,0,NA,55.9,69.47794,83.7489,12,16.51055,NA,76.8,52.4,0.13
2017-10-21,0.024,JAN,86,63,71.1,57.9,0.01,8.398954,132.41129,60.9524,70.98456,81.9588,0,NA,64,77.447784,89.4043,16,21.724405,NA,76.5,52,0.13
2017-10-22,0.034,JAN,76,62,70,60.1,0.36,7.87108,175.71715,77.897,85.05197,93.924324,0,NA,63,70.66824,75.1086,22,41,NA,76.1,51.5,0.13
2017-10-23,0.037,JAN,74,52,59,39,0,5.6794424,297.85522,28.2512,65.40013,89.5692,0,NA,53.1,62.384354,72.3178,13,20.85543,NA,75.7,51.1,0.14
2017-10-24,0.037,JAN,72,47,46.9,30,0,6.062021,299.1335,21.6924,49.535877,86.3268,0,NA,48.0083,59.921642,69.1,17,31.283144,NA,75.3,50.7,0.13
2017-10-25,0.038,JAN,68,40,39,28,0,4.0376306,284.8666,23.0606,50.310993,79.2482,0,NA,39.9,54.128128,68,14,19.117477,NA,74.9,50.3,0.14
2017-10-26,0.047,JAN,79,43,46.9,37.9,0,6.42892,180.43587,26.8936,54.65151,82.1891,0,NA,40.7654,60.181614,77.864,13,19.117477,NA,74.5,49.9,0.14
2017-10-27,0.043,JAN,82,47,59,45,0.71,8.638095,190.5825,45.6576,71.1678,89.6651,0,NA,43.8223,62.48927,82.1544,15,26.069286,NA,74.1,49.5,0.13
2017-10-28,0.032,JAN,57,38,44.6,33.1,0.01,7.5672474,337.78046,41.9175,68.466545,87.28,0,NA,39,45.50236,55.9,15,22.593382,NA,73.7,49.1,0.13
2017-10-29,0.038,JAN,64,33,37,24.1,0,2.2278745,287.75592,22.5026,62.96697,92.2873,0,NA,33.1,46.696716,63,10,13.034643,NA,73.3,48.7,0.13
2017-10-30,0.048,JAN,76,41,46,35.1,0,5.754007,202.03163,25.3093,59.00139,82.22324,0,NA,37.083782,55.289864,74.43189,13,16.51055,NA,72.9,48.4,0.12
2017-10-31,0.033,JAN,76,47,55.9,45,0,3.0898955,165.56764,46.2693,72.438675,92.8002,0,NA,46.9795,60.952988,75.9,9,13.90362,NA,72.5,48,0.13
2017-11-01,0.03,JAN,70,61,64.9,54,0.19,8.783276,163.07658,75.1115,83.76096,90.2477,0,0,61,66.10021,70,14,22.593382,NA,72.2,47.6,0.13
2017-11-02,0.027,JAN,84,70,70,66,1e-4,10.251568,171.85469,60.9524,79.85882,89.9397,0,0,70,76.24442,87.7813,14,20.85543,NA,71.8,47.3,0.14
2017-11-03,0.026,JAN,86,67,70,66,0.35,4.157491,193.6616,54.8943,79.371826,89.9397,0,0,69.1,76.02845,88.8333,10,22.593382,NA,71.4,46.9,0.14
2017-11-04,0.022,JAN,82,67,69.1,64,0.03,5.503833,170.15741,60.283,83.370964,93.969,0,0,66.9,72.75826,84.4808,15,23,NA,71,46.6,0.15
2017-11-05,0.027,JAN,83,69,68,66,0,7.7101045,180.28014,58.4319,78.68328,94.0132,0,0,69.1,75.16346,85.943405,13,18.2485,NA,70.7,46.3,0.14
2017-11-06,0.026,JAN,86,71,69.8,66.9,0,6.937979,194.90227,54.8943,77.598206,89.9397,0,0,72.13717,77.12224,87.5874,10,14.772596,NA,70.3,45.9,0.14
2017-11-07,0.023,JAN,85,63,70,59,0.01,6.6634145,276.58405,54.7712,80.19134,90.5947,0,0,63,74.51263,86.2028,11,14.772596,NA,69.9,45.6,0.15
2017-11-08,0.013,JAN,63,54,57.9,50,0.08,7.6843204,343.57376,77.3798,85.751274,93.5972,0,0,53.6,56.958538,62.1,13,16.51055,NA,69.6,45.3,0.14
2017-11-09,0.033,JAN,67,45,50,42.1,0.15,6.344948,355.16873,41.727,73.95044,92.8607,0,0,46,55.081055,66,12,16.51055,NA,69.2,45,0.14
2017-11-10,0.038,JAN,69,44,43,37,0,5.9358883,37.548912,33.0722,58.8505,89.1962,0,0,41.8342,54.209484,68,12,18.2485,NA,68.9,44.7,0.15
2017-11-11,0.035,JAN,72,41,52,37,0,2.9010453,112.24646,43.8284,69.28976,89.1783,0,0,40.7654,55.225494,70.0406,9,13.034643,NA,68.5,44.5,0.14
2017-11-12,0.028,JAN,75,51,59,50,0,3.2020905,69.356964,55.0012,75.271835,89.1783,0,0,53.1,63.900486,73.9,9,12.165668,NA,68.2,44.2,0.14
2017-11-13,0.028,JAN,70,49,57.9,46.9,0,4.71777,22.523096,52.6713,75.771515,92.8607,0,0,46.7197,59.97016,69.1,11,16.51055,NA,67.8,43.9,0.15
2017-11-14,0.036,JAN,71,44,46.9,41,0,2.179094,39.215313,40.6267,71.20463,89.495,0,0,44.1,54.79678,70,8,9.558739,NA,67.5,43.7,0.15
2017-11-15,0.036,JAN,75,48,52,43,0,4.3560977,164.16821,39.8726,68.966866,86.2867,0,0,46.1042,59.511875,73.9,11,15.641572,NA,67.2,43.4,0.14
2017-11-16,0.037,JAN,75,51,57.9,48,1e-4,2.308014,29.48738,51.64426,73.951164,92.8937,0,0,51.1,63.430244,73.9,9,13.034643,NA,66.9,43.2,0.15
2017-11-17,0.045,JAN,79,54,60.1,52,0,7.2397213,172.76732,45.0413,71.21856,93.035,0,0,55,66.86592,79,14,23.462358,NA,66.5,43,0.15
2017-11-18,0.033,JAN,82,52,66,37.9,0.13,11.917073,221.75444,56.1651,71.38082,90.642,0,0,53.1,68.68156,83.7631,24,34,NA,66.2,42.7,0.14
2017-11-19,0.039,JAN,61,41,39,24.1,0,7.903136,344.28696,24.9342,50.717915,76.1241,0,0,39.459,48.031166,60.1,17,23.462358,NA,65.9,42.5,0.15
2017-11-20,0.032,JAN,58,31,37,28,0,1.5839721,130.54727,31.7067,64.02397,88.8441,0,0,30.9,43.251133,57.9,7,9.558739,NA,65.6,42.3,0.15
2017-11-21,0.029,JAN,66,33,46.9,30.9,0,1.3783972,284.44962,48.3071,72.700645,89.495,0,0,32.2324,49.437504,64.9,6,9.558739,NA,65.3,42.1,0.15
2017-11-22,0.032,JAN,63,40,41,30,0,7.4836235,355.4429,35.2358,62.657196,88.7656,0,0,35.0448,46.963543,63,14,19.986454,NA,65,41.9,0.14
2017-11-23,0.034,JAN,62,30,32,21.9,0,3.9303136,354.58408,22.0169,56.438133,85.2055,0,0,28.6886,42.616302,61,10,16.51055,NA,64.8,41.7,0.14
2017-11-24,0.033,JAN,67,30,36,24.1,0,0.48222998,176.9785,21.0539,58.40954,85.2055,0,0,30,46.912697,66,5,6.95181,NA,64.5,41.6,0.15
2017-11-25,0.037,JAN,70,40,46,34,0,1.5843793,248.74843,40.31,68.542114,92.6171,0,0,38.9772,51.70666,68,8,9.558739,NA,64.2,41.4,0.15
2017-11-26,0.037,JAN,71,38,41,28.9,0,4.3094077,19.394474,22.52057,56.177197,88.7656,0,0,38.77837,51.72523,70,11,16.51055,NA,63.9,41.2,0.15
2017-11-27,0.036,JAN,72,33,41,27,0,1.3616725,2.9928565,19.9161,58.812435,89.0862,0,0,34,50.129017,70,8,12.165668,NA,63.7,41.1,0.16
2017-11-28,0.038,JAN,75,35,44.1,30,0,3.1909409,156.0564,19.0203,58.785374,89.5297,0,0,36,54.168407,73.3373,12,16.51055,NA,63.4,40.9,0.15
2017-11-29,0.031,JAN,77,47,57.9,44.1,0,3.6655052,137.62962,49.9078,70.41681,89.6651,0,0,48,63.28502,75.9,10,14.772596,NA,63.1,40.8,0.17
2017-11-30,0.043,JAN,78,54,64,46,0.02,3.6898954,286.6146,33.2638,69.62331,93.8791,0,0,55,66.24252,78.1,10,13.034643,NA,62.9,40.6,0.16
2017-12-01,0.033,JAN,71,48,54,46.9,0,3.8125436,8.030474,50.8598,77.604095,96.4183,0,0,47.1552,57.72016,71.1,8,11.296691,NA,62.6,40.5,0.15
2017-12-02,0.028,JAN,70,49,55,46.9,0,2.056446,159.51305,58.6008,85.248825,96.7575,0,0,50,56.80369,69.1,6,7.820786,NA,62.4,40.3,0.16
2017-12-03,0.035,JAN,75,46,55,44.1,0,2.9714286,129.79608,41.4111,72.06597,93.3985,0,0,46,58.939693,75,8,11.296691,NA,62.1,40.2,0.15
2017-12-04,0.027,JAN,76,50,64,46.9,1e-4,7.2369337,153.41853,66.157,80.29664,90.642,0,0,51.1,63.61826,75,13,19.986454,NA,61.9,40.1,0.16
2017-12-05,0.023,JAN,77,46,66.9,37,0.8,9.737398,322.7349,70.6355,82.274536,93.1241,0,0,39.8199,58.24414,77,18,24,NA,61.7,39.9,0.16
2017-12-06,0.029,JAN,49,41,36,26.1,0.01,5.466899,13.526201,40.7739,56.901485,68.052,0,0,35.6336,42.555317,48.00833,12,18.2485,NA,61.4,39.8,0.15
2017-12-07,0.03,JAN,52,40,34,26.1,1e-4,6.1038327,356.88138,37.5701,55.90176,69.9558,1e-4,0,35.0448,43.86457,51.1,14,16.51055,NA,61.2,39.7,0.16
2017-12-08,0.026,JAN,40,29,32,26.1,0.36,4.683624,332.72214,66.7888,80.65473,92.2873,5.1,2,23.8001,30.459692,36,10,16.51055,NA,61,39.6,0.16
2017-12-09,0.029,JAN,54,25,30,21.9,0,3.5909407,252.33499,40.7801,70.48718,92.8023,0,3,20.4572,34.621746,52,14,20.85543,NA,60.8,39.4,0.16
2017-12-10,0.034,JAN,59,26,34,24.1,0,3.487805,210.98186,26.9248,60.129578,88.6537,0,0,27,41.005672,59,11,14.772596,NA,60.6,39.3,0.17
2017-12-11,0.033,JAN,71,34,37,28,0,5.1421604,204.68782,24.4206,55.5276,81.3727,0,0,29.7557,48.60768,70,11,14,NA,60.4,39.2,0.16
2017-12-12,0.034,JAN,60,31,37,26.1,0,6.550523,326.47992,31.5119,51.33097,78.5761,0,0,32,47.5481,57.9,15,21.724405,NA,60.2,39.1,0.16
2017-12-13,0.038,JAN,63,27,30.9,23,0,5.958885,201.29218,22.1809,53.054382,85.2619,0,0,26.4022,44.010414,62.1,14,19.986454,NA,60,39,0.16
2017-12-14,0.023,JAN,58,37,39.9,30.9,0,2.4027874,214.45036,45.2176,66.42848,82.0777,0,0,34.4045,45.077286,57.9,8,11.296691,NA,59.8,38.9,0.17
2017-12-15,0.026,JAN,48,29,33.1,25,0,4.142857,359.08615,43.9532,64.36034,82.1482,0,0,30,37.652966,45,9,13.90362,NA,59.6,38.8,0.15
2017-12-16,0.032,JAN,58,27,33.1,23,0,3.6243901,140.31673,30.2828,57.86602,85.1362,0,0,27,43.65574,57,10,13.90362,NA,59.4,38.6,0.17
2017-12-17,0.022,JAN,64,47,57.9,32,0.97,4.7916374,130.66542,41.4364,82.37649,93.7405,0,0,42.941,56.366425,63,14,19.986454,NA,59.2,38.5,0.16
2017-12-18,0.017,JAN,66,58,60.1,55.4,1e-4,2.0926828,219.99844,75.1162,87.87071,93.6933,0,0,57.2,61.372753,66,6,7.820786,NA,59,38.4,0.17
2017-12-19,0.016,JAN,77,61,66.9,59,0.12,5.4452963,178.19902,71.4148,86.14207,93.5383,0,0,61,68.34641,75.9,12,17.379524,NA,58.9,38.3,0.18
2017-12-20,0.027,JAN,74,50,68,48.9,0.46,8,244.18916,53.2322,76.9307,92.8937,0,0,52,67.08853,73,15,22,NA,58.7,38.2,0.17
2017-12-21,0.033,JAN,76,51,59,48.9,0,6.1533103,152.77611,41.8601,78.75019,96.7296,0,0,51.1,61.62209,75.9,12,17.379524,NA,58.6,38.1,0.18
2017-12-22,0.023,JAN,82,62,66,60.1,1e-4,8.639025,176.89482,52.6611,76.21645,93.5383,0,0,63,72.2159,82.0646,14,23.462358,NA,58.4,38,0.18
2017-12-23,0.016,JAN,73,49,66,42.1,0.23,9.062717,289.84174,73.6937,79.37124,90.4003,0,0,46.4659,55.55078,73,17,25.200312,NA,58.3,37.9,0.18
2017-12-24,0.024,JAN,56,40,43,27,0,5.6557493,310.55902,59.6457,71.60908,82.7196,0,0,31.6893,46.959198,55.9,15,20.85543,NA,58.1,37.8,0.17
2017-12-25,0.034,JAN,46,32,25,16,0,7.015331,23.115767,29.6291,49.762356,69.043,0,0,25.5303,33.5406,41.3587,13,17.379524,NA,58,37.7,0.18
2017-12-26,0.028,JAN,51,33,39.2,23,0.58,4.3574915,44.96675,40.2885,61.890324,88.6707,0,0,29.9461,39.327816,49.2658,11,15.641572,NA,57.9,37.6,0.17
2017-12-27,0.028,JAN,41,34,37,24.1,0.09,9.634843,17.354633,62.1516,76.54127,89.5297,0,0,26.0007,31.11383,35.7494,14,20.85543,NA,57.7,37.5,0.18
2017-12-28,0.025,JAN,42,29,24.1,19.9,0,6.5059233,1.6368082,48.3853,61.583454,78.3038,0,0,21.5887,27.776701,37.0838,12,16.51055,NA,57.6,37.4,0.16
2017-12-29,0.03,JAN,50,24,32,12.9,0,2.8752613,359.03992,27.8092,62.029907,84.5273,0,0,18.082,32.34564,48.9,9,12.165668,NA,57.5,37.3,0.17
2017-12-30,0.027,JAN,49,39,42.1,28.9,0.01,3.2996516,3.8944612,59.2221,77.44654,96.5994,0,0,34.4086,41.542084,46.9795,8,10.427715,NA,57.4,37.2,0.16
2017-12-31,0.027,JAN,40,22,39,5,0.04,10.689896,349.9753,47.5603,74.74549,100,0,0,7.25386,21.97175,35.7774,16,27,NA,57.3,37.2,0.17
2018-01-01,0.034,JAN,30,17,8.1,3.9,0,12.513258,359.02682,35.55498,50.505608,63.95402,0,0,0.9232059,9.096167,19.006155,19.117477,24.331335,NA,57.2,37.1,0.17
2018-01-02,0.031,JAN,35,14,10,3.2,0,7.212503,10.647493,28.932064,47.835594,63.95402,0,0,0.49251884,14.834565,27.21691,14.772596,19.117477,NA,57.2,37,0.17
2018-01-03,0.032,JAN,39,20,12.9,3.9,0,4.344881,311.52542,24.791866,46.45651,67.81996,0,0,9.836057,23.280022,31.970705,10.427715,13.90362,NA,57.1,36.9,0.17
2018-01-04,0.033,JAN,41,16,19,8.1,0,4.2579837,339.39917,26.396374,56.303593,84.624115,0,0,18,23.915726,32.87474,13.90362,18.2485,NA,57,36.8,0.17
2018-01-05,0.032,JAN,49,18,17.1,3.9,0,1.390362,177.2199,16.267805,53.227524,84.49041,0,0,19,29.46973,47.155212,6.95181,7.820786,NA,57,36.8,0.18
2018-01-06,0.039,JAN,57,22,23,14,0,3.3944252,76.03151,21.157385,48.80599,80.591286,0,0,23,36.75908,55.9,11.296691,13.90362,NA,56.9,36.7,0.17
2018-01-07,0.038,JAN,54,37,48,19,0.52,10.340817,131.45374,42.61511,58.9285,86.3268,0,0,31.380903,43.401085,54,18.2485,23.462358,NA,56.9,36.6,0.17
2018-01-08,0.025,JAN,54,45,53.1,44.1,0.49,7.9909406,62.495457,100,100,100,0,0,40.9219,43.645664,44.1608,15.641572,20.85543,NA,56.9,36.6,0.18
2018-01-09,0.013,JAN,56,45,55.9,45,0,4.431779,10.342589,95.98142,99.75298,100,0,0,40.625053,47.80659,55.9,10.427715,12.165668,NA,56.9,36.5,0.17
2018-01-10,0.028,JAN,63,54,61,55,0,6.4567943,131.6187,86.105125,95.522675,100,0,NA,55,59.29784,63,14.772596,20,NA,56.9,36.5,0.17
2018-01-11,0.037,JAN,67,55,64.9,52,0.51,7.963763,165.1358,89.592415,96.18475,100,0,NA,55,62.84509,66.2,24.331335,34,NA,56.9,36.4,0.17
2018-01-12,0.024,JAN,55,28,53.1,21.9,0.13,11.043205,324.53445,77.56611,85.818146,96.7575,1e-4,NA,16.006319,26.286253,54,19.986454,28,NA,56.9,36.4,0.17
2018-01-13,0.03,JAN,34,22,21.9,17.1,0,10.075958,346.55026,53.774204,70.794205,84.394104,0,NA,11.982026,16.681492,26.576792,19.117477,25.200312,NA,56.9,36.4,0.17
2018-01-14,0.034,JAN,44,21,24.1,10,0,3.67108,21.70886,27.545502,62.089355,87.86777,0,NA,13.366214,26.288328,41.26356,12.165668,15.641572,NA,57,36.3,0.17
2018-01-15,0.033,JAN,57,23,30,19.9,0,2.3567944,190.40117,28.327974,64.67086,88.844124,0,NA,23.800114,36.303516,55,8.689762,29,NA,57,36.3,0.18
2018-01-16,0.035,JAN,37,13,32,3.9,0.04,10.867596,340.13788,63.67926,76.78387,87.80954,0.8,NA,-0.98346597,13.588512,32,17.379524,22.593382,NA,57,36.3,0.18
2018-01-17,0.033,JAN,29,10,12.9,3,0,8.933798,352.38962,48.146572,66.68762,83.254555,0,NA,-3.8417215,6.4860616,19.080656,15.641572,21.724405,NA,57.1,36.3,0.16
2018-01-18,0.027,JAN,41,12,17.1,6.1,0,1.7554007,3.3848755,23.101698,64.6085,91.56666,0,NA,7.39353,22.860579,41,6.95181,10.427715,NA,57.2,36.3,0.17
2018-01-19,0.025,JAN,54,19,28,10,0,2.878049,166.82118,18.178904,49.71934,87.76159,0,NA,19.9,38.50777,54,7.820786,10.427715,NA,57.3,36.3,0.17
2018-01-20,0.037,JAN,68,36,52,19,1e-4,7.2034845,165.56688,35.024963,59.225063,79.54372,0,NA,33.40219,51.39588,66.9,14.772596,19.986454,NA,57.3,36.4,0.17
2018-01-21,0.04,JAN,75,46,55.9,45,0,9.488502,159.78809,53.232204,73.149704,96.65673,0,NA,43.475407,60.753674,73.9,18.2485,22.593382,NA,57.4,36.4,0.18
2018-01-22,0.036,JAN,68,47,61,28,1.01,9.061324,210.82207,25.8456,60.16643,100,0,NA,44.819702,59.694088,68,19.986454,27.80724,NA,57.5,36.4,0.17
2018-01-23,0.039,JAN,58,36,33.1,27,0,6.1101046,291.98532,32.7512,52.479107,81.93035,0,NA,35.777412,44.322014,57,13.034643,29,NA,57.7,36.5,0.18
2018-01-24,0.038,JAN,58,28,36,25,0,2.458885,4.7919025,28.930609,69.5357,100,0,NA,28.9,40.49445,57.9,12.165668,15.641572,NA,57.8,36.5,0.18
2018-01-25,0.036,JAN,62,25,37,19.9,0,1.6560975,113.12217,20.225319,61.75849,92.49329,0,NA,26.1,42.305016,61,8.689762,12.165668,NA,57.9,36.6,0.18
2018-01-26,0.036,JAN,63,33,50,24.1,1e-4,6.5059233,136.72992,52.87806,67.171455,84.35791,0,NA,32.23243,50.048267,63,14.772596,19.117477,NA,58,36.7,0.17
2018-01-27,0.025,JAN,59,51,57.9,50,0.38,6.9529614,136.8597,83.19618,96.362,100,0,NA,52,55.356514,59,14.772596,20,NA,58.2,36.7,0.18
2018-01-28,0.027,JAN,58,43,57,37.9,0,6.1902437,354.0648,78.662285,97.12265,100,0,NA,39.018208,53.22319,57.9,12.165668,16.51055,NA,58.3,36.8,0.19
2018-01-29,0.036,JAN,63,33,39,21.9,0,8.206272,347.00235,22.732399,61.431038,88.3293,0,NA,26.38395,42.07425,62.1,19.986454,26.069286,NA,58.5,36.9,0.18
2018-01-30,0.031,JAN,50,26,26.1,19,0,5.604878,1.9729954,30.235943,61.528786,84.6589,0,NA,18.684452,31.604067,46.104233,13.90362,19.117477,NA,58.7,37,0.19
2018-01-31,0.041,JAN,65,28,45,24.1,0,8.636237,174.48941,26.496365,55.601482,82.85773,0,NA,23.800114,44.960304,64,19.117477,23.462358,NA,58.8,37.2,0.19
2018-02-01,0.034,JAN,71,46,57.9,42.1,0.02,8.031708,209.56647,60.893734,81.692215,96.729576,0,NA,39.20818,57.094685,70,21.724405,26.069286,NA,59,37.3,0.19
2018-02-02,0.036,JAN,49,32,39,12.9,0,9.418816,11.30582,23.992765,47.622955,76.01056,0,NA,24.993849,33.663887,42.686028,17.379524,25.200312,NA,59.2,37.4,0.18
2018-02-03,0.032,JAN,52,27,48.2,17.1,0.62,7.1421604,138.40408,28.965729,61.586422,100,0,NA,23.121592,36.78321,52,17.379524,22.593382,NA,59.4,37.5,0.18
2018-02-04,0.037,JAN,60,42,51.1,39.9,1.17,5.025087,331.70886,55.438824,84.64732,100,0,NA,41.187107,48.745903,60.1,14.772596,21,NA,59.6,37.7,0.18
2018-02-05,0.022,JAN,59,36,46.9,33.1,0,5.15993,45.65412,52.695644,76.17908,92.58222,0,NA,29.238117,43.923107,57,12.165668,15.641572,NA,59.8,37.9,0.18
2018-02-06,0.024,JAN,67,52,64,48.9,0.09,6.157491,150.77745,80.24718,88.50416,100,0,NA,53.1,59.522438,66.9,18.2485,23.462358,NA,60,38,0.18
2018-02-07,0.021,JAN,66,37,64.9,33.1,2.42,9.9719515,345.53165,84.93278,92.58006,100,0,NA,29.290522,39.0852,64.9,19.117477,26,NA,60.2,38.2,0.18
2018-02-08,0.03,JAN,61,30,37.9,28.9,0,5.376655,40.684727,34.48676,67.68433,95.612465,0,NA,24.205523,40.869583,60.1,12.165668,14.772596,NA,60.4,38.4,0.19
2018-02-09,0.017,JAN,60,35,57.9,32,0.21,2.9303136,139.54156,56.45028,83.968,100,0,NA,32.091175,49.550327,57.9,11.296691,13.90362,NA,60.6,38.5,0.19
2018-02-10,0.018,JAN,69,58,66.9,57.9,1.37,7.7013936,171.13754,93.319046,97.97895,100,0,NA,59,63.534077,68,13.90362,20,NA,60.9,38.7,0.19
2018-02-11,0.022,JAN,65,40,64.9,36,0.04,7.42892,323.12753,85.05635,85.562386,88.6707,0,NA,32.87474,38.25124,39.0182,13.034643,15.641572,NA,61.1,38.9,0.18
2018-02-12,0.02,JAN,42,36,37.9,34,0.04,8.034494,7.082116,78.80392,85.63056,96.492714,0,NA,28.487572,33.331493,39.214478,13.90362,17.379524,NA,61.3,39.1,0.19
2018-02-13,0.013,JAN,71,41,57.9,37.9,1e-4,3.7421603,86.62805,63.365166,85.00333,96.41831,0,NA,36.369637,52.643776,70,8.689762,12.165668,NA,61.6,39.3,0.18
2018-02-14,0.021,JAN,76,51,66.2,51.1,0,7.737979,175.06752,69.138725,87.9727,100,0,NA,52,65.71484,75.2,15.641572,19.986454,NA,61.8,39.6,0.18
2018-02-15,0.031,JAN,82,61,66,57,0,10.41115,195.73648,49.056587,75.62797,96.92933,0,NA,61,70.95834,81.81456,20.85543,26.069286,NA,62,39.8,0.18
2018-02-16,0.027,JAN,73,53,64.4,48.9,1e-4,7.8146343,266.1023,73.30604,87.46602,96.783690000000007,0,NA,53.1,62.028015,73.4,15.641572,19.117477,NA,62.3,40,0.18
2018-02-17,0.022,JAN,76,51,64,48.9,0.06,7.6592336,239.70885,62.300663,86.91547,100,0,NA,51.1,59.5515,75.9,18.2485,22.593382,NA,62.5,40.2,0.18
2018-02-18,0.017,JAN,63,49,60.1,48,0.04,5.1400695,99.523766,83.41765,94.22145,96.85247,0,NA,44.93096,53.90527,63,11.296691,14.772596,NA,62.8,40.4,0.17
2018-02-19,0.031,JAN,83,57,64.9,55.9,0,9.877701,166.57967,42.18571,76.194145,100,0,NA,59,69.77271,81.045906,20.85543,27,NA,63,40.7,0.18
2018-02-20,0.026,JAN,84,65,68,63,0,11.470035,156.21223,52.928852,78.30305,93.924324,0,NA,64.9,73.034515,84.316,21.724405,27.80724,NA,63.3,40.9,0.18
2018-02-21,0.024,JAN,85,64,69.1,62.1,1.04,9.8223,156.50261,50.97468,82.40086,100,0,NA,64,73.42009,83.76307,19.117477,25.200312,NA,63.5,41.1,0.17
2018-02-22,0.024,JAN,86,68,69.8,61,0,11.126829,165.61343,45.957172,74.56435,96.9686,0,NA,69.1,75.62261,84.31911,18.2485,24.331335,NA,63.8,41.4,0.18
2018-02-23,0.022,JAN,75,59,66.9,60.1,0.32,6.576307,150.03436,71.21228,93.7321,100,0,NA,60.1,66.95317,73.9,17.379524,19.986454,NA,64,41.6,0.18
2018-02-24,0.038,JAN,84,67,68,61,1e-4,11.331707,178.0741,47.61883,77.36159,100,0,NA,66.2,73.56631,83.37468,20.85543,28.676216,NA,64.3,41.8,0.19
2018-02-25,0.039,JAN,71,50,64.9,48.9,2.82,5.676655,55.173172,80.778625,94.20466,100,0,NA,45.21348,54.189896,71.1,19.986454,26.069286,NA,64.5,42.1,0.18
2018-02-26,0.035,JAN,70,51,57.9,48,0.19,5.0327525,23.111073,52.511654,82.90865,100,0,NA,52,59.621044,70,11.296691,13.034643,NA,64.8,42.3,0.19
2018-02-27,0.035,JAN,77,44,64,44.1,0.08,7.1979094,142.31174,46.568714,78.339836,96.903595,0,NA,45,61.836315,77,14.772596,20.85543,NA,65.1,42.6,0.19
2018-02-28,0.029,JAN,81,65,66.9,59,0,8.659233,190.15508,50.52065,74.707954,96.92933,0,NA,66,71.99021,80.942215,14.772596,19.117477,NA,65.3,42.8,0.18
2018-03-01,0.032,JAN,70,54,66,53.1,0.25,5.4452963,37.536037,78.13813,91.467354,100,0,NA,54,60.656933,69.1,18.2485,25.200312,NA,65.6,43,0.19
2018-03-02,0.043,JAN,65,45,52,34,0,6.9770036,29.203623,32.561714,64.57336,89.28615,0,NA,42.391476,52.88316,64,14.772596,29,NA,65.8,43.3,0.18
2018-03-03,0.043,JAN,70,40,37.9,30,0,4.7418118,40.400665,24.118868,51.854977,79.33944,0,NA,38.9772,52.361958,70,10.427715,14.772596,NA,66.1,43.5,0.18
2018-03-04,0.044,JAN,71,40,44.1,26.1,1e-4,3.2083623,109.06334,18.483145,48.37661,82.22324,0,NA,38.9772,56.10556,69.1,12.165668,15.641572,NA,66.4,43.8,0.19
2018-03-05,0.041,JAN,78,47,64.9,36,2.19,7.405575,179.29515,43.77553,67.4144,100,0,NA,45.378853,63.962906,77,20.85543,28,NA,66.6,44,0.19
2018-03-06,0.047,JAN,67,47,55,21,0.35,7.0181184,323.76843,18.755957,48.024437,92.14252,0,NA,45.72197,57.31812,66.9,20.85543,26,NA,66.9,44.2,0.19
2018-03-07,0.042,JAN,56,35,33.1,19.9,0,7.8142858,331.66336,26.022854,50.728714,92.32428,0,NA,32.87474,43.253113,54,19.117477,25.200312,NA,67.1,44.5,0.19
2018-03-08,0.047,JAN,60,34,35.1,21,0,5.5832753,328.75784,22.732399,54.651253,92.32428,0,NA,33.25893,45.51798,60.1,19.117477,27.80724,NA,67.4,44.7,0.18
2018-03-09,0.053,JAN,69,32,43,26.1,0,7.2160277,179.6943,21.32955,51.716995,85.10684,0,NA,28.704685,51.882652,68,18.2485,21.724405,NA,67.7,44.9,0.17
2018-03-10,0.046,JAN,78,49,62.1,44.1,0,7.8341465,183.89656,37.29259,65.75576,87.23775,0,NA,47.208946,64.4506,75.9,17.379524,20.85543,NA,67.9,45.1,0.17
2018-03-11,0.04,JAN,66,49,62.1,44.1,2.33,7.1916375,276.09787,74.34856,92.23022,100,0,NA,52,58.96042,64.9,19.117477,26.069286,NA,68.2,45.4,0.18
2018-03-12,0.045,JAN,57,38,43,30,0,10.993729,341.31097,38.539524,61.47121,79.35582,0,NA,29.854662,43.086517,57,20.85543,28.676216,NA,68.4,45.6,0.17
2018-03-13,0.047,JAN,59,36,37.9,26.1,0,4.7456446,0.8519182,30.282839,62.592094,92.783875,0,NA,33.25893,44.12849,57.9,13.034643,16.51055,NA,68.7,45.8,0.17
2018-03-14,0.049,JAN,61,34,34,18,0,3.679094,347.4489,18.644724,53.60401,92.35433,0,NA,33.26129,45.767612,61,13.034643,17.379524,NA,68.9,46,0.17
2018-03-15,0.053,JAN,69,30,37,28.9,0,5.4857144,192.25455,22.205614,53.40076,92.21943,0,NA,28.688568,50.193245,69.1,13.034643,17.379524,NA,69.2,46.2,0.18
2018-03-16,0.033,JAN,65,52,64,39.9,0.95,9.014286,162.84814,60.73043,90.76869,100,0,NA,52,58.18251,64.9,14.772596,20,NA,69.4,46.5,0.18
2018-03-17,0.037,JAN,84,63,66.9,53.1,0,7.287805,202.60864,38.090065,77.947,100,0,NA,64,71.13665,82.914375,14.772596,19.986454,NA,69.7,46.7,0.18
2018-03-18,0.017,JAN,70,62,66.9,61,0.94,3.2665505,354.92334,86.48417,96.32684,100,0,NA,62.1,65.15547,69.1,17.379524,19.117477,NA,69.9,46.9,0.18
2018-03-19,0.041,JAN,84,56,68,37,1e-4,8.475262,225.11052,27.060286,69.2494,100,0,NA,57,70.83317,84.316,20.85543,28.676216,NA,70.2,47.1,0.18
2018-03-20,0.036,JAN,65,46,46,39,0,8.331359,300.74347,38.443436,62.66863,79.12911,0,NA,44.693104,53.814842,64.9,15.641572,21.724405,NA,70.4,47.3,0.18
2018-03-21,0.043,JAN,63,40,39,30,0,7.3930316,319.90323,29.626625,55.34297,81.97894,0,NA,39.459003,50.959927,62.1,20.85543,27,NA,70.7,47.5,0.19
2018-03-22,0.048,JAN,69,35,41,33.1,0,1.7790941,53.881966,27.33667,62.722767,96.12703,0,NA,34.404476,51.46639,68,8.689762,14,NA,70.9,47.7,0.18
2018-03-23,0.059,JAN,77,42,52,39,0,7.2369337,180.0613,26.4232,56.388786,85.77325,0,NA,41.834225000000004,59.90012,74.5323,19.117477,23.462358,NA,71.2,47.9,0.21
2018-03-24,0.047,JAN,79,58,61,52,0,10.161673,194.3272,46.869354,69.745186,89.52252,0,NA,59,68.44056,79,22.593382,30.41417,NA,71.4,48.1,0.19
2018-03-25,0.034,JAN,79,65,66.9,60.1,1e-4,5.2358885,203.35269,62.030624,81.27537,96.92933,0,NA,64.9,69.68839,80.8291,11.296691,14.772596,NA,71.7,48.3,0.2
2018-03-26,0.033,JAN,79,62,64.9,61,0,9.681533,128.12271,64.20016,83.286896,100,0,NA,62.1,68.252266,75.9,19.117477,25.200312,NA,71.9,48.5,0.18
2018-03-27,0.033,JAN,72,58,63,55,0,11.519048,135.30531,65.58198,82.243965,96.55186,0,NA,57.9,64.560486,71.1,20.85543,24.331335,NA,72.1,48.7,0.17
2018-03-28,0.038,JAN,83,62,66,61,1.12,11.933101,164.43561,54.49604,78.98314,100,0,NA,62.1,71.89427,83.47163,24.331335,35,NA,72.4,49,0.19
2018-03-29,0.037,JAN,71,56,63,55.9,1.06,4.170035,214.50378,62.797375,90.82485,100,0,NA,57,62.82488,70,22.593382,31.283144,NA,72.6,49.2,0.18
2018-04-04,0.046,JAN,64,47,62.1,30,0.02,10.361672,347.19885,29.770138,58.2727,100,0,NA,40.368275,52.20368,63,19.986454,25.200312,NA,74,50.4,0.21
2018-04-05,0.049,JAN,71,41,43,30,0,5.44669,106.927185,24.088957,49.493576,73.249565,0,NA,37.69444,54.050327,70,11.296691,14,NA,74.2,50.7,0.2
2018-04-06,0.036,JAN,75,49,64.4,43,2.71,8.4041815,170.57047,65.58198,81.30533,100,0,NA,47.772274,61.700375,73.9,32.152122,39.10393,NA,74.4,50.9,0.21
2018-04-07,0.034,JAN,61,39,60.8,37,0.06,9.790941,347.52045,81.20473,93.810684,100,0,NA,31.996933,44.829945,61,17.379524,22,NA,74.6,51.1,0.2
2018-04-08,0.043,JAN,64,35,51.1,30.9,0,5.711847,63.503876,40.62449,67.89003,89.52968,0,NA,29.731007,46.88847,63,13.034643,17,NA,74.8,51.3,0.22
2018-04-09,0.047,JAN,70,53,53.1,43,1e-4,6.333798,351.3139,42.197723,61.982918,90.29139,0,NA,53.1,60.050873,70,13.034643,16.51055,NA,75.1,51.6,0.21
2018-04-10,0.05,JAN,72,46,44.1,39,0,7.218797,346.15295,33.390682,56.09614,86.21415,0,NA,42.391476,58.30497,70,18.2485,23.462358,NA,75.3,51.8,0.22
2018-04-11,0.049,JAN,76,38,46,33.1,0,2.6707318,112.915924,26.080986,60.77569,95.784485,0,NA,39,56.454166,73.4258,7.820786,11.296691,NA,75.5,52.1,0.21
2018-04-12,0.053,JAN,80,48,55.9,46,0,9.581533,169.02742,34.49661,59.430336,89.665146,0,NA,46.465904,65.30646,80.1,19.986454,26.069286,NA,75.7,52.3,0.21
2018-04-13,0.043,JAN,83,58,66.9,55.9,0,12.101742,159.11023,49.028793,71.76886,93.0668,0,NA,57.9,70.738815,82.62488,21.724405,28.676216,NA,75.9,52.5,0.21
2018-04-17,0.058,JAN,82,42,48.9,39.9,0,8.255053,193.84341,27.840296,53.890583,88.71353,0,NA,40.765377,62.53393,79.68,18.2485,24.331335,NA,76.8,53.6,0.2
2018-04-18,0.043,JAN,80,54,61,50,0,8.459582,211.29663,51.876583,73.82466,96.783690000000007,0,NA,55.9,67.089195,78.1,18.2485,23.462358,NA,77,53.8,0.2
2018-04-19,0.048,JAN,66,48,62.1,35.1,0,9.40662,338.94003,37.692978,53.685158,89.96762,0,NA,43.408783,58.10669,66,17.379524,20.85543,NA,77.3,54.1,0.2
2018-04-20,0.045,JAN,70,42,48,35.1,0,6.5268292,34.35989,34.527687,59.658833,86.326836,0,NA,37.69444,52.842327,69.1,13.034643,17,NA,77.5,54.4,0.2
2018-04-21,0.049,JAN,77,47,59,43,0,6.9167247,128.2981,48.179935,66.40657,89.921104,0,NA,46.465904,63.47,75.9,15.641572,21,NA,77.7,54.6,0.18
2018-04-22,0.045,JAN,69,57,63,53.6,3.6,6.1965156,310.49814,78.77112,90.78688,100,0,NA,59,63.176586,66.9,14.772596,21,NA,77.9,54.9,0.17
2018-04-23,0.027,JAN,63,51,54,50,0,5.712892,242.3303,64.50316,81.20224,92.89372,0,NA,52,57.65317,63,12.165668,15.641572,NA,78.1,55.2,0.17
2018-04-24,0.042,JAN,71,51,55.9,52,0,5.4940767,305.97806,58.88389,77.909836,96.41831,0,NA,53.1,61.97373,69.1,13.034643,16.51055,NA,78.4,55.5,0.18
2018-04-25,0.057,JAN,79,48,57.9,48,1e-4,2.487108,50.6639,37.77841,69.49282,100,0,NA,48,64.32472,79,8.689762,14,NA,78.6,55.8,0.18
2018-04-26,0.037,JAN,65,56,59,51.1,0.46,6.8737516,278.9089,67.29422,81.79487,100,0,NA,55.9,59.691288,64,13.034643,19.986454,NA,78.8,56.1,0.18
2018-04-27,0.051,JAN,74,50,57,50,0,3.5181184,327.12704,45.80888,74.56252,100,0,NA,50,61.72495,72,11.296691,17.379524,NA,79.1,56.4,0.16
2018-04-28,0.058,JAN,82,50,55.9,43,0,3.4125435,270.1223,26.853432,65.51606,100,0,NA,49.26583,65.269,80.1,12.165668,14.772596,NA,79.3,56.7,0.17
2018-04-29,0.049,JAN,79,52,52,43,0,4.729965,34.32024,33.343292,60.17195,96.729576,0,NA,52,63.81955,78.1,11.296691,15.641572,NA,79.5,57,0.15
2018-04-30,0.056,JAN,81,48,50,39.9,0,3.9599304,128.49223,28.98515,52.74934,83.41674,0,NA,48.9,64.478485,80.1,13.034643,16.51055,NA,79.8,57.3,0.15
2018-05-01,0.043,JAN,84,32,64,46.9,0,6.6989546,158.71895,45.957172,71.39281,100,0,NA,53.1,68.65758,84.31911,13.90362,19.117477,NA,80,57.6,0.15
2018-05-02,0.046,JAN,86,63,66.9,59,0,7.943554,161.55736,46.418087,70.82743,100,0,NA,63,74.77339,85.49416,17.379524,22.593382,NA,80.3,57.9,0.15
2018-05-03,0.044,JAN,86,65,64.9,55.9,0,7.48223,168.96556,37.18456,69.39529,96.903595,0,NA,64.9,74.12986,84.5076,14.772596,20.85543,NA,80.5,58.2,0.14
2018-05-04,0.042,JAN,83,64,66.9,61,0,4.156446,211.91573,49.028793,79.198715000000007,96.903595,0,NA,64.9,72.46111,82.62488,10.427715,14,NA,80.7,58.5,0.15
2018-05-05,0.038,JAN,75,60,66.9,60.8,1.46,2.5804877,322.25308,68.658905,92.076515,100,0,NA,61,66.41659,73,10.427715,13.90362,NA,81,58.8,0.14
2018-05-06,0.054,JAN,85,55,64.9,53.1,0,2.6989548,350.34866,34.56037,72.09684,100,0,NA,55.4,69.957664,82.9,11.296691,15.641572,NA,81.2,59.1,0.15
2018-05-07,0.056,JAN,87,55,62.1,54,0,2.4989548,326.237,34.742786,67.75171,100,0,NA,55.9,71.056786,84.9202,11.296691,14.772596,NA,81.5,59.4,0.14
2018-05-08,0.069,JAN,90,58,64,53.1,0,1.2244605,182.542,30.413383,66.44187,96.15043,0,NA,59,73.24875,85.798,6.95181,14,NA,81.8,59.7,0.14
2018-05-09,0.064,JAN,88,62,64.9,57,0,2.7406476,232.86324,38.753742,64.06824,83.80627,0,NA,62.1,75.01397,88,10.427715,14.772596,NA,82,60,0.13
2018-05-10,0.061,JAN,88,62,66,52,0,3.6675959,188.56677,30.054111,63.239567,93.180626,0,NA,62.1,74.997154,87.1,11.296691,13.90362,NA,82.3,60.3,0.14
2018-05-11,0.057,JAN,87,61,66,57.9,0,6.416028,174.37076,37.25496,63.15394,90.247734,0,NA,62.1,74.80231,87.1,13.90362,18.2485,NA,82.5,60.6,0.13
2018-05-12,0.054,JAN,89,61,66.9,59,0,4.9191637,164.96988,39.05985,65.83764,93.12406,0,NA,61,76.15567,89.1,13.034643,17.379524,NA,82.8,61,0.13
2018-05-13,0.048,JAN,91,62,68,62.1,0,2.4602787,176.18813,41.918427,70.70974,96.903595,0,NA,64,77.39492,90.485916,8.689762,12.165668,NA,83,61.3,0.13
2018-05-14,0.053,JAN,93,65,69.1,61,0,2.671777,4.7065105,37.19422,67.89416,100,0,NA,66,79.55516,93.5114,11.296691,14,NA,83.3,61.6,0.13
2018-05-15,0.055,JAN,94,66,70,63,0,3.2627177,355.45688,38.39251,69.43808,96.92933,0,NA,66.9,81.368324,95.275,14.772596,19.117477,NA,83.6,61.9,0.14
2018-05-16,0.051,JAN,91,68,69.1,62.1,0.01,4.0954704,330.32385,39.474964,69.75682,93.37325,0,NA,70,79.23829,92.523094,10.427715,13.034643,NA,83.8,62.2,0.14
2018-05-17,0.051,JAN,85,66,69.8,64.9,1.02,4.6905923,331.06467,54.77119,81.96402,100,0,NA,66.9,74.32484,86.20281,13.90362,18.2485,NA,84.1,62.5,0.14
2018-05-18,0.055,JAN,89,64,69.1,64,0,2.808014,263.85995,44.952454,74.609055,100,0,NA,64.9,77.33149,89.33843,10.427715,14.772596,NA,84.3,62.8,0.13
2018-05-19,0.051,JAN,91,69,73.9,66,0,4.8843207,178.60284,45.249863,73.52407,96.9686,0,NA,70,81.86397,93.9306,10.427715,14.772596,NA,84.6,63.1,0.14
2018-05-20,0.05,JAN,90,68,73.4,64.9,0.49,3.8487804,144.05574,48.025757,72.84686,96.9686,0,NA,69.1,81.790634,94.75808,21.724405,29.545193,NA,84.9,63.4,0.13
2018-05-21,0.045,JAN,90,66,72,66,0.25,3.4400697,94.38372,55.193634,86.231186,96.9686,0,NA,66.9,75.387184,92.03618,20.85543,31,NA,85.1,63.7,0.14
2018-05-22,0.039,JAN,89,67,72,66.9,1e-4,2.2578397,163.33319,51.80454,83.61624,100,0,NA,66.9,77.17205,93.7054,8.689762,10.427715,NA,85.4,63.9,0.14
2018-05-23,0.057,JAN,91,68,72,66.9,2.94,3.3045297,134.2296,49.88376,79.23311,100,0,NA,69.1,79.30498,93.7054,22.593382,27,NA,85.6,64.2,0.14
2018-05-24,0.051,JAN,89,68,71.1,68,1e-4,3.84669,34.561375,53.638535,80.523,100,0,NA,68,78.817474,92.42606,15.641572,18.2485,NA,85.9,64.5,0.14
2018-05-25,0.049,JAN,89,68,73.4,64,1.39,3.1972125,168.59885,53.638535,87.57022,100,0,NA,68,75.430725,92.42606,22.593382,31.283144,NA,86.1,64.8,0.14
2018-05-26,0.04,JAN,84,67,73,66,1e-4,4.267596,169.50388,73.677185,87.75714,96.92933,0,NA,66.9,73.79883,87.39306,13.034643,16.51055,NA,86.3,65.1,0.13
2018-05-27,0.034,JAN,88,65,72,64.9,0,2.8348432,70.78988,55.193634,80.70975,100,0,NA,64.9,77.65251,93.10589,8.689762,14,NA,86.6,65.3,0.15
2018-05-28,0.03,JAN,89,71,71.1,68,0,6.800697,17.638124,53.147194,76.13137,96.322716,0,NA,72.4372,80.34317,92.42606,15.641572,21,NA,86.8,65.6,0.15
2018-05-29,0.039,JAN,88,70,72,68,0,4.911498,298.829,55.044296,76.479935,96.9686,0,NA,70,80.73495,91.38327,11.296691,16.51055,NA,87,65.9,0.16
2018-05-31,0.019,JAN,91,72,73.9,69.1,0,7.168641,178.80217,51.93074,74.487946,93.79415,0,NA,74.4073,84.806335,95.487274,13.034643,17.379524,NA,87.5,66.4,0.15
2018-06-01,0.032,JAN,92,74,75,70,1e-4,5.779094,203.70526,51.93074,73.57817,93.79415,0,NA,75.3983,86.8999,97.670815,11.296691,15,NA,87.7,66.6,0.15
2018-06-05,0.054,JAN,81,66,70,64,0.56,1.8041812,159.32529,66.493004,85.77037,100,0,NA,66.9,73.30393,82.69765,18.2485,20.85543,NA,88.5,67.6,0.14
2018-06-06,0.058,JAN,89,63,71.1,62.6,0,2.66446,10.954567,44.660763,76.345024,100,0,NA,62.6,76.939064,90.96614,10.427715,14,NA,88.7,67.8,0.15
2018-06-07,0.063,JAN,93,64,71.1,62.1,0,1.666899,119.911865,38.255493,68.86932,96.92933,0,NA,66,79.9517,94.03381,8.689762,14,NA,88.9,68,0.14
2018-06-08,0.064,JAN,94,66,71.1,60.1,0,1.5731708,76.87601,33.481823,67.29098,96.92933,0,NA,66.9,81.79424,94.7382,11.296691,15.641572,NA,89,68.2,0.15
2018-06-09,0.055,JAN,91,69,73,64,0.22,4.1770034,182.99936,51.649754,76.282646,93.4268,0,NA,70,80.894196,94.00061,26.069286,36,NA,89.2,68.4,0.14
2018-06-10,0.03,JAN,90,68,72,66.9,0.03,4.7818813,209.10684,49.72598,76.93132,96.9686,0,NA,68,79.89936,92.42606,15.641572,21.724405,NA,89.4,68.6,0.16
2018-06-11,0.024,JAN,84,70,73.9,68,0.27,6.1407666,166.88179,69.71293,86.95438,100,0,NA,70,77.608826,88.75189,17.379524,21.724405,NA,89.5,68.8,0.15
2018-06-12,0.025,JAN,91,69,75,66.9,0,5.9665504,192.21275,55.463593,80.121544,96.9686,0,NA,70,79.903564,98.20182,13.90362,16.51055,NA,89.6,69,0.15
2018-06-13,0.032,JAN,91,68,75,66.9,0.3,4.951916,191.45496,52.247787,83.00604,96.29225,0,NA,69.1,78.44425,97.670815,25.200312,34,NA,89.8,69.2,0.15
2018-06-14,0.037,JAN,91,69,73.9,68,0,3.0090592,265.6803,50.356514,78.259094,100,0,NA,69.1,82.37751,96.446625,10.427715,12.165668,NA,89.9,69.4,0.15
2018-06-15,0.042,JAN,89,71,75,69.1,0,3.8808362,189.47371,59.21356,78.8495,93.79415,0,NA,72.2999,82.299774,97.814644,10.427715,12.165668,NA,90.1,69.5,0.14
2018-06-16,0.043,JAN,93,70,73.9,70,0,3.5212543,140.4606,50.609615,76.43824,100,0,NA,70,84.95748,101.037025,17.379524,21.724405,NA,90.2,69.7,0.15
2018-06-17,0.024,JAN,91,73,77,68,1e-4,5.8850174,155.35927,49.88376,77.67432,97.016945,0,NA,74.5439,84.26927,97.670815,19.117477,25.200312,NA,90.3,69.8,0.15
2018-06-18,0.023,JAN,90,70,75,66.9,0.16,4.68223,142.53139,50.356514,81.126724,96.99354,0,NA,71.1,80.78447,94.75808,21.724405,28,NA,90.4,70,0.15
2018-06-19,0.025,JAN,89,72,75,69.1,1e-4,1.7825783,83.36623,55.463593,80.9156,93.77152,0,NA,73.158,83.00751,96.62901,7.820786,10.427715,NA,90.5,70.2,0.15
2018-06-20,0.028,JAN,89,73,75.9,69.1,0.01,1.5721254,189.2568,53.638535,83.92099,97.04129,0,NA,74.5439,83.44379,96.62901,14.772596,18.2485,NA,90.6,70.3,0.14
2018-06-21,0.022,JAN,87,74,75.9,73,1e-4,6.1254354,219.46558,67.393654,85.18402,100,0,NA,75.69,83.94772,96.557755,13.034643,17.379524,NA,90.7,70.4,0.15
2018-06-22,0.034,JAN,85,70,75,66.2,0.14,7.524739,225.54015,70.083244,85.35563,96.322716,0,NA,69.8,79.43749,91.04214,25.200312,34.75905,NA,90.8,70.6,0.15
2018-06-23,0.021,JAN,93,71,75,69.1,0,7.4195123,204.67679,47.447067,75.15267,97.016945,0,NA,73.2911,85.67048,97.003204,14.772596,19.117477,NA,90.9,70.7,0.14
2018-06-24,0.024,JAN,93,73,75.9,71.1,1e-4,5.128223,198.83087,52.247787,76.3516,93.79415,0,NA,75.3983,87.91212,99.5694,13.90362,18.2485,NA,91,70.8,0.15
2018-06-25,0.026,JAN,94,75,75.2,68,0,4.691986,222.47821,46.991474,72.07004,93.55792,0,NA,77.5859,87.86792,99.10271,11.296691,14.772596,NA,91,70.9,0.14
2018-06-26,0.034,JAN,96,73,75,70,0,3.9240417,208.39423,45.981567,69.997856,93.77152,0,NA,74.4073,90.732925,102.11232,10.427715,14,NA,91.1,71.1,0.14
2018-06-27,0.031,JAN,95,75,75,71.1,0,4.894077,213.6159,47.73699,70.57767,90.73938,0,NA,76.4488,90.33604,103.258156,11.296691,17.379524,NA,91.2,71.2,0.15
2018-06-28,0.037,JAN,96,77,75.9,71.1,0,5.7393727,239.59708,47.570576,70.53585,93.55792,0,NA,78.7972,91.93262,106.070595,14.772596,19.117477,NA,91.2,71.3,0.15
2018-06-29,0.036,JAN,95,73,77,71.1,0.15,4.65784,19.427708,50.72025,74.91885,96.678116,0,NA,74.4073,88.073235,105.72785,17.379524,21,NA,91.3,71.4,0.14
2018-06-30,0.039,JAN,97,73,75,66.9,1e-4,3.554007,36.533047,44.408447,73.41523,96.38104,0,NA,74.4073,87.91094,105.40376,14.772596,47,NA,91.4,71.5,0.16
2018-07-01,0.034,JAN,96,70,73.9,70,0,3.0174215,287.17426,44.445583,72.44127,100,0,NA,70,88.08484,104.945984,8.689762,11.296691,NA,91.4,71.5,0.16
2018-07-02,0.032,JAN,93,73,75,68,0.01,4.0439024,0.87596077,45.68785,78.26053,97.016945,0,NA,75.3983,85.73766,101.7271,17.379524,21.724405,NA,91.5,71.6,0.15
2018-07-03,0.036,JAN,90,73,73.9,72,1e-4,6,109.81747,59.147587,80.0387,100,0,NA,74.7,84.59279,97.143906,20.85543,25.200312,NA,91.5,71.7,0.16
2018-07-04,0.037,JAN,92,73,79,68,1e-4,4.4027877,110.4816,46.991474,77.29723,97.016945,0,NA,75.5498,86.37427,101.7271,15.641572,20.85543,NA,91.6,71.8,0.16
2018-07-05,0.032,JAN,94,73,73.9,68,0,4.88223,77.84118,45.68785,70.76034,97.016945,0,NA,75.5498,86.88497,98.77585,13.034643,18.2485,NA,91.6,71.8,0.16
2018-07-06,0.035,JAN,94,72,73.9,69.1,0.14,3.9491289,39.35236,48.930344,77.272705,93.79415,0,NA,73.2911,83.37503,97.76907,18.2485,21.724405,NA,91.7,71.9,0.16
2018-07-07,0.04,JAN,92,72,75,70,1e-4,3.841115,31.229767,48.930344,82.226906,96.678116,0,NA,74.5439,81.47355,97.76907,13.90362,18.2485,NA,91.7,72,0.16
2018-07-08,0.032,JAN,89,70,73,69.1,0.07,4.520209,118.97138,55.463593,84.96728,97.016945,0,NA,70,79.50971,96.16709,14.772596,24,NA,91.8,72,0.16
2018-07-09,0.03,JAN,88,71,73.9,71.1,0.03,4.1470385,175.0784,61.20137,83.805176,100,0,NA,72.61,80.98551,92.35637,12.165668,16.51055,NA,91.8,72.1,0.16
2018-07-10,0.037,JAN,92,72,73.9,68,1e-4,2.771777,252.0303,45.68785,77.319824,100,0,NA,73.4587,84.67453,97.670815,13.034643,18.2485,NA,91.9,72.1,0.16
2018-07-11,0.046,JAN,96,72,77,70,0.29,2.6689897,224.69202,46.142372,80.21764,97.016945,0,NA,74.5439,84.37393,102.618614,19.117477,27,NA,91.9,72.2,0.15
2018-07-12,0.049,JAN,96,71,73.9,70,1e-4,1.845993,235.64528,44.445583,73.589676,100,0,NA,72.4372,87.38427,101.55391,10.427715,14,NA,92,72.2,0.16
2018-07-13,0.039,JAN,92,73,77,72,0.01,2.7428572,102.25021,59.701164,82.572624,97.016945,0,NA,75.5498,84.98716,104.22139,14.772596,20,NA,92,72.2,0.17
2018-07-14,0.045,JAN,97,71,75.9,71.1,0.17,2.6648083,290.8987,49.088055,77.353294,100,0,NA,73.4587,87.11145,104.66202,15.641572,18,NA,92,72.3,0.16
2018-07-15,0.03,JAN,95,74,75.9,72,0,3.9470384,221.98653,50.907776,76.730194,97.016945,0,NA,75.5498,88.00719,104.30782,10.427715,13.90362,NA,92.1,72.3,0.16
2018-07-16,0.035,JAN,95,72,80.1,71.1,1.09,5.697561,195.15685,55.984222,85.4118,100,0,NA,73.4587,84.57048,104.50276,19.117477,26.069286,NA,92.1,72.3,0.16
2018-07-17,0.034,JAN,88,73,75.9,73,0.11,4.431359,238.51433,64.954704,87.86289,100,0,NA,75.14,82.3561,95.41936,12.165668,15.641572,NA,92.2,72.4,0.16
2018-07-18,0.043,JAN,91,74,78.1,73,0.71,2.7372823,228.84213,63.362026,89.1844,100,0,NA,75.5498,82.82298,101.64724,20.85543,28.676216,NA,92.2,72.4,0.17
2018-07-19,0.044,JAN,95,73,77,71.1,0,3.312195,197.90845,49.088055,78.91358,100,0,NA,74.7,88.06313,102.11232,8.689762,14,NA,92.3,72.4,0.16
2018-07-20,0.045,JAN,95,74,79,71.1,0.15,3.8076656,229.0481,56.24827,77.55006,100,0,NA,75.5498,93.12324,109.94281,17.379524,31,NA,92.3,72.4,0.17
2018-07-21,0.038,JAN,94,76,78.1,68,0.02,6.083624,241.12283,54.443356,74.392685,90.249115,0,NA,77,91.06885,108.464386,22.593382,31.283144,NA,92.3,72.4,0.16
2018-07-22,0.041,JAN,93,74,77,69.1,0,5.4745646,281.0439,47.282948,71.799,90.974266,0,NA,75.2658,89.0615,100.53279,13.034643,16.51055,NA,92.4,72.4,0.16
2018-07-23,0.047,JAN,90,74,75,66.9,0.03,4.9351916,356.22772,49.88376,73.47776,100,0,NA,75.69,83.586555,94.00061,13.90362,19.117477,NA,92.4,72.4,0.18
2018-07-24,0.045,JAN,89,71,71.1,64.9,0,7.2794423,358.2251,46.388844,70.48023,93.4268,0,NA,73.158,81.02418,89.79883,13.90362,19.117477,NA,92.4,72.4,0.17
2018-07-25,0.054,JAN,91,69,71.1,64.9,0,4.7407665,353.89844,42.205044,68.58274,96.9686,0,NA,70,81.85094,93.70633,13.034643,16.51055,NA,92.5,72.4,0.17
2018-07-26,0.051,JAN,93,66,70,59,0,3.0766551,350.41156,34.26513,65.08845,100,0,NA,66,80.148705,91.9,13.034643,16.51055,NA,92.5,72.4,0.16
2018-07-27,0.057,JAN,95,66,71.1,63,0,3.2494774,7.5418844,36.078796,65.44829,93.319046,0,NA,68,83.06273,95.3317,11.296691,13.034643,NA,92.5,72.4,0.16
2018-07-28,0.048,JAN,94,73,73,68,0.77,3.3888502,25.694263,44.149624,77.49308,97.016945,0,NA,74.4073,82.85388,99.66107,25.200312,35.628025,NA,92.6,72.4,0.17
2018-07-29,0.044,JAN,92,72,73.9,69.1,1e-4,2.0010452,7.8046627,51.93074,79.913345,100,0,NA,73.6,83.437965,97.2908,7.820786,10.427715,NA,92.6,72.4,0.16
2018-07-30,0.05,JAN,93,73,73.9,71.1,0,4.096864,273.1446,50.798344,77.27576,97.016945,0,NA,74.5439,85.4087,98.77585,12.165668,17.379524,NA,92.6,72.4,0.16
2018-07-31,0.04,JAN,86,71,73.9,69.8,0.37,4.050871,205.7195,67.6068,87.71212,100,0,NA,72.4372,79.53097,91.60043,13.90362,17.379524,NA,92.6,72.4,0.16
2018-08-01,0.05,JAN,88,68,72,66,0,3.8027875,1.8345691,51.167645,78.12086,100,0,NA,69.1,78.78282,92.42606,10.427715,14,NA,92.7,72.4,0.17
2018-08-02,0.049,JAN,92,67,72,61,0.01,3.185366,6.132271,36.795143,71.07889,100,0,NA,68,80.69383,93.03301,13.90362,16.51055,NA,92.7,72.3,0.16
2018-08-03,0.044,JAN,92,68,73,63,0.54,2.8529618,131.98618,46.55105,80.33913,100,0,NA,68,79.46646,93.10589,31.283144,39.10393,NA,92.7,72.3,0.17
2018-08-04,0.036,JAN,87,68,73.9,68,1e-4,4.6745644,145.19133,56.919083,80.63089,100,0,NA,69.1,81.51469,94.55197,13.90362,17,NA,92.7,72.3,0.16
2018-08-05,0.032,JAN,93,70,73,66.9,0.14,3.166899,152.72115,43.986134,76.33362,93.50594,0,NA,72.2999,82.3665,97.003204,19.117477,24.331335,NA,92.7,72.3,0.16
2018-08-06,0.043,JAN,92,71,73.9,68,0,1.677352,337.22977,51.649754,75.47876,97.016945,0,NA,73.4587,84.96524,99.66107,8.689762,13.034643,NA,92.7,72.2,0.17
2018-08-07,0.035,JAN,94,73,73.9,69.1,0,3.7198606,214.79474,45.84961,72.18074,97.016945,0,NA,74.5439,86.0843,98.77585,13.90362,19,NA,92.7,72.2,0.16
2018-08-08,0.034,JAN,94,71,73.9,69.1,1e-4,3.4052265,196.45258,45.981567,70.93376,93.40279,0,NA,72.2999,85.63336,100.201485,8.689762,13.034643,NA,92.7,72.1,0.16
2018-08-09,0.037,JAN,90,74,73.9,70,1e-4,4.461324,244.78232,55.315365,73.916214,90.974266,0,NA,75.2658,85.197266,97.2908,13.034643,16.51055,NA,92.7,72.1,0.16
2018-08-10,0.037,JAN,90,71,75.9,71.1,0.03,4.7247386,221.74234,53.91329,84.24005,96.99354,0,NA,73.4587,80.73122,96.446625,19.986454,24,NA,92.7,72.1,0.16
2018-08-11,0.046,JAN,94,69,73.9,66,0,3.735007,249.16302,41.200005,74.823395,100,0,NA,69.1,83.01444,96.13336,8.689762,14,NA,92.6,72,0.15
2018-08-12,0.038,JAN,93,72,72,70,0.71,1.6710801,272.53705,50.609615,82.052505,94.10022,0,NA,74.2452,80.71133,101.037025,15.641572,24,NA,92.6,71.9,0.15
2018-08-13,0.028,JAN,92,70,73,66.9,0,2.7351916,327.79318,46.683357,75.832184,100,0,NA,72.4372,83.0101,95.935555,10.427715,12.165668,NA,92.6,71.9,0.16
2018-08-14,0.033,JAN,94,70,73.9,66.9,0,1.6264808,273.76984,41.33532,73.357025,96.99354,0,NA,72.4372,84.47277,97.66172,6.95181,9.558739,NA,92.5,71.8,0.15
2018-08-15,0.038,JAN,96,71,73.9,66,0,2.4132404,185.49057,39.954544,69.62258,93.77152,0,NA,73.2911,86.569466,99.10271,8.689762,14,NA,92.5,71.8,0.16
2018-08-16,0.035,JAN,94,73,75,69.1,0,5.750871,172.62827,52.348576,76.15981,93.50594,0,NA,75.2658,86.34438,102.11232,18.2485,20,NA,92.4,71.7,0.15
2018-08-17,0.032,JAN,95,73,75,71.1,0.48,5.697561,189.71782,50.907776,82.74566,97.016945,0,NA,74.4073,83.47836,103.258156,19.986454,22.593382,NA,92.4,71.6,0.16
2018-08-18,0.029,JAN,90,72,77,70,0.23,6.0696864,178.9479,60.966244,87.74578,97.04129,0,NA,73.4587,81.995995,101.825516,18.2485,22.593382,NA,92.3,71.5,0.15
2018-08-19,0.024,JAN,88,71,75.9,70,0.51,5.6843204,191.34393,61.241543,85.30631,100,0,NA,72.4372,80.67997,96.62901,19.986454,26.069286,NA,92.2,71.4,0.16
2018-08-20,0.032,JAN,92,73,75.9,68,1e-4,7.926132,196.06277,52.372917,78.46958,97.016945,0,NA,74.4073,84.89115,99.66107,13.034643,18.2485,NA,92.2,71.4,0.15
2018-08-21,0.043,JAN,89,70,73.9,64.9,1e-4,5.087805,260.85654,44.802727,75.23739,96.678116,0,NA,73.2911,80.8018,91.60079,13.034643,18.2485,NA,92.1,71.3,0.14
2018-08-22,0.046,JAN,87,67,70,64.9,0,4.091986,359.04886,49.437626,75.26043,96.29225,0,NA,68,77.941246,89.44426,11.296691,17.379524,NA,92,71.2,0.16
2018-08-23,0.047,JAN,87,69,66.9,59,0,4.8651567,21.816275,40.137066,67.034096,89.89542,0,NA,69.1,77.61025,86.82959,11.296691,15,NA,91.9,71.1,0.15
2018-08-24,0.06,JAN,90,64,66.9,61,0,3.3665504,110.02467,40.610085,66.01535,93.53832,0,NA,64,78.20718,91.93726,8.689762,14,NA,91.8,70.9,0.14
2018-08-25,0.063,JAN,93,68,72,66,0,2.943554,99.59896,47.447067,69.33636,92.705696,0,NA,69.1,84.5904,98.77585,8.689762,12.165668,NA,91.7,70.8,0.14
2018-08-26,0.038,JAN,94,71,75,69.1,0,4.4428573,130.75296,45.84961,72.67988,96.99354,0,NA,73.4587,85.91021,99.10271,11.296691,14,NA,91.6,70.7,0.14
2018-08-27,0.031,JAN,94,72,75,68,1e-4,6.030662,144.64798,44.149624,73.57686,96.99354,0,NA,73.4587,85.683464,98.31897,18.2485,21.724405,NA,91.5,70.6,0.14
2018-08-28,0.032,JAN,93,73,78.1,71.1,1e-4,5.9400697,160.5442,52.247787,79.118515,96.678116,0,NA,74.5439,84.84545,103.35916,17.379524,23.462358,NA,91.3,70.4,0.12
2018-08-29,0.033,JAN,95,70,75,66,1e-4,3.5648084,149.8177,41.33532,79.20357,96.99354,0,NA,73.2911,81.60088,97.66172,19.117477,24.331335,NA,91.2,70.3,0.13
2018-08-30,0.035,JAN,89,70,73,69.1,0,2.1630661,133.33069,59.092064,81.24183,96.99354,0,NA,70,81.0024,92.895424,12.165668,15.641572,NA,91.1,70.1,0.13
2018-08-31,0.03,JAN,90,70,75,70,0.3,4.691986,112.43221,56.919083,85.663734,100,0,NA,72.4372,79.0968,92.03618,21.724405,26.069286,NA,90.9,69.9,0.13
2018-09-01,0.026,JAN,89,71,73.9,70,0.05,6.621603,117.84799,57.427124,84.42752,100,0,NA,72.4372,79.30361,94.00061,20.85543,26.069286,NA,90.8,69.8,0.12
2018-09-02,0.021,JAN,89,72,73.9,70,1e-4,7.1470385,126.99737,56.919083,83.552956,100,0,NA,73.16,81.02775,95.41936,19.986454,32.152122,NA,90.6,69.6,0.13
2018-09-03,0.026,JAN,91,70,73,69.1,0.02,6.287108,110.16541,50.356514,78.03322,100,0,NA,72.61,82.141174,95.487274,19.986454,26.069286,NA,90.5,69.4,0.12
2018-09-04,0.023,JAN,91,70,73.9,68,0,5.912195,87.42011,53.91329,77.77253,96.9686,0,NA,70,81.80206,97.2908,14.772596,19.986454,NA,90.3,69.2,0.12
2018-09-05,0.016,JAN,77,72,75.2,69.1,1.53,10.047387,99.835594,84.45763,93.49853,100,0,NA,73.2911,75.65603,78.6381,21.724405,30,NA,90.1,69,0.11
2018-09-06,0.03,JAN,89,73,75.9,72,0.2,6.8923345,162.76436,60.923714,86.0172,97.04129,0,NA,74.5439,82.255974,98.08501,13.90362,20,NA,90,68.8,0.12
2018-09-07,0.028,JAN,89,72,73.9,72,0,5.3418117,159.93257,60.923714,83.58511,100,0,NA,74.5439,82.75774,96.62901,12.165668,15,NA,89.8,68.6,0.12
2018-09-08,0.033,JAN,89,71,73.9,70,1e-4,4.0069685,188.03064,61.241543,85.01466,97.016945,0,NA,72.4372,80.28316,95.725685,14.772596,17.379524,NA,89.6,68.3,0.12
2018-09-09,0.024,JAN,86,72,73.9,71.1,1.26,3.4439025,209.00526,69.685555,90.70742,100,0,NA,73.4587,78.00558,92.35637,13.90362,19.117477,NA,89.4,68.1,0.12
2018-09-10,0.021,JAN,78,69,72,68,1e-4,4.8013935,354.14548,76.193085,89.43438,100,0,NA,69.1,73.66018,80.367,8.689762,11.296691,NA,89.2,67.9,0.12
2018-09-11,0.027,JAN,86,69,73.9,66.9,1.21,3.6857142,39.284443,67.280304,86.80435,100,0,NA,69.1,76.73623,89.61728,18.2485,21,NA,89,67.6,0.12
2018-09-12,0.032,JAN,89,71,73.9,70,0,2.441115,17.038593,55.315365,82.766624,100,0,NA,72.61,81.16708,94.00061,10.427715,16.51055,NA,88.8,67.3,0.13
2018-09-13,0.033,JAN,92,72,77,70,1e-4,2.4034843,60.438366,53.867287,81.845566,100,0,NA,73.4587,84.36026,103.05586,18.2485,20.85543,NA,88.6,67.1,0.13
2018-09-14,0.04,JAN,94,72,75,70,1e-4,2.5832753,10.842056,47.282948,78.7862,100,0,NA,74.5439,86.364105,101.037,12.165668,14,NA,88.4,66.8,0.12
2018-09-15,0.041,JAN,94,73,75,71.1,0,3.5379791,7.6503887,50.609615,75.90751,100,0,NA,74.7,87.4071,103.258156,12.165668,14.772596,NA,88.1,66.5,0.12
2018-09-16,0.036,JAN,95,73,73.9,69.1,0,3.13554,354.4367,47.282948,73.86537,96.678116,0,NA,74.4073,86.14113,100.13229,11.296691,14.772596,NA,87.9,66.2,0.11
2018-09-17,0.036,JAN,95,70,73.9,69.1,0,1.7310104,338.53247,45.84961,75.1209,100,0,NA,73.4587,85.476715,100.201485,8.689762,11.296691,NA,87.7,65.9,0.11
2018-09-18,0.047,JAN,95,70,73,66.9,1e-4,1.2543554,20.328583,41.33532,72.852936,96.99354,0,NA,73,85.44122,99.404564,7.820786,9.558739,NA,87.4,65.5,0.12
2018-09-19,0.041,JAN,95,70,73,66,0,1.4125435,79.08113,40.06605,72.010376,96.322716,0,NA,72.2999,84.261314,99.404564,7.820786,11.296691,NA,87.2,65.2,0.11
2018-09-20,0.046,JAN,92,70,73.9,68,0,3.4062717,140.27649,50.798344,72.64774,93.40279,0,NA,70,85.36831,98.77585,11.296691,13.90362,NA,86.9,64.9,0.1
2018-09-21,0.029,JAN,93,73,75,66,1e-4,3.6993032,155.54112,43.851994,73.805374,97.016945,0,NA,74.5439,85.226814,95.935555,11.296691,13.034643,NA,86.6,64.5,0.11
2018-09-22,0.03,JAN,90,71,73,70,0.21,4.1045294,148.89844,57.18277,81.561615,96.99354,0,NA,73.4587,81.963806,96.16709,25.200312,29,NA,86.4,64.2,0.1
2018-09-23,0.032,JAN,88,71,75,71.1,0.09,3.6376307,158.76657,59.20717,85.81025,97.016945,0,NA,73.4587,80.49048,94.78818,13.90362,19.117477,NA,86.1,63.8,0.11
2018-09-24,0.028,JAN,89,73,73.9,71.1,0.17,6.2996516,153.88516,57.427124,85.85206,97.016945,0,NA,74.5439,80.39833,94.00061,19.986454,22.593382,NA,85.8,63.4,0.1
2018-09-25,0.027,JAN,90,73,73.9,71.1,0.03,5.0285716,175.03282,59.092064,84.93498,97.016945,0,NA,74.5439,81.30585,94.78818,17.379524,23,NA,85.5,63.1,0.11
2018-09-26,0.018,JAN,78,71,75.2,69.1,3.07,3.5296168,151.29016,87.48222,95.34117,100,0,NA,72.2999,75.56448,78.7972,15.641572,20,NA,85.3,62.7,0.12
2018-09-27,0.019,JAN,80,65,73.4,62.1,1.65,4.924739,298.11264,73.88337,91.26262,100,0,NA,64.9,72.59652,82.3344,10.427715,16.51055,NA,85,62.3,0.11
2018-09-28,0.023,JAN,74,63,66.9,62.1,0,2.012195,4.978049,73.4019,86.830154,96.92933,0,NA,64.9,68.02411,73.9,6.95181,10.427715,NA,84.7,61.9,0.11
2018-09-29,0.03,JAN,80,63,70,62.1,0,1.4595819,52.251694,64.451225,85.75372,100,0,NA,63,70.68754,81.0068,6.95181,9.558739,NA,84.4,61.5,0.12
2018-09-30,0.027,JAN,84,69,73.9,68,0,1.4236934,70.68669,65.13056,84.79676,96.678116,0,NA,70,77.21165,86.95028,6.082834,8.689762,NA,84,61.1,0.12
2018-10-01,0.03,JAN,88,70,73,69.1,0.01,2.9010453,106.139725,57.163784,83.03572,96.322716,0,NA,72.2999,79.1668,90.15505,7.820786,11.296691,NA,83.7,60.7,0.12
2018-10-02,0.034,JAN,89,73,73,69.1,0,1.8606272,111.43889,51.80454,80.70147,96.678116,0,NA,74.2452,81.6129,94.00061,6.95181,11.296691,NA,83.4,60.3,0.13
2018-10-03,0.037,JAN,89,70,72,68,0,3.4292684,146.54332,51.649754,76.74867,93.4268,0,NA,70,80.63248,91.65491,7.820786,12.165668,NA,83.1,59.8,0.12
2018-10-04,0.038,JAN,90,68,73.9,66.9,0,2.6874564,140.93454,48.025757,76.94512,100,0,NA,69.1,80.50485,92.901535,6.95181,14,NA,82.7,59.4,0.12
2018-10-05,0.041,JAN,90,68,72,66.9,0,2.8397212,141.57574,48.025757,75.958954,96.9686,0,NA,69.1,79.92241,92.42606,8.689762,11.296691,NA,82.4,59,0.13
2018-10-06,0.031,JAN,86,66,73,66,0,3.0278745,125.28219,63.395924,84.86575,100,0,NA,66.2,77.35228,90.15505,8.689762,12.165668,NA,82.1,58.5,0.11
2018-10-07,0.036,JAN,89,68,73,64,0,4.1296167,116.61755,44.802727,76.02615,100,0,NA,68,78.72189,90.96614,12.165668,16.51055,NA,81.7,58.1,0.12
2018-10-08,0.035,JAN,89,68,70,64.9,0,6.225087,103.80006,46.388844,72.40417,89.89542,0,NA,69.1,78.87767,89.79883,14.772596,19.117477,NA,81.4,57.7,0.11
2018-10-09,0.02,JAN,86,72,71.1,69.1,0,7.6655054,108.49682,61.064674,79.6132,90.594666,0,NA,73.158,79.173996,90.15505,15.641572,19.986454,NA,81,57.2,0.11
2018-10-10,0.026,JAN,87,68,72,64.9,0,4.903136,325.70044,62.857838,82.04996,96.99354,0,NA,69.1,77.51802,90.15505,17.379524,21.724405,NA,80.6,56.8,0.1
2018-10-11,0.032,JAN,75,57,64.9,48.9,0,7.380488,328.3059,39.74699,65.18647,90.400345,0,NA,57.9,65.66852,75,13.90362,19.117477,NA,80.3,56.3,0.1
2018-10-12,0.047,JAN,78,50,57.9,46,0,3.6149826,21.45662,33.263847,63.480015,86.2867,0,NA,51.1,64.108345,78.1,10.427715,14.772596,NA,79.9,55.9,0.11
2018-10-13,0.039,JAN,80,54,62.1,53.1,0,4.060627,135.7948,43.592644,69.30002,93.31721,0,NA,55.9,67.60836,79,18.2485,22.593382,NA,79.5,55.5,0.11
2018-10-14,0.041,JAN,88,64,69.1,60.1,0,7.0536585,174.83156,44.660763,73.546684,93.56222,0,NA,64,75.269875,89.33843,15.641572,21.724405,NA,79.2,55,0.11
2018-10-15,0.033,JAN,87,61,71.1,62.1,0,6.608362,333.83615,52.994083,81.5946,100,0,NA,64.9,73.94127,90.72519,17.379524,21,NA,78.8,54.6,0.11
2018-10-16,0.006,JAN,61,57,59,55.9,0.14,7.9532375,12.854199,86.66759,92.49621,100,0,NA,57.9,59.655037,61,13.90362,19.986454,NA,78.4,54.1,0.12
2018-10-17,0.021,JAN,66,57,59,50,0.17,7.624042,19.439787,69.24264,86.2839,96.81093,0,NA,57,60.107803,66,12.165668,21.724405,NA,78,53.7,0.13
2018-10-18,0.036,JAN,73,57,51.1,46,0,6.536934,29.435673,38.114365,62.95583,80.60365,0,NA,57,62.54214,71.9978,11.296691,15.641572,NA,77.6,53.3,0.13
2018-10-19,0.033,JAN,84,54,68,48,0,1.8745644,54.041565,52.61694,72.40581,93.319046,0,NA,55,68.39402,84.14535,6.95181,8.689762,NA,77.2,52.8,0.13
2018-10-20,0.022,JAN,68,49,64.9,50,0.01,4.691986,350.38733,75.11617,87.80463,100,0,NA,51.1,63.032543,68,15.641572,19.986454,NA,76.8,52.4,0.13
2018-10-21,0.032,JAN,64,43,51.1,32,0,6.747735,24.415798,31.123516,64.16888,100,0,NA,41.834225000000004,52.405277,64,13.034643,19.117477,NA,76.5,52,0.13
2018-10-22,0.033,JAN,70,39,52,37,0,2.2982578,64.68586,37.31991,69.83767,92.45325,0,NA,37.7197,54.123283,70,8.689762,14,NA,76.1,51.5,0.13
2018-10-23,0.03,JAN,69,53,57,48.9,0,3.5832753,27.757734,63.117867,79.518906,92.92053,0,NA,53.1,59.205994,68,7.820786,10.427715,NA,75.7,51.1,0.14
2018-10-24,0.04,JAN,74,49,51.1,46,1e-4,5.7156796,59.866566,41.098576,66.474174,92.8002,0,NA,45.88414,60.10089,71.9316,12.165668,15.641572,NA,75.3,50.7,0.13
2018-10-25,0.026,JAN,64,56,62.1,50,0.7,7.1351914,126.04866,69.24264,91.027885,96.878845,0,NA,55.9,60.8885,64,19.117477,23.462358,NA,74.9,50.3,0.14
2018-10-26,0.024,JAN,59,48,57,46.9,0.01,6.8013935,287.2886,66.70075,82.05716,96.81093,0,NA,49.26583,56.17534,59,12.165668,18.2485,NA,74.5,49.9,0.14
2018-10-27,0.036,JAN,72,44,52,43,0,2.5414634,239.8195,42.0519,78.05426,96.628975,0,NA,45,55.599743,70,8.689762,12.165668,NA,74.1,49.5,0.13
2018-10-28,0.043,JAN,84,50,61,48,0,5.481533,203.7122,42.629578,76.354095,100,0,NA,49.26583,65.412285,82.85624,12.165668,15.641572,NA,73.7,49.1,0.13
2018-10-29,0.046,JAN,83,54,64.9,55.9,0,1.5073171,142.89313,49.028793,80.56479,100,0,NA,55.9,66.93649,82.62488,7.820786,9.558739,NA,73.3,48.7,0.13
2018-10-30,0.045,JAN,82,54,63,54,0,5.1672473,175.541,39.366528,74.46506,100,0,NA,55,68.17954,82,13.034643,17.379524,NA,72.9,48.4,0.12
2018-10-31,0.042,JAN,82,66,66.9,63,1e-4,10.116376,167.25505,52.61694,77.34628,96.92933,0,NA,66,73.19672,83.16891,19.117477,26.069286,NA,72.5,48,0.13
2018-11-01,0.025,JAN,75,52,69.8,50,1.38,8.961673,224.94353,77.97277,88.84809,96.903595,0,NA,53.1,62.48911,73.9,20.85543,28,NA,72.2,47.6,0.13
2018-11-02,0.034,JAN,63,48,51.1,41,0.02,6.0223,278.17404,45.84224,74.11811,96.729576,0,NA,44.93096,52.881187,62.1,11.296691,16,NA,71.8,47.3,0.14
2018-11-03,0.042,JAN,74,45,51.1,44.1,0,4.8996515,168.01079,41.098576,73.74116,93.05812,0,NA,44.80021,57.362297,72,13.034643,16.51055,NA,71.4,46.9,0.14
2018-11-04,0.025,JAN,59,53,57.9,48.9,0.46,6.6839724,135.95969,74.27023,90.43609,100,0,NA,54,57.038258,59,17.379524,23.462358,NA,71,46.6,0.15
2018-11-05,0.024,JAN,76,54,70,54,0,8.61324,160.5752,71.414795,89.88153,100,0,NA,55,66.199776,75.9,17.379524,22.593382,NA,70.7,46.3,0.14
2018-11-06,0.033,JAN,75,58,70,55.9,0.26,4.8801394,82.02744,53.360497,80.69814,96.92933,0,NA,59,66.639275,75,15.641572,21,NA,70.3,45.9,0.14
2018-11-07,0.019,JAN,67,56,64.9,55,1.45,5.897561,33.629448,83.35917,92.68346,100,0,NA,55.9,61.13066,66,13.034643,16.51055,NA,69.9,45.6,0.15
2018-11-08,0.014,JAN,57,54,55.9,51.8,0.51,4.8843207,31.81145,92.92053,96.321075,100,0,NA,53.6,55.048153,55.9,13.90362,15.641572,NA,69.6,45.3,0.14
2018-11-09,0.026,JAN,57,42,55.9,37.9,0.63,7.9602785,344.31125,74.153496,88.76008,100,0,NA,37.09018,46.40071,57,19.117477,27,NA,69.2,45,0.14
2018-11-10,0.029,JAN,50,37,37,30,0,8.291289,22.432358,47.853535,67.63053,89.26615,0,NA,29.238117,37.49827,44.527874,15.641572,21.724405,NA,68.9,44.7,0.15
2018-11-11,0.034,JAN,61,37,48,30.9,0.49,3.5038328,48.022274,40.462532,70.806526,92.8002,0,NA,34.708565,46.402954,60.1,7.820786,13.90362,NA,68.5,44.5,0.14
2018-11-12,0.016,JAN,55,44,52,44.1,2.47,7.0327525,7.647613,89.592415,95.21453,100,0,NA,40.524185,48.667744,55,13.90362,17.379524,NA,68.2,44.2,0.14
2018-11-13,0.015,JAN,44,35,41,32,1e-4,10.514286,336.61954,85.23134,91.097885,96.522156,0,NA,26.318258,30.46576,36.76216,14.772596,21.724405,NA,67.8,43.9,0.15
2018-11-14,0.02,JAN,36,29,33.1,23,1e-4,7.0278745,320.11130000000003,74.8682,87.191216,96.46132,0,NA,21.796787,26.287844,30.974932,11.296691,16.51055,NA,67.5,43.7,0.15
2018-11-15,0.034,JAN,50,28,30.9,24.1,0,3.6763067,296.14038,37.517635,71.693756,91.51263,0,NA,22.341219,33.16111,45.88414,10.427715,15.641572,NA,67.2,43.4,0.14
2018-11-16,0.041,JAN,66,30,42.1,28.9,0,2.132404,212.16109,31.553473,73.8392,96.522156,0,NA,26.135624,43.730717,64.9,8.689762,12.165668,NA,66.9,43.2,0.15
2018-11-17,0.043,JAN,65,35,44.1,34,0,1.6491289,189.29816,41.088253,79.23198,100,0,NA,35.1,47.01533,64.9,7.820786,9.558739,NA,66.5,43,0.15
2018-11-18,0.043,JAN,69,34,46.9,34,0,0.74494773,236.87021,31.921968,75.4079,100,0,NA,35.1,49.72141,68,6.082834,9.558739,NA,66.2,42.7,0.14
2018-11-19,0.013,JAN,58,42,54,41,0.02,2.5839722,313.05273,79.40319,91.021904,96.7575,0,NA,41.26356,50.616356,57.9,10.427715,12.165668,NA,65.9,42.5,0.15
2018-11-20,0.027,JAN,57,36,48,35.1,1e-4,6.0689898,351.68625,48.73428,76.89613,96.685585,0,NA,35.43334,44.671066,57,13.034643,15.641572,NA,65.6,42.3,0.15
2018-11-21,0.029,JAN,57,32,39,32,0,2.363763,16.53263,45.402477,78.58057,96.492714,0,NA,28.704685,42.46202,55.9,10.427715,13.034643,NA,65.3,42.1,0.15
2018-11-22,0.034,JAN,63,35,42.1,34,0,2.0292683,30.005945,39.21163,74.1204,92.783875,0,NA,32.091175,46.381092,62.1,10.427715,12.165668,NA,65,41.9,0.14
2018-11-23,0.024,JAN,62,38,55,36,0.33,6.878397,147.14432,72.12748,83.70322,100,0,NA,39,51.074528,60.1,15.641572,25.200312,NA,64.8,41.7,0.14
2018-11-24,0.03,JAN,71,47,54,46,0,2.786411,184.73547,43.657303,83.431885,100,0,NA,48,56.124268,70,7.820786,9.558739,NA,64.5,41.6,0.15
2018-11-25,0.024,JAN,66,46,63,34,0.06,8.4041815,186.10135,45.84224,83.68015,100,0,NA,42.365353,57.472527,66,18.2485,24.331335,NA,64.2,41.4,0.15
2018-11-26,0.03,JAN,50,29,30,27,0,6.4216027,310.7776,40.6187,64.50652,92.18172,0,NA,29.731007,36.120464,45.540215,13.90362,23.462358,NA,63.9,41.2,0.15
2018-11-27,0.029,JAN,51,28,30.9,23,0,3.88223,325.15692,37.570057,68.97598,92.49329,0,NA,22.713701,34.42614,51.1,13.90362,17.379524,NA,63.7,41.1,0.16
2018-11-28,0.032,JAN,62,31,39,28.9,0,5.114286,179.045,36.192703,67.0489,92.21943,0,NA,26.135624,43.379337,61,13.034643,17.379524,NA,63.4,40.9,0.15
2018-11-29,0.031,JAN,72,45,62.1,35.1,1e-4,8.744947,171.90578,65.45249,76.52131,90.642,0,NA,42.391476,60.418354,70,15.641572,23.462358,NA,63.1,40.8,0.17
2018-11-30,0.033,JAN,75,63,64.9,61,0.28,11.100348,164.33995,64.06799,85.68894,96.903595,0,NA,63,67.134285,75,17.379524,21,NA,62.9,40.6,0.16
2018-12-01,0.03,JAN,81,52,70,48.9,0.07,8.889198,193.96426,55.979965,79.68117,96.92933,0,NA,54,69.31748,81.70885,20.85543,29,NA,62.6,40.5,0.15
2018-12-02,0.04,JAN,77,45,48,34,0,4.1825786,220.61815000000001,22.659359,60.587856,89.28615,0,NA,44.693104,57.69302,74.3382,13.034643,16.51055,NA,62.4,40.3,0.16
2018-12-03,0.031,JAN,62,39,42.1,32,0,7.1498256,347.22495,33.401276,63.509003,82.18908,0,NA,35.04483,46.540646,61,13.90362,17.379524,NA,62.1,40.2,0.15
2018-12-04,0.027,JAN,52,32,32,28,0,5.576307,345.028,42.158836,69.51289,88.274284,0,NA,27.939062,36.72438,51.1,13.034643,17.379524,NA,61.9,40.1,0.16
2018-12-05,0.029,JAN,49,28,28.9,23,0,3.3344948,14.643137,37.055244,71.69338,96.37933,0,NA,22.968079,32.83923,46.104233,13.90362,17.379524,NA,61.7,39.9,0.16
2018-12-06,0.029,JAN,56,28,35.1,25,0,4.081533,162.45573,35.360737,61.65671,88.43512,0,NA,26.402206,41.759106,55.9,11.296691,15.641572,NA,61.4,39.8,0.15
2018-12-07,0.023,JAN,53,44,45,35.1,0.34,3.0982578,82.29536,54.263977,76.03791,96.27691,0,NA,41.843975,46.719616,52,10.427715,13.034643,NA,61.2,39.7,0.16
2018-12-08,0.031,JAN,46,44,44.1,41,2.32,7.576307,49.299984,88.76556,93.08192,96.628975,0,NA,37.71057,40.203987,46,19.986454,28,NA,61,39.6,0.16
2018-12-09,0.023,JAN,46,35,44.1,33.1,0.03,8.605575,319.3664,88.77747,92.73304,96.628975,0,NA,26.6929,30.578377,42.391476,13.034643,19.117477,NA,60.8,39.4,0.16
2018-12-10,0.026,JAN,49,29,34,28,0,5.190941,314.20035,54.23788,74.45394,92.15066,0,NA,26.402206,34.81462,46.465904,11.296691,13.90362,NA,60.6,39.3,0.17
2018-12-11,0.024,JAN,56,22,33.1,15.1,0,0.99860626,211.09752,21.157385,72.09665,100,0,NA,23,35.421608,55,6.082834,9.558739,NA,60.4,39.2,0.16
2018-12-12,0.027,JAN,57,32,46.9,25,0,6.5149827,161.74902,31.511898,67.815384,86.06188,0,NA,26.119879,43.554836,57,12.165668,15.641572,NA,60.2,39.1,0.16
2018-12-13,0.025,JAN,62,51,57.2,46.9,0.23,9.030662,129.32025,77.531395,88.125786,96.81093,0,NA,51.1,56.499023,62.1,17.379524,23.462358,NA,60,39,0.16
2018-12-14,0.025,JAN,62,46,59,39.9,0.03,7.1825786,175.92737,57.50548,82.92135,100,0,NA,43.768723,53.945274,61,18.2485,23.462358,NA,59.8,38.9,0.17
2018-12-15,0.016,JAN,52,46,48,44.1,0.07,5.742857,267.0577,76.86228,88.20743,96.685585,NA,NA,43.475407,46.51829,52,12.165668,15.641572,NA,59.6,38.8,0.15
2018-12-16,0.026,JAN,57,39,45,39.9,0.01,3.2557492,344.61832,66.610664,84.63511,96.59939,0,NA,40.2347,46.52841,55,11.296691,15.641572,NA,59.4,38.6,0.17
2018-12-17,0.027,JAN,67,36,48.9,36,0,0.62439024,237.75635,44.74064,81.78607,100,0,NA,36,49.182926,66,5.2138577,6.082834,NA,59.2,38.5,0.16
2018-12-18,0.007,JAN,64,37,48.9,36,0,1.3163763,173.7426,48.3071,80.590706,96.59939,0,NA,36.645416,50.030704,64,6.95181,8.689762,NA,59,38.4,0.17
2018-12-19,0.022,JAN,59,42,51.1,39.9,0.49,2.969338,99.19094,59.978054,87.96248,96.59939,0,NA,42.1,49.705338,57.9,13.034643,15.641572,NA,58.9,38.3,0.18
2018-12-20,0.022,JAN,52,44,50,37,0.1,6.7254357,319.3372,75.92653,89.826,96.00036,0,NA,37.757492,47.72863,52,17.379524,24.331335,NA,58.7,38.2,0.17
2018-12-21,0.026,JAN,49,33,37.9,30,1e-4,7.34007,304.46036,56.097176,74.86758,92.287315,0,NA,29.755665,37.28924,44.80021,18.2485,26.069286,NA,58.6,38.1,0.18
2018-12-22,0.034,JAN,64,30,43,28,0,6.487108,164.76009,29.770138,65.664825,92.18172,0,NA,26.135624,45.26435,63,15.641572,19.117477,NA,58.4,38,0.18
2018-12-23,0.039,JAN,68,41,55,36,0,8.234843,271.28427,42.555634,69.9147,86.81767,0,NA,36.55456,54.15936,66.9,14.772596,20.85543,NA,58.3,37.9,0.18
2018-12-24,0.033,JAN,59,34,36,30,0,4.6881533,78.558975,34.307835,66.52887,89.086205,0,NA,29.755665,42.131435,59,11.296691,15.641572,NA,58.1,37.8,0.17
2018-12-25,0.033,JAN,71,40,54,35.1,1e-4,4.063066,170.65994,52.80147,73.175316,85.8089,0,NA,37.7197,55.354847,70,11.296691,14.772596,NA,58,37.7,0.18
2018-12-26,0.039,JAN,69,50,55,41,0.02,9.953975,128.94875,44.41143,69.13978,95.98142,0,NA,48.439743,60.176975,68,19.986454,26.069286,NA,57.9,37.6,0.17
2018-12-27,0.03,JAN,66,56,62.1,48.9,3.03,11.794425,136.99547,75.01524,88.11468,96.85247,0,NA,55.9,59.865852,66,26.938263,36.497,NA,57.7,37.5,0.18
2018-12-28,0.023,JAN,61,45,59,42.1,0.01,3.645296,329.56967,79.852875,90.32014,96.81093,0,NA,41.29593,52.87116,61,13.034643,15.641572,NA,57.6,37.4,0.16
2018-12-29,0.017,JAN,53,41,45,35.1,0.81,7.3101044,19.714205,58.358864,82.005394,96.27691,0,NA,34.704742,42.01643,51.1,13.90362,19.117477,NA,57.5,37.3,0.17
2018-12-30,0.018,JAN,66,47,64.4,44.6,0.01,5.6878047,82.95255,89.08853,94.45369,100,0,NA,42.467316,51.320534,66,18.2485,23.462358,NA,57.4,37.2,0.16
2018-12-31,0.022,JAN,74,60,69.1,54,0.45,8.653659,176.01505,83.41765,90.99349,96.15043,0,NA,55.9,65.08132,74.1165,22.593382,30.41417,NA,57.3,37.2,0.17
2019-01-01,0.024,JAN,62,51,55.9,46,0,5.518467,4.9196453,67.0632,84.40108,96.41831,0,NA,51.1,55.199932,61,11.296691,13.90362,NA,57.2,37.1,0.17
2019-01-02,0.016,JAN,51,47,48.9,45,2.2,7.0034842,9.91293,86.06188,91.65972,96.685585,0,NA,42.041008,45.691605,49.26583,13.90362,17.379524,NA,57.2,37,0.17
2019-01-03,0.015,JAN,55,48,53.1,46,1.39,4.477352,60.513126,92.14252,94.23947,96.7575,0,NA,44.80021,50.02639,55,13.034643,16.51055,NA,57.1,36.9,0.17
2019-01-04,0.019,JAN,55,43,53.1,36,0.05,9.133798,250.91837,70.63551,83.50888,96.7575,0,NA,36.367393,40.585823,55,18.2485,26.069286,NA,57,36.8,0.17
2019-01-05,0.027,JAN,62,38,43,37,0,2.5487804,261.59207,40.76789,80.899895,100,0,NA,37.7197,45.47685,61,7.820786,10.427715,NA,57,36.8,0.18
2019-01-06,0.035,JAN,69,35,46,34,0,2.71115,168.63348,29.547894,70.01072,96.522156,0,NA,33.26129,49.859177,69.1,10.427715,11.296691,NA,56.9,36.7,0.17
2019-01-07,0.038,JAN,70,42,54,39,0,8.001393,181.75227,56.54882,77.870285,100,0,NA,38.390156,55.768745,68,17.379524,21.724405,NA,56.9,36.6,0.17
2019-01-08,0.039,JAN,77,51,57.9,39.9,0,6.1052265,265.71536,35.6392,68.321266,86.56035,0,NA,52,62.560196,75,12.165668,15.641572,NA,56.9,36.6,0.18
2019-01-09,0.039,JAN,56,37,36,19,0,8.510801,342.54514,23.367718,46.768055,67.165634,0,NA,33.40219,45.087875,55.9,19.986454,27,NA,56.9,36.5,0.17
2019-01-10,0.033,JAN,53,33,28.9,21.9,0,5.71777,10.022093,33.439117,54.97357,75.17598,0,NA,27.931797,37.20221,52,12.165668,14.772596,NA,56.9,36.5,0.17
2019-01-11,0.032,JAN,59,31,32,21.9,0,4.030662,121.83883,25.76028,52.118603,82.1482,0,NA,27.431068,43.176163,59,8.689762,12.165668,NA,56.9,36.4,0.17
2019-01-12,0.029,JAN,60,46,57,34,0.44,7.154007,161.3735,58.1551,84.573555,96.729576,0,NA,42.467316,49.81316,60.1,14.772596,22,NA,56.9,36.4,0.17
2019-01-13,0.022,JAN,47,40,39.9,32,0,7.8306623,316.40152,70.07997,74.580444,79.35582,0,NA,33.336967,38.255894,44.235825,13.034643,19.117477,NA,56.9,36.4,0.17
2019-01-14,0.031,JAN,44,39,34,32,0,6.696864,340.93323,65.020386,72.90535,79.17319,0,NA,32.87474,36.119522,40.765377,12.165668,14.772596,NA,57,36.3,0.17
2019-01-15,0.03,JAN,47,36,35.1,32,0,2.7198606,1.7832656,60.48937,77.573265,89.52968,0,NA,33.40219,37.41954,46,8.689762,10.427715,NA,57,36.3,0.18
2019-01-16,0.024,JAN,55,31,42.1,28.9,0,2.0132403,186.59012,52.397472,73.43029,96.46132,0,NA,27.431068,44.900486,55,6.082834,7.820786,NA,57,36.3,0.18
2019-01-17,0.022,JAN,58,47,55,41,0.06,5.491289,175.49301,68.22723,86.83438,100,0,NA,42.686028,51.744358,57.9,12.165668,16.51055,NA,57.1,36.3,0.16
2019-01-18,0.024,JAN,63,50,57.9,48.9,1e-4,5.88223,151.1612,72.42126,88.42599,100,0,NA,49.26583,57.59902,63,13.90362,19.117477,NA,57.2,36.3,0.17
2019-01-19,0.032,JAN,65,35,61,28.9,0.88,12.638328,244.40302,69.085075,85.02465,93.19044,1e-4,NA,24.798697,49.36633,64.9,22.593382,31,NA,57.3,36.3,0.17
2019-01-20,0.04,JAN,43,28,28,21,1e-4,8.878397,329.35605,44.27311,65.93353,85.07912,1e-4,NA,20.075188,27.468773,36.07252,19.986454,26.069286,NA,57.3,36.4,0.17
2019-01-21,0.038,JAN,53,27,26.1,19.9,0,6.1351914,114.81965,28.005495,56.71324,88.653656,0,NA,20.712856,34.783787,52,12.165668,17.379524,NA,57.4,36.4,0.18
2019-01-22,0.033,JAN,62,39,55,27,0,12.974913,131.38191,53.000835,67.56316,86.56035,0,NA,32.449837,50.865196,61,20.85543,29,NA,57.5,36.4,0.17
2019-01-23,0.03,JAN,65,34,61,28.9,0.38,9.389547,263.6866,77.882835,89.83269,93.59724,0,NA,27.36848,47.665436,64.9,19.986454,28,NA,57.7,36.5,0.18
2019-01-24,0.035,JAN,51,30,28.9,24.1,0,5.472474,327.15018,36.00996,63.593727,88.43512,0,NA,22.58018,33.615612,45.895653,14.772596,20,NA,57.8,36.5,0.18
2019-01-25,0.03,JAN,54,27,32,25,0,2.474913,344.5619,42.484467,72.86772,92.46329,0,NA,24.115845,36.07312,53.1,10.427715,13.034643,NA,57.9,36.6,0.18
2019-01-26,0.044,JAN,61,29,37,26.1,0,1.7317073,220.39384,32.98713,66.414665,92.287315,0,NA,25.084644,44.66663,60.1,10.427715,13.034643,NA,58,36.7,0.17
2019-01-27,0.042,JAN,62,37,37.9,33.1,0,2.989547,240.39778,39.043396,66.18161,88.872559999999993,0,NA,35.04483,46.310867,61,12.165668,16.51055,NA,58.2,36.7,0.18
2019-01-28,0.047,JAN,65,34,46.4,32,0.1,6.255749,209.57578,35.542206,67.210175,93.44901,0,NA,30.347797,48.03348,64.9,19.117477,24.331335,NA,58.3,36.8,0.19
2019-01-29,0.039,JAN,48,26,44.1,14,0.25,9.747038,341.9967,37.443943,65.078735,92.32428,0.3,NA,17.596918,26.771608,41.522274,20.85543,26.069286,NA,58.5,36.9,0.18
2019-01-30,0.034,JAN,48,25,27,16,0,2.2174215,64.09534,29.6291,62.47146,84.5273,0,NA,20.5304,33.747887,46.9,10.427715,13.034643,NA,58.7,37,0.19
2019-01-31,0.038,JAN,62,28,34,23,0,4.749826,156.87318,27.2402,56.79554,86.1759,0,NA,27.4311,43.488876,61,12.165668,17.379524,NA,58.8,37.2,0.19
2019-02-01,0.037,JAN,65,37,44.1,30,0,4.231359,144.35008,42.0928,61.581856,82.6576,0,NA,36.6454,49.824635,63,12.165668,14.772596,NA,59,37.3,0.19
2019-02-02,0.033,JAN,68,35,51.1,34,1e-4,2.389547,133.12901,54.5432,82.460464,96.7296,0,NA,35.4333,51.048912,66.9,8.689762,11.296691,NA,59.2,37.4,0.18
2019-02-03,0.034,JAN,65,50,55,48.9,0,4.71777,162.2185,69.9241,89.17754,100,0,NA,49.2658,56.41277,64,10.427715,13.034643,NA,59.4,37.5,0.18
2019-02-04,0.022,JAN,73,55,64,53.1,0,7.523345,170.76398,68.6589,87.68077,96.8109,0,NA,55,63.586132,73,13.90362,17.379524,NA,59.6,37.7,0.18
2019-02-05,0.016,JAN,74,65,66.9,63,0.04,7.1804876,158.08621,73.4019,90.52049,96.9036,0,NA,64.9,67.58627,73,14.772596,18.2485,NA,59.8,37.9,0.18
2019-02-06,0.024,JAN,80,67,66.2,63,1e-4,10.122648,178.27916,55.98,79.219826,93.969,0,NA,66.2,71.713326,81.4954,18.2485,24.331335,NA,60,38,0.18
2019-02-07,0.034,JAN,83,49,64,39.9,1e-4,12.802504,214.92316,47.4856,70.58167,87.2832,0,NA,44.1608,67.50142,82.4046,24.331335,29,NA,60.2,38.2,0.18
2019-02-08,0.032,JAN,49,33,39.2,19.9,1e-4,11.820906,348.3221,39.2874,59.74096,79.3394,0,NA,24.1307,31.237497,43.8223,20.85543,26.069286,NA,60.4,38.4,0.19
2019-02-09,0.034,JAN,55,33,30.9,25,0.01,8.125436,24.653519,37.8931,58.806347,88.2743,0,NA,24.9938,38.309296,54,13.90362,18.2485,NA,60.6,38.5,0.19
2019-02-10,0.033,JAN,66,43,55.9,30,0,4.6961675,150.60454,51.8909,65.76915,90.0427,0,NA,43.5499,56.304577,66,13.034643,15.641572,NA,60.9,38.7,0.19
2019-02-11,0.025,JAN,72,57,63,55,0.02,9.013937,164.42824,70.4243,84.74764,96.8109,0,NA,57,64.26759,71.1,15.641572,21.724405,NA,61.1,38.9,0.18
2019-02-12,0.031,JAN,67,37,64.4,34,0.8,8.181185,261.67444,62.9806,79.179825,93.9243,0,NA,37,55.8478,66.9,19.117477,24.331335,NA,61.3,39.1,0.19
2019-02-13,0.038,JAN,63,32,36,24.1,0,3.1006968,121.4131,23.2276,60.48917,92.3543,0,NA,30.9749,45.660126,62.1,10.427715,13.034643,NA,61.6,39.3,0.18
2019-02-14,0.043,JAN,68,44,53.1,34,0,9.8,183.33711,46.9409,64.047325,77.6452,0,NA,40.9219,54.696598,66.9,18.2485,26.069286,NA,61.8,39.6,0.18
2019-02-19,0.025,JAN,54,42,52,36,0.44,8.650871,68.98074,76.1241,88.397156,96.2769,0,NA,35.23,40.553276,54,14.772596,19.117477,NA,63,40.7,0.18
2019-02-20,0.022,JAN,70,52,68,46.9,0.44,7.6585364,196.8636,79.4032,87.917366,96.8788,0,NA,52,57.909477,70,18.2485,24,NA,63.3,40.9,0.18
2019-02-21,0.022,JAN,54,49,50,45,0.06,6.573519,25.145977,82.6197,88.84001,96.6856,0,NA,43.8234,49.21959,53.1,12.165668,15.641572,NA,63.5,41.1,0.17
2019-02-22,0.014,JAN,73,49,68,48,0.04,4.229268,35.20176,73.1129,88.97311,100,0,NA,47.7723,60.74892,72.137200000000007,12.165668,15.641572,NA,63.8,41.4,0.18
2019-02-23,0.033,JAN,83,61,69.1,48.9,0.35,11.189547,188.24158,60.283,79.2849,94.0132,0,NA,61,73.15404,84.9203,24.331335,32.152122,NA,64,41.6,0.18
2019-02-24,0.044,JAN,61,42,44.1,28,0,9.043902,324.92517,30.4081,48.755764,67.1656,0,NA,38.3902,51.971504,60.1,17.379524,24.331335,NA,64.3,41.8,0.19
2019-02-25,0.042,JAN,61,37,41,24.1,0,4.868293,78.2628,25.9325,51.211243,79.819,0,NA,32.6361,47.67449,60.1,13.034643,18.2485,NA,64.5,42.1,0.18
2019-02-26,0.037,JAN,67,46,48,37,1e-4,1.8780488,154.48889,43.778,61.723137,77.2062,0,NA,45.722,56.333946,66,6.95181,18,NA,64.8,42.3,0.19
2019-02-27,0.035,JAN,80,53,63,48.9,0.23,2.9804878,156.48155,46.6972,75.416084,96.8788,0,NA,53.1,65.39333,80.5805,11.296691,13.034643,NA,65.1,42.6,0.19
2019-02-28,0.027,JAN,75,62,64,59,0.04,4.330544,223.55966,64.2002,86.91317,100,0,NA,62.6,65.99164,75,11.296691,13.90362,NA,65.3,42.8,0.18
2019-03-01,0.013,JAN,63,48,61,46,0.05,3.912134,343.2212,72.0149,86.48521,96.6856,0,NA,45.3789,52.641342,60.8,12.165668,13.90362,NA,65.6,43,0.19
2019-03-02,0.014,JAN,57,50,50,46.9,0.03,4.725244,11.480764,77.28456,86.061005,92.86074,0,NA,46.7197,52.97089,57,11.296691,13.90362,NA,65.8,43.3,0.18
2019-03-03,0.04,JAN,61,37,59,27,0.86,8.8751745,341.88052,66.8178,84.93928,96.7837,0,NA,27.6073,43.48319,61,19.117477,26.069286,NA,66.1,43.5,0.18
2019-03-04,0.04,JAN,39,29,26.1,18,0,10.691074,345.48795,56.567196,63.653343,72.300934,0,NA,19.6592,24.713367,29.731007,17.379524,23.462358,NA,66.4,43.8,0.19
2019-03-05,0.045,JAN,47,26,21,15.1,0,7.6527195,339.15454,30.774834,51.74881,74.6668,0,NA,17.411488,28.285725,40.524185,15.641572,20.85543,NA,66.6,44,0.19
2019-03-06,0.047,JAN,52,23,28,16,0,1.8041812,26.247505,26.689753,57.157417,80.7529,0,NA,24.1,35.907238,51.1,8.689762,18,NA,66.9,44.2,0.19
2019-03-07,0.045,JAN,60,29,45,26.1,0,6.0390515,159.79114,33.98156,57.310642,85.20553,0,NA,30,47.678608,59,17.379524,21,NA,67.1,44.5,0.19
2019-03-08,0.037,JAN,74,56,62.1,46,1e-4,10.3115,177.1813,66.0379,73.26772,80.52033,0,NA,55.9,65.538185,73.9,18.2485,23,NA,67.4,44.7,0.18
2019-03-09,0.034,JAN,80,66,64,61,1e-4,13.258019000000001,177.59639,52.16248,72.27217,87.23775,0,NA,66,71.76776,81.104,26.938263,35,NA,67.7,44.9,0.17
2019-03-10,0.038,JAN,75,60,64,52,0.33,4.1764297,96.89574,46.269337,71.12909,93.1241,0,NA,60.1,66.85059,73.9,17.379524,23.462358,NA,67.9,45.1,0.17
2019-03-11,0.035,JAN,64,50,55.9,48.9,1.8,4.6234307,29.714323,72.198784,85.761536,96.7296,0,NA,48.4397,56.617992,64,19.117477,23.462358,NA,68.2,45.4,0.18
2019-03-12,0.037,JAN,69,50,54,48,0,4.22106,107.05353,52.671318,73.69546,96.0004,0,NA,50,59.690243,69.1,13.034643,17.379524,NA,68.4,45.6,0.17
2019-03-13,0.025,JAN,77,57,64.9,52,1e-4,13.674337,153.95042,62.300663,76.58629,86.6676,0,NA,57,67.436935,75.9,27.80724,35,NA,68.7,45.8,0.17
2019-03-14,0.043,JAN,82,62,66.9,39.9,1e-4,11.114285,191.86606,41.088253,65.106995,83.93082,0,NA,64,71.90113,83.3954,26.069286,32.152122,NA,68.9,46,0.17
2019-03-15,0.048,JAN,62,51,39.9,33.1,0,8.974198,328.83994,39.043396,45.357506,52.112114,0,NA,51.1,56.564434,62.1,17.379524,23,NA,69.2,46.2,0.18
2019-03-16,0.046,JAN,59,46,33.1,25,0,7.33682,14.384831,28.007992,44.609024,58.46705,0,NA,42.041,49.457798,57.9,13.90362,19.986454,NA,69.4,46.5,0.18
2019-03-17,0.05,JAN,67,41,35.1,26.1,0,5.4316597,9.436102,22.021881,45.685703,67.405655,0,NA,36.5546,51.74121,66,15.641572,19.117477,NA,69.7,46.7,0.18
2019-03-18,0.054,JAN,68,38,41,33.1,0,3.8181186,27.45778,29.435904,52.89745,84.93278,0,NA,39.9,53.95617,66.9,12.165668,18.2485,NA,69.9,46.9,0.18
2019-03-19,0.053,JAN,65,39,32,18,0,6.3212543,39.736397,17.37327,40.658424,67.44567,0,NA,37.0838,50.08498,64,13.90362,19.117477,NA,70.2,47.1,0.18
2019-03-20,0.065,JAN,71,33,44.1,24.1,1e-4,2.7505226,302.2578,21.345661,50.520287,85.10684,0,NA,34,53.29178,70,22.593382,30,NA,70.4,47.3,0.18
2019-03-21,0.055,JAN,71.1,40,44.1,32,0,5.951883,306.2432,23.522617,55.490726,92.51814,0,NA,40.2347,56.00622,70,17.379524,25.200312,NA,70.7,47.5,0.19
2019-03-22,0.053,JAN,72,37,42.1,32,0,2.097561,27.469616,25.525137,57.421467,89.52968,0,NA,36.6454,53.894817,70,11.296691,18,NA,70.9,47.7,0.18
2019-03-23,0.054,JAN,76,38,45,36,0,3.7672474,139.73254,24.19895,55.22909,88.6707,0,NA,39.9,57.874676,73.4258,12.165668,14.772596,NA,71.2,47.9,0.21
2019-03-24,0.056,JAN,76,48,50,42.1,0,5.1456447,173.66495,30.7078,58.944206,86.326836,0,NA,48.0083,61.393288,73.6433,11.296691,14.772596,NA,71.4,48.1,0.19
2019-03-25,0.044,JAN,78,55,60.1,48,0.71,7.845188,292.14456,46.3968,74.19137,93.74054,0,NA,57,63.223274,78.1,17.379524,23.462358,NA,71.7,48.3,0.2
2019-03-26,0.05,JAN,65,47,46.9,37,0,9.483961,344.0869,44.095684,62.030884,76.9423,0,NA,45.3789,54.768406,63,18.2485,23.462358,NA,71.9,48.5,0.18
2019-03-27,0.052,JAN,73,37,44.1,30,0,2.9512196,3.6834006,27.847334,54.127636,82.71959,0,NA,35.7774,53.87255,70.3157,7.820786,10.427715,NA,72.1,48.7,0.17
2019-03-28,0.055,JAN,76,42,48.9,41,0,4.0313807,165.11798,31.788815,61.258540000000004,92.58222,0,NA,43,59.81231,74.7022,13.034643,15.641572,NA,72.4,49,0.19
2019-03-29,0.05,JAN,76,48,55,44.1,0,6.5149827,181.73056,39.74699,63.648037,86.326836,0,NA,44.8002,62.87409,75.9,13.90362,19.117477,NA,72.6,49.2,0.18
2019-03-30,0.042,JAN,77,48,64,46,0.1,9.574616,204.50018,51.9333,76.679474,93.1241,0,NA,42.689,65.464340000000007,77,24.331335,31.283144,NA,72.8,49.4,0.19
2019-03-31,0.041,JAN,56,42,43,30.9,1e-4,10.331939,357.26797,41.106903,61.418198,82.7196,0,NA,36.8616,43.567383,55,20.85543,27,NA,73.1,49.6,0.2
2019-04-01,0.045,JAN,60,37,33.1,26.1,1e-4,5.8083625,9.893669,29.317097,49.4598,72.2407,0,NA,31.5522,46.478218,57.9,13.034643,17.379524,NA,73.3,49.8,0.21
2019-04-02,0.056,JAN,67,36,37,28.9,0,2.9665506,340.42313,26.807503,50.943417,82.65763,0,NA,37.9,51.562305,66,12.165668,15,NA,73.5,50,0.21
2019-04-03,0.053,JAN,75,37,44.1,35.1,0,4.3094077,140.61784,26.080986,56.077168,89.2662,0,NA,39,56.46038,73.4258,13.034643,19.117477,NA,73.7,50.2,0.2
2019-04-04,0.036,JAN,60,52,57.9,45,0.91,8.198745,139.18124,71.49519,87.40934,93.74054,0,NA,53.1,57.55728,60.8,18.2485,22.593382,NA,74,50.4,0.21
2019-04-05,0.04,JAN,77,59,61,57,0,1.6738676,332.3474,55.80219,81.57037,93.1241,0,NA,59,65.09457,75.9,7.820786,9.558739,NA,74.2,50.7,0.2
2019-04-06,0.03,JAN,76,57,69.1,55.9,0.43,3.2480836,114.14372,76.52757,90.590706,100,0,NA,57.2,65.61874,75.9,20.85543,29.545193,NA,74.4,50.9,0.21
2019-04-07,0.024,JAN,83,62,68,60.8,0.47,6.390516,149.95341,52.928852,80.29464,96.92933,0,NA,62.1,72.62461,84.316,17.379524,22,NA,74.6,51.1,0.2
2019-04-08,0.04,JAN,83,63,66,57.9,0.41,7.296374,165.31258,43.8918,80.565674,96.878845,0,NA,63,69.54788,81.9237,19.117477,23.462358,NA,74.8,51.3,0.22
2019-04-09,0.043,JAN,81,58,62.6,57,0.04,6.1520224,331.6312,49.056587,77.61484,96.878845,0,NA,60.1,68.65862,81.623184,13.90362,18.2485,NA,75.1,51.6,0.21
2019-04-10,0.045,JAN,87,52,60.1,51.1,0,4.232753,166.35255,31.1269,62.781425,96.7575,0,NA,53.1,69.97013,84.2575,13.034643,15.641572,NA,75.3,51.8,0.22
2019-04-11,0.055,JAN,85,60,63,54,0,11.055788,170.86093,37.045395,61.765785,89.48413,0,NA,60.1,72.5746,84,20.85543,28.676216,NA,75.5,52.1,0.21
2019-04-12,0.046,JAN,73,56,64,52,0.74,5.281032,88.5878,66.157,80.86853,93.3172,0,NA,55.9,64.89045,72,19.986454,25.200312,NA,75.7,52.3,0.21
2019-04-13,0.036,JAN,77,60,69.8,55,2.83,10.442509,104.909256,61.9994,84.20488,96.9686,0,NA,60.1,66.79891,77,31.283144,40,NA,75.9,52.5,0.21
2019-04-14,0.034,JAN,66,43,63,41,1e-4,9.013947,246.1988,66.12884,78.769196,92.61712,0,NA,40.7654,53.786568,66,19.986454,26.069286,NA,76.2,52.8,0.22
2019-04-15,0.047,JAN,74,41,51.1,39,0,2.0926828,193.46544,32.556263,66.505554,92.58222,0,NA,37.9299,56.529984,71.6665,7.820786,15,NA,76.4,53,0.21
2019-04-16,0.052,JAN,80,47,54,45,0,5.8619246,171.20348,32.46321,62.042835,89.28615,0,NA,47.7723,64.23083,80.1,14.772596,19.986454,NA,76.6,53.3,0.2
2019-04-17,0.044,JAN,78,58,62.1,55,0,7.7838426,163.14676,55.953083,73.284325,90.04272,0,NA,57.9,68.02746,77,18.2485,22.593382,NA,76.8,53.6,0.2
2019-04-18,0.044,JAN,78,55,66.2,57.9,1.62,7.6062717,169.13858,63.8974,85.98365,93.83344,0,NA,60.8,65.67017,78.1,25.200312,36,NA,77,53.8,0.2
2019-04-19,0.042,JAN,61,50,53.1,39,0.01,9.580195,312.78146,52.695644,70.81126,90.2914,0,NA,45.8957,53.67649,60.1,19.986454,28,NA,77.3,54.1,0.2
2019-04-20,0.05,JAN,70,46,43,28,0,6.6171546,291.4721,22.205614,54.484776,83.28233,0,NA,43.4754,55.89112,70,17.379524,21.724405,NA,77.5,54.4,0.2
2019-04-21,0.054,JAN,80,45,51.1,39.9,0,4.4292684,178.24876,29.91122,58.1403,83.28233,0,NA,42.601,62.008656,79,12.165668,19.117477,NA,77.7,54.6,0.18
2019-04-22,0.052,JAN,81,47,55,44.1,0,3.8737795,166.74738,29.233566,57.655994,86.326836,0,NA,48.0083,65.16532,80.1,13.034643,19.986454,NA,77.9,54.9,0.17
2019-04-23,0.048,JAN,78,53,59,48.9,0,3.9009762,174.90968,38.570995,68.11562,89.88164,0,NA,54,65.662994,77,14.772596,18.2485,NA,78.1,55.2,0.17
2019-04-24,0.04,JAN,83,58,64,57,0,6.8947,171.40594,45.657604,71.67631,92.43185,0,NA,60.1,70.5619,82.1544,18.2485,21.724405,NA,78.4,55.5,0.18
2019-04-25,0.042,JAN,77,63,64.9,60.1,1.24,7.6961675,193.09256,66.0379,84.48796,93.5622,0,NA,63,67.489685,75.9,19.986454,29.545193,NA,78.6,55.8,0.18
2019-04-26,0.054,JAN,78,51,60.1,41,0,6.948432,350.1839,27.534836,62.429356,92.43185,0,NA,53.1,65.6177,75.6941,19.986454,26,NA,78.8,56.1,0.18
2019-04-27,0.052,JAN,82,48,54,45,0,6.445415,184.06485,32.15175,58.495903,89.665146,0,NA,48,66.22287,81,17.379524,24.331335,NA,79.1,56.4,0.16
2019-04-28,0.055,JAN,84,56,61,53.1,0,4.8585367,163.70772,46.120014,67.48686,86.76975,0,NA,57,69.790825,83.37468,11.296691,15,NA,79.3,56.7,0.17
2019-04-29,0.039,JAN,85,56,64.9,54,0,5.592431,168.44283,47.781155,71.1876,93.03501,0,NA,57,71.7798,85.82961,11.296691,15,NA,79.5,57,0.15
2019-04-30,0.041,JAN,88,61,64,57.9,0,7.4874477,155.14307,39.968353,67.56953,93.12406,0,NA,61,73.67958,84.9,18.2485,21.724405,NA,79.8,57.3,0.15
2019-05-01,0.033,JAN,87,69,68,63,1e-4,8.6917715,160.2259,49.624676,71.444496,88.34331,0,NA,69.1,77.19386,88.2821,16,20.85543,NA,80,57.6,0.15
2019-05-02,0.036,JAN,86,66,64.9,61,1e-4,7.866806,170.75262,43.10064,68.9114,93.28895,0,NA,66.9,75.498924,86.11804,21,27.80724,NA,80.3,57.9,0.15
2019-05-03,0.043,JAN,83,64,66.9,61,0.13,3.751046,22.203465,54.496,77.473526,90.642,0,NA,64,73.0622,84.6419,11,16.51055,NA,80.5,58.2,0.14
2019-05-04,0.034,JAN,74,64,68,61,0.65,4.7761507,208.14041,78.7743,89.67565,93.3733,0,NA,64,69.31184,73.9,11,16.51055,NA,80.7,58.5,0.15
2019-05-05,0.042,JAN,77,56,60.8,55,0,4.585077,344.11877,51.429405,74.39879,93.83344,0,NA,57.9,67.09589,75.9,11,17.379524,NA,81,58.8,0.14
2019-05-06,0.05,JAN,84,54,63,52,0,1.7343097,151.41241,37.01001,68.216309999999993,93.31721,0,NA,55,69.14196,82.9,8,15,NA,81.2,59.1,0.15
2019-05-07,0.042,JAN,87,59,64.9,57,0,3.412134,128.8545,43.10064,65.8692,89.52252,0,NA,60.1,74.44505,86.88242,9,13.034643,NA,81.5,59.4,0.14
2019-05-08,0.033,JAN,85,64,70,61,0.85,7.873082,158.30522,56.7515,78.20851,93.319,0,NA,64.9,73.83606,85.9434,19,31,NA,81.8,59.7,0.14
2019-05-09,0.022,JAN,75,64,69.1,62.6,3.43,6.624652,126.50625,84.972496,91.08509,96.9036,0,NA,64.4,68.203896,74.9837,18,22,NA,82,60,0.13
2019-05-10,0.027,JAN,73,62,66.9,60.8,0.42,2.8704512,66.137825,78.1907,89.791885,100,0,NA,62.1,67.865135,73.4,11,18.2485,NA,82.3,60.3,0.14
2019-05-11,0.033,JAN,86,68,71.1,66,0.42,5.6087866,206.34927,60.283,84.71449,93.3733,0,NA,68,73.69385,87.7813,17,23.462358,NA,82.5,60.6,0.13
2019-05-12,0.036,JAN,79,60,66,59,0.01,4.466527,307.89062,60.064335,80.97419,93.319046,0,NA,62.1,69.730194,77,11,16.51055,NA,82.8,61,0.13
2019-05-13,0.045,JAN,80,56,62.1,45,0,3.8096235,355.4308,30.050354,67.21206,96.8525,0,NA,55.9,66.87519,79,14,19.117477,NA,83,61.3,0.13
2019-05-14,0.047,JAN,82,53,62.1,51.1,0,1.6164575,19.606586,40.828888,67.32192,90.29139,0,NA,54,67.79473,80.7329,10,15,NA,83.3,61.6,0.13
2019-05-15,0.051,JAN,87,58,63,55.9,0,1.458159,251.03647,41.576298,67.43844,93.03501,0,NA,57.9,72.72428,84.82963,8,11.296691,NA,83.6,61.9,0.14
2019-05-16,0.053,JAN,89,62,64.9,60.1,0,2.4965134,210.61725,40.30533,67.90432,90.642,0,NA,63,75.13777,88.4682,8,15,NA,83.8,62.2,0.14
2019-05-17,0.053,JAN,89,65,64.9,57.9,0,5.9790797,168.62582,34.967365,61.215202,87.23775,0,NA,64.9,76.78962,89.1,14,20.85543,NA,84.1,62.5,0.14
2019-05-18,0.039,JAN,90,65,69.1,61,0.01,8.514645,160.40778,44.952454,73.09384,93.924324,0,NA,64.9,76.602455,89.79883,21,28,NA,84.3,62.8,0.13
2019-05-19,0.046,JAN,80,66,70,64,1.1,7.9456067,165.2415,66.493,83.28123,93.28895,0,NA,66,72.95736,82.6976,18,27.80724,NA,84.6,63.1,0.14
2019-05-20,0.03,JAN,90,68,71.1,66,0,5.806834,164.86092,49.88376,71.88899,93.319046,0,NA,68,81.98436,94.75808,11,19.117477,NA,84.9,63.4,0.13
2019-05-21,0.036,JAN,90,73,72,64,0,11.603905,162.22029,43.41545,68.09496,93.77152,0,NA,74.2452,82.29542,92.16165,19,26,NA,85.1,63.7,0.14
2019-05-22,0.026,JAN,91,73,71.6,69.1,0,9.506276,164.6758,51.80454,71.05954,90.9743,0,NA,74.2452,84.11937,94.41397,15,21.724405,NA,85.4,63.9,0.14
2019-05-23,0.032,JAN,91,69,71.1,62.1,0,5.176128,152.59207,39.474964,69.48843,93.4268,0,NA,69.1,81.45139,92.59112,11,15.641572,NA,85.6,64.2,0.14
2019-05-24,0.036,JAN,89,71,71.6,64,0,4.8675036,161.40988,44.802727,68.61913,90.5947,0,NA,73.158,81.02017,90.96614,11,17.379524,NA,85.9,64.5,0.14
2019-05-25,0.046,JAN,91,67,70,61,0,2.5299861,167.8205,37.96806,67.03968,93.319046,0,NA,68,80.114975,92.523094,11,15,NA,86.1,64.8,0.14
2019-05-26,0.046,JAN,92,66,71.1,64.9,0,3.3200836,186.48323,45.241203,68.699,93.28895,0,NA,66.9,82.29144,97.003204,11,15.641572,NA,86.3,65.1,0.13
2019-05-27,0.041,JAN,89,68,71.1,66.9,0,5.043236,177.33273,49.72598,71.35527,92.705696,0,NA,69.1,81.93396,91.65491,13,16.51055,NA,86.6,65.3,0.15
2019-05-28,0.038,JAN,91,73,72,66.9,0,8.020921,181.40343,49.88376,69.19581,90.9743,0,NA,75.2658,83.6436,94.75808,13,22.593382,NA,86.8,65.6,0.15
2019-05-29,0.044,JAN,91,68,70,62.1,0,7.713389,177.51926,39.474964,65.329765,93.4028,0,NA,69.1,80.95965,91.93726,15,21.724405,NA,87,65.9,0.16
2019-05-30,0.038,JAN,88,70,70,63,0,5.3688984,212.94199,46.25494,70.34372,90.5947,0,NA,70,79.887184,89.960945,13,17.379524,NA,87.3,66.1,0.15
2019-05-31,0.043,JAN,91,68,70,66,0,2.6046026,318.4838,46.683357,70.04497,93.40279,0,NA,70,81.047264,93.9306,11,14.772596,NA,87.5,66.4,0.15
2019-06-01,0.054,JAN,93,64,68,59,0,2.2524407,337.00284,34.26513,62.34544,93.56222,0,NA,64.9,78.882256,91.9,10,14.772596,NA,87.7,66.6,0.15
2019-06-02,0.052,JAN,94,65,68,61,0,1.7635983,319.922,33.618446,62.655426,90.0483,0,NA,66,80.26572,93.9,8,15,NA,87.9,66.9,0.15
2019-06-03,0.06,JAN,96,68,72,63,0,1.456067,62.885223,38.39251,65.02418,92.705696,0,NA,68,83.986885,95.98263,8,9.558739,NA,88.1,67.1,0.15
2019-06-04,0.046,JAN,95,72,71.1,66,0,3.1122735,186.61139,40.06605,59.46112,81.89738,0,NA,73,89.85577,99.404564,10,15.641572,NA,88.3,67.3,0.15
2019-06-05,0.027,JAN,82,70,75,64.9,0.23,3.7587168,191.82104,71.3451,81.86393,90.2146,0,NA,70,78.52839,85.3462,20,28,NA,88.5,67.6,0.14
2019-06-06,0.023,JAN,87,69,73,66,0.1,6.2224545000000004,165.21202,57.01807,80.839066,93.4268,0,NA,70,80.02792,89.0062,18,25.200312,NA,88.7,67.8,0.15
2019-06-07,0.042,JAN,89,68,73,66,1.16,5.2364016,212.42793,55.193600000000004,84.41455,93.50594,0,NA,68,77.25524,93.6517,25,39.10393,NA,88.9,68,0.14
2019-06-08,0.035,JAN,86,68,71.6,66.9,0.09,3.0983264,285.53983,57.163784,79.16259,96.275345,0,NA,68,78.05078,90.11007,10,14.772596,NA,89,68.2,0.15
2019-06-09,0.04,JAN,86,67,70,66,0,3.5543933,328.21817,58.692406,76.01282,93.319046,0,NA,68,77.8581,87.17958,11,15.641572,NA,89.2,68.4,0.14
2019-06-10,0.05,JAN,90,70,72,57.9,0,7.655509,348.99823,53.424034,67.64715,90.594666,0,NA,72,82.195145,95.34641,16,21.724405,NA,89.4,68.6,0.16
2019-06-11,0.049,JAN,82,65,57,51.1,0,7.7740583,14.960369,35.40816,52.050728,72.720665,0,NA,66,72.81071,80.966,15,19.986454,NA,89.5,68.8,0.15
2019-06-12,0.052,JAN,85,60,59,51.1,0,2.946304,291.85983,31.18856,58.84436,86.66759,0,NA,60.1,71.92915,82.9041,10,14.772596,NA,89.6,69,0.15
2019-06-13,0.054,JAN,86,60,63,51.1,1e-4,3.4567642,340.7453,31.18856,60.33454,90.247734,0,NA,62.1,72.634766,83.2105,13,19.117477,NA,89.8,69.2,0.15
2019-06-14,0.048,JAN,88,56,64,53.1,0,4.1157603,156.80856,37.25496,60.371014,90.29139,0,NA,55.9,73.65259,87.1,11,18.2485,NA,89.9,69.4,0.15
2019-06-15,0.037,JAN,91,68,72,64.9,0,6.564156,176.15846,51.649754,69.70585,89.814255,0,NA,68,82.51022,93.7054,14,19.117477,NA,90.1,69.5,0.14
2019-06-16,0.021,JAN,92,72,73,64.9,0.08,7.113668,185.6404,42.205044,73.668526,93.4268,0,NA,73.158,81.49286,94.30089,14,24.331335,NA,90.2,69.7,0.15
2019-06-17,0.02,JAN,90,69,73,66.9,0.36,5.261506,162.20024,53.6385,85.37214,96.9686,0,NA,69.1,77.61249,94.0006,20,31,NA,90.3,69.8,0.15
2019-06-18,0.04,JAN,90,73,73,68,0.16,4.1345887,219.56268,50.356514,76.37408,94.10022,0,NA,74.4073,82.16409,94.75808,11,19.117477,NA,90.4,70,0.15
2019-06-19,0.045,JAN,92,72,75.9,66,0.04,5.1903768,209.7356,45.249863,72.877304,90.9743,0,NA,74.2452,84.47683,98.85556,14,20.85543,NA,90.5,70.2,0.15
2019-06-20,0.02,JAN,93,69,75,66,0.07,6.1980476,220.90807,54.172462,71.684135,89.89542,0,NA,70,85.70687,100.714,20,31.283144,NA,90.6,70.3,0.14
2019-06-21,0.022,JAN,93,77,75.2,73,0,6.661088,189.63818,53.958176,73.970856,93.55792,0,NA,78.7972,90.79422,103.14688,12,17.379524,NA,90.7,70.4,0.15
2019-06-22,0.025,JAN,93,77,75.9,70,0,7.0488143,188.10909,47.282948,70.38251,93.55792,0,NA,78.7972,90.5085,101.037025,16,20,NA,90.8,70.6,0.15
2019-06-23,0.024,JAN,95,79,75,69.1,0.01,9.550906,186.82487,45.981567,70.30066,87.5789,0,NA,82.533,90.70383,102.167,16,24.331335,NA,90.9,70.7,0.14
2019-06-24,0.036,JAN,87,70,75.9,66,0.27,7.932357,206.58362,55.044296,74.04587,93.77152,0,NA,70,80.82975,90.11007,20,33,NA,91,70.8,0.15
2019-06-25,0.033,JAN,88,69,73,66,0.23,3.7315202,203.73096,53.147194,78.79391,94.057,0,NA,69.1,78.98518,94.552,18,26.069286,NA,91,70.9,0.14
2019-06-26,0.027,JAN,88,71,73,64.9,0,2.7294283,167.57968,51.210354,75.339325,93.4028,0,NA,72.137200000000007,80.34438,91.38327,8,12.165668,NA,91.1,71.1,0.14
2019-06-27,0.037,JAN,95,68,72,66,0.05,2.9728034,12.241431,41.500286,75.400085,90.5947,0,NA,70,80.281166,99.8185,25,37.36598,NA,91.2,71.2,0.15
2019-06-28,0.036,JAN,85,65,69.1,63,0.13,2.5285118,43.492435,51.0819,80.62593,93.319046,0,NA,66,73.16577,85.3618,22,34,NA,91.2,71.3,0.15
2019-06-29,0.043,JAN,91,65,71.1,64,0.01,2.6429567,61.83129,48.025757,73.06813,96.9686,0,NA,66,79.44149,92.4261,9,12.165668,NA,91.3,71.4,0.14
2019-06-30,0.044,JAN,92,71,72,66.9,1e-4,2.601813,156.23584,49.72598,72.47207,89.9397,0,NA,72.137200000000007,82.51035,95.487274,15,20.85543,NA,91.4,71.5,0.16
2019-07-01,0.044,JAN,94,71,72,66,0,2.1617851,261.0369,42.635464,70.00961,90.594666,0,NA,73.158,83.86228,95.084656,10,13.90362,NA,91.4,71.5,0.16
2019-07-02,0.057,JAN,95,71,72,66.9,0,1.9274756,194.8836,42.5052,67.42382,93.4268,0,NA,72.137200000000007,85.62558,98.49827,13,16.51055,NA,91.5,71.6,0.15
2019-07-03,0.028,JAN,93,74,75,69.1,1e-4,3.0822873,198.82848,47.447067,78.030365,90.7394,0,NA,76.4488,83.46748,97.0032,14,18.2485,NA,91.5,71.7,0.16
2019-07-04,0.021,JAN,95,73,73.9,68,0,2.8828452,251.77545,44.1496,69.23463,90.9743,0,NA,75.1086,87.00087,99.4046,9,15,NA,91.6,71.8,0.16
2019-07-05,0.03,JAN,98,73,75,66.9,0,2.4114366,273.24094,38.625633,67.68481,90.9743,0,NA,74.2452,89.55408,104.03839,10,16.51055,NA,91.6,71.8,0.16
2019-07-06,0.028,JAN,97,71,73.9,68,0,3.8507671,292.49417,40.531944,66.18412,93.7942,0,NA,72.2999,89.838715,103.203026,11,16.51055,NA,91.7,71.9,0.16
2019-07-07,0.034,JAN,97,72,73.9,68,0.06,3.0090656,273.17065,40.119965,76.590805,90.974266,0,NA,74.2452,83.514755,101.151,22,39.10393,NA,91.7,72,0.16
2019-07-09,0.041,JAN,99,74,73.9,68,0,2.711297,330.5504,37.741108,63.120136,90.9743,0,NA,75.2658,91.97431,106.526,9,14.772596,NA,91.8,72.1,0.16
2019-07-10,0.042,JAN,101,76,75,69.8,0.4,5.5230126,6.8784876,38.1564,69.43447,90.172104,0,NA,77.3131,91.136856,109.936,18,24.331335,NA,91.9,72.1,0.16
2019-07-11,0.034,JAN,96,74,77,71.1,0.38,5.070432,12.1909685,47.570576,75.01769,90.3998,0,NA,76.3211,88.656,106.071,22,27.80724,NA,91.9,72.2,0.15
2019-07-12,0.033,JAN,92,76,73.9,72,1e-4,7.011855,80.20954,53.867287,71.4149,93.52941,0,NA,77.3131,88.93364,99.2631,16,21.724405,NA,92,72.2,0.16
2019-07-13,0.028,JAN,85,74,72,69.1,0.19,10.238719,110.90995,60.952366,77.50559,90.9743,0,NA,75.1086,80.86788,88.3108,20,25.200312,NA,92,72.2,0.17
2019-07-14,0.023,JAN,76,72,72,68,1.43,10.18689,125.30487,81.89738,87.339615,94.10022,0,NA,73.0001,75.24139,77.1891,19,24.331335,NA,92,72.3,0.16
2019-07-15,0.022,JAN,88,73,75.2,70,1.26,9.804742,167.84978,63.01707,84.64196,94.14301,0,NA,74.2452,81.50286,95.1851,21,26.069286,NA,92.1,72.3,0.16
2019-07-16,0.024,JAN,93,77,75,73,0.09,7.8828454,174.51137,59.147587,83.48812,90.172104,0,NA,78.6381,83.13633,97.143906,15,33.89007,NA,92.1,72.3,0.16
2019-07-17,0.015,JAN,92,75,75,71.1,0,4.882148,203.34593,53.867287,74.43503,93.52941,0,NA,77.4548,87.38465,98.5379,11,15,NA,92.2,72.4,0.16
2019-07-18,0.018,JAN,94,74,75,70,0,3.521618,219.97523,48.930344,73.14394,90.9743,0,NA,75.2658,88.407,101.037,10,14.772596,NA,92.2,72.4,0.17
2019-07-19,0.02,JAN,93,76,75,70,0,4.3117156,196.14497,49.088055,70.46626,90.7394,0,NA,77.4548,89.527885,100.132,10,15,NA,92.3,72.4,0.16
2019-07-20,0.019,JAN,92,73,75.9,70,0.39,3.7691772,195.49507,53.91329,80.40832,90.73938,0,NA,73,81.68942,96.446625,16,19.986454,NA,92.3,72.4,0.17
2019-07-21,0.024,JAN,89,73,75,70,1e-4,4.1422596,183.36232,63.124584,82.00382,93.7715,0,NA,73,80.3198,96.62902,15,18.2485,NA,92.3,72.4,0.16
2019-07-22,0.028,JAN,91,73,75.2,70,0.21,3.81311,208.3933,53.867287,77.68003,94.10022,0,NA,73,82.53527,98.5379,14,19,NA,92.4,72.4,0.16
2019-07-23,0.037,JAN,85,68,73.4,59,0.59,7.3953977,2.6493146,45.957172,73.88473,93.7942,0,NA,69.1,76.732544,85.72457,16,22,NA,92.4,72.4,0.18
2019-07-24,0.046,JAN,85,67,63,55.9,0,7.3779635,14.359454,38.693733,60.232224,84.0322,0,NA,66.9,75.3518,84.2136,16,20,NA,92.4,72.4,0.17
2019-07-25,0.05,JAN,88,66,66.9,57.9,0,4.267085,44.172646,38.58478,63.138336,84.55897,0,NA,66.9,75.98051,86.82959,10,13.034643,NA,92.5,72.4,0.17
2019-07-26,0.05,JAN,91,64,69.1,60.1,0,2.366806,66.60717,37.83043,63.831768,90.0483,0,NA,66,78.14977,90.93201,8,11.296691,NA,92.5,72.4,0.16
2019-07-27,0.048,JAN,93,69,70,61,0,2.9665272,142.62013,36.795143,64.31481,87.135025,0,NA,69.1,80.87807,94.03381,10,15,NA,92.5,72.4,0.16
2019-07-28,0.045,JAN,92,68,72,61,0,3.553696,169.97923,36.795143,64.25149,89.89542,0,NA,69.1,81.62962,92.97208,10,15,NA,92.6,72.4,0.17
2019-07-29,0.036,JAN,91,69,72,66,0.28,3.6666667,201.7013,46.683357,70.603615,90.9743,0,NA,69.1,82.02551,93.9306,11,18.2485,NA,92.6,72.4,0.16
2019-07-30,0.027,JAN,90,72,73,69.1,0.1,4.260809,191.89183,60.9237,81.8935,93.77152,0,NA,72,79.61904,95.7257,21,28,NA,92.6,72.4,0.16
2019-07-31,0.045,JAN,92,70,72,66.9,0.06,1.8507671,208.43445,50.326485,77.63108,93.4028,0,NA,71.1,79.94057,96.6851,11,15.641572,NA,92.6,72.4,0.16
2019-08-01,0.04,JAN,94,69,73,66.9,0,3.223152,327.19986,45.68785,71.26424,93.3733,0,NA,70,83.33419,97.76907,11,14.772596,NA,92.7,72.4,0.17
2019-08-02,0.04,JAN,92,71,71.1,66.9,1e-4,3.3061366,3.214935,45.68785,69.336174,90.594666,0,NA,71.1,83.052765,97.76907,11,15,NA,92.7,72.3,0.16
2019-08-03,0.048,JAN,92,69,72,66.9,0,2.0690377,136.98454,45.68785,73.149025,93.4268,0,NA,69.1,81.36207,96.13336,8,10.427715,NA,92.7,72.3,0.17
2019-08-04,0.039,JAN,93,71,73.9,68,0.14,3.7196653,155.73468,51.649754,76.6931,90.594666,0,NA,72,81.51163,97.2908,13,18.2485,NA,92.7,72.3,0.16
2019-08-05,0.045,JAN,93,69,73,66.9,0,1.5076709,155.01164,48.930344,75.8262,93.3733,0,NA,69.1,82.31418,98.537895,7,8.689762,NA,92.7,72.3,0.16
2019-08-06,0.043,JAN,97,72,75,68,0,3.1847978,244.04991,39.2686,71.28881,94.10022,0,NA,73,86.62499,102.006,13,18.2485,NA,92.7,72.2,0.17
2019-08-07,0.032,JAN,95,74,77,70,0.33,3.890516,216.65517,55.8381,79.10253,90.9743,0,NA,73.9,86.38264,104.503,18,34,NA,92.7,72.2,0.16
2019-08-08,0.03,JAN,93,75,75.9,72,0.28,4.345188,236.17772,57.6911,78.77145,90.73938,0,NA,75.9,86.95284,105.691,15,20,NA,92.7,72.1,0.16
2019-08-09,0.034,JAN,94,74,77,72,0.03,3.3277545,210.14374,52.473076,77.62944,93.7942,0,NA,73.9,88.263985,104.503,11,14.772596,NA,92.7,72.1,0.16
2019-08-10,0.029,JAN,93,76,77,73,0.1,4.450488,224.13101,59.2621,81.26644,90.172104,0,NA,77,85.37107,103.108,14,18.2485,NA,92.7,72.1,0.16
2019-08-11,0.031,JAN,96,75,75.9,72,0,3.513947,355.68747,50.72025,72.68636,93.52941,0,NA,75,90.52938,105.72785,11,15,NA,92.6,72,0.15
2019-08-12,0.036,JAN,96,76,75.9,71.1,0,1.8103207,248.28702,44.607655,71.652504,90.7394,0,NA,75.9,91.41214,104.945984,10,13.90362,NA,92.6,71.9,0.15
2019-08-13,0.035,JAN,99,78,77,73,0.06,2.1032078,270.69406,49.033268,73.58336,90.249115,0,NA,78.1,92.038086,107.151,15,20,NA,92.6,71.9,0.16
2019-08-14,0.033,JAN,90,78,75.9,71.1,1e-4,3.6025105,10.049809,57.18277,77.29759,87.5789,0,NA,79,86.86744,99.3201,17,23,NA,92.5,71.8,0.15
2019-08-15,0.044,JAN,95,70,75.9,63,0,5.3709903,11.737729,36.078796,61.0865,90.249115,0,NA,72,86.10989,96.30419,13,16.51055,NA,92.5,71.8,0.16
2019-08-16,0.049,JAN,96,67,70,64,0,2.9198048,36.26547,34.917706,63.06273,89.89542,0,NA,68,83.4806,99.61955,11,14.772596,NA,92.4,71.7,0.15
2019-08-17,0.059,JAN,97,67,68,61,0,2.2921896,119.394585,31.41463,60.476864,90.400345,0,NA,66.9,84.232414,100.28185,9,13.034643,NA,92.4,71.6,0.16
2019-08-18,0.02,JAN,91,73,75.9,68,0.04,3.742678,176.93668,55.71818,78.524734,87.72512,0,NA,73.9,84.66134,99.5694,10,13.034643,NA,92.3,71.5,0.15
2019-08-19,0.023,JAN,94,73,75.9,70,0.18,3.758885,175.20679,57.431393,80.79435,90.7394,0,NA,73,82.58556,103.056,14,17.379524,NA,92.2,71.4,0.16
2019-08-20,0.037,JAN,93,71,72,68,0,2.866806,131.13863,48.48942,73.41986,96.322716,0,NA,71.1,82.97097,97.76907,9,15,NA,92.2,71.4,0.15
2019-08-21,0.03,JAN,93,74,73,71.1,0,5.5027894999999996,138.0959,53.91329,77.05951,90.7394,0,NA,75,83.259346,100.714,15,21.724405,NA,92.1,71.3,0.14
2019-08-22,0.024,JAN,90,73,73.9,70,0.07,4.4672246,179.32881,64.9547,81.19312,94.14301,0,NA,73,81.641136,95.4194,10,16.51055,NA,92,71.2,0.16
2019-08-23,0.029,JAN,93,73,73.9,66.9,1e-4,3.3326359,159.16724,45.8496,77.19591,90.9743,0,NA,73.9,82.37266,98.319,17,25.200312,NA,91.9,71.1,0.15
2019-08-24,0.031,JAN,92,73,73.9,69.8,0.01,2.0725243,136.61942,52.2305,74.22307,93.7942,0,NA,73.9,83.911316,97.6708,11,16.51055,NA,91.8,70.9,0.14
2019-08-25,0.024,JAN,88,74,73,70,0.21,4.4672246,162.82104,60.9237,79.920784,90.7394,0,NA,75,80.32886,93.6517,16,20,NA,91.7,70.8,0.14
2019-08-26,0.023,JAN,85,74,75.9,71.1,2.91,5.027894,171.02963,69.685555,86.55763,94.14301,0,NA,73.9,79.640656,93.3477,12,17,NA,91.6,70.7,0.14
2019-08-27,0.027,JAN,94,72,75.9,68,1e-4,5.1527195,218.9612,55.984222,79.785774,93.55792,0,NA,73,83.35598,105.691475,16,28,NA,91.5,70.6,0.14
2019-08-28,0.039,JAN,92,70,73.9,68,0,4.0690374,16.439068,52.247787,73.69188,93.4028,0,NA,71.1,83.21403,97.670815,11,15.641572,NA,91.3,70.4,0.12
2019-08-29,0.039,JAN,91,70,69.1,63,0,3.5655508,46.991848,40.74673,66.087875,90.594666,0,NA,70,80.13672,92.59112,10,15,NA,91.2,70.3,0.13
2019-08-30,0.053,JAN,93,66,66.9,60.1,0,2.7336123,52.473015,34.64837,61.604362,90.0483,0,NA,66,79.12099,92.012764,8,15,NA,91.1,70.1,0.13
2019-08-31,0.05,JAN,92,64,66.9,61,0,2.4072526,69.11967,36.795143,61.492687,87.23775,0,NA,64.9,79.53112,92.52152,10,15,NA,90.9,69.9,0.13
2019-09-01,0.03,JAN,93,69,72,66,0,3.8647141,43.67891,48.48942,71.23818,90.974266,0,NA,69.1,82.55987,98.77585,13,17.379524,NA,90.8,69.8,0.12
2019-09-02,0.028,JAN,94,71,71.1,66.9,0,3.6025105,46.03176,46.683357,70.00111,90.32327,0,NA,73,83.11647,95.935555,11,15.641572,NA,90.6,69.6,0.13
2019-09-03,0.042,JAN,95,70,70,66,0,2.9846582,34.705143,39.954544,65.8177,87.58521,0,NA,71.1,84.27538,98.96489,10,13.034643,NA,90.5,69.4,0.12
2019-09-04,0.044,JAN,95,69,71.1,64,0,3.4218967,17.392632,37.36727,65.79959,89.89542,0,NA,70,83.5807,98.31543,11,15,NA,90.3,69.2,0.12
2019-09-05,0.053,JAN,97,69,73.9,66.9,0,3.0474198,339.35617,41.664790000000004,66.39211,89.9397,0,NA,70,87.83011,104.03839,10,15,NA,90.1,69,0.11
2019-09-06,0.046,JAN,96,67,71.1,60.1,0,2.8145049,3.7525566,35.637,64.20362,93.319046,0,NA,68,83.68379,99.61955,9,15,NA,90,68.8,0.12
2019-09-07,0.054,JAN,99,73,72,66,0,2.6994421,272.26096,34.269505,64.64189,87.628876,0,NA,73,87.70405,104.71603,10,13.034643,NA,89.8,68.6,0.12
2019-09-08,0.056,JAN,100,73,73.9,66.9,0,1.8577406,190.85352,36.33538,66.14478,87.681946,0,NA,73.9,88.90835,103.997856,7,10.427715,NA,89.6,68.3,0.12
2019-09-09,0.052,JAN,98,72,73.9,62.1,0.04,3.2803347,139.87491,41.664790000000004,69.71287,90.3233,0,NA,72,85.032684,104.946,24,35,NA,89.4,68.1,0.12
2019-09-10,0.039,JAN,93,70,71.1,66.9,0,4.0599723,148.76172,48.48942,70.09505,89.93965,0,NA,71.1,82.73708,95.935555,13,16.51055,NA,89.2,67.9,0.12
2019-09-11,0.037,JAN,95,70,72,66,0,2.5641563,147.67638,40.06605,67.59158,90.5947,0,NA,70,83.76679,97.66172,11,13.90362,NA,89,67.6,0.12
2019-09-12,0.05,JAN,97,70,71.1,61,0,1.7859136,39.941658,31.41463,63.827034,93.37325,0,NA,70,84.12452,98.31543,7,12.165668,NA,88.8,67.3,0.13
2019-09-13,0.055,JAN,100,70,70,57.9,0,3.3916376,40.20714,24.97434,58.141033,87.23564,0,NA,71.1,86.02048,103.11388,13,20.85543,NA,88.6,67.1,0.13
2019-09-14,0.035,JAN,95,72,68,63,0,4.1680613,82.94572,34.873608,57.52977,83.98641,0,NA,72,84.74576,97.01697,10,17.379524,NA,88.4,66.8,0.12
2019-09-15,0.043,JAN,95,73,69.1,64.9,0,4.6945605,71.007320000000007,39.652657,61.830624,81.89738,0,NA,73.9,84.96083,97.42824,13,18.2485,NA,88.1,66.5,0.12
2019-09-16,0.042,JAN,97,71,70,64,0,2.9888425,107.45591,34.917706,63.00281,87.23564,0,NA,72,84.44583,98.293274,11,16.51055,NA,87.9,66.2,0.11
2019-09-17,0.05,JAN,98,69,71.1,63,0,2.0104601,99.849045,32.797035,62.830097,93.37325,0,NA,70,84.50378,98.74299,8,13.034643,NA,87.7,65.9,0.11
2019-09-18,0.049,JAN,98,70,71.1,63,0,2.256625,183.13013,33.713696,62.032524,87.23564,0,NA,72,85.69091,101.242,10,17,NA,87.4,65.5,0.12
2019-09-19,0.044,JAN,95,71,72,68,0.21,3.7238493,120.73149,43.09826,73.183105,90.3233,0,NA,71.1,81.701935,100.742,17,22,NA,87.2,65.2,0.11
2019-09-20,0.041,JAN,90,68,70,60.1,0,7.4351463,128.19217,39.474964,63.19201,87.628876,0,NA,70,79.156166,90.50617,14,19.986454,NA,86.9,64.9,0.1
2019-09-21,0.039,JAN,91,63,66.9,60.1,0,4.7161784,130.13681,35.637,61.112305,87.18186,0,NA,64,78.29867,90.68829,16,19.986454,NA,86.6,64.5,0.11
2019-09-22,0.037,JAN,90,71,68,62.1,0,5.718271,153.07402,41.918427,64.20758,86.58971,0,NA,71.1,80.054565,89.99089,14,19.986454,NA,86.4,64.2,0.1
2019-09-23,0.043,JAN,92,69,69.1,66,0,2.2238493,176.55356,46.55105,68.56488,87.135025,0,NA,70,81.25021,95.084656,7,9.558739,NA,86.1,63.8,0.11
2019-09-24,0.04,JAN,94,71,70,66,0,2.253138,335.54382,45.241203,69.11105,86.58971,0,NA,71.1,81.18448,94.30089,11,14.772596,NA,85.8,63.4,0.1
2019-09-25,0.047,JAN,95,71,70,62.1,0,2.5509067,224.53186,34.873608,62.70872,87.628876,0,NA,72,82.22139,96.4366,11,14.772596,NA,85.5,63.1,0.11
2019-09-26,0.048,JAN,94,69,66.9,63,0,2.0341702,204.20712,37.099903,61.226,83.80627,0,NA,69.1,81.15605,94.183685,8,12.165668,NA,85.3,62.7,0.12
2019-09-27,0.047,JAN,94,69,66.9,61,0,5.8675036,167.57263,35.94196,60.259964,83.86249,0,NA,70,81.35528,94.03381,17,22.593382,NA,85,62.3,0.11
2019-09-28,0.043,JAN,94,69,72,64,0,5.657933,159.30461,38.561287,66.03205,94.01323,0,NA,69.1,81.94538,96.30419,14,17,NA,84.7,61.9,0.11
2019-09-29,0.039,JAN,96,67,70,64,0,3.5509067,141.61105,37.439568,65.30932,89.89542,0,NA,69.1,81.44748,99.61955,13,18.2485,NA,84.4,61.5,0.12
2019-09-30,0.036,JAN,95,68,71.1,64,0,3.3298466,155.97905,38.424847,64.11095,87.03324,0,NA,68,81.421646,94.73823,13,19.117477,NA,84,61.1,0.12
2019-10-01,0.046,JAN,97,67,68,63,0,1.5927476,180.29285,32.797035,62.210304,87.135025,0,NA,69.1,82.94343,98.96489,10,13.90362,NA,83.7,60.7,0.12
2019-10-02,0.048,JAN,99,70,69.1,64.9,0,3.22106,359.79938,33.896896,59.7426,86.58971,0,NA,71.1,85.82002,101.242035,11,15.641572,NA,83.4,60.3,0.13
2019-10-03,0.048,JAN,98,72,71.1,64.9,0.05,2.7119944,46.317875,37.5754,63.996758,84.3378,0,NA,72,84.86121,101.36852,14,20.85543,NA,83.1,59.8,0.12
2019-10-04,0.032,JAN,86,74,72,68,0.17,5.2377963,356.30396,55.044296,75.32051,88.5888,0,NA,73.9,80.23985,89.41204,11,15,NA,82.7,59.4,0.12
2019-10-05,0.059,JAN,93,71,69.1,60.1,0,3.1729429,88.16881,38.255493,61.98643,90.594666,0,NA,72,81.05636,94.73823,10,13.034643,NA,82.4,59,0.13
2019-10-06,0.033,JAN,92,68,68,63,0,5.16318,138.71205,40.898205,66.44689,87.135025,0,NA,69.1,80.170845,92.523094,13,16.51055,NA,82.1,58.5,0.11
2019-10-07,0.029,JAN,83,65,69.1,61,1e-4,6.1535664,351.8558,57.979168,77.28265,90.0483,0,NA,66,72.229706,81.7088,17,20.85543,NA,81.7,58.1,0.12
2019-10-08,0.037,JAN,82,62,62.1,57.9,0,4.5463414,21.909088,47.168118,74.77997,89.5692,0,NA,62.1,68.90583,81.81456,10,12.165668,NA,81.4,57.7,0.11
2019-10-09,0.039,JAN,89,60,62.1,57,0,1.4253836,86.1397,37.25496,67.958496,93.1553,0,NA,61,71.81803,86.135544,7,15,NA,81,57.2,0.11
2019-10-10,0.033,JAN,90,63,70,59,0.35,4.936541,153.96568,48.19906,76.07041,93.5622,0,NA,64,76.02487,90.72519,18,31.283144,NA,80.6,56.8,0.1
2019-10-11,0.027,JAN,89,56,71.1,48.9,1.03,8.129707,181.46974,55.044296,77.00552,90.594666,0,NA,57,74.50253,91.38327,18,22.593382,NA,80.3,56.3,0.1
2019-10-12,0.032,JAN,70,52,48,30,1e-4,7.502092,2.1795456,27.712248,57.7895,77.20622,0,NA,53.1,58.29805,70,15,21.724405,NA,79.9,55.9,0.11
2019-10-13,0.033,JAN,67,51,51.1,45,1e-4,1.8940028,26.007519,49.99235,68.81349,86.17496,0,NA,51.1,58.29554,66,11,15.641572,NA,79.5,55.5,0.11
2019-10-14,0.015,JAN,74,57,64,51.1,0.24,2.0027895,101.33998,57.233494,75.75039,90.400345,0,NA,55.9,65.61728,73.9,7,15,NA,79.2,55,0.11
2019-10-15,0.022,JAN,69,66,66,63,4.32,4.432357,114.60082,86.48417,89.76664,93.319046,0,NA,66,67.83428,69.1,10,15,NA,78.8,54.6,0.11
2019-10-16,0.032,JAN,69,48,66.9,44.1,0.03,2.6457462,348.68552,52.511654,75.69841,92.705696,0,NA,48.439743,62.500687,69.1,7,15,NA,78.4,54.1,0.12
2019-10-17,0.032,JAN,66,46,50,43,0,1.2670851,31.282967,46.811314,72.27123,89.19621,0,NA,46.9,55.20634,64.9,9,13.90362,NA,78,53.7,0.13
2019-10-18,0.036,JAN,71,49,48.9,42.1,0,4.429568,72.13882,38.815422,67.00496,85.47746,0,NA,47.772274,57.45804,70,12,15.641572,NA,77.6,53.3,0.13
2019-10-19,0.028,JAN,78,52,63,46.9,0,1.4958159,357.7226,59.783844,79.74059,93.78725,0,NA,53.1,61.8954,78.1,7,8.689762,NA,77.2,52.8,0.13
2019-10-20,0.045,JAN,87,54,71.1,52,0.24,5.05788,163.12018,57.01807,78.26374,93.31721,0,NA,54,71.192116,88.31077,13,17.379524,NA,76.8,52.4,0.13
2019-10-21,0.033,JAN,73,62,69.1,59,1.04,5.611576,173.88286,70.870895,86.325584,90.642,0,NA,62.1,67.42753,73,16,22.593382,NA,76.5,52,0.13
2019-10-22,0.034,JAN,70,45,59,33.1,0,3.8877265,310.06918,25.525137,64.878654,96.00036,0,NA,46,58.98258,70,15,21.724405,NA,76.1,51.5,0.13
2019-10-23,0.038,JAN,74,42,46,35.1,0,1.3458856,110.60797,24.971912,64.315674,91.83653,0,NA,42.1,55.99714,73,8,10.427715,NA,75.7,51.1,0.14
2019-10-24,0.038,JAN,75,44,50,41,0,3.4351463,98.96264,30.53587,61.312927,88.76556,0,NA,44.1,59.70843,73.9,11,14.772596,NA,75.3,50.7,0.13
2019-10-25,0.017,JAN,67,58,64,48.9,1.88,4.528591,63.842632,61.91105,87.29054,93.879135,0,NA,57.2,62.683693,66.9,10,13.90362,NA,74.9,50.3,0.14
2019-10-26,0.019,JAN,76,57,70,48.9,0.93,7.4972105000000004,221.4658,71.9017,83.95275,93.924324,0,NA,57.9,64.19387,75.9,22,32,NA,74.5,49.9,0.14
2019-10-27,0.024,JAN,61,56,53.1,50,0,2.0808926,344.59296,72.21912,78.43794,86.710846,0,NA,55.9,58.33798,61,9,12.165668,NA,74.1,49.5,0.13
2019-10-28,0.015,JAN,61,50,54,48,1e-4,1.8702929,114.90088,74.5661,84.25147,92.86074,0,NA,51.1,56.641113,60.1,5,7.820786,NA,73.7,49.1,0.13
2019-10-29,0.022,JAN,72,49,60.1,46.9,0.05,3.3372822,59.990314,59.20005,79.77637,93.498985,0,NA,47.772274,60.93904,72,10,13.034643,NA,73.3,48.7,0.13
2019-10-30,0.016,JAN,78,63,69.1,60.1,3.28,4.204324,155.00572,73.780556,86.6009,93.96902,0,NA,63,70.39206,77,15,20,NA,72.9,48.4,0.12
2019-10-31,0.029,JAN,71,37,68,30.9,1.05,9.458857,323.5058,51.89094,75.24534,93.031395,0,NA,34.708565,43.88264,71.1,18,26.069286,NA,72.5,48,0.13
2019-11-01,0.032,JAN,57,33,37,28,0,2.7099023,19.938742,36.983395,69.6683,89.086205,0,NA,30.974932,42.292915,55.9,10,14.772596,NA,72.2,47.6,0.13
2019-11-02,0.038,JAN,64,35,39,30.9,0,4.6080894,351.7134,29.770138,63.107895,89.52968,0,NA,35.1,47.569,63,14,17.379524,NA,71.8,47.3,0.14
2019-11-03,0.034,JAN,65,35,42.1,30.9,0,1.6087866,39.25697,28.743622,63.69454,89.086205,0,NA,36,49.391056,64,9,11.296691,NA,71.4,46.9,0.14
2019-11-04,0.028,JAN,67,40,46.9,37,0,1.693166,141.88165,36.677902,65.778946,92.51814,0,NA,41,53.99362,66,7,11.296691,NA,71,46.6,0.15
2019-11-05,0.035,JAN,75,46,52,37.9,0,2.5934448,9.105305,29.74499,69.933975,92.86074,0,NA,46.9,59.228294,73.9,12,15.641572,NA,70.7,46.3,0.14
2019-11-06,0.041,JAN,78,46,55,44.1,0,2.3814504,103.398735,37.29259,70.146904,92.8002,0,NA,46.9,60.47221,75.9,11,15,NA,70.3,45.9,0.14
2019-11-07,0.022,JAN,71,49,66.2,46,0.02,4.36053,346.48422,80.10791,86.045876,93.31721,0,NA,43.51081,60.862717,70,15,19.986454,NA,69.9,45.6,0.15
2019-11-08,0.022,JAN,50,35,46.9,28,0,9.090655,2.1632576,49.63451,72.53964,89.03869,0,NA,31.970705,40.10833,45.540215,16,20.85543,NA,69.6,45.3,0.14
2019-11-09,0.035,JAN,63,30,35.1,19.9,0,1.4337517,30.509356,22.592436,61.321404,88.844124,0,NA,30.9,43.860096,61,8,11.296691,NA,69.2,45,0.14
2019-11-10,0.037,JAN,70,35,45,32,0,2.6317992,183.81688,30.050335,64.7805,85.689926,0,NA,36,51.36993,69.1,8,16,NA,68.9,44.7,0.15
2019-11-11,0.028,JAN,73,40,62.6,37,0.55,4.7839723,288.2019,60.893734,79.03202,93.879135,0,NA,29.63162,54.922188,72,22,30.41417,NA,68.5,44.5,0.14
2019-11-12,0.032,JAN,40,26,34,17.1,0.05,13.737797,346.55957,42.463352,67.090996,85.689926,1e-4,NA,15.162782,21.801695,28.767344,22,30.41417,NA,68.2,44.2,0.14
2019-11-13,0.029,JAN,48,22,30,12.9,0,3.3526132,29.213882,35.377144,59.404053,78.59985,0,NA,12.467949,30.090637,48,10,15.641572,NA,67.8,43.9,0.15
2019-11-14,0.026,JAN,50,40,39,30.9,0.04,2.8535564,6.5181594,54.23788,71.06152,85.65535,0,NA,39.214478,42.442215,45.88414,10,13.90362,NA,67.5,43.7,0.15
2019-11-15,0.039,JAN,58,34,37.9,28,0,7.0529985,352.19028,34.407505,62.20487,89.52968,0,NA,29.040438,41.214645,57.9,16,22.593382,NA,67.2,43.4,0.14
2019-11-16,0.036,JAN,61,30,33.1,25,0,4.4449096,349.9392,27.098335,61.06075,81.45678,0,NA,24.779064,40.534004,60.1,10,17.379524,NA,66.9,43.2,0.15
2019-11-17,0.037,JAN,66,28,37,25,0,1.1436541,283.53693,21.859509,62.78449,88.844124,0,NA,30.9,45.37569,66,8,13.034643,NA,66.5,43,0.15
2019-11-18,0.04,JAN,64,34,37.9,30.9,0,1.8375174,308.23297,35.257378,66.26639,85.75554,0,NA,35.1,46.864807,64,11,16,NA,66.2,42.7,0.14
2019-11-19,0.04,JAN,76,36,42.1,33.1,0,3.5271966,281.03793,23.350224,59.91828,89.52968,0,NA,33.26129,53.18006,75.9,12,21.724405,NA,65.9,42.5,0.15
2019-11-20,0.036,JAN,71,37,41,35.1,0,2.8619246,133.15927,29.609406,62.52784,88.872559999999993,0,NA,39,52.16646,69.1,11,15.641572,NA,65.6,42.3,0.15
2019-11-21,0.04,JAN,74,40,55,37.9,0,5.8479776,163.41867,51.325596,70.98144,85.05635,0,NA,41.26356,58.226734,73,16,21.724405,NA,65.3,42.1,0.15
2019-11-22,0.022,JAN,70,59,64.9,55,0.24,6.4037657,181.02472,78.77112,85.574844,90.642,0,NA,60.1,65.033516,68,11,16.51055,NA,65,41.9,0.14
2019-11-23,0.02,JAN,68,39,64,35.1,0.18,6.5864716,289.84558,54.83435,78.5653,89.96762,0,NA,37.7197,50.28218,68,13,24,NA,64.8,41.7,0.14
2019-11-24,0.031,JAN,60,32,39,30,0,1.2343097,253.03146,42.092773,72.71228,92.783875,0,NA,33.1,45.05037,60.1,9,16,NA,64.5,41.6,0.15
2019-11-25,0.035,JAN,66,36,45,33.1,0,5.287482,166.84059,39.815994,67.42798,89.52968,0,NA,34.30991,51.137337,64.9,11,22.593382,NA,64.2,41.4,0.15
2019-11-26,0.033,JAN,74,52,66.9,48,0.05,11.421897,164.75569,68.30702,78.48714,86.66236,0,NA,54,65.23819,72,21,30.41417,NA,63.9,41.2,0.15
2019-11-27,0.039,JAN,73,50,68,26.1,0.01,8.069735,342.78506,20.55061,49.01161,89.93965,0,NA,48.439743,62.15546,73,15,26.069286,NA,63.7,41.1,0.16
2019-11-28,0.031,JAN,65,46,43,33.1,0,5.3082285,42.24184,34.811096,51.734673,65.99591,0,NA,42.041008,53.55852,64,10,15.641572,NA,63.4,40.9,0.15
2019-11-29,0.031,JAN,77,44,57,37.9,0,3.6813111,148.23497,42.043232,65.884384,82.579834,0,NA,43.549923,60.39556,75.9,11,14.772596,NA,63.1,40.8,0.17
2019-11-30,0.024,JAN,75,57,64.9,37.9,0.27,9.195955,186.24675,45.355434,69.65203,83.7815,0,NA,57.9,66.6147,73.9,21,33.0211,NA,62.9,40.6,0.16
2019-12-01,0.036,JAN,64,44,48.9,27,1e-4,8.515967,278.81345,26.200342,44.093815,69.12093,0,0,40.12685,54.519794,62.1,19.117477,27.80724,NA,62.6,40.5,0.15
2019-12-02,0.031,JAN,50,30,28,26.1,0,6.8649125,330.8249,42.319332,58.935047,82.1482,0,0,30.9,36.565475,44.16081,17.379524,22.593382,NA,62.4,40.3,0.16
2019-12-03,0.031,JAN,59,27,33.1,24.1,0,1.5641572,203.76448,32.7512,64.489624,88.334496,0,0,25.144707,40.73234,57.9,7.820786,13.034643,NA,62.1,40.2,0.15
2019-12-04,0.039,JAN,68,33,39,28.9,0,1.9117477,323.96814,25.051968,59.502804,85.8089,0,0,33.26129,48.572495,66.9,10.427715,14.772596,NA,61.9,40.1,0.16
2019-12-05,0.033,JAN,67,38,41,34,0,4.0841885,152.92827,32.882504,59.408764,82.79933,0,0,36.690838,52.537617,66,10.427715,16.51055,NA,61.7,39.9,0.16
2019-12-06,0.039,JAN,66,48,57,39.9,0.47,5.2138577,32.515606,68.100006,81.73691,93.693306,0,0,48,55.623295,64.9,13.034643,17.379524,NA,61.4,39.8,0.15
2019-12-07,0.025,JAN,58,45,50,42.1,0,6.430424,359.79654,68.89796,81.18498,89.921104,0,0,41.834225000000004,52.20809,57.9,12.165668,15.641572,NA,61.2,39.7,0.16
2019-12-08,0.032,JAN,66,47,54,45,0,3.5628026,150.83626,63.09954,82.53028,90.29139,0,0,45.397057,54.571045,66,8.689762,13.034643,NA,61,39.6,0.16
2019-12-09,0.029,JAN,75,54,66.9,51.1,0.41,9.037353,182.80252,68.756775,81.11891,92.705696,0,0,55,65.78606,73.9,14.772596,22.593382,NA,60.8,39.4,0.16
2019-12-10,0.033,JAN,71,40,66,36,0.77,11.030568,2.4896061,81.18729,86.500694,93.19044,0,0,31.56523,44.485325,70,19.117477,25.200312,NA,60.6,39.3,0.17
2019-12-11,0.032,JAN,54,33,35.1,27,0,7.5600934,24.627869,40.960045,67.15773,85.75554,0,0,26.000704,36.728634,53.1,15.641572,21.724405,NA,60.4,39.2,0.16
2019-12-13,0.008,JAN,59,42,48.2,41,0,1.2165667,134.9571,69.51858,87.99832,96.59939,0,0,43,48.558537,57.9,6.082834,8.689762,NA,60,39,0.16
2019-12-14,0.028,JAN,65,41,51.1,39,0,2.8676217,203.43434,62.48991,83.49971,95.82135,0,0,41,50.711006,63,13.034643,22.593382,NA,59.8,38.9,0.17
2019-12-15,0.039,JAN,72,43,60.1,39.2,0,8.168377,159.06781,65.45249,83.098404,95.87754,0,0,42.8,58.07681,72,18.2485,23.462358,NA,59.6,38.8,0.15
2019-12-16,0.019,JAN,75,44,66,41,0.96,10.167022,182.88573,68.63514,84.85119,93.56222,0,0,37.401703,63.327625,75,24.331335,33.89007,NA,59.4,38.6,0.17
2019-12-17,0.002,JAN,44,32,39.9,26.1,0.01,11.122896,337.04626,69.62508,78.6354,88.872559999999993,0,0,24.113144,30.303516,38.14157,18.2485,25.200312,NA,59.2,38.5,0.16
2019-12-18,0.01,JAN,51,27,30,21.2,0,3.8234954,339.5871,32.83006,66.52541,92.15066,0,0,23.43825,33.899418,47.155212,13.034643,18.2485,NA,59,38.4,0.17
2019-12-19,0.033,JAN,54,25,30.9,21.9,0,1.8248501,24.709574,34.900223,66.71036,88.43512,0,0,25.144707,37.572674,53.1,10.427715,13.034643,NA,58.9,38.3,0.18
2019-12-20,0.034,JAN,57,27,37,24.1,0,2.4331334,87.2345,33.98156,62.394104,85.26191,0,0,28,43.535835,57,8.689762,13.034643,NA,58.7,38.2,0.17
2019-12-21,0.021,JAN,53,46,45,37,0.6,3.9972906,26.739862,61.05819,74.49201,93.05812,0,0,42.941006,47.28282,53.1,6.95181,10.427715,NA,58.6,38.1,0.18
2019-12-22,0.031,JAN,51,47,48.9,44.1,1.49,7.4672246,347.11688,87.37388,89.623085,93.05812,0,0,42.041008,46.941845,51.8,13.034643,18.2485,NA,58.4,38,0.18
2019-12-23,0.027,JAN,57,50,52,46,0.03,6.430424,340.76294,77.3798,86.02227,92.8002,0,0,45.21348,51.58346,57,14.772596,19.986454,NA,58.3,37.9,0.18
2019-12-24,0.029,JAN,72,43,54,41,0,1.4772596,9.339898,50.85981,77.63361,89.921104,0,0,44.1,54.681007,71.1,6.95181,8.689762,NA,58.1,37.8,0.17
2019-12-25,0.027,JAN,71,43,57.9,41,0,2.2593381,160.0766,60.77762,80.8673,93.398476,0,0,43,58.08284,69.1,13.034643,18.2485,NA,58,37.7,0.18
2019-12-26,0.022,JAN,71,54,59,53.1,0,1.7379525,110.6422,65.45249,84.425446,93.31721,0,0,55,61.379025,70,7.820786,11.296691,NA,57.9,37.6,0.17
2019-12-27,0.021,JAN,72,59,60.8,55.9,0.1,3.9972906,71.94805,65.58198,82.967354,93.0668,0,0,59,63.420975,71.1,7.820786,13.90362,NA,57.7,37.5,0.18
2019-12-28,0.024,JAN,70,61,66.2,57,0.04,9.037353,137.49254,73.09345,85.624,90.247734,0,0,61,66.482994,70,17.379524,24.331335,NA,57.6,37.4,0.16
2019-12-29,0.033,JAN,74,51,64,48,0.93,9.471841,187.57909,66.03794,82.34115,93.74054,0,0,51.1,63.963764,73,19.117477,27.80724,NA,57.5,37.3,0.17
2019-12-30,0.033,JAN,56,39,48,32,0,5.9090385,265.18793,40.103687,63.372337,86.17496,0,0,35.594437,45.472538,55.9,14.772596,21.724405,NA,57.4,37.2,0.16
2019-12-31,0.037,JAN,58,33,33.1,23,0,3.041417,305.17908,26.608856,59.13043,81.52512,0,0,32.23243,43.08693,57,10.427715,14.772596,NA,57.3,37.2,0.17
2020-01-01,0.032,JAN,57,33,42.1,28.9,1e-4,4.2579837,165.87262,35.360737,61.991615,85.63592,0,0,32.23243,45.849403,55.9,12.165668,15.641572,NA,57.2,37.1,0.17
2020-01-02,0.029,JAN,69,49,66,44.1,4.15,5.9090385,167.7337,83.41674,89.905075,93.78725,0,0,45.88414,59.874413,69.1,19.117477,29.545193,NA,57.2,37,0.17
2020-01-03,0.027,JAN,61,53,57.9,51.1,0.28,4.2579837,185.27048,82.37203,89.835815,96.7575,0,0,53.1,58.81791,61,10.427715,13.034643,NA,57.1,36.9,0.17
2020-01-04,0.035,JAN,58,34,54,23,1e-4,6.95181,318.8807,27.688803,63.215897,89.67755,0,0,32.23243,47.962738,57.9,18.2485,26.069286,NA,57,36.8,0.17
2020-01-05,0.036,JAN,66,32,39.9,28,0,4.9531646,187.09605,36.82285,65.17713,88.17328,0,0,27.420155,46.559498,64.9,12.165668,14.772596,NA,57,36.8,0.18
2020-01-06,0.04,JAN,69,42,50,39,1e-4,6.6911173,201.47034,46.924103,69.8535,88.6707,NA,0,39.214478,54.692116,69.1,14.772596,20.85543,NA,56.9,36.7,0.17
2020-01-07,0.04,JAN,61,35,48.9,21.9,0,5.12696,321.03983,23.642536,52.60353,72.24067,0,0,34.404476,49.254005,59,15.641572,21.724405,NA,56.9,36.6,0.17
2020-01-08,0.034,JAN,65,30,34,25,0,4.171086,146.28702,22.881233,54.768974,85.20553,0,0,30,45.325832,64.9,10.427715,13.034643,NA,56.9,36.6,0.18
2020-01-09,0.036,JAN,71,38,57,28.9,0,10.080125,144.26866,54.009808,66.47666,77.97277,0,0,33.9609,55.69694,68,19.117477,26.069286,NA,56.9,36.5,0.17
2020-01-10,0.031,JAN,71,63,66,57,0.27,11.035998,143.74617,77.97277,83.959785,93.180626,0,0,63,66.450035,71.1,20.85543,28.676216,NA,56.9,36.5,0.17
2020-01-11,0.03,JAN,73,46,66.9,39,1.81,12.687053,205.12852,65.093414,80.456856,93.879135,0,0,41.358673,62.1088,73,27.80724,46.924717,NA,56.9,36.4,0.17
2020-01-12,0.022,JAN,60,42,46,37.9,0,3.1283145,78.94865,57.372875,79.33539,93.398476,0,0,38.18721,46.556225,60.1,8.689762,13.034643,NA,56.9,36.4,0.17
2020-01-13,0.016,JAN,65,47,62.1,45,0.34,2.7754533,121.957664,74.75446,89.342636,93.53832,0,0,47.208103,58.068123,64,24.331335,29.545193,NA,56.9,36.4,0.17
2020-01-14,0.025,JAN,69,64,66,60.1,4.51,8.77666,158.82365,82.97585,90.07971,96.55186,0,0,64,66.06335,69.8,19.986454,26.938263,NA,57,36.3,0.17
2020-01-15,0.018,JAN,77,62,66,59,1e-4,5.12696,184.38657,66.2685,84.280624,93.319046,0,0,62.1,68.0623,75.9,12.165668,17.379524,NA,57,36.3,0.18
2020-01-16,0.028,JAN,66,53,63,37.9,0.54,6.5173216,30.133327,56.165054,77.14595,93.879135,0,0,53.1,59.7715,66,15.641572,22.593382,NA,57,36.3,0.18
2020-01-17,0.031,JAN,62,48,51.8,35.1,1e-4,7.212503,122.9117,43.77804,55.59989,67.19054,0,0,47.772274,55.60939,62.1,14.772596,23.462358,NA,57.1,36.3,0.16
2020-01-18,0.035,JAN,71,50,64.9,35.1,0.97,8.515967,163.75125,54.131100000000004,81.393684,93.83344,0,0,51.1,61.497353,70,20.85543,26.938263,NA,57.2,36.3,0.17
2020-01-19,0.04,JAN,51,35,35.1,19,0,12.339462,347.57602,32.83006,47.844627,69.50987,0,0,28.78503,36.037117,44.527874,22.593382,30.41417,NA,57.3,36.3,0.17
2020-01-20,0.034,JAN,45,30,24.1,16,0,9.384943,350.5116,36.246857,54.0073,72.18179,0,0,20.460064,28.200108,37.191612,17.379524,22.593382,NA,57.3,36.4,0.17
2020-01-21,0.032,JAN,43,27,23,19,0,7.0387077,16.326637,39.13624,60.637722,78.3038,0,0,15.162782,26.285658,38.390156,13.90362,19.986454,NA,57.4,36.4,0.18
2020-01-22,0.031,JAN,47,29,30,18,1e-4,5.387653,130.22986,35.042915,49.999893,68.91293,0,0,27.21691,35.76079,42.467316,13.034643,18.2485,NA,57.5,36.4,0.17
2020-01-23,0.027,JAN,57,40,52,28.9,0.61,7.2994003,134.68236,57.20822,78.94466,93.59724,0,0,33.84455,45.28286,57,17.379524,25.200312,NA,57.7,36.5,0.18
2020-01-24,0.03,JAN,55,35,42.1,33.1,0,5.9090385,263.65457,54.3439,77.91469,96.522156,0,0,34.201775,42.242744,54,15.641572,22.593382,NA,57.8,36.5,0.18
2020-01-25,0.031,JAN,58,30,37.9,28,0,1.3034644,270.84406,40.103687,71.377235,92.287315,0,0,27.431068,42.71929,57.9,7.820786,12.165668,NA,57.9,36.6,0.18
2020-01-26,0.03,JAN,52,40,48,37,0.09,3.041417,162.49812,75.92653,87.218025,92.8002,0,0,41.834225000000004,47.505783,51.8,12.165668,15.641572,NA,58,36.7,0.17
2020-01-28,0.029,JAN,62,33,46.9,32,0.05,3.041417,142.88812,52.695644,76.03764,93.13691,0,0,32.23243,48.58579,61,11.296691,13.90362,NA,58.3,36.8,0.19
2020-01-29,0.026,JAN,53,38,46.9,35.6,0.19,3.6497002,63.78936,74.153496,84.5053,93.13691,0,0,37.4,47.507996,53.1,10.427715,13.90362,NA,58.5,36.9,0.18
2020-01-30,0.029,JAN,55,35,43,34,0,3.7365978,14.108652,66.12884,84.7301,96.492714,0,0,34.404476,42.981674,54,12.165668,15.641572,NA,58.7,37,0.19
2020-01-31,0.025,JAN,51,46,44.1,41,0.01,4.9531646,332.8821,76.176926,82.266136,89.19621,0,0,43.475407,45.67415,51.1,8.689762,13.034643,NA,58.8,37.2,0.19
2020-02-01,0.033,JAN,57,36,39.9,30.9,0,4.5186763,299.2454,38.359814,72.249245,85.23134,0,0,36,44.21429,57,14.772596,22.593382,NA,59,37.3,0.19
2020-02-02,0.041,JAN,73,35,39,30,0,5.561448,199.89928,24.971912,54.526752,85.23134,0,0,33.26129,53.16191,73,12.165668,17.379524,NA,59.2,37.4,0.18
2020-02-03,0.048,JAN,74,47,54,37.9,1e-4,9.645637,181.76103,42.507446,64.20401,86.326836,0,0,43.475407,59.896606,73,18.2485,24.331335,NA,59.4,37.5,0.18
2020-02-04,0.029,JAN,72,61,64,55,0.08,10.25392,173.24496,68.20768,82.190834,90.400345,0,0,61,65.66822,71.1,19.986454,32.152122,NA,59.6,37.7,0.18
2020-02-05,0.024,JAN,74,49,66.9,46,0.82,8.863558,186.85132,75.92401,86.61765,93.28895,0,0,44.527874,65.64637,73.9,15.641572,25.200312,NA,59.8,37.9,0.18
2020-02-06,0.024,JAN,50,35,43,24.1,0.47,8.081479,295.8033,63.862904,82.208984,89.49497,0,0,24.798697,37.431973,44.281822,19.117477,26.938263,NA,60,38,0.18
2020-02-07,0.038,JAN,54,30,33.1,25,0,5.297071,197.9969,36.223064,61.426876,82.1482,0,0,25.08892,37.673855,53.1,13.034643,19.117477,NA,60.2,38.2,0.18
2020-02-08,0.04,JAN,62,37,37.9,27,0,4.7793694,69.924706,28.384678,55.311317,85.75554,0,0,34.708565,48.21992,61,11.296691,15.641572,NA,60.4,38.4,0.19
2020-02-09,0.041,JAN,74,48,53.1,30.9,1e-4,11.5573845,151.67949,42.507446,60.92487,83.41674,0,0,44.628643,60.603817,73,19.986454,29.545193,NA,60.6,38.5,0.19
2020-02-10,0.024,JAN,74,61,66,53.1,1.11,9.384943,163.05464,70.073,87.07576,93.83344,0,0,61,65.647385,73.9,20.85543,28.676216,NA,60.9,38.7,0.19
2020-02-11,0.012,JAN,70,48,64.9,44.6,0.96,7.820786,333.10248,81.26576,87.55957,93.56222,0,0,43.408783,51.681683,70,18.2485,26.938263,NA,61.1,38.9,0.18
2020-02-12,0.021,JAN,78,50,66.9,46.9,1.99,7.2994003,170.78088,68.732666,87.1239,93.180626,0,0,45.895653,59.877792,77,24.331335,33.89007,NA,61.3,39.1,0.19
2020-02-13,0.033,JAN,58,42,55,30.9,0.41,10.775306,341.0902,64.244995,76.218605,93.008835,0,0,34.50776,43.648365,57,19.117477,27.80724,NA,61.6,39.3,0.18
2020-02-14,0.035,JAN,51,33,32,21,0,8.168377,17.011421,34.569695,54.760468,79.08094,0,0,23.856495,36.258114,51.1,15.641572,21.724405,NA,61.8,39.6,0.18
2020-02-15,0.042,JAN,66,31,37,23,1e-4,5.0400624,138.66685,22.881233,46.676147,72.300934,0,0,28.770514,48.585125,64.9,13.034643,17.379524,NA,62,39.8,0.18
2020-02-16,0.036,JAN,62,48,53.1,37.9,0.22,3.910393,126.32505,54.3439,80.51603,89.28615,0,0,45.378853,54.35174,61,10.427715,13.90362,NA,62.3,40,0.18
2020-02-17,0.026,JAN,66,54,59,51.1,0.02,7.212503,161.15822,69.88434,84.45797,92.92053,0,0,54,58.983135,66,13.90362,18.2485,NA,62.5,40.2,0.18
2020-02-18,0.02,JAN,75,55,66,53.1,0.05,7.7338886,208.55614,73.48776,87.14479,93.53832,0,0,55.9,65.44732,73.9,15.641572,21.724405,NA,62.8,40.4,0.17
2020-02-19,0.017,JAN,57,47,53.1,44.1,0.5,7.0387077,22.74227,83.41674,88.36395,93.29195,0,0,43.408783,46.56481,55,15.641572,21.724405,NA,63,40.7,0.18
2020-02-20,0.034,JAN,48,38,46.4,30.9,2.4,12.687053,8.110949,64.244995,83.86504,93.44901,0,0,30.366724,37.511276,46.979465,22.593382,33.0211,NA,63.3,40.9,0.18
2020-02-21,0.038,JAN,48,32,30,24.1,0,8.863558,3.9259424,38.803753,63.647125,78.57606,0,0,22.968079,31.973324,43.408783,19.986454,26.069286,NA,63.5,41.1,0.17
2020-02-22,0.042,JAN,59,28,34,25,0,1.9117477,140.40219,31.430666,61.756237,89.1155,0,0,28,41.790142,57,7.820786,11.296691,NA,63.8,41.4,0.18
2020-02-23,0.036,JAN,58,40,45,34,1e-4,4.431779,148.81804,57.22561,70.87986,88.6707,0,0,37.929947,49.332558,57.9,11.296691,13.90362,NA,64,41.6,0.18
2020-02-24,0.029,JAN,63,53,59,45,0.4,8.515967,184.56229,71.49519,82.9247,93.03501,0,0,53.1,58.345158,63,17.379524,25.200312,NA,64.3,41.8,0.19
2020-02-25,0.033,JAN,67,45,55,43,0,2.2593381,310.62802,54.009808,78.001396,96.27691,0,0,44.693104,54.78762,66,8.689762,12.165668,NA,64.5,42.1,0.18
2020-02-26,0.037,JAN,53,41,46,28,0.11,9.298046,331.0128,57.077904,71.05982,92.7389,0,0,34.18111,43.589546,52,20.85543,29.545193,NA,64.8,42.3,0.19
2020-02-27,0.04,JAN,52,33,27,21.9,0,5.0400624,327.34015,34.569695,53.155403,78.02541,0,0,29.654753,38.274124,51.1,13.034643,16.51055,NA,65.1,42.6,0.19
2020-02-28,0.045,JAN,59,31,35.1,26.1,0,4.8662667,246.99496,30.480497,57.42538,82.1482,0,0,25.08892,43.486664,59,15.641572,23.462358,NA,65.3,42.8,0.18
2020-02-29,0.047,JAN,71,33,36,28,0,3.7365978,236.82991,21.401623,50.6944,81.45678,0,0,29.755665,51.181713,70,13.034643,19.117477,NA,65.4,42.9,0.18
2020-03-01,0.051,JAN,72,42,50,33.1,1e-4,10.080125,170.6984,29.547894,52.89925,72.01491,0,0,40.265457,57.089172,70,21.724405,27.80724,NA,65.6,43,0.19
2020-03-02,0.034,JAN,74,58,61,52,0.06,8.863558,188.2464,62.051434,77.35763,86.81767,0,0,57.9,65.57463,73.9,15.641572,22.593382,NA,65.8,43.3,0.18
2020-03-03,0.03,JAN,76,64,66,61,0.08,5.8221407,226.38364,66.2685,82.2512,90.642,0,0,64.9,69.07923,75,12.165668,18.2485,NA,66.1,43.5,0.18
2020-03-04,0.044,JAN,66,52,61,48,1.89,9.211148,49.926594,78.0474,86.033,89.96762,0,0,51.8,57.135887,64.9,21.724405,33.0211,NA,66.4,43.8,0.19
2020-03-05,0.044,JAN,68,44,50,39.9,0.38,8.081479,12.18599,44.881535,71.747795,89.17831,0,0,45,55.93798,66,18.2485,26.069286,NA,66.6,44,0.19
2020-03-06,0.044,JAN,62,44,34,27,0,9.211148,344.4231,29.251516,41.80488,55.432976,0,0,41.834225000000004,51.55047,62.1,18.2485,26.069286,NA,66.9,44.2,0.19
2020-03-07,0.041,JAN,64,38,37.9,23,0,4.7793694,43.02584,22.502592,47.396072,67.866905,0,0,33.9609,48.276115,63,13.034643,19.117477,NA,67.1,44.5,0.19
2020-03-08,0.046,JAN,71,39,46,30,0,7.2994003,151.43495,28.743622,49.646477,74.25996,0,0,40.2347,56.8975,71.1,14.772596,19.986454,NA,67.4,44.7,0.18
2020-03-09,0.038,JAN,73,53,57.9,46.9,0.02,10.427715,158.79622,54.734737,73.27101,86.2867,0,0,53.1,62.109688,72,19.117477,26.069286,NA,67.7,44.9,0.17
2020-03-10,0.034,JAN,79,62,63,57,0.28,5.6483455,193.75156,48.279877,78.02463,90.642,0,0,62.1,67.32349,78.1,13.90362,19.986454,NA,67.9,45.1,0.17
2020-03-11,0.034,JAN,80,64,62.6,57,0,7.0387077,208.2444,46.869354,71.64584,93.879135,0,0,64,69.84397,79,13.90362,19.986454,NA,68.2,45.4,0.18
2020-03-12,0.037,JAN,82,62,59,57,0,10.60151,199.9245,45.34391,65.21009,86.105125,0,0,62.1,71.37019,81.40442,19.117477,26.069286,NA,68.4,45.6,0.17
2020-03-13,0.027,JAN,76,64,64,57.9,0,6.430424,342.27917,68.08568,76.95309,84.43778,0,0,64,68.5368,73.9,13.034643,19.117477,NA,68.7,45.8,0.17
2020-03-14,0.03,JAN,80,61,64,57.9,0,4.2579837,174.58566,55.70696,75.85597,90.642,0,0,61,69.73895,79,11.296691,13.90362,NA,68.9,46,0.17
2020-03-15,0.027,JAN,77,55,62.1,51.1,0,6.33682,0.47063884,58.036343,73.73209,90.642,0,0,57,66.22211,75.9,14.772596,18.2485,NA,69.2,46.2,0.18
2020-03-16,0.033,JAN,80,54,60.1,48.9,0,3.8234954,100.81737,51.876583,70.59661,83.87503,0,0,54,64.653244,78.1,11.296691,15.641572,NA,69.4,46.5,0.18
2020-03-17,0.04,JAN,82,59,63,55.9,0,3.3021097,121.605446,47.168118,73.89446,93.180626,0,0,59,68.99584,81.40442,8.689762,12.165668,NA,69.7,46.7,0.18
2020-03-18,0.032,JAN,82,65,64.9,61,0,8.950456,181.37767,52.16248,70.71659,90.0483,0,0,66,72.848785,81.313675,15.641572,24.331335,NA,69.9,46.9,0.18
2020-03-19,0.033,JAN,84,70,66,63,0,10.60151,169.98672,54.357697,71.09115,83.86249,0,0,70,75.60089,84.64193,18.2485,25.200312,NA,70.2,47.1,0.18
2020-03-20,0.034,JAN,83,62,66.9,59,0.34,7.646991,187.61331,54.49604,81.05289,93.180626,0,0,63,69.97452,85.07065,20.85543,36.497,NA,70.4,47.3,0.18
2020-03-21,0.022,JAN,63,53,60.1,46.4,1e-4,8.081479,2.6303942,71.9017,81.48883,90.247734,0,0,53.1,56.753937,63,15.641572,19.986454,NA,70.7,47.5,0.19
2020-03-22,0.027,JAN,74,51,63,46,1.04,7.0387077,161.8043,68.30702,81.71776,93.59724,0,0,51.1,61.977978,73,13.034643,17.379524,NA,70.9,47.7,0.18
2020-03-23,0.022,JAN,76,65,66.9,63,0.01,5.6483455,208.57495,68.63514,80.998474,90.400345,0,0,66,70.71178,75.9,13.034643,18.2485,NA,71.2,47.9,0.21
2020-03-24,0.028,JAN,81,63,66,61,1e-4,8.515967,197.87086,55.979965,75.49085,93.879135,0,0,64,72.25431,82.54184,19.986454,28.676216,NA,71.4,48.1,0.19
2020-03-25,0.036,JAN,81,59,63,57,0,2.780724,307.22916,46.69717,74.79715,90.0483,0,0,62.1,70.00718,81.40442,8.689762,13.90362,NA,71.7,48.3,0.2
2020-03-26,0.051,JAN,88,56,63,54,0,7.5600934,185.60942,36.06687,64.433624,93.008835,0,0,57,72.73301,86.135544,14.772596,21.724405,NA,71.9,48.5,0.18
2020-03-27,0.04,JAN,87,68,66,63,0,9.037353,184.04779,46.25494,67.27504,87.03324,0,0,68,76.69205,87.31296,15.641572,22.593382,NA,72.1,48.7,0.17
2020-03-28,0.041,JAN,86,69,68,64,0.42,9.993227,181.5942,47.906834,68.881584,88.34331,0,0,69.8,78.124756,87.31296,19.117477,31.283144,NA,72.4,49,0.19
2020-03-29,0.042,JAN,76,57,66.2,48.9,0.06,1.9986453,294.42407,38.570995,66.89582,86.81767,0,0,57.9,66.647804,77,18.2485,26.938263,NA,72.6,49.2,0.18
2020-03-30,0.037,JAN,76,57,54,43,1e-4,4.605574,60.49685,31.788815,58.51142,84.0026,0,0,57.9,65.11849,75,11.296691,16.51055,NA,72.8,49.4,0.19
2020-03-31,0.042,JAN,70,46,64.9,43,0.35,7.820786,295.8422,54.009808,72.71324,87.18186,0,0,46.104233,59.76903,70,19.986454,31.283144,NA,73.1,49.6,0.2
2020-04-01,0.049,JAN,74,42,48.9,37.9,0,2.085543,18.634237,27.89233,64.40539,89.49497,0,0,42.1,57.683224,73,11.296691,16.51055,NA,73.3,49.8,0.21
2020-04-02,0.045,JAN,74,48,50,42.1,0,2.4331334,129.43822,36.695335,59.270622,83.41674,0,0,48.9,61.169617,73,11.296691,18.2485,NA,73.5,50,0.21
2020-04-03,0.049,JAN,76,57,57.9,48,1e-4,1.7379525,39.209667,46.269337,70.268906,86.66759,0,0,57,64.45366,75,10.427715,13.90362,NA,73.7,50.2,0.2
2020-04-04,0.035,JAN,69,57,59,52,0.01,2.5200312,344.1929,60.597298,77.51676,90.04272,0,0,57.9,63.567596,69.1,8.689762,14.772596,NA,74,50.4,0.21
2020-04-05,0.046,JAN,81,57,59,50,1e-4,2.6938264,352.3749,36.267414,67.86785,90.04272,0,0,57.9,68.46647,80.591736,7.820786,12.165668,NA,74.2,50.7,0.2
2020-04-06,0.038,JAN,80,60,64,55,0,3.041417,167.06158,51.876583,70.93258,86.66759,0,0,60.1,69.660904,78.1,10.427715,15.641572,NA,74.4,50.9,0.21
2020-04-07,0.025,JAN,81,66,70,60.1,1e-4,6.256629,193.52603,65.536865,78.708046,88.507805,0,0,66,73.71243,83.89682,13.90362,18.2485,NA,74.6,51.1,0.2
2020-04-08,0.026,JAN,84,73,70,68,0,7.386298,215.86136,62.615204,78.395096,90.32327,0,0,73,77.27401,85.39448,13.034643,16.51055,NA,74.8,51.3,0.22
2020-04-09,0.042,JAN,81,65,70,48,1e-4,8.255275,340.51514,47.168118,66.27812,87.628876,0,0,66.9,74.84919,81.40442,15.641572,20.85543,NA,75.1,51.6,0.21
2020-04-10,0.047,JAN,67,46,52,28,1e-4,7.386298,12.034966,23.81689,45.788883,73.38346,0,0,46.9,59.932755,66,19.117477,26.938263,NA,75.3,51.8,0.22
2020-04-11,0.045,JAN,76,42,48.9,34,0,5.561448,150.55064,32.556263,52.990856,76.01056,0,0,43.549923,59.793514,75,13.034643,16.51055,NA,75.5,52.1,0.21
2020-04-12,0.037,JAN,83,58,71.6,52,0.67,9.12425,179.33752,63.2116,79.21531,89.93965,0,0,62.1,69.47912,85.80995,26.069286,39.972908,NA,75.7,52.3,0.21
2020-04-13,0.029,JAN,58,44,52,41,0,6.430424,338.18616,66.12884,77.30891,89.88164,0,0,43.768723,53.178295,57.9,15.641572,21.724405,NA,75.9,52.5,0.21
2020-04-14,0.04,JAN,64,43,42.1,37,0,9.12425,6.29439,42.555634,63.317047,88.71353,0,0,40.625053,51.675613,64,17.379524,23.462358,NA,76.2,52.8,0.22
2020-04-15,0.045,JAN,64,41,39,26.1,0,7.125605,14.92931,27.712248,52.21602,82.04454,0,0,37.191612,49.811687,64,14.772596,21.724405,NA,76.4,53,0.21
2020-04-16,0.048,JAN,74,36,41,30,0,5.12696,122.851585,23.05514,51.86809,89.26615,0,0,37.9,55.935764,73,13.034643,19.117477,NA,76.6,53.3,0.2
2020-04-17,0.044,JAN,78,45,61,37,0,5.388424,189.21454,48.116283,65.214325,82.18908,0,0,45,63.19791,77,17.379524,25.200312,NA,76.8,53.6,0.2
2020-04-18,0.032,JAN,72,56,61,51.8,0.02,4.344881,356.23584,50.85981,73.35437,87.18186,0,0,55.9,63.317772,72,19.986454,25.200312,NA,77,53.8,0.2
2020-04-19,0.036,JAN,76,60,69.8,54,2.56,4.9531646,94.54006,69.92407,87.67745,96.55186,0,0,62.1,65.44418,75,18.2485,26.069286,NA,77.3,54.1,0.2
2020-04-20,0.037,JAN,73,53,55.9,52,0,3.1283145,334.92734,52.95996,77.434616,89.67755,0,0,55,61.360977,72,13.034643,18.2485,NA,77.5,54.4,0.2
2020-04-21,0.047,JAN,82,49,57.9,46,0,1.5641572,2.6006439,29.233566,65.64051,93.44901,0,0,48.2,65.31353,80.42913,8.689762,13.034643,NA,77.7,54.6,0.18
2020-04-22,0.036,JAN,78,57,57.9,45,0.59,7.7338886,112.34876,40.185894,62.96633,83.35917,0,0,57,65.20982,77,20.85543,33.0211,NA,77.9,54.9,0.17
2020-04-23,0.045,JAN,80,57,69.1,54,1.88,6.95181,240.23296,48.413292,74.82821,93.56222,0,0,57.9,69.48467,79,21.724405,34.75905,NA,78.1,55.2,0.17
2020-04-24,0.052,JAN,81,52,57.2,44.6,0.09,2.5200312,62.670948,28.084248,65.01875,93.59724,0,0,53.1,67.19981,80.291756,10.427715,12.165668,NA,78.4,55.5,0.18
2020-04-25,0.042,JAN,75,58,61,51.1,0.04,6.082834,269.15475,47.717403,70.60453,89.52252,0,0,59,66.60335,73.9,19.117477,26.938263,NA,78.6,55.8,0.18
2020-04-26,0.048,JAN,76,51,55,39.9,0,5.561448,346.9483,28.20098,58.808445,89.88164,0,0,54,64.00098,75,19.117477,24.331335,NA,78.8,56.1,0.18
2020-04-27,0.044,JAN,77,49,48.9,37.9,0,4.6924715,140.94092,27.060286,53.755524,82.681984,0,0,48.9,62.65512,75.9,10.427715,13.90362,NA,79.1,56.4,0.16
2020-04-28,0.043,JAN,78,55,60.1,46.9,1e-4,6.95181,173.2509,46.396816,65.60631,77.3798,0,0,55.9,66.48279,78.1,17.379524,25.200312,NA,79.3,56.7,0.17
2020-04-29,0.047,JAN,75,56,59,43,0.32,7.386298,262.12695,36.676685,67.40416,89.52252,0,0,55.9,65.85972,73.9,21.724405,28.676216,NA,79.5,57,0.15
2020-04-30,0.049,JAN,75,51,48,39.9,0,5.4745502,309.6328,29.259882,55.7602,80.07423,0,0,52,63.09268,73.9,15.641572,26.069286,NA,79.8,57.3,0.15
2020-05-01,0.052,JAN,82,48,53.1,45,0,3.041417,187.66624,31.147362,58.736176,86.326836,0,0,48.9,65.3037,79.9225,10.427715,13.034643,NA,80,57.6,0.15
2020-05-02,0.053,JAN,83,55,57.9,51.1,0,6.169731,180.65488,39.52138,60.051422,83.87503,0,0,55.9,69.873276,82.19677,13.034643,22.593382,NA,80.3,57.9,0.15
2020-05-03,0.045,JAN,85,58,63,55,0,6.256629,192.8029,45.957172,68.95074,89.48413,0,0,60.1,72.10731,85.82961,13.90362,20.85543,NA,80.5,58.2,0.14
2020-05-04,0.037,JAN,85,61,64.9,59,0,5.995936,188.6215,49.320526,72.8564,93.83344,0,0,62.1,72.89753,85.361824,14.772596,22.593382,NA,80.7,58.5,0.15
2020-05-05,0.039,JAN,83,64,66,50,0,6.95181,280.70847,50.564655,70.56428,90.642,0,0,64,73.09411,84.14535,14.772596,22.593382,NA,81,58.8,0.14
2020-05-06,0.05,JAN,78,52,53.1,37,0,9.037353,351.67914,24.429108,46.252655,79.852875,0,0,53.1,67.55435,78.1,19.117477,26.938263,NA,81.2,59.1,0.15
2020-05-07,0.052,JAN,77,46,48.9,37,0,3.041417,102.40793,27.534836,53.60435,86.162994,0,0,46,61.828293,77,10.427715,14.772596,NA,81.5,59.4,0.14
2020-05-08,0.038,JAN,65,57,62.1,48,0.41,8.255275,199.75325,57.990765,78.93691,90.642,0,0,57.9,61.976585,64.9,19.117477,27.80724,NA,81.8,59.7,0.14
2020-05-09,0.041,JAN,69,49,48,35.1,0,6.430424,40.175846,33.072166,57.62613,85.47746,0,0,51.1,58.12481,68,17.379524,26.069286,NA,82,60,0.13
2020-05-10,0.046,JAN,76,44,48,39,0,2.281032,16.791964,27.22882,57.77424,89.49497,0,NA,44.1,60.489197,75.9,10,17.379524,NA,82.3,60.3,0.14
2020-05-11,0.044,JAN,76,50,48,39,0,4.800558,28.481695,28.25122,55.04262,89.03869,0,NA,50,63.291916,75.9,13,19.986454,NA,82.5,60.6,0.13
2020-05-12,0.047,JAN,82,53,55,42.1,0,6.916376,134.79594,32.840477,50.525284,69.085075,0,NA,53.1,67.81273,80.11525,13,19.986454,NA,82.8,61,0.13
2020-05-13,0.043,JAN,86,61,66,52,0,6.859833,156.21075,44.51066,66.73948,86.66759,0,NA,61,72.619804,85.49416,14,20.85543,NA,83,61.3,0.13
2020-05-14,0.034,JAN,83,64,69.1,60.1,0.19,7.625523,150.7822,58.43191,79.3276,87.23775,0,NA,64.9,71.89303,86.47949,20,34,NA,83.3,61.6,0.13
2020-05-15,0.031,JAN,86,66,71.1,62.6,0.05,7.549512,145.9693,57.163784,79.59651,90.400345,0,NA,66,74.03968,90.11007,16,24.331335,NA,83.6,61.9,0.14
2020-05-16,0.028,JAN,83,69,70,64,0.17,7.896095,139.84259,56.29896,78.09866,89.89542,0,NA,69.1,75.0083,84.14535,16,24.331335,NA,83.8,62.2,0.14
2020-05-17,0.043,JAN,88,68,71.1,64.9,0.6,8.522315,173.76651,49.596455,75.989265,87.23564,0,NA,69.1,76.34381,89.44426,19,29,NA,84.1,62.5,0.14
2020-05-18,0.046,JAN,82,62,66.9,55,0.04,4.6101813,309.4199,40.828888,70.32481,90.0483,0,NA,63,72.44283,81.9237,14,20.85543,NA,84.3,62.8,0.13
2020-05-19,0.037,JAN,79,58,60.1,55,0,4.595537,345.62573,49.90776,67.03159,89.48413,0,NA,60.1,68.85157,79,10,16.51055,NA,84.6,63.1,0.14
2020-05-20,0.046,JAN,83,62,62.1,53.1,0,3.474198,46.70791,38.38483,61.563313,81.33104,0,NA,62.1,71.23191,82.03395,10,13.90362,NA,84.9,63.4,0.13
2020-05-21,0.036,JAN,86,65,73.9,61,0.04,2.412134,113.218605,60.952366,76.49203,90.974266,0,NA,66,75.99139,91.53445,9,13.90362,NA,85.1,63.7,0.14
2020-05-22,0.036,JAN,92,70,72,64,0,7.009763,179.39812,40.898205,71.68852,93.4268,0,NA,70,81.57201,94.30089,15,19.986454,NA,85.4,63.9,0.14
2020-05-23,0.028,JAN,89,67,73.9,66,0.2,6.1220365,170.92856,58.95082,85.02084,97.016945,0,NA,68,76.80709,92.895424,23,40,NA,85.6,64.2,0.14
2020-05-24,0.031,JAN,90,66,72,64,0,5.191074,145.35689,42.201916,72.710625,96.92933,0,NA,66.9,78.881096,91.65491,15,21,NA,85.9,64.5,0.14
2020-05-25,0.033,JAN,90,67,70,64.9,1e-4,7.5348673,133.71664,49.72598,71.84405,89.93965,0,NA,68,80.106316,93.70541,17,25.200312,NA,86.1,64.8,0.14
2020-05-26,0.03,JAN,82,70,71.6,64.9,0.76,5.0902476,140.52678,67.05904,83.73868,96.9686,0,NA,70,74.45406,85.80995,11,19.117477,NA,86.3,65.1,0.13
2020-05-27,0.046,JAN,86,62,70,61,1.41,4.716876,164.39687,46.418087,82.1594,100,0,NA,62.1,71.83769,85.49416,42,63,NA,86.6,65.3,0.15
2020-05-28,0.044,JAN,83,62,68,62.1,0.01,3.8549511,208.22884,58.09791,81.61385,96.903595,0,NA,63,71.63341,82.78963,13,19.986454,NA,86.8,65.6,0.15
2020-05-29,0.049,JAN,86,67,71.1,64,0.05,2.125523,357.93436,49.437626,73.69296,96.275345,0,NA,68,77.16171,87.73048,9,13.034643,NA,87,65.9,0.16
2020-05-30,0.05,JAN,87,65,66.9,59,0,5.1799164,15.237306,40.137066,63.333115,89.85901,0,NA,68,77.09496,85.4689,13,17.379524,NA,87.3,66.1,0.15
2020-05-31,0.046,JAN,86,61,63,55.9,0,4.8243904,9.012571,37.18456,63.838314,96.18263,0,NA,62.1,74.55852,85.4689,13,19.117477,NA,87.5,66.4,0.15
2020-06-01,0.047,JAN,88,66,66,57,0,4.292887,45.416008,40.30533,60.089878,73.48776,0,NA,66,76.76815,88.41733,8,13.034643,NA,87.7,66.6,0.15
2020-06-02,0.046,JAN,90,69,70,61,0,3.5993032,164.55705,47.733757,64.10379,81.95878,0,NA,69.1,81.18435,91.65491,11,15.641572,NA,87.9,66.9,0.15
2020-06-03,0.03,JAN,89,72,73.9,69.1,0.05,4.0927477,166.69312,61.064674,82.44353,93.4268,0,NA,72,78.59567,94.55197,17,24.331335,NA,88.1,67.1,0.15
2020-06-04,0.028,JAN,89,70,73.9,69.1,0.14,4.3974895,202.97023,53.424034,78.62153,96.99354,0,NA,70,80.850174,94.41397,17,25.200312,NA,88.3,67.3,0.15
2020-06-05,0.036,JAN,94,69,73.9,68,0.84,4.117852,201.53131,47.282948,78.66589,94.05696,0,NA,70,81.392456,99.10271,21,43.44881,NA,88.5,67.6,0.14
2020-06-06,0.029,JAN,89,67,73,66,0,5.1659694,66.028595,55.315365,78.3552,100,0,NA,66.9,80.63291,96.16709,11,19.117477,NA,88.7,67.8,0.15
2020-06-07,0.02,JAN,88,75,75.2,70,0.45,9.746164,55.416183,63.01707,79.998436,97.04129,0,NA,75,81.50775,94.55197,18,29,NA,88.9,68,0.14
2020-06-08,0.026,JAN,86,74,77,72,2.74,13.329149,147.27934,74.42529,90.75309,97.04129,0,NA,73.9,77.97822,94.161095,26,39.10393,NA,89,68.2,0.15
2020-06-09,0.022,JAN,93,76,78.1,73.9,1e-4,10.439592,182.00464,55.984222,78.799385,93.55792,0,NA,77,89.980675,104.50276,17,24.331335,NA,89.2,68.4,0.14
2020-06-10,0.047,JAN,90,66,77,57.9,0.05,7.535565,238.02148,34.967365,70.50445,96.678116,0,NA,68,80.97404,89.79883,14,22,NA,89.4,68.6,0.16
2020-06-11,0.043,JAN,86,64,64,57.9,0,6.8054395,2.1822114,39.968353,64.864174,90.642,0,NA,64.9,75.11922,84.82963,14,20.85543,NA,89.5,68.8,0.15
2020-06-12,0.054,JAN,88,63,62.1,53.1,0,7.3333335,19.481712,31.295135,55.945843000000004,87.18186,0,NA,64,75.98316,85.97974,17,27,NA,89.6,69,0.15
2020-06-13,0.05,JAN,90,63,64.9,57,0,6.188982,4.8503904,33.989964,59.6362,90.642,0,NA,64.9,77.15034,88.885185,15,19.986454,NA,89.8,69.2,0.15
2020-06-14,0.046,JAN,92,67,70,62.1,0,2.7259414,63.85414,37.19422,65.77336,87.03324,0,NA,68,81.19961,93.16877,9,13.034643,NA,89.9,69.4,0.15
2020-06-15,0.049,JAN,93,67,70,63,0,3.3256624,11.504142,38.39251,65.240364,96.92933,0,NA,66.9,81.52725,93.51138,13,18.2485,NA,90.1,69.5,0.14
2020-06-16,0.053,JAN,87,64,64.9,53.1,0,5.7343097,22.140078,36.870266,58.517056,87.135864,0,NA,64,76.35604,85.15558,11,17.379524,NA,90.2,69.7,0.15
2020-06-17,0.053,JAN,89,63,66.9,55.9,0,2.0871687,6.2463226,34.660152,65.24352,93.56222,0,NA,64,76.23043,86.964165,10,14.772596,NA,90.3,69.8,0.15
2020-06-18,0.056,JAN,90,65,66.9,59,0,1.1603905,292.8278,35.3574,64.96147,93.26418,0,NA,66,78.03452,89.256546,6,11.296691,NA,90.4,70,0.15
2020-06-19,0.053,JAN,93,68,69.1,60.1,0,1.906555,114.15878,35.637,63.628693,89.89542,0,NA,68,80.99185,91.997025,9,12.165668,NA,90.5,70.2,0.15
2020-06-20,0.045,JAN,93,69,72,66,0,3.1596932,203.75229,43.851994,67.25609,90.594666,0,NA,71.1,83.74934,95.3317,9,15,NA,90.6,70.3,0.14
2020-06-21,0.028,JAN,93,70,73,68,0.53,5.5411434,205.44371,52.247787,74.674416,100,0,NA,69.8,83.83509,98.29539,19,30.41417,NA,90.7,70.4,0.15
2020-06-22,0.026,JAN,85,69,75.9,66.9,0.2,6.980474,197.43835,60.283,82.939384,96.9686,0,NA,69.1,77.99538,91.95771,17,23.462358,NA,90.8,70.6,0.15
2020-06-23,0.034,JAN,92,72,72,68,1e-4,5.9721255,230.06602,50.798344,74.067444,93.77152,0,NA,73,82.57427,98.77585,21,31.283144,NA,90.9,70.7,0.14
2020-06-24,0.03,JAN,85,72,72,69.1,0.02,4.6164575,173.17337,60.952366,85.06034,96.99354,0,NA,72,77.02523,88.31077,11,16.51055,NA,91,70.8,0.15
2020-06-25,0.021,JAN,87,69,75,66,0.1,3.6617851,187.9954,67.393654,85.85527,96.99354,0,NA,70,76.86161,96.557755,18,33,NA,91,70.9,0.14
2020-06-26,0.02,JAN,83,69,77,66,0.01,3.2963738,144.85574,74.325455,84.61343,93.37325,0,NA,69.1,79.91079,90.17731,9,13.034643,NA,91.1,71.1,0.14
2020-06-27,0.019,JAN,91,77,77,73.9,0.15,6.583682,188.23051,57.431393,80.41527,92.96513,0,NA,78.1,88.17351,100.5627,14,21,NA,91.2,71.2,0.15
2020-06-28,0.019,JAN,92,77,75.9,71.1,0,6.1220365,193.76352,52.247787,76.553734,96.41042,0,NA,77,87.57488,100.5627,11,16.51055,NA,91.2,71.3,0.15
2020-06-29,0.023,JAN,92,76,77,71.1,0,4.724547,187.17801,53.91329,75.01303,97.04129,0,NA,75.9,88.507515,97.2908,10,15,NA,91.3,71.4,0.14
2020-06-30,0.018,JAN,91,77,77,72,1e-4,5.9107394,208.22409,55.71818,75.16771,90.172104,0,NA,77,88.196724,99.5694,13,19.986454,NA,91.4,71.5,0.16
2020-07-01,0.022,JAN,91,72,79,68,0.43,5.781729,200.32393,57.431393,79.94587,94.05696,0,NA,71.6,87.534454,102.983215,17,29.545193,NA,91.4,71.5,0.16
2020-07-02,0.024,JAN,89,71,77,68,1.11,3.0927474,192.67068,67.393654,87.105,93.4268,0,NA,71.1,76.91499,101.825516,18,24.331335,NA,91.5,71.6,0.15
2020-07-03,0.037,JAN,92,69,75,66.9,0,2.521618,304.24084,52.372917,75.32669,94.01323,0,NA,69.1,83.97292,99.66107,9,13.034643,NA,91.5,71.7,0.16
2020-07-04,0.035,JAN,90,73,75,70,0.42,2.9414227,315.1638,61.48733,82.65811,93.50594,0,NA,73,81.666695,100.53279,14,20,NA,91.6,71.8,0.16
2020-07-05,0.037,JAN,91,71,72,69.1,0,2.4309623,59.877018,55.463593,79.26662,96.99354,0,NA,71.1,80.17724,95.34641,18,27,NA,91.6,71.8,0.16
2020-07-06,0.036,JAN,89,72,75.9,69.1,1.43,1.9045961,59.9213,59.092064,84.40939,94.14301,0,NA,72,79.489204,93.09395,16,22.593382,NA,91.7,71.9,0.16
2020-07-07,0.031,JAN,87,74,75.9,71.1,0.28,2.8919108,268.85916,67.27328,84.61635,97.016945,0,NA,73.9,81.183876,94.21741,14,22.593382,NA,91.7,72,0.16
2020-07-08,0.018,JAN,83,74,75.2,70,0.25,4.0453277,193.99492,77.11626,88.80262,93.79415,0,NA,73.9,77.31564,90.17731,10,18.2485,NA,91.8,72,0.16
2020-07-09,0.026,JAN,93,74,75.9,72,0,4.5892606,236.15697,54.172462,76.561874,93.79415,0,NA,73.9,88.86608,103.05586,10,16.51055,NA,91.8,72.1,0.16
2020-07-10,0.03,JAN,95,78,78.1,73.9,0,4.872385,280.96838,56.103287,75.84345,90.249115,0,NA,79,94.73727,110.16285,13,22,NA,91.9,72.1,0.16
2020-07-11,0.055,JAN,95,74,77,66.9,0,1.6338912,359.40442,41.33532,71.9403,97.016945,0,NA,73.9,89.93993,103.05586,7,10.427715,NA,91.9,72.2,0.15
2020-07-12,0.041,JAN,97,77,77,73,0,4.748954,268.08133,50.72025,70.2274,90.21457,0,NA,77,93.83467,109.79942,12,19.117477,NA,92,72.2,0.16
2020-07-13,0.051,JAN,96,75,75,69.1,0,1.8172942,19.88365,43.09826,70.0304,93.52941,0,NA,75,90.0795,103.997856,7,15,NA,92,72.2,0.17
2020-07-14,0.045,JAN,96,76,75.9,71.1,0,1.9714086,172.04272,49.033268,71.357124,90.21457,0,NA,77,91.193405,108.34494,10,13.034643,NA,92,72.3,0.16
2020-07-15,0.027,JAN,95,75,75,70,0,4.887727,209.06003,49.088055,69.937706,90.73938,0,NA,75.9,88.12664,103.258156,20,28,NA,92.1,72.3,0.16
2020-07-16,0.031,JAN,94,73,77,70,0,4.7935843,134.58145,53.958176,74.56072,90.974266,0,NA,73,87.910416,105.74793,11,16.51055,NA,92.1,72.3,0.16
2020-07-17,0.037,JAN,94,72,75,69.1,0.07,2.9776847,131.39546,49.216675,73.768425,93.77152,0,NA,73,86.69064,102.166626,13,15.641572,NA,92.2,72.4,0.16
2020-07-18,0.04,JAN,95,74,73.9,71.1,0,1.9783821,124.313156,47.73699,71.37936,93.79415,0,NA,73.9,88.09112,101.247765,9,13.90362,NA,92.2,72.4,0.17
2020-07-22,0.024,JAN,95,75,75.9,69.1,0,3.6352859,130.49867,43.09826,68.910355,90.73938,0,NA,75.9,88.76454,100.742294,14,20.85543,NA,92.4,72.4,0.16
2020-07-23,0.031,JAN,95,74,75,70,0.03,5.165211,90.09951,48.930344,71.56698,90.974266,0,NA,73.9,86.07771,100.13229,14,19.117477,NA,92.4,72.4,0.18
2020-07-24,0.023,JAN,89,75,75.9,72,0.25,6.014556,105.21357,63.124584,83.67941,93.55792,0,NA,75.9,81.50876,99.3201,22,31,NA,92.4,72.4,0.17
2020-07-25,0.024,JAN,89,74,75,71.1,0.23,5.6841006,121.46202,60.966244,81.83062,94.14301,0,NA,73.9,82.472755,98.08501,18,23,NA,92.5,72.4,0.17
2020-07-26,0.02,JAN,88,73,78.1,71.1,0.07,3.0181184,136.37811,61.241543,82.99878,93.79415,0,NA,73.9,82.75946,95.725685,10,13.90362,NA,92.5,72.4,0.16
2020-07-27,0.029,JAN,86,74,73.9,71.1,0.17,1.6910739,124.73554,65.257545,83.99153,97.016945,0,NA,73.9,79.64144,93.09395,15,20.85543,NA,92.5,72.4,0.16
2020-07-28,0.035,JAN,88,73,75,70,1e-4,2.4525802,172.61632,55.315365,80.975876,93.79415,0,NA,73.9,81.55618,93.10589,11,17.379524,NA,92.6,72.4,0.17
2020-07-29,0.026,JAN,92,75,75,70,1e-4,6.4037657,215.13065,51.93074,77.41501,93.52941,0,NA,75,86.350784,101.7271,13,16.51055,NA,92.6,72.4,0.16
2020-07-30,0.019,JAN,92,75,75.9,72,0,6.7419806,217.8305,59.26213,75.78798,90.73938,0,NA,75,88.59714,101.86564,14,20.85543,NA,92.6,72.4,0.16
2020-07-31,0.031,JAN,94,72,75.9,70,0.2,8.462343,221.57608,45.981567,73.83016,90.32327,0,NA,73,87.29713,100.71375,22,33.0211,NA,92.6,72.4,0.16
2020-08-01,0.039,JAN,88,72,73.9,69.1,3.48,5.814505,242.69087,63.0984,81.006065,93.79415,0,NA,72,80.70581,92.246544,13,19.117477,NA,92.7,72.4,0.17
2020-08-02,0.039,JAN,89,71,73,64.9,0,1.529986,45.381493,46.388844,75.91432,96.678116,0,NA,71.1,80.55244,92.42606,7,10.427715,NA,92.7,72.3,0.16
2020-08-03,0.041,JAN,93,70,72,64.9,0,1.665272,301.28784,42.5052,71.3646,96.9686,0,NA,70,81.57586,96.60667,10,17.379524,NA,92.7,72.3,0.17
2020-08-04,0.046,JAN,93,70,71.1,64.9,0,3.5571828,320.78528,42.205044,69.39524,93.40279,0,NA,71.1,82.77715,94.72325,11,15.641572,NA,92.7,72.3,0.16
2020-08-05,0.043,JAN,90,69,71.1,64,0,4.070432,357.32254,43.41545,69.59743,93.37325,0,NA,70,79.6324,91.93726,10,15,NA,92.7,72.3,0.16
2020-08-06,0.053,JAN,90,65,66,60.1,0,2.3960948,347.89307,37.83043,65.929146,93.56222,0,NA,64.9,77.395134,88.76172,8,15,NA,92.7,72.2,0.17
2020-08-07,0.053,JAN,94,65,70,61,0,2.243375,7.45706,34.569923,65.8169,93.28895,0,NA,66.9,81.72355,95.75644,9,15.641572,NA,92.7,72.2,0.16
2020-08-08,0.046,JAN,97,69,73.9,66.9,0,1.3570433,263.3682,40.119965,68.41593,93.40279,0,NA,69.1,85.153595,101.151375,11,19.117477,NA,92.7,72.1,0.16
2020-08-09,0.05,JAN,98,73,75,69.1,0,2.2454672,224.49983,43.09826,68.35674,87.628876,0,NA,73.9,88.18628,101.55391,11,18.2485,NA,92.7,72.1,0.16
2020-08-10,0.04,JAN,97,74,75.9,71.1,0,2.7923345999999998,258.77313,44.607655,69.66514,90.73938,0,NA,75,90.384285,103.997856,8,13.034643,NA,92.7,72.1,0.16
2020-08-11,0.034,JAN,97,76,73,70,0,3.3256624,250.64575,42.9673,65.793495,87.48222,0,NA,77,90.71331,104.66202,19,25,NA,92.6,72,0.15
2020-08-12,0.031,JAN,96,73,75,69.1,1e-4,4.47629,169.8286,45.84961,71.17469,90.974266,0,NA,73.9,87.132805,102.618614,16,22,NA,92.6,71.9,0.15
2020-08-13,0.032,JAN,87,74,73.9,71.1,0.92,2.6506276,224.52829,63.0984,83.76944,97.016945,0,NA,73.4,79.4852,92.246544,8,13.034643,NA,92.6,71.9,0.16
2020-08-14,0.03,JAN,86,73,75,71.1,0.72,3.3256624,229.08574,72.10829,86.22093,93.79415,0,NA,73,79.18459,91.95771,18,29,NA,92.5,71.8,0.15
2020-08-15,0.037,JAN,94,70,75,68,0,2.4525802,334.66763,52.348576,77.14582,96.99354,0,NA,70,85.61978,102.11232,10,14.772596,NA,92.5,71.8,0.16
2020-08-16,0.039,JAN,96,70,75,66,0.53,2.930265,318.51474,47.572624,76.85778,100,0,NA,71.1,84.25962,104.66202,22,39.10393,NA,92.4,71.7,0.15
2020-08-17,0.038,JAN,91,69,73,66,0,4.5808926,2.9703605,48.025757,74.845795,93.40279,0,NA,70,80.78552,98.29539,13,18,NA,92.4,71.6,0.16
2020-08-18,0.043,JAN,93,66,70,62.1,0,2.2308228,342.97766,42.04777,67.49515,96.92933,0,NA,66.9,81.25692,95.3317,9,13.034643,NA,92.3,71.5,0.15
2020-08-19,0.045,JAN,90,70,70,64.9,0.01,5.145746,352.72748,44.802727,67.461235,90.594666,0,NA,71.1,81.451035,91.60079,11,16.51055,NA,92.2,71.4,0.16
2020-08-20,0.037,JAN,87,70,71.6,66,0.01,4.95258,17.38968,61.064674,79.2648,89.93965,0,NA,71.1,76.814835,91.53445,14,22,NA,92.2,71.4,0.15
2020-08-21,0.046,JAN,86,67,70,64.4,0.44,2.52371,57.849766,54.77119,83.8606,94.01323,0,NA,68,74.12246,86.20281,9,13.034643,NA,92.1,71.3,0.14
2020-08-22,0.043,JAN,89,66,70,64.9,0,2.1757321,6.966684,44.802727,73.51665,93.319046,0,NA,66.9,78.34518,90.96614,10,15.641572,NA,92,71.2,0.16
2020-08-23,0.037,JAN,93,69,71.1,66,0,3.2140865,51.98007,45.241203,69.59954,92.705696,0,NA,69.1,82.19451,96.13336,10,19,NA,91.9,71.1,0.15
2020-08-24,0.024,JAN,92,72,72,69.1,1e-4,4.237099,68.624176,48.800888,72.57953,93.4268,0,NA,72,83.86315,96.68508,13,19.986454,NA,91.8,70.9,0.14
2020-08-25,0.017,JAN,83,76,75.9,72,1e-4,5.098981,68.913795,76.526184,85.0707,90.73938,0,NA,75.9,80.11146,87.933556,11,16.51055,NA,91.7,70.8,0.14
2020-08-26,0.021,JAN,94,76,77,72,0.12,6.892608,100.05288,57.93478,80.51196,93.55792,0,NA,77,86.618576,104.22139,23,38,NA,91.6,70.7,0.14
2020-08-27,0.021,JAN,86,75,77,73,1.64,13.024407,144.78633,71.92741,82.251144,96.38104,0,NA,75,86.747475,95.92129,26,38,NA,91.5,70.6,0.14
2020-08-28,0.022,JAN,86,76,77,73,0.02,8.785913,185.5848,69.799286,84.98035,92.96513,0,NA,75.9,83.68645,95.3566,16,23.462358,NA,91.3,70.4,0.12
2020-08-29,0.031,JAN,94,76,77,72,0,4.896652,212.0209,52.473076,76.21781,93.55792,0,NA,75.9,87.78754,104.30782,15,20,NA,91.2,70.3,0.13
2020-08-30,0.025,JAN,93,74,75.9,72,0.02,3.9951186,208.481,61.404633,83.4073,94.14301,0,NA,73.9,83.03638,103.0089,14,21.724405,NA,91.1,70.1,0.13
2020-08-31,0.023,JAN,93,75,77,72,1e-4,4.8967924,210.84447,57.431393,79.21863,93.55792,0,NA,75.9,87.03174,105.74793,15,20.85543,NA,90.9,69.9,0.13
2020-09-01,0.023,JAN,94,77,77,72,0.02,6.985356,187.78363,53.867287,76.00885,93.55792,0,NA,77,89.83843,104.506775,13,21.724405,NA,90.8,69.8,0.12
2020-09-02,0.022,JAN,93,77,75,71.1,0,7.542538,188.91869,49.088055,72.20565,90.21457,0,NA,77,88.833336,101.037025,12,20,NA,90.6,69.6,0.13
2020-09-03,0.017,JAN,93,73,75,69.8,0,3.2873082,204.24733,49.362175,75.21783,93.79415,0,NA,73,84.3006,97.143906,9,15,NA,90.5,69.4,0.12
2020-09-04,0.029,JAN,96,72,75.2,70,1e-4,1.958159,358.48523,44.445583,71.907265,93.77152,0,NA,73,88.23231,104.945984,9,13.034643,NA,90.3,69.2,0.12
2020-09-05,0.034,JAN,93,73,75,62.1,0,4.990237,27.28586,43.41545,67.75609,87.48222,0,NA,73.9,84.6157,99.5694,11,16.51055,NA,90.1,69,0.11
2020-09-06,0.043,JAN,95,66,66.9,61,0,3.953975,28.232769,33.618446,60.471313,87.28321,0,NA,66.9,80.584984,94.715996,9,12.165668,NA,90,68.8,0.12
2020-09-07,0.045,JAN,93,66,66.9,62.1,0,1.9909345,135.00061,38.255493,65.90855,93.28895,0,NA,66,79.69981,94.03381,9,12.165668,NA,89.8,68.6,0.12
2020-09-08,0.036,JAN,94,68,71.1,64,0,4.44212,121.26189,41.034203,64.87077,83.86249,0,NA,69.1,82.62489,95.98263,10,16.51055,NA,89.6,68.3,0.12
2020-09-09,0.041,JAN,94,72,71.1,66.9,0,3.5899582,98.90448,43.986134,67.20083,93.4268,0,NA,72,84.114746,95.3317,9,14.772596,NA,89.4,68.1,0.12
2020-09-10,0.038,JAN,94,69,70,66,0,3.625523,17.284943,41.33532,66.18459,89.93965,0,NA,70,83.2645,97.66172,11,19.117477,NA,89.2,67.9,0.12
2020-09-11,0.029,JAN,94,72,75,69.1,1e-4,3.705021,25.518211,54.172462,80.16769,93.52941,0,NA,73,81.74239,100.71375,15,18.2485,NA,89,67.6,0.12
2020-09-12,0.023,JAN,95,73,75.9,72,0.11,3.47629,104.67779,47.572624,76.6683,93.79415,0,NA,73.9,85.2469,103.552925,15,19,NA,88.8,67.3,0.13
2020-09-13,0.023,JAN,93,74,75.9,71.1,0,5.932357,35.95357,54.172462,78.00722,94.14301,0,NA,73.9,84.46441,101.64724,14,20.85543,NA,88.6,67.1,0.13
2020-09-14,0.023,JAN,91,74,75,71.1,0.04,7.8619246,36.776768,55.58441,75.67386,90.974266,0,NA,73.9,84.38409,97.2908,16,23.462358,NA,88.4,66.8,0.12
2020-09-15,0.025,JAN,89,75,75,71.1,0.11,8.644105,36.57815,59.20717,77.343216,87.681946,0,NA,75,82.18709,94.78818,20,31.283144,NA,88.1,66.5,0.12
2020-09-16,0.028,JAN,82,73,69.8,66,1e-4,10.714784,20.464844,62.615204,74.98207,84.337776,0,NA,73,77.162636,84.92029,18,26,NA,87.9,66.2,0.11
2020-09-17,0.047,JAN,91,70,70,64,1e-4,7.8221755,354.9121,53.147194,68.89552,89.89542,0,NA,70,80.679214,94.41397,14,22,NA,87.7,65.9,0.11
2020-09-18,0.045,JAN,82,67,64.9,55.9,0,7.7357044,14.349686,42.18571,65.41232,81.33104,0,NA,66.9,74.283226,81.9237,13,19.117477,NA,87.4,65.5,0.12
2020-09-19,0.034,JAN,80,66,64,57,0,8.257322,27.91322,57.917896,67.78372,80.91651,0,NA,66,71.997559999999993,79,13,19.117477,NA,87.2,65.2,0.11
2020-09-20,0.039,JAN,85,65,63,54,0,7.494421,70.97446,39.366528,61.893013,87.28321,0,NA,64.9,73.30552,83.74889,14,22.593382,NA,86.9,64.9,0.1
2020-09-21,0.032,JAN,74,68,62.1,55.9,1e-4,8.3417015,92.437256,58.6545,65.20312,70.81162,0,NA,68,70.96634,73,16,23.462358,NA,86.6,64.5,0.11
2020-09-22,0.03,JAN,80,66,64,55.9,0,7.702929,96.50543,55.979965,67.86964,80.91651,0,NA,66,71.079765,81.49544,11,18,NA,86.4,64.2,0.1
2020-09-23,0.022,JAN,75,67,71.6,61,1.92,6.3437934,80.51843,73.21936,85.997375,94.10022,0,NA,66.9,71.00418,75,13,20.85543,NA,86.1,63.8,0.11
2020-09-24,0.021,JAN,76,66,72,64,1.73,7.543933,235.39954,87.03324,91.72557,96.275345,0,NA,66,69.3793,75,20,29,NA,85.8,63.4,0.1
2020-09-25,0.024,JAN,73,66,66.9,64,0.01,1.8633194,312.39774,75.92401,86.053856,93.28895,0,NA,66.9,69.29122,72,5,6.95181,NA,85.5,63.1,0.11
2020-09-26,0.028,JAN,82,69,66.9,62.1,1e-4,2.4337518,169.29025,55.979965,77.81804,92.705696,0,NA,69.1,73.531006,82.54184,9,15,NA,85.3,62.7,0.12
2020-09-27,0.037,JAN,85,67,70,62.1,0,3.6237264,184.01942,47.781155,78.49165,100,0,NA,66.9,74.40046,85.82961,10,13.90362,NA,85,62.3,0.11
2020-09-28,0.032,JAN,79,59,73.9,57,0.1,5.727336,294.93112,70.48765,85.29048,94.10022,0,NA,60.1,67.89422,78.1,14,21,NA,84.7,61.9,0.11
2020-09-29,0.034,JAN,77,53,57,43,0,4.258717,330.30444,31.788815,64.99741,93.31721,0,NA,54,63.934494,75.9,16,27,NA,84.4,61.5,0.12
2020-09-30,0.035,JAN,81,50,55,46.9,0,2.4211996,219.39769,31.147362,66.04709,92.8002,0,NA,50,64.190155,79.500694,9,13.034643,NA,84,61.1,0.12
2020-10-01,0.041,JAN,81,54,57,46,0,4.1108785,358.78598,31.147362,62.404243,86.710846,0,NA,54,65.78248,79.71501,14,19.986454,NA,83.7,60.7,0.12
2020-10-02,0.039,JAN,75,49,48,37.9,0,3.3967922,12.316653,27.060286,61.725666,89.665146,0,NA,48.9,60.55749,73.9,11,15,NA,83.4,60.3,0.13
2020-10-03,0.037,JAN,76,46,53.1,44.1,0,2.053696,64.804016,36.871925,67.31432,93.031395,0,NA,46,60.183556,75,10,15,NA,83.1,59.8,0.12
2020-10-04,0.044,JAN,81,50,57,48,0,3.6813111,357.07352,39.0557,66.991776,92.89372,0,NA,51.1,65.38148,80.868484,11,16.51055,NA,82.7,59.4,0.12
2020-10-05,0.037,JAN,78,54,57.9,48.9,0,4.862021,13.782416,38.570995,75.31266,93.03501,0,NA,54,63.4269,77,9,13.90362,NA,82.4,59,0.13
2020-10-06,0.044,JAN,83,53,61,52,0,2.7412832,5.2944155,42.492073,72.15348,96.7575,0,NA,54,67.46403,82.60356,10,15,NA,82.1,58.5,0.11
2020-10-07,0.031,JAN,88,59,68,57,0,3.2845187,15.7768135,49.596455,72.17565,93.15526,0,NA,60.1,74.778824,89.960945,11,14.772596,NA,81.7,58.1,0.12
2020-10-08,0.025,JAN,82,66,71.1,63,0.68,2.9010453,45.088383,64.68674,79.87832,93.37325,0,NA,68,74.43497,85.39448,8,11.296691,NA,81.4,57.7,0.11
2020-10-09,0.025,JAN,79,68,71.1,64,0.42,7.3256626,71.48855,73.9485,83.02543,93.37325,0,NA,69.1,74.00676,78.8,19,34.75905,NA,81,57.2,0.11
2020-10-10,0.022,JAN,77,69,73,64.9,0.83,14.8751745,185.98244,76.355446,89.95121,94.01323,0,NA,69.1,71.1384,75.9,30,47,NA,80.6,56.8,0.1
2020-10-11,0.02,JAN,77,63,69.1,62.1,1e-4,4.4651327,266.04218,73.677185,89.129585,96.92933,0,NA,64,70.67157,77,11,15,NA,80.3,56.3,0.1
2020-10-12,0.028,JAN,88,62,71.1,62.1,0,5.1777005,241.71178,51.649754,78.68466,100,0,NA,63,76.545265,91.65491,12,18.2485,NA,79.9,55.9,0.11
2020-10-13,0.039,JAN,80,53,61,48.9,0,5.1567945,3.7661064,35.85758,67.59175,92.92053,0,NA,54,66.72292,79,11,17.379524,NA,79.5,55.5,0.11
2020-10-14,0.043,JAN,82,48,57,46,0,1.8536586,156.9157,32.603043,68.46641,96.685585,0,NA,48,63.98972,80.72889,8,11.296691,NA,79.2,55,0.11
2020-10-15,0.046,JAN,84,55,66.9,52,0,5.2125435,226.02615,49.508762,75.836136,90.642,0,NA,55,68.91757,83.97844,14,20.85543,NA,78.8,54.6,0.11
2020-10-16,0.028,JAN,70,50,55,41,0.02,9.18676,13.348846,40.310017,66.77804,84.0026,0,NA,51.1,60.1023,69.1,19,27.80724,NA,78.4,54.1,0.12
2020-10-17,0.039,JAN,74,47,46,32,0,5.496167,112.56592,25.829956,52.72829,76.48361,0,NA,43.475407,57.89835,73,13,18.2485,NA,78,53.7,0.13
2020-10-18,0.04,JAN,81,52,63,45,0,5.441812,160.35919,48.179935,67.025,87.23775,0,NA,53.1,67.35294,82.0646,13,19.117477,NA,77.6,53.3,0.13
2020-10-19,0.029,JAN,83,59,68,59,0,3.2090592,176.8509,58.43191,83.443825,100,0,NA,60.1,70.74359,84.480774,11,19.117477,NA,77.2,52.8,0.13
2020-10-20,0.036,JAN,86,60,66,59,0,2.6675959,127.7361,41.576298,74.355804,100,0,NA,60.1,72.42406,85.11547,10,15,NA,76.8,52.4,0.13
2020-10-21,0.031,JAN,88,64,66.9,62.1,0,3.333798,85.52902,47.733757,74.67247,93.56222,0,NA,64,74.98476,88.85965,8,16.51055,NA,76.5,52,0.13
2020-10-22,0.028,JAN,86,66,69.1,64,0,4.0585365,135.7996,54.89434,77.322395,93.28895,0,NA,66.9,75.742065,90.11007,11,15,NA,76.1,51.5,0.13
2020-10-23,0.033,JAN,88,64,70,63,0.93,3.010453,148.08368,49.596455,79.76274,96.903595,0,NA,64.9,75.162285,89.44426,19,27,NA,75.7,51.1,0.14
2020-10-24,0.008,JAN,70,55,68,53.1,0.06,5.4857144,323.50275,83.22815,89.905815,96.275345,0,0,55.9,60.254494,70,11,15.641572,NA,75.3,50.7,0.13
2020-10-25,0.014,JAN,67,55,57.9,53.1,0,4.2397213,334.98373,72.720665,85.779465,96.41831,0,0,55,59.67052,66,9,13.034643,NA,74.9,50.3,0.14
2020-10-26,0.019,JAN,76,60,63,55.9,0,4.708014,24.785585,64.30781,80.86809,93.879135,0,0,60.1,66.11923,75.9,10,13.90362,NA,74.5,49.9,0.14
2020-10-27,0.018,JAN,82,60,72,57.9,0.5,4.7512197,24.962088,66.61727,85.51136,96.15043,0,0,60.1,70.633446,84.15924,10,13.90362,NA,74.1,49.5,0.13
2020-10-28,0.015,JAN,79,68,75,69.8,1.9,6.4341464,109.630005,84.40946,90.36141,96.99354,0,0,71.1,75.225365,79,13,23.462358,NA,73.7,49.1,0.13
2020-10-29,0.031,JAN,68,50,70,39.9,0.03,11.075958,275.05612,51.18082,73.03687,93.64554,0,0,50,56.251778,73.9,17,30,NA,73.3,48.7,0.13
2020-10-30,0.027,JAN,62,47,45,42.1,0,8.329617,1.4348438,51.480362,72.21341,89.28615,0,0,46.979465,52.3162,61,18,26.069286,NA,72.9,48.4,0.12
2020-10-31,0.034,JAN,71,41,52,39.9,0,1.6352859,103.57861,46.924103,76.33164,92.8002,0,0,41.549988,53.917347,69.1,5,10.427715,NA,72.5,48,0.13
2020-11-01,0.038,JAN,72,45,52,35.1,0,6.7761507,347.70715,31.845936,63.190926,100,0,0,44.693104,57.303913,72,16,27,NA,72.2,47.6,0.13
2020-11-02,0.037,JAN,63,39,37.9,25,0,5.6013937,22.984024,25.073462,50.69924,89.26615,0,0,38.77837,49.284912,63,13,19.117477,NA,71.8,47.3,0.14
2020-11-03,0.036,JAN,73,37,46,27,0,0.43832752,292.19446,22.154737,65.5011,92.75558,0,0,37,52.42202,73,5,6.95181,NA,71.4,46.9,0.14
2020-11-04,0.039,JAN,76,40,48.9,37.9,0,1.5142857,139.37877,30.159557,67.2223,91.83653,0,0,41,56.464878,73.9,6,9.558739,NA,71,46.6,0.15
2020-11-05,0.044,JAN,75,44,54,39.9,0,1.5505227,93.83075,29.259882,71.9364,96.27691,0,0,45,58.811916,73.9,8,12.165668,NA,70.7,46.3,0.14
2020-11-06,0.032,JAN,79,50,59,48.9,0,3.3619246,43.08937,49.90776,75.421455,96.00036,0,0,50,63.94937,77,7,15.641572,NA,70.3,45.9,0.14
2020-11-07,0.032,JAN,81,59,64,57,0,4.75523,88.34719,50.650837,75.247505,89.48413,0,0,60.1,69.51582,81.81456,9,15,NA,69.9,45.6,0.15
2020-11-08,0.025,JAN,81,66,64.9,63,0,6.536262,95.78285,61.918896,81.38455,93.28895,0,0,66.9,70.34003,78.1,11,19.117477,NA,69.6,45.3,0.14
2020-11-09,0.023,JAN,79,61,66,60.1,0,5.8193865,103.202774,64.21361,83.865974,96.878845,0,0,61,69.2848,77,12,19.117477,NA,69.2,45,0.14
2020-11-10,0.015,JAN,77,68,71.1,64.9,0.01,3.7475593,119.8263,76.62149,86.60852,96.99354,0,0,68,72.412415,77,8,13.034643,NA,68.9,44.7,0.15
2020-11-11,0.023,JAN,79,58,72,52,1e-4,4.1429567,349.7201,73.59218,85.76119,96.9686,0,0,57.9,70.50628,79,10,14.772596,NA,68.5,44.5,0.14
2020-11-12,0.035,JAN,77,49,54,46.9,0,3.8836236,344.69263,35.78099,72.49641,92.86074,0,0,48.9,60.285366,75.9,9,13.034643,NA,68.2,44.2,0.14
2020-11-13,0.039,JAN,77,47,55,46,0,2.3763065,3.615412,40.185894,72.80598,92.92053,0,0,48,60.04641,75.9,11,15.641572,NA,67.8,43.9,0.15
2020-11-14,0.041,JAN,81,49,64,46.9,0,7.9735007,166.68675,39.366528,71.28807,92.89372,0,0,50,66.075905,80.591736,18,25.200312,NA,67.5,43.7,0.15
2020-11-15,0.039,JAN,71,40,66,32,0.03,6.5885634,301.298,28.026197,67.39897,89.814255,0,0,41,60.393307,71.1,14,33.0211,NA,67.2,43.4,0.14
2020-11-16,0.035,JAN,68,36,39,28,0,2.133891,31.62389,22.225695,61.50819,89.52968,0,0,37.9,50.43138,68,9,16.51055,NA,66.9,43.2,0.15
2020-11-17,0.038,JAN,70,38,41,30,0,4.9372387,23.022114,23.358723,54.357998,92.45325,0,0,37.9,53.690376,70,13,21,NA,66.5,43,0.15
2020-11-18,0.035,JAN,72,41,37.9,25,0,3.3682008,64.3464,19.183722,48.939827,78.803925,0,0,37.929947,52.174843,71.1,7,13.034643,NA,66.2,42.7,0.14
2020-11-19,0.037,JAN,72,39,46,30.9,0,7.900976,143.58531,35.688057,54.058384,82.22324,0,0,37.083782,55.580616,71.1,13,22.593382,NA,65.9,42.5,0.15
2020-11-20,0.036,JAN,78,49,55.9,42.1,0,3.3247387,130.64287,44.900772,72.134834,93.548386,0,0,48.00833,60.866585,77,9,15.641572,NA,65.6,42.3,0.15
2020-11-21,0.035,JAN,77,46,55.9,45,0,0.67642957,78.66665,45.06241,76.81173,96.685585,0,0,46.9,59.4788,75.9,5,11.296691,NA,65.3,42.1,0.15
2020-11-22,0.036,JAN,76,49,57,46.9,0,5.991632,329.12524,45.06241,74.45145,95.98142,0,0,50,61.17824,75.9,18,28,NA,65,41.9,0.14
2020-11-23,0.033,JAN,64,42,46.9,36,0,6.5230126,23.422329,37.692978,64.33989,82.681984,0,0,41.26356,50.073746,63,11,20.85543,NA,64.8,41.7,0.14
2020-11-24,0.035,JAN,74,34,60.1,33.1,0,6.225244,145.97552,42.555634,70.29141,96.492714,0,0,32.23243,56.536503,73,16,29.545193,NA,64.5,41.6,0.15
2020-11-25,0.032,JAN,74,53,64.9,50,0.41,8.378397,179.31705,55.001213,81.56563,93.31721,0,0,53.1,64.099724,73,20,32,NA,64.2,41.4,0.15
2020-11-26,0.027,JAN,71,44,51.1,44.1,0,1.8829268,31.666588,47.06146,77.176186,100,0,0,43.09265,55.468266,70,7,15,NA,63.9,41.2,0.15
2020-11-27,0.015,JAN,69,53,66.2,50,0.52,2.5327754,149.137,86.48417,91.997375,96.92933,0,0,53.1,61.837585,69.1,10,18.2485,NA,63.7,41.1,0.16
2020-11-28,0.017,JAN,61,52,60.1,48.2,0.01,5.943515,18.25561,78.03314,87.89991,100,0,0,51.8,56.614994,60.1,9,15.641572,NA,63.4,40.9,0.15
2020-11-29,0.028,JAN,57,44,55,39,1.66,5.392608,332.05103,82.124245,90.813675,96.729576,0,0,38.55939,50.34153,57,12,26,NA,63.1,40.8,0.17
2020-11-30,0.033,JAN,47,29,43,23,0,8.612543,317.1978,43.442932,67.21115,89.49497,0,0,26.402206,35.900856,42.941006,16,29.545193,NA,62.9,40.6,0.16
2020-12-01,0.029,JAN,55,27,30,19,0,0.84599304,144.41719,25.041166,66.16438,88.844124,0,0,25.144707,37.07223,54,4,9.558739,NA,62.6,40.5,0.15
2020-12-02,0.032,JAN,61,27,32,19,0,3.647141,113.62255999999999,20.09483,56.53881,89.1155,0,0,27,43.229942,60.1,11,17.379524,NA,62.4,40.3,0.16
2020-12-03,0.023,JAN,57,42,51.8,28,0.34,4.793031,12.322579,47.535812,75.51793,93.05812,0,0,42.52106,48.81326,55.9,10,16.51055,NA,62.1,40.2,0.15
2020-12-04,0.029,JAN,54,35,45,33.1,0.02,5.142857,323.52386,58.02325,82.918816,96.492714,0,0,32.091175,41.45374,54,11,18.2485,NA,61.9,40.1,0.16
2020-12-05,0.029,JAN,59,31,42.1,28.9,0,1.2970711,195.17804,45.539257,78.40925,96.46132,0,0,27.420155,43.74589,57.9,6,8.689762,NA,61.7,39.9,0.16
2020-12-06,0.017,JAN,54,36,44.1,34,0.01,2.3012552,181.79141,66.23707,87.933685,96.55275,0,0,33.26129,42.14168,54,9,11.296691,NA,61.4,39.8,0.15
2020-12-07,0.033,JAN,55,32,37.4,30.2,0,3.7117903,351.34216,48.616405,76.90507,100,0,0,33.1,42.367302,55,12,19.986454,NA,61.2,39.7,0.16
2020-12-08,0.034,JAN,66,31,41,30,0,2.8125436,229.22946,34.165665,72.114914,92.45325,0,0,27.420155,44.85214,64.9,10,15.641572,NA,61,39.6,0.16
2020-12-09,0.037,JAN,72,33,43,30.9,0,2.3574913,228.34639,23.84732,66.01692,92.45325,0,0,29.946068,49.31975,72,10,14.772596,NA,60.8,39.4,0.16
2020-12-10,0.049,JAN,75,37,46.9,35.1,0,2.9073172,190.8011,26.119171,67.00458,92.75558,0,0,35.43334,52.764324,73.9,10,15.641572,NA,60.6,39.3,0.17
2020-12-11,0.031,JAN,69,44,55.9,43,0.08,5.949129,166.9763,56.54882,78.31524,93.05812,0,0,44.281822,57.638256,68,15,19.117477,NA,60.4,39.2,0.16
2020-12-12,0.031,JAN,66,43,60.1,43,0.54,3.5850768,226.13728,65.56185,87.78877,96.85247,0,0,44.819702,58.56428,64.9,11,15.641572,NA,60.2,39.1,0.16
2020-12-13,0.024,JAN,67,41,63,39.9,0.92,6.9958158,113.25268,56.271103,84.853325,96.628975,0,0,39.214478,53.38988,66,19,31.283144,NA,60,39,0.16
2020-12-14,0.023,JAN,48,39,44.1,32,0.02,9.75244,351.6805,70.30391,79.87812,93.031395,0,0,32.763218,36.605026,40.524185,15,25.200312,NA,59.8,38.9,0.17
2020-12-15,0.019,JAN,45,38,42.1,30.9,0.06,3.4195123,110.88243,72.77883,80.1269,92.61712,0,0,32.636097,38.994526,45,7,14.772596,NA,59.6,38.8,0.15
2020-12-16,0.024,JAN,45,37,43,28.9,0.17,6.5059233,323.4568,72.24067,82.92413,96.59939,0,0,29.238117,35.261597,44.1,12,19.117477,NA,59.4,38.6,0.17
2020-12-17,0.031,JAN,50,31,32,27,0,4.3930316,317.2784,47.853535,67.95457,92.21943,0,0,29.946068,36.12029,48.00833,9,15.641572,NA,59.2,38.5,0.16
2020-12-18,0.03,JAN,58,27,34,25,0,3.8479776,138.11293,38.539524,69.88724,92.49329,0,0,25.144707,39.336414,57.9,11,16.51055,NA,59,38.4,0.17
2020-12-19,0.032,JAN,63,35,51.1,30.9,0.25,5.7900977,145.64194,51.77772,75.45984,96.00036,0,0,30.873676,48.406704,63,12,20,NA,58.9,38.3,0.18
2020-12-20,0.027,JAN,57,41,51.1,39.9,0,2.4986053,334.98065,77.3798,90.99583,96.628975,0,0,38.9772,50.319534,57,8,13.90362,NA,58.7,38.2,0.17
2020-12-21,0.031,JAN,66,36,46,35.1,0,2.5592747,238.30031,31.72922,75.84393,100,0,0,33.26129,48.12369,66,7,13.034643,NA,58.6,38.1,0.18
2020-12-22,0.034,JAN,70,35,45,34,0,3.2217574,145.95804,33.247486,68.61642,92.783875,0,NA,36,51.27161,69.1,8,13.034643,NA,58.4,38,0.18
2020-12-23,0.03,JAN,66,43,62.1,39,1.59,10.409596,167.17622,69.88434,82.09172,96.878845,0,NA,40.103176,57.689846,66,17,27.80724,NA,58.3,37.9,0.18
2020-12-24,0.035,JAN,62,33,50,14,0.42,10.377266,308.77908,33.06637,57.023552,89.665146,0,NA,26.935297,35.1052,53.1,21,35,NA,58.1,37.8,0.17
2020-12-25,0.037,JAN,44,26,21.9,12.9,0,4.297071,316.55078,29.004938,54.710094,77.56611,0,NA,23.800114,30.893654,40.265457,13,23,NA,58,37.7,0.18
2020-12-26,0.036,JAN,60,26,30,19.9,0,4.6861925,178.65097,29.251516,56.65682,77.803856,0,NA,21.581379,38.43146,60.1,8,13.034643,NA,57.9,37.6,0.17
2020-12-27,0.039,JAN,66,34,46,28,0,8.225942,176.73862,32.12623,60.947243,82.85773,0,NA,27.931797,48.785965,66,14,25.200312,NA,57.7,37.5,0.18
2020-12-28,0.027,JAN,65,49,53.1,46,0,4.291986,126.7008,67.29422,80.56955,92.86074,0,NA,50,56.069546,64,8,11.296691,NA,57.6,37.4,0.16
2020-12-29,0.035,JAN,70,44,52,41,0,6.1358886,131.39917,40.310017,73.00566,96.685585,0,NA,40.103176,55.83331,69.1,14,24.331335,NA,57.5,37.3,0.17
2020-12-30,0.032,JAN,72,56,60.1,52,1e-4,9.368641,154.42389,61.03505,78.4742,90.29139,NA,NA,55.9,63.88021,71.1,16,24.331335,NA,57.4,37.2,0.16
2020-12-31,0.021,JAN,74,63,66,59,0.62,6.768641,106.64041,70.42431,84.73244,93.879135,0,0,64,66.62739,73,17,23.462358,NA,57.3,37.2,0.17
2021-01-01,0.032,JAN,70,42,66.9,36,0.24,9.135888,206.86804,53.15338,71.73742,92.705696,0,0,39.214478,54.52994,69.1,21,30.41417,NA,57.2,37.1,0.17
2021-01-02,0.022,JAN,45,35,37.9,33.1,0,4.3728223,258.4062,70.426094,79.653175,96.12703,0,0,35.1,39.045578,41.549988,10,16.51055,NA,57.2,37,0.17
2021-01-03,0.034,JAN,56,30,37,28.9,0,1.7679442,172.9436,44.899357,74.85449,92.21943,0,0,27.431068,40.758465,55,8,11.296691,NA,57.1,36.9,0.17
2021-01-04,0.038,JAN,66,35,51.1,33.1,0,4.528184,209.29498,56.11741,78.99017,96.59939,0,0,31.552166,47.49108,66,11,19.117477,NA,57,36.8,0.17
2021-01-05,0.035,JAN,62,34,39.9,32,0,2.815331,2.4089086,33.401276,68.332756,96.12703,0,0,34.404476,45.973274,61,11,14.772596,NA,57,36.8,0.18
2021-01-06,0.031,JAN,58,33,37,28.9,0,6.3087106,118.14394,33.98156,57.322624,92.287315,0,0,32.217876,46.13059,57,15,21.724405,NA,56.9,36.7,0.17
2021-01-07,0.023,JAN,51,39,48.9,36,0.42,9.154007,248.97836,58.435863,87.01747,93.44901,0,0,32.217876,41.713852,51.1,18,27,NA,56.9,36.6,0.17
2021-01-08,0.029,JAN,41,38,35.1,25,1e-4,9.142858,324.8908,56.86149,75.02767,89.52968,0,0,28.428621,32.507412,36.369637,17,24.331335,NA,56.9,36.6,0.18
2021-01-09,0.031,JAN,45,35,26.1,24.1,0,8.489896,351.87234,50.981396,59.54477,64.37764,0,0,29.238117,32.12538,37.663204,14,23.462358,NA,56.9,36.5,0.17
2021-01-10,0.028,JAN,41,33,32,26.1,0.27,5.3296165,22.044285,59.554527,70.45592,95.67288,0.8,0,26.119879,32.10158,37.929947,10,16.51055,NA,56.9,36.5,0.17
2021-01-11,0.025,JAN,36,33,33.1,30,0.36,6.770732,348.2356,81.45678,89.61637,96.46132,0.4,1,26.000704,28.452774,30.974932,11,14.772596,NA,56.9,36.4,0.17
2021-01-12,0.029,JAN,50,28,32,27,0,3.7602787,345.37067,45.753944,75.60313,88.43512,0,0,24.993849,33.276756,46.465904,11,15,NA,56.9,36.4,0.17
2021-01-13,0.033,JAN,55,29,39,27,0.07,3.1135888,199.81784,46.56725,76.1184,92.75558,0.1,1e-4,24.205523,38.880444,55,10,15.641572,NA,56.9,36.4,0.17
2021-01-14,0.039,JAN,65,32,42.1,28.9,0,6.908711,198.6385,39.815994,66.07891,92.35433,0,0,26.395292,47.197002,64.9,17,26.069286,NA,57,36.3,0.17
2021-01-15,0.037,JAN,54,34,34,19,0,7.041812,268.96075,25.880339,46.298367,81.37275,0,0,30.347797,42.854393,53.1,19,31.283144,NA,57,36.3,0.18
2021-01-16,0.031,JAN,52,31,28,19.9,0,5.0989547,278.3826,35.89243,53.657356,78.42651,0,0,30.076883,38.061375,51.1,11,17.379524,NA,57,36.3,0.18
2021-01-17,0.038,JAN,62,30,33.1,24.1,0,4.7519164,252.5011,24.149433,53.952713,85.20553,0,0,27.420155,43.82523,61,15,26.069286,NA,57.1,36.3,0.16
2021-01-18,0.037,JAN,63,28,30,19,0,2.9651568,194.03505,18.71939,50.88892,78.48001,0,0,25.08892,43.430138,62.1,11,15.641572,NA,57.2,36.3,0.17
2021-01-19,0.034,JAN,60,39,48,28.9,0.01,3.8689895,29.083618,45.528713,62.741573,92.8002,0,0,34.708565,49.498123,60.1,10,14.772596,NA,57.3,36.3,0.17
2021-01-20,0.026,JAN,59,49,48,39,0.03,2.2726638,19.683847,49.256523,73.26701,92.8002,0,0,47.155212,52.561104,57.9,9,13.034643,NA,57.3,36.4,0.17
2021-01-21,0.022,JAN,64,54,62.1,44.1,0.4,5.8912134,224.92935,66.610664,90.30752,96.81093,0,0,54,58.261993,64,10,16.51055,NA,57.4,36.4,0.18
2021-01-22,0.018,JAN,58,51,55,48.9,0.43,4.34007,18.368643,86.76975,93.030594,96.783690000000007,0,0,51.1,54.626133,57.2,10,13.90362,NA,57.5,36.4,0.17
2021-01-23,0.026,JAN,60,46,48,39,1e-4,4.2418118,55.34234,53.15338,72.33733,92.8002,0,0,42.941006,50.90775,60.1,9,14.772596,NA,57.7,36.5,0.18
2021-01-24,0.02,JAN,68,46,63,39.9,0.04,5.383275,162.22624,61.32375,81.52388,93.53832,0,0,48,59.674145,68,15,19.117477,NA,57.8,36.5,0.18
2021-01-25,0.024,JAN,78,59,68,55,0.73,11.078049,184.54944,64.21361,82.69116,93.879135,0,0,59,69.34871,77,22,35,NA,57.9,36.6,0.18
2021-01-26,0.033,JAN,70,47,55.9,39.9,0,2.28223,83.77925,34.434532,72.116844,100,0,0,46.979465,59.07035,69.1,9,13.034643,NA,58,36.7,0.17
2021-01-27,0.029,JAN,60,41,51.1,30.9,0.11,9.0223,337.67065,61.692875,75.079475,89.17831,0,0,32.763218,50.375706,59,20,28,NA,58.2,36.7,0.18
2021-01-28,0.033,JAN,52,34,32,28,0,8.296167,4.4034686,43.915287,62.043964,85.10684,0,0,29.510775,37.583027,51.1,17,23.462358,NA,58.3,36.8,0.19
2021-01-29,0.035,JAN,61,30,34,23,0,3.2675958,126.79112,23.061253,54.828053,81.55437,0,0,27.420155,43.215565,61,8,13.034643,NA,58.5,36.9,0.18
2021-01-30,0.037,JAN,64,42,57,30.9,1e-4,10.2968645,163.76193,53.50473,68.783585,83.35917,0,0,39.459003,54.61081,64,19,28.676216,NA,58.7,37,0.19
2021-01-31,0.032,JAN,67,44,60.8,32,0.13,10.002788,302.2826,58.61551,74.5762,96.15043,0,0,37.070007,54.885185,66.9,20,31.283144,NA,58.8,37.2,0.19
2021-02-01,0.037,JAN,44,32,30.9,27,0,11.119861,335.0238,59.833435,65.55385,81.55437,0,0,25.530327,33.33444,36.76216,19,27.80724,NA,59,37.3,0.19
2021-02-02,0.035,JAN,51,28,30,26.1,0,4.8703833,339.01743,43.915287,70.30107,85.20553,0,0,26.402206,34.82164,50,11,17.379524,NA,59.2,37.4,0.18
2021-02-03,0.036,JAN,62,26,32,23,0,1.6083623,143.17609,23.061253,61.834652,92.46329,0,0,27,40.67016,61,9,14.772596,NA,59.4,37.5,0.18
2021-02-04,0.039,JAN,67,39,55,28.9,0.32,9.779094,184.58813,60.597298,70.328964,93.31721,0,0,35.04483,53.774784,66,20,30,NA,59.6,37.7,0.18
2021-02-05,0.031,JAN,52,35,37.9,25,0,5.290592,8.582582,37.387806,63.78779,89.52968,0,0,31.380903,40.693657,52,15,22.593382,NA,59.8,37.9,0.18
2021-02-06,0.032,JAN,47,39,45,36,0.18,5.080139,103.87242,82.04454,88.175385,96.27691,0,0,35.59444,41.23409,46,11,20,NA,60,38,0.18
2021-02-07,0.032,JAN,48,38,45,35.1,0.01,6.0083623,28.207218,67.89982,79.29773,96.27691,0,0,34.18111,39.496742,45.72197,16,21.724405,NA,60.2,38.2,0.18
2021-02-08,0.032,JAN,64,32,48,30,0,5.0229964,143.96266,48.3071,72.92107,92.287315,0,0,29.946068,48.6865,64,14,19.117477,NA,60.4,38.4,0.19
2021-02-09,0.035,JAN,73,45,55.9,45,0,2.5770035,62.32728,47.692017,75.99302,93.05812,0,0,46.9,59.060905,73,10,14.772596,NA,60.6,38.5,0.19
2021-02-10,0.029,JAN,76,44,62.1,44.1,0.04,3.8243902,149.56459,53.360497,82.840836,100,0,0,44.6,60.298634,73.9,15,19.986454,NA,60.9,38.7,0.19
2021-02-11,0.02,JAN,64,34,55.9,32,0.13,7.8494773,346.05032,89.26615,93.40571,100,0,0,25.476095,35.439796,57.9,13,17.379524,NA,61.1,38.9,0.18
2021-02-12,0.027,JAN,36,33,34,30.9,0.03,9.651568,350.13974,88.274284,92.146416,100,0,0,22.97764,26.512394,29.654753,14,19.986454,NA,61.3,39.1,0.19
2021-02-13,0.028,JAN,33,28,30.2,23,0.01,10.31986,345.83966,81.24543,87.73568,92.91646,0,0,15.594246,20.958895,26.395292,15,20.85543,NA,61.6,39.3,0.18
2021-02-14,0.022,JAN,29,23,26.1,19.9,0.15,9.456446,348.33997,81.24543,86.30082,92.46329,0.2,0,13.690703,17.086756,20.29449,14,19.986454,NA,61.8,39.6,0.18
2021-02-15,0.033,JAN,28,17,24.8,9,0.53,9.133798,326.23758,69.99381,79.57484,92.80228,1.7,1e-4,2.0480182,9.938087,21.644852,22,34,NA,62,39.8,0.18
2021-02-16,0.037,JAN,30,14,18,8.1,0.03,4.4439025,1.1252118,52.60531,70.309364,84.624115,1e-4,2,2.9039576,13.990345,27,11,15.641572,NA,62.3,40,0.18
2021-02-17,0.031,JAN,36,20,32,15.1,0.94,6.5101047,38.32821,56.0471,79.76244,92.287315,1e-4,1,10.957479,22.182985,30.076883,13,16.51055,NA,62.5,40.2,0.18
2021-02-18,0.041,JAN,34,28,32,24.1,0,9.158188,340.98737,85.07912,89.56765,95.67288,0,1,18.0562,21.760458,27.939062,15,20.85543,NA,62.8,40.4,0.17
2021-02-19,0.047,JAN,37,22,27,19,0,6.758885,345.57892,69.25431,79.906715,91.97475,0,1,13.690703,21.789312,28,13,19.117477,NA,63,40.7,0.18
2021-02-20,0.041,JAN,54,22,30.9,19,1e-4,0.9547038,35.642323,36.223064,74.49408,95.47135,1e-4,1e-4,17.142439,33.830746,54,5,8.689762,NA,63.3,40.9,0.18
2021-02-21,0.042,JAN,68,27,48,23,1e-4,8.275958,164.2639,40.103687,58.411766,85.07912,0,1e-4,22.749134,50.708702,66.9,19,28,NA,63.5,41.1,0.17
2021-02-22,0.042,JAN,64,35,52,26.1,0.06,5.8515677,301.19006,25.382587,65.25172,92.89372,0,0,35.43334,52.986702,64,17,24.331335,NA,63.8,41.4,0.18
2021-02-23,0.047,JAN,74,31,35.1,28,0,3.5658536,195.27327,18.744658,50.539402,88.17328,0,0,32,52.196293,73,10,14.772596,NA,64,41.6,0.18
2021-02-24,0.042,JAN,78,37,54,30.9,0,6.2334495,192.48866,36.676685,59.28665,79.08094,0,0,34.30991,59.034023,78.1,15,24.331335,NA,64.3,41.8,0.19
2021-02-25,0.03,JAN,75,53,62.1,52,1e-4,3.4529617,134.76985,61.7494,81.54589,96.15043,0,0,55,64.536514,75,9,15,NA,64.5,42.1,0.18
2021-02-26,0.027,JAN,82,55,61,51.1,1e-4,7.866202,192.90457,42.492073,72.04271,90.29139,0,0,55.9,66.36022,81.748505,19,27,NA,64.8,42.3,0.19
2021-02-27,0.026,JAN,81,65,66.2,60.1,1e-4,9.412543,171.64737,50.52065,73.404884,93.56222,0,0,64.9,72.758385,81.49544,17,24.331335,NA,65.1,42.6,0.19
2021-02-28,0.029,JAN,85,66,66.9,61,0.21,9.498258,178.64896,49.028793,76.32303,93.924324,0,0,66,73.88982,83.69546,19,28.676216,NA,65.3,42.8,0.18
2021-03-01,0.029,JAN,71,48,66,41,0.25,8.602091,16.690283,74.04533,85.69331,93.008835,0,0,42.365353,57.455845,70,16,22.593382,NA,65.6,43,0.19
2021-03-02,0.032,JAN,47,37,42.1,35.1,0.76,7.5456448,13.3053665,76.40133,85.03855,92.75558,0,0,33.25893,38.508636,42.391476,14,19.986454,NA,65.8,43.3,0.18
2021-03-03,0.042,JAN,62,34,39,32,0,3.3909407,9.512173,37.81449,70.20629,92.783875,0,0,30.974932,45.58562,61,14,16.51055,NA,66.1,43.5,0.18
2021-03-04,0.047,JAN,72,34,43,32,0,1.4264809,7.074455,29.744991,63.478848,92.32428,0,0,34,52.438747,71.1,7,13.90362,NA,66.4,43.8,0.19
2021-03-05,0.038,JAN,65,42,46,37.9,1e-4,3.370035,45.90115,38.443436,63.27554,88.76556,0,0,40.765377,54.274975,64.9,10,15,NA,66.6,44,0.19
2021-03-06,0.046,JAN,63,41,37,21.9,0,9.037353,12.235898,21.488619,40.096508,64.88159,0,0,39.678482,51.039284,63,16,22.593382,NA,66.9,44.2,0.19
2021-03-07,0.048,JAN,66,35,33.1,23,0,3.523345,35.73852,22.881233,47.289104,75.5557,0,0,32.091175,49.495686,64.9,14,23.462358,NA,67.1,44.5,0.19
2021-03-08,0.047,JAN,74,34,37,21,0,3.2738676,161.55249,13.996033,46.42441,82.65763,0,0,31.552166,53.095654,73,14,17.379524,NA,67.4,44.7,0.18
2021-03-09,0.05,JAN,75,37,50,34,0,6.4850173,170.0957,36.871925,59.670906,85.75554,0,0,38.390156,57.69026,75,17,25.200312,NA,67.7,44.9,0.17
2021-03-10,0.043,JAN,79,53,55,51.1,0,11.687805000000001,160.95584,41.722034,65.51417,92.89372,0,0,53.1,65.62997,77,19,28,NA,67.9,45.1,0.17
2021-03-11,0.041,JAN,80,59,59,53.1,0,9.089895,165.44891,40.668427,64.76895,83.46003,0,0,59,68.33686,79,15,22.593382,NA,68.2,45.4,0.18
2021-03-12,0.038,JAN,82,61,61,54,0,5.430662,171.55408,40.541393,66.88588,84.43778,0,0,61,70.47518,80.16927,11,16.51055,NA,68.4,45.6,0.17
2021-03-13,0.041,JAN,82,54,61,53.1,0,4.3958187,165.8683,39.52138,69.12535,93.64554,0,0,55.4,68.20366,81.39918,11,16.51055,NA,68.7,45.8,0.17
2021-03-14,0.039,JAN,80,54,62.1,52,1e-4,7.6487803,156.55382,45.207962,69.62733,90.29139,0,0,55.9,68.46926,80.942215,16,21.724405,NA,68.9,46,0.17
2021-03-15,0.035,JAN,80,60,64.9,55.4,0.72,8.377701,175.91483,59.831806,76.49213,93.83344,0,0,60.1,70.75742,81.9118,16,24.331335,NA,69.2,46.2,0.18
2021-03-16,0.026,JAN,84,66,66.9,60.1,0.66,5.5358887,192.78671,50.650837,79.577194,93.26418,0,0,66,71.387985,82.2832,20,27,NA,69.4,46.5,0.18
2021-03-17,0.03,JAN,84,63,69.1,61,1.19,10.767944,178.71767,56.506313,80.97049,96.903595,0,0,64.9,72.47901,86.62449,21,51,NA,69.7,46.7,0.18
2021-03-18,0.038,JAN,64,50,60.1,37.9,0,11.392335,282.51657,48.73428,60.04321,87.135864,0,0,51.1,54.995262,64,19,29,NA,69.9,46.9,0.18
2021-03-19,0.034,JAN,54,48,42.1,37,1e-4,8.174216,332.19766,60.73043,66.73261,76.01127,0,0,42.6199,48.094486,53.1,14,19.986454,NA,70.2,47.1,0.18
2021-03-20,0.032,JAN,64,44,46.9,39.9,0,4.881533,28.954905,51.77772,69.95645,86.27629,0,0,44.281822,51.911137,63,11,15.641572,NA,70.4,47.3,0.18
2021-03-21,0.053,JAN,70,40,41,28,0,3.7756097,81.93986,25.184065,50.19107,88.76556,0,0,41.834225000000004,54.746685,70,11,17.379524,NA,70.7,47.5,0.19
2021-03-22,0.044,JAN,74,43,48.9,37.9,0,5.911498,141.40106,38.114365,59.30683,82.579834,0,0,44.1,60.087875,73,15,23,NA,70.9,47.7,0.18
2021-03-23,0.032,JAN,67,56,59,48,0.81,9.984669,153.70273,59.85906,76.941574,89.48413,0,0,60.1,62.29575,64.9,22,36,NA,71.2,47.9,0.21
2021-03-24,0.038,JAN,77,57,60.1,53.1,0.1,5.225087,150.47504,50.06913,74.01471,90.29139,0,0,55.9,64.90007,77,17,23.462358,NA,71.4,48.1,0.19
2021-03-25,0.034,JAN,82,64,71.1,55.9,0.52,9.229965,187.66943,57.979168,76.60561,90.642,0,0,64,72.755356,83.63766,20,30.41417,NA,71.7,48.3,0.2
2021-03-26,0.039,JAN,80,58,59,51.1,0,5.6,84.290375,44.756134,63.51185,80.75384,0,0,57.9,68.2246,79,11,16.51055,NA,71.9,48.5,0.18
2021-03-27,0.026,JAN,88,67,68,59,1e-4,11.1519165,180.04013,47.906834,69.658905,87.135025,0,0,66.9,77.66903,87.31296,19,33.0211,NA,72.1,48.7,0.17
2021-03-28,0.044,JAN,75,50,66,33.1,0.29,11.049478,330.71,37.692978,58.04819,89.814255,0,0,51.1,63.4338,75,18,29,NA,72.4,49,0.19
2021-03-29,0.047,JAN,72,42,39.9,30,0,4.5365853,110.71853,23.522617,47.529015,73.45421,0,0,40.265457,55.807495,71.1,11,18,NA,72.6,49.2,0.18
2021-03-30,0.028,JAN,80,46,68,41,0.44,7.4836235,166.94426,57.771458,75.39105,89.93965,0,0,45.88414,64.85494,79,16,20.85543,NA,72.8,49.4,0.19
2021-03-31,0.04,JAN,73,45,66.9,30.9,0.57,10.234146,325.68472,39.043396,70.48457,90.642,0,0,41.834225000000004,62.0637,72,20,27,NA,73.1,49.6,0.2
2021-04-01,0.05,JAN,61,41,33.1,21.9,0,10.658537,356.15405,24.934246,42.156914,70.20342,0,0,38.894848,48.17057,60.1,20,29,NA,73.3,49.8,0.21
2021-04-02,0.047,JAN,63,37,34,21,0,5.732404,30.748652,21.176426,43.45249,73.249565,0,0,30.272263,46.19903,62.1,13,22.593382,NA,73.5,50,0.21
2021-04-03,0.052,JAN,71,36,39.9,24.1,0,1.7289199,168.37843,19.640985,48.074894,78.367676,0,0,37,53.65977,69.1,10,13.034643,NA,73.7,50.2,0.2
2021-04-04,0.054,JAN,77,47,44.1,34,0,1.2641115,186.61255,22.659359,50.4817,76.48361,0,0,46.9,60.856934,75.9,8,10.427715,NA,74,50.4,0.21
2021-04-05,0.052,JAN,80,49,51.1,43,0,4.276655,176.03511,29.91122,55.807816,80.064575,0,0,50,64.185646,79,10,17.379524,NA,74.2,50.7,0.2
2021-04-06,0.036,JAN,82,54,62.1,46.9,0,7.391638,168.87598,43.89786,66.75002,89.88164,0,0,54,68.23387,81.045906,15,21.724405,NA,74.4,50.9,0.21
2021-04-07,0.035,JAN,82,60,64.9,55.9,0.08,10.31986,170.73111,50.52065,72.63771,89.52252,0,0,60.1,70.57313,80.942215,19,27,NA,74.6,51.1,0.2
2021-04-08,0.044,JAN,83,59,63,44.1,1e-4,5.871777,222.25159,26.325457,62.888363,93.83344,0,0,59,69.583115,80.93526,16,23.462358,NA,74.8,51.3,0.22
2021-04-09,0.041,JAN,88,60,70,52,2.55,7.9298124,168.00812,43.10064,70.449,90.642,0,0,60.1,72.574394,87.96141,26,42,NA,75.1,51.6,0.21
2021-04-10,0.047,JAN,79,60,60.1,48,0.71,7.0780487,252.55066,49.870277,70.53447,90.247734,0,0,60.1,67.60927,78.1,20,30,NA,75.3,51.8,0.22
2021-04-11,0.049,JAN,78,48,48,41,0,3.1735191,332.1291,28.72958,56.44049,86.27629,0,0,48,62.5662,77,9,15,NA,75.5,52.1,0.21
2021-04-12,0.052,JAN,86,46,52,39,0,2.9094076,160.48717,21.27909,54.072666,86.326836,0,0,46.979465,66.129776,82.26619,11,14.772596,NA,75.7,52.3,0.21
2021-04-13,0.039,JAN,75,51,60.1,46.9,0,3.8843205,161.33447,47.228798,69.09248,85.47746,0,0,51.1,63.588154,75,20,28,NA,75.9,52.5,0.21
2021-04-14,0.028,JAN,64,51,60.1,48,0.84,2.7815602,41.8262,78.03314,85.33169,90.247734,0,0,52,59.1961,63,20,27,NA,76.2,52.8,0.22
2021-04-15,0.041,JAN,74,58,57.9,45,1e-4,6.881533,3.6178918,37.956196,65.94233,89.52252,0,0,57.9,64.36711,73.9,13,20,NA,76.4,53,0.21
2021-04-16,0.035,JAN,68,57,54,45,0.09,4.58885,49.319008,46.624954,65.444664,86.76975,0,0,57,60.398884,66.9,11,17.379524,NA,76.6,53.3,0.2
2021-04-17,0.037,JAN,66,51,54,46.9,1e-4,4.2271776,341.27417,53.721645,73.55356,90.29139,0,0,53.1,59.18195,66,11,14.772596,NA,76.8,53.6,0.2
2021-04-18,0.039,JAN,72,47,48.9,43,0,4.083624,332.8333,39.132706,63.82282,89.28615,0,0,46.104233,58.628796,71.1,11,24,NA,77,53.8,0.2
2021-04-19,0.045,JAN,73,41,48,36,0,2.6599302,5.6378317,27.847334,58.781944,88.71353,0,0,42.1,57.954426,72,11,18.2485,NA,77.3,54.1,0.2
2021-04-20,0.049,JAN,78,48,48.9,41,0,2.9874566,278.34045,29.740955,55.89461,86.06188,0,0,50,63.003,77,19,28,NA,77.5,54.4,0.2
2021-04-21,0.044,JAN,62,42,37.9,26.1,0,9.821603,346.41663,27.098335,49.116966,73.45421,0,0,36.367393,48.438606,61,19,29,NA,77.7,54.6,0.18
2021-04-22,0.049,JAN,70,39,44.1,30,0,3.866899,95.43489,27.165606,48.9708,76.04004,0,0,38.77837,55.268543,70,10,15,NA,77.9,54.9,0.17
2021-04-23,0.034,JAN,67,52,57,37.9,1.14,4.778397,110.00252,47.180107,66.09821,89.43692,0,0,54,60.016514,66.9,14,19.986454,NA,78.1,55.2,0.17
2021-04-24,0.041,JAN,81,56,64,50,1.81,9.195122,254.63165,46.436325,70.422485,89.569176,0,0,57,67.10079,80.942215,22,36.497,NA,78.4,55.5,0.18
2021-04-25,0.045,JAN,78,51,52,46.9,0,4.676655,5.213609,34.49661,63.60234,86.17496,0,0,52,63.838745,77,10,15.641572,NA,78.6,55.8,0.18
2021-04-26,0.046,JAN,81,50,54,46,0,3.7756097,147.35704,34.98183,58.788383,85.47746,0,0,51.1,66.12255,79.60443,11,15.641572,NA,78.8,56.1,0.18
2021-04-27,0.027,JAN,83,57,66.9,53.1,0,7.298258,163.02037,56.751534,73.68254,89.569176,0,0,57,71.56815,85.07065,15,22.593382,NA,79.1,56.4,0.16
2021-04-28,0.031,JAN,87,71,66.9,62.1,1e-4,9.197212,158.2759,47.781155,66.21678,83.98641,0,0,72,77.93205,87.31296,16,24.331335,NA,79.3,56.7,0.17
2021-04-29,0.027,JAN,85,69,70,63,0.11,4.880836,185.95738,58.43191,74.55942,87.58521,0,0,69.8,75.69618,85.44786,11,17.379524,NA,79.5,57,0.15
2021-04-30,0.032,JAN,73,60,69.1,54,0.16,3.8229966,36.240154,61.03505,79.45509,88.42599,0,0,61,67.866066,73,12,18.2485,NA,79.8,57.3,0.15
2021-05-01,0.043,JAN,82,56,57,46.9,1e-4,3.6020906,128.28265,30.244728,60.067642,90.04272,0,0,57,69.62308,80.11525,15,21,NA,80,57.6,0.15
2021-05-02,0.036,JAN,78,64,68,55,0.45,8.696167,163.97772,67.63664,77.191185,84.55897,0,0,64,69.65443,77,18,27,NA,80.3,57.9,0.15
2021-05-03,0.028,JAN,88,70,72,64,1e-4,9.459233,179.06152,59.092064,73.51585,84.337776,0,0,70,81.36717,93.65173,17,24,NA,80.5,58.2,0.14
2021-05-04,0.037,JAN,85,64,73.4,61,0.56,6.7101045,180.61949,67.05904,81.42331,90.642,1e-4,0,64.9,74.38985,91.60043,26,50.400623,NA,80.7,58.5,0.15
2021-05-05,0.032,JAN,74,57,63,53.1,1e-4,5.528223,346.4079,58.6545,76.36407,90.0483,0,0,57,65.18969,71.1,11,14.772596,NA,81,58.8,0.14
2021-05-06,0.046,JAN,80,54,52,46,0,4.467596,5.1993146,31.147362,57.594612,83.19618,0,0,55,65.9901,79.32823,11,19.117477,NA,81.2,59.1,0.15
2021-05-07,0.049,JAN,78,52,51.1,35.1,0,3.8836236,2.04567,22.659359,57.129196,86.2867,0,0,54,64.612755,77,14,19.986454,NA,81.5,59.4,0.14
2021-05-08,0.05,JAN,85,52,60.1,44.1,0,6.8850174,168.54924,34.56037,54.265186,79.40319,0,0,53.1,70.15051,83.55806,16,22.593382,NA,81.8,59.7,0.14
2021-05-09,0.04,JAN,82,65,68,59,1.08,9.126132,186.26404,56.23738,73.687035,87.23564,0,0,66,72.84083,83.76307,21,31,NA,82,60,0.13
2021-05-10,0.027,JAN,77,64,64.9,60.1,0.01,4.144251,12.085362,68.63514,80.445724,89.96762,0,0,64,69.07338,75.9,10,13.034643,NA,82.3,60.3,0.14
2021-05-11,0.021,JAN,75,63,64.9,60.1,0.25,5.323345,51.57462,70.870895,83.089264,89.96762,0,0,64,68.12725,73,16,24.331335,NA,82.5,60.6,0.13
2021-05-12,0.027,JAN,69,60,60.1,55.9,0.03,5.5560975,25.649307,67.49865,80.722595,87.135864,0,0,61,64.38878,69.1,11,16.51055,NA,82.8,61,0.13
2021-05-13,0.043,JAN,77,56,55,48,0,5.9972124000000004,18.700932,38.570995,59.41227,75.11152,0,0,57,65.78529,75.9,13,18.2485,NA,83,61.3,0.13
2021-05-14,0.046,JAN,79,51,52,43,0,2.3317072,17.954374,28.678143,56.993298,82.75765,0,0,52,65.693726,78.1,10,18.2485,NA,83.3,61.6,0.13
2021-05-15,0.047,JAN,81,53,57,48.9,0,3.4041812,152.48688,36.579586,59.669735,85.59461,0,0,53.1,68.00803,80.33698,11,16.51055,NA,83.6,61.9,0.14
2021-05-16,0.049,JAN,83,61,60.1,55,0,5.8181186,150.82596,40.834755,60.166126,83.41765,0,0,62.1,72.61226,81.54984,16,22,NA,83.8,62.2,0.14
2021-05-17,0.032,JAN,78,67,68,60.1,0.96,7.7038326,155.84962,61.918896,75.82909,87.28321,0,0,66.9,71.41784,78.1,16,24,NA,84.1,62.5,0.14
2021-05-18,0.03,JAN,74,69,68,63,2.63,9.217422,123.12369,73.4019,80.62333,88.34331,0,0,69.1,71.381676,73.4,18,28,NA,84.3,62.8,0.13
2021-05-19,0.035,JAN,82,67,64.9,60.1,1e-4,10.531011,126.75707,52.61694,68.82675,86.48417,0,0,68,74.30565,83.16891,22,31,NA,84.6,63.1,0.14
2021-05-20,0.034,JAN,84,70,64.9,57.9,1e-4,9.945644,124.22015,51.0819,61.63199,71.01804,0,0,71.1,76.85089,85.361824,21,29,NA,84.9,63.4,0.13
2021-05-21,0.042,JAN,85,64,62.1,57.9,0,8.702439,119.940384,42.797188,59.379204,78.301735,0,0,64.9,75.61796,85.49416,18,27,NA,85.1,63.7,0.14
2021-05-22,0.045,JAN,87,61,62.1,55.9,0,4.061324,91.40405,38.58478,58.196,80.10791,0,0,62.1,74.9062,85.81259,11,18.2485,NA,85.4,63.9,0.14
2021-05-23,0.044,JAN,88,61,63,54,0,2.723345,147.84424,37.354286,60.34296,84.43778,0,0,62.1,75.062256,86.46641,11,15.641572,NA,85.6,64.2,0.14
2021-05-24,0.043,JAN,88,63,66,60.1,0,2.2710803,151.71803,43.10064,64.31901,87.23775,0,0,64,76.867455,87.96141,10,13.90362,NA,85.9,64.5,0.14
2021-05-25,0.039,JAN,89,63,66.9,59,0,5.752613,178.22243,39.16971,61.156963,87.23775,0,0,64,77.502335,87.68617,14,19.986454,NA,86.1,64.8,0.14
2021-05-26,0.035,JAN,87,70,69.1,64,1e-4,4.5595818,213.05191,47.906834,70.447334,83.93082,0,0,70,78.59249,88.76938,11,17,NA,86.3,65.1,0.13
2021-05-27,0.044,JAN,91,66,68,63,0,2.876655,182.69589,42.205044,65.42144,90.400345,0,0,66.9,80.66855,93.03301,11,15,NA,86.6,65.3,0.15
2021-05-28,0.043,JAN,84,67,69.1,63,1e-4,6.415331,239.09682,54.357697,70.43715,84.03221,0,0,68,77.13751,85.943405,15,23.462358,NA,86.8,65.6,0.15
2021-05-29,0.04,JAN,80,59,64,48,0,7.620209,6.7539325,42.031292,62.55437,87.28321,0,0,61,70.269684,79,16,24.331335,NA,87,65.9,0.16
2021-05-30,0.033,JAN,76,55,55,48.9,0,6.083624,20.771538,46.436325,64.43784,83.46003,0,0,55,64.158325,75,13,19.986454,NA,87.3,66.1,0.15
2021-05-31,0.046,JAN,85,56,59,48.9,0,2.8243902,128.22916,29.581814,57.965813,83.32886,0,0,55.9,70.47806,82.90408,9,13.034643,NA,87.5,66.4,0.15
2021-06-01,0.037,JAN,88,63,69.8,55.9,0.16,5.316376,164.66841,39.660435,65.33146,88.507805,0,0,64,75.99097,87.15255,15,22.593382,NA,87.7,66.6,0.15
2021-06-02,0.025,JAN,86,70,73,63,1.3,6.30662,182.60175,57.163784,78.55357,87.628876,0,0,70,76.8231,90.11007,30,65,NA,87.9,66.9,0.15
2021-06-03,0.043,JAN,87,69,68,62.1,0,1.7860627,235.58485,46.418087,69.01037,87.23564,0,0,70,77.585236,86.23124,7,9.558739,NA,88.1,67.1,0.15
2021-06-04,0.038,JAN,81,69,70,63,0.01,1.4905924,82.28576,55.979965,74.75523,87.135025,0,0,69.1,75.7442,83.3954,11,16.51055,NA,88.3,67.3,0.15
2021-06-05,0.029,JAN,85,71,70,64,0.01,5.266202,145.09047,52.928852,73.883644,86.58971,0,0,71.1,76.177284,84.316,17,21.724405,NA,88.5,67.6,0.14
2021-06-06,0.024,JAN,75,70,69.1,64.9,0.68,7.02439,143.02414,76.355446,82.42251,87.58521,0,0,70,72.54599,73.9,15,21.724405,NA,88.7,67.8,0.15
2021-06-07,0.024,JAN,90,71,73,66,1.38,5.4167247,162.71277,57.427124,79.569885,87.58521,0,0,70,77.59601,94.00061,20,32.152122,NA,88.9,68,0.14
2021-06-08,0.021,JAN,91,71,73,66,0.02,6.963763,181.09258,51.93074,71.930916,87.58521,0,0,72,84.391075,99.5694,15,24.331335,NA,89,68.2,0.15
2021-06-09,0.026,JAN,90,73,73.9,68,0.01,6.640418,185.98291,58.549522,75.10699,87.72512,0,0,73.9,82.310776,97.143906,16,22.593382,NA,89.2,68.4,0.14
2021-06-10,0.025,JAN,80,72,72,66,0.03,4.788153,213.86566,73.780556,80.60722,87.58521,0,0,73,75.99625,83.94352,13,19.117477,NA,89.4,68.6,0.16
2021-06-11,0.025,JAN,91,73,71.6,66,0,4.9916377,223.3939,45.241203,68.54687,87.628876,0,0,73,82.46938,94.30089,11,17.379524,NA,89.5,68.8,0.15
2021-06-12,0.032,JAN,94,74,73,69.1,0,3.7351916,281.90164,48.800888,68.55006,85.08769,0,0,73.9,87.15856,98.77585,10,16.51055,NA,89.6,69,0.15
2021-06-13,0.037,JAN,97,72,75,63,0.06,4.3149824,358.00027,47.572624,68.374275,87.681946,0,0,72,86.958305,104.50276,21,36,NA,89.8,69.2,0.15
2021-06-14,0.037,JAN,97,70,73,64.9,0,2.2236934,23.328651,42.9673,67.53362,87.135025,0,0,70,85.29361,103.997856,16,21.724405,NA,89.9,69.4,0.15
2021-06-15,0.038,JAN,96,72,72,64.9,0,3.6125436,7.8649015,37.273174,61.06886,87.58521,0,0,72,86.97484,98.49827,11,15.641572,NA,90.1,69.5,0.14
2021-06-16,0.05,JAN,90,68,66.9,55,0,5.152613,46.479546,30.60549,50.207104,73.025314,0,0,69.1,79.90625,88.2937,11,17.379524,NA,90.2,69.7,0.15
2021-06-17,0.055,JAN,91,63,64.9,57.9,0,3.1463416,71.44439,33.989964,57.8471,83.7815,0,0,64,77.55751,89.256546,14,19.117477,NA,90.3,69.8,0.15
2021-06-18,0.042,JAN,90,66,69.1,60.1,0,5.414634,122.60525,46.388844,62.92961,78.77112,0,0,66.9,80.38772,92.901535,14,19.986454,NA,90.4,70,0.15
2021-06-19,0.023,JAN,86,71,69.1,66,0.16,8.544948,14.615289,54.89434,70.431175,83.93082,0,0,71.1,78.80242,88.18489,18,27,NA,90.5,70.2,0.15
2021-06-20,0.031,JAN,93,69,73,64.9,0,5.328223,181.37975,45.84961,67.36317,87.135025,0,0,69.1,85.84353,98.31897,13,22.593382,NA,90.6,70.3,0.14
2021-06-21,0.025,JAN,93,71,71.1,64.9,0.44,6.8745646,202.38745,45.68785,71.59623,87.58521,0,0,71.1,81.04815,96.13336,16,28,NA,90.7,70.4,0.15
2021-06-22,0.041,JAN,85,68,69.1,61,1e-4,4.871777,2.712836,45.957172,69.21334,87.58521,0,0,69.1,76.29383,85.49416,10,15,NA,90.8,70.6,0.15
2021-06-23,0.037,JAN,90,68,72,62.6,0,2.9303136,65.10896,53.147194,68.12539,84.03221,0,0,68,81.196304,94.41397,7,10.427715,NA,90.9,70.7,0.14
2021-06-24,0.039,JAN,94,75,73.9,69.1,1e-4,4.1853657,143.59639,52.348576,71.19291,87.72512,0,0,75,86.74585,102.11232,16,24.331335,NA,91,70.8,0.15
2021-06-25,0.024,JAN,91,73,75,68,0.21,6.395122,145.99953,55.463593,72.91398,84.972496,0,0,73,83.065384,97.143906,20,27,NA,91,70.9,0.14
2021-06-26,0.027,JAN,91,74,72,69.1,1e-4,6.9777,150.71445,50.326485,70.29181,88.507805,0,0,73.4,83.99729,96.68508,14,19.986454,NA,91.1,71.1,0.14
2021-06-27,0.018,JAN,92,72,71.1,66,0,5.476655,127.25157,43.851994,68.949844,84.45763,0,0,73,82.51288,95.084656,21,28,NA,91.2,71.2,0.15
2021-06-28,0.022,JAN,93,75,71.6,66.9,0,7.234146,126.983864,43.986134,66.08447,85.08769,0,0,75.9,84.942825,97.003204,14,20,NA,91.2,71.3,0.15
2021-06-29,0.024,JAN,93,71,71.1,64.9,1e-4,3.9574914,130.05505,41.034203,67.07911,84.972496,0,0,72,82.78441,94.75808,15,24.331335,NA,91.3,71.4,0.14
2021-06-30,0.031,JAN,94,71,71.1,66,0,2.707317,95.24329,45.241203,67.147224,86.58971,0,0,71.1,83.35461,95.084656,7,13.90362,NA,91.4,71.5,0.16
2021-07-01,0.035,JAN,92,73,72,68,0.01,2.455749,172.91925,48.800888,68.664825,87.58521,0,0,73,84.874596,95.935555,7,8.689762,NA,91.4,71.5,0.16
2021-07-02,0.03,JAN,86,74,73.9,70,2.41,3.7581882,251.95825,69.59207,81.13379,93.79415,0,0,73.9,80.13879,90.34348,21,30.41417,NA,91.5,71.6,0.15
2021-07-03,0.043,JAN,89,70,71.1,62.1,0,5.181185,8.302949,42.04777,64.06086,85.08769,0,0,71.1,80.52755,90.6426,10,14.772596,NA,91.5,71.7,0.16
2021-07-04,0.041,JAN,90,70,68,62.1,0,4.2578397,57.955757,46.55105,61.04,76.01463,0,0,70,80.49012,91.60079,8,13.034643,NA,91.6,71.8,0.16
2021-07-05,0.037,JAN,92,70,72,63,0.01,3.5310104,78.430084,48.800888,66.97055,85.08769,0,0,71.1,81.510315,96.68508,16,22.593382,NA,91.6,71.8,0.16
2021-07-06,0.025,JAN,91,72,72,68,1e-4,3.655749,115.14316,50.326485,73.65036,88.507805,0,0,73,81.968735,96.68508,9,13.90362,NA,91.7,71.9,0.16
2021-07-07,0.031,JAN,87,73,72,68,0.85,4.004947,161.11946,67.280304,82.18244,87.72512,0,0,73,77.624466,89.61728,16,22.593382,NA,91.7,72,0.16
2021-07-08,0.026,JAN,92,71,73,66.9,0,4.374216,207.81523,48.800888,70.19926,89.93965,0,0,71.1,84.13226,97.67082,11,15.641572,NA,91.8,72,0.16
2021-07-09,0.026,JAN,91,73,71.1,66.9,1e-4,4.4843206,192.53198,51.93074,72.7008,84.337776,0,0,73,79.78232,96.446625,21,30,NA,91.8,72.1,0.16
2021-07-10,0.021,JAN,88,72,73,66,1.01,5.465505,197.72006,59.20717,77.10767,87.628876,0,0,72,80.67007,94.78818,13,17.379524,NA,91.9,72.1,0.16
2021-07-11,0.029,JAN,84,73,73.9,66,0.3,7.230662,195.78992,69.61913,79.7144,85.08769,0,0,73,78.23071,89.369316,17,33.0211,NA,91.9,72.2,0.15
2021-07-12,0.036,JAN,87,71,72,66,0.36,6.691986,199.02435,49.596455,75.378914,87.58521,0,0,71.1,78.43417,90.11007,18,30.41417,NA,92,72.2,0.16
2021-07-13,0.029,JAN,92,73,72,66.9,0,5.3261323,199.2136,46.991474,70.5834,87.58521,0,0,73,83.06169,95.084656,11,16.51055,NA,92,72.2,0.17
2021-07-14,0.041,JAN,93,71,72,66.9,1e-4,1.8229965,135.3321,48.800888,72.02113,87.23564,0,0,72,82.84262,97.76907,11,15.641572,NA,92,72.3,0.16
2021-07-15,0.03,JAN,93,74,73.9,69.1,0.01,3.8989546,173.79712,47.447067,70.38938,87.681946,0,0,73.9,85.18479,97.76907,14,20.85543,NA,92.1,72.3,0.16
2021-07-16,0.022,JAN,86,72,73.4,68,1.5,5.4195123,164.60535,63.395924,80.19862,88.507805,0,0,72,79.177895,91.60043,17,26,NA,92.1,72.3,0.16
2021-07-17,0.021,JAN,86,71,73.9,68,0.99,3.4655051,173.37553,65.36098,84.228134,89.93965,0,0,71.1,76.1548,93.9102,16,24.331335,NA,92.2,72.4,0.16
2021-07-18,0.019,JAN,92,70,75,66,0.28,4.0181184,201.88438,53.867287,76.16283,87.23564,0,0,70,82.12025,99.5694,18,29,NA,92.2,72.4,0.17
2021-07-19,0.028,JAN,87,73,73,69.1,0.53,2.5351915,233.001,58.95082,79.213844,87.72512,0,0,73.9,79.52222,91.53445,9,13.90362,NA,92.3,72.4,0.16
2021-07-20,0.031,JAN,83,73,73,68,0.19,2.5567944,161.03879,69.27759,81.447525,88.507805,0,0,73.4,78.038155,86.35356,15,22,NA,92.3,72.4,0.17
2021-07-21,0.025,JAN,91,73,73.9,70,0.02,1.1686411,161.92455,53.424034,75.8965,90.974266,0,0,73.9,82.427284,96.446625,6,8.689762,NA,92.3,72.4,0.16
2021-07-22,0.041,JAN,92,74,73.9,70,0.06,2.440418,271.09738,52.247787,73.24113,94.10022,0,0,73.4,85.66355,98.537895,13,19.117477,NA,92.4,72.4,0.16
2021-07-23,0.043,JAN,94,75,78.1,71.1,0,3.3923345,279.40283,52.348576,72.69645,93.60928,0,0,75.9,90.24764,105.691475,11,17.379524,NA,92.4,72.4,0.18
2021-07-24,0.031,JAN,94,77,86,71.6,0.03,3.0236933,15.271009,62.249004,83.29849,100,0,0,77,96.29467,125.34474,15,20,NA,92.4,72.4,0.17
2021-07-25,0.037,JAN,96,76,75.9,66.9,0,1.8794425,200.03415,39.954544,67.424934,87.5789,0,0,77,90.58152,101.151375,8,15,NA,92.5,72.4,0.17
2021-07-26,0.039,JAN,97,77,77,72,1e-4,2.1909409,173.27847,47.572624,70.95805,90.21457,0,0,78.1,90.721375,105.72785,14,21.724405,NA,92.5,72.4,0.16
2021-07-27,0.06,JAN,95,74,75.2,71.1,0.67,3.0243902,178.73819,49.216675,76.590485,93.52941,0,0,73.9,85.51674,104.30782,18,29.545193,NA,92.5,72.4,0.16
2021-07-28,0.055,JAN,95,73,75,70,0,1.9770035,41.15633,45.981567,76.05368,93.79415,0,0,73.9,85.61252,102.11232,17,24.331335,NA,92.6,72.4,0.17
2021-07-29,0.048,JAN,96,73,78.1,71.1,0,1.2843206,51.545464,49.207233,74.20339,93.77152,0,0,73,89.87637,104.66202,7,14.772596,NA,92.6,72.4,0.16
2021-07-30,0.042,JAN,96,75,77,70,0,1.7275262,325.72525,45.981567,71.94078,93.55792,0,0,77,89.92296,103.14688,9,12.165668,NA,92.6,72.4,0.16
2021-07-31,0.043,JAN,97,73,75.9,71.1,0,1.6285714,301.29834,46.142372,71.39987,93.79415,0,0,73.9,89.876,103.258156,7,11.296691,NA,92.6,72.4,0.16
2021-08-01,0.043,JAN,96,77,75.9,70,0,3.5317073,247.76205,50.72025,73.23378,87.5789,0,0,78.1,89.6047,106.88772,10,13.90362,NA,92.7,72.4,0.17
2021-08-02,0.035,JAN,83,73,73.9,71.1,0.85,3.1832752,49.508545,71.92238,84.70978,93.79415,0,0,73.9,78.01612,84.95402,10,14.772596,NA,92.7,72.3,0.16
2021-08-03,0.047,JAN,87,73,71.6,66,0,3.508014,37.59562,53.147194,73.25734,94.10022,0,0,73,79.84947,90.6426,11,15.641572,NA,92.7,72.3,0.17
2021-08-04,0.051,JAN,88,68,66.9,59,0,5.097561,15.116735,40.137066,65.17142,87.135025,0,0,68,76.92433,86.11804,11,19.117477,NA,92.7,72.3,0.16
2021-08-05,0.055,JAN,89,64,68,60.1,0,3.476655,356.3522,37.83043,66.83726,93.26418,0,0,66,78.08877,88.76172,11,16.51055,NA,92.7,72.3,0.16
2021-08-06,0.045,JAN,88,71,72,66,1e-4,1.7017422,343.05478,49.596455,75.2612,90.32327,0,0,72,79.62579,92.42606,8,11.296691,NA,92.7,72.2,0.17
2021-08-07,0.053,JAN,91,67,70,64,0,1.328223,141.22203,43.851994,71.12985,96.92933,0,0,66.9,80.01384,93.70633,5,11.296691,NA,92.7,72.2,0.16
2021-08-08,0.035,JAN,92,69,73,66.9,0,2.799303,190.55527,48.800888,70.71375,90.594666,0,0,70,84.12449,98.77585,9,13.90362,NA,92.7,72.1,0.16
2021-08-09,0.021,JAN,93,75,75.9,71.1,0,4.460627,194.28781,52.247787,72.68152,90.73938,0,0,75,88.42027,99.66107,10,16,NA,92.7,72.1,0.16
2021-08-10,0.025,JAN,94,74,75,71.1,0,2.796739,184.87486,52.372917,75.35631,90.974266,0,0,73.9,85.78642,100.71375,9,12.165668,NA,92.7,72.1,0.16
2021-08-11,0.037,JAN,94,73,73.9,69.1,0,3.0759583,174.8153,44.58768,71.69879,87.628876,0,0,73.9,85.729965000000007,101.037025,22,29,NA,92.6,72,0.15
2021-08-12,0.042,JAN,93,72,73,69.1,0,4.1045294,158.34521,48.800888,73.2271,93.4268,0,0,72,83.55832,97.76907,15,20.85543,NA,92.6,71.9,0.15
2021-08-13,0.05,JAN,93,72,73.9,66,1e-4,2.2459931,188.75316,42.635464,72.16478,93.77152,0,0,72,83.752525,97.42824,8,11.296691,NA,92.6,71.9,0.16
2021-08-14,0.039,JAN,94,75,75,69.1,1e-4,4.4390244,346.72397,49.088055,71.82467,87.48222,0,0,75.9,85.67222,100.13229,16,21,NA,92.5,71.8,0.15
2021-08-15,0.039,JAN,92,73,72,70,0,3.2961671,80.279434,55.463593,79.35325,90.974266,0,0,73,79.90199,95.34641,17,23.462358,NA,92.5,71.8,0.16
2021-08-16,0.038,JAN,91,72,73.9,69.1,0.31,2.9365854,59.186653,53.424034,80.08798,93.4268,0,0,72,80.2992,95.34641,18,27.80724,NA,92.4,71.7,0.15
2021-08-17,0.04,JAN,93,72,75,68,0,2.0961673,149.74745,46.991474,72.86285,93.79415,0,0,72,84.62358,97.67082,7,15,NA,92.4,71.6,0.16
2021-08-18,0.034,JAN,95,75,75,69.1,1e-4,4.4229965,174.00479,45.981567,72.08876,90.73938,0,0,75,86.84093,102.166626,19,36.497,NA,92.3,71.5,0.15
2021-08-19,0.025,JAN,93,73,75.9,71.6,1.81,3.9811847,188.1707,54.172462,81.26635,97.016945,0,0,73,84.034225,101.7271,17,32.152122,NA,92.2,71.4,0.16
2021-08-20,0.017,JAN,89,74,77,73,0.42,2.8445992,161.82065,67.61098,88.695465,97.04129,0,0,75,80.50611,101.825516,17,24.331335,NA,92.2,71.4,0.15
2021-08-21,0.027,JAN,93,74,73.9,64.9,0,3.625087,241.30617,42.205044,72.69967,96.38104,0,0,73.9,85.10553,98.29539,10,14.772596,NA,92.1,71.3,0.14
2021-08-22,0.039,JAN,96,75,75.9,71.1,0,3.16446,266.16748,49.207233,72.59582,90.39978,0,0,75,90.45694,105.72785,9,14.772596,NA,92,71.2,0.16
2021-08-23,0.037,JAN,96,75,77,73,0,2.4857142,342.15012,50.72025,74.38768,94.14301,0,0,75,91.51468,107.123085,10,14.772596,NA,91.9,71.1,0.15
2021-08-24,0.047,JAN,96,76,75.9,70,0,1.995122,1.6250579,44.445583,71.36491,93.55792,0,0,75.9,90.35043,104.66202,11,15.641572,NA,91.8,70.9,0.14
2021-08-25,0.047,JAN,96,74,75.2,69.8,0.03,3.1630661,32.070602,46.93223,71.500946,89.53943,0,0,75,87.27111,103.13042,17,29,NA,91.7,70.8,0.14
2021-08-26,0.026,JAN,93,74,75.2,70,0.06,3.7623694,120.55279,50.326485,78.41699,93.50594,0,0,75,83.298256,98.537895,19,27,NA,91.6,70.7,0.14
2021-08-27,0.028,JAN,91,73,73,66.9,1e-4,5.105923,99.983536,53.424034,76.42767,90.974266,0,0,73.9,81.5798,94.78818,16,21,NA,91.5,70.6,0.14
2021-08-28,0.026,JAN,93,72,75.9,70,0.04,4.1937065,82.26613,53.91329,76.81408,90.32327,0,0,73,84.77429,96.446625,14,19.117477,NA,91.3,70.4,0.12
2021-08-29,0.021,JAN,89,75,73.9,71.6,0.37,8.092683,81.0897,63.01707,82.74578,96.38104,0,0,75,80.18188,94.55197,19,33.0211,NA,91.2,70.3,0.13
2021-08-30,0.017,JAN,77,73,73.9,71.1,2.58,13.810321,128.08038,87.681946,91.1848,94.14301,0,0,73.4,75.148674,77,24,42,NA,91.1,70.1,0.13
2021-08-31,0.027,JAN,89,71,72,68,0.01,6.9818816,268.6924,55.315365,78.51969,94.10022,0,0,73,79.62062,93.10589,15,23,NA,90.9,69.9,0.13
2021-09-01,0.043,JAN,96,70,75,64.4,0.41,4.273171,260.50372,46.142372,74.562416,93.77152,0,0,70,84.03738,102.618614,22,38.234955,NA,90.8,69.8,0.12
2021-09-02,0.042,JAN,90,70,73,68,0,3.4801393,20.900751,53.424034,76.3514,93.40279,0,0,71.1,81.533134,96.446625,10,13.90362,NA,90.6,69.6,0.13
2021-09-03,0.049,JAN,90,69,70,64,0,1.9212544,25.030586,44.952454,73.127365,93.40279,0,0,70,78.92161,89.44426,8,12.165668,NA,90.5,69.4,0.12
2021-09-04,0.052,JAN,91,68,71.1,57,0,1.382096,13.062342,34.26513,70.037994,93.319046,0,0,68,78.331795,90.96614,7,9.558739,NA,90.3,69.2,0.12
2021-09-05,0.04,JAN,93,69,75,66.9,0.18,2.6891985,179.61894,50.326485,73.4186,93.37325,0,0,70,83.33024,99.66107,11,19.117477,NA,90.1,69,0.11
2021-09-06,0.037,JAN,87,71,73.4,64.9,1e-4,5.662718,1.1063573,47.733757,75.97197,94.14301,0,0,73,79.604416,88.85965,14,20.85543,NA,90,68.8,0.12
2021-09-07,0.043,JAN,90,68,72,64.9,0,2.051568,5.004121,49.88376,72.73896,92.705696,0,0,69.1,80.00051,92.901535,10,16.51055,NA,89.8,68.6,0.12
2021-09-08,0.048,JAN,90,70,71.1,60.1,0,1.9707317,338.1828,39.16971,72.40023,93.4268,0,0,71.1,80.972404,93.10589,8,14.772596,NA,89.6,68.3,0.12
2021-09-09,0.052,JAN,86,60,66.9,52,0,5.5003486,7.937817,32.41222,61.138012,90.400345,0,0,63,75.289894,84.25748,14,20.85543,NA,89.4,68.1,0.12
2021-09-10,0.043,JAN,85,56,62.1,54,0,2.9268293,24.169922,38.276485,68.03267,96.783690000000007,0,0,55.9,70.368,83.029594,11,17.379524,NA,89.2,67.9,0.12
2021-09-11,0.05,JAN,85,58,68,55.9,0,2.4243903,86.8368,43.891815,71.94624,96.13254,0,0,57.9,72.06542,85.11547,10,13.90362,NA,89,67.6,0.12
2021-09-12,0.036,JAN,90,62,73,61,0.09,4.4278746,135.76894,50.356514,75.86806,93.56222,0,0,63,78.01007,94.75808,18,25,NA,88.8,67.3,0.13
2021-09-13,0.026,JAN,85,70,73,68,0.01,2.9400697,138.75284,62.857838,80.57046,93.4268,0,0,70,78.96499,89.61728,8,12.165668,NA,88.6,67.1,0.13
2021-09-14,0.024,JAN,79,71,73.9,69.1,0.28,5.4919863,140.93756,81.55377,88.1739,93.77152,0,0,72,75.39777,79,11,16.51055,NA,88.4,66.8,0.12
2021-09-15,0.026,JAN,77,70,70,66.9,0.23,6.8703833,68.49933,79.47427,88.65362,94.05696,0,0,70,72.26397,75.9,13,19.117477,NA,88.1,66.5,0.12
2021-09-16,0.015,JAN,81,72,73,69.1,1e-4,4.8954706,55.31773,74.151726,85.622925,93.50594,0,0,72,76.63334,85.346176,8,13.034643,NA,87.9,66.2,0.11
2021-09-17,0.022,JAN,89,75,75,71.1,0.07,5.923345,141.29492,61.241543,82.84102,94.14301,0,0,75.2,81.17207,96.557755,15,24,NA,87.7,65.9,0.11
2021-09-18,0.032,JAN,91,73,73,70,0,4.826481,150.95067,53.424034,77.81569,94.10022,0,0,73,82.23049,96.16709,11,17.379524,NA,87.4,65.5,0.12
2021-09-19,0.027,JAN,88,73,73,70,0,3.7344947,127.00659,61.064674,81.259926,96.678116,0,0,73,79.53483,90.81524,11,13.90362,NA,87.2,65.2,0.11
2021-09-20,0.029,JAN,88,73,73.9,69.1,0.62,3.5721254,165.14105,57.163784,83.46684,94.10022,0,0,73,79.08916,90.81524,13,16.51055,NA,86.9,64.9,0.1
2021-09-21,0.038,JAN,92,72,75,69.8,1e-4,3.8843205,278.9021,53.867287,80.78115,96.99354,0,0,72,81.2586,98.537895,22,30.41417,NA,86.6,64.5,0.11
2021-09-22,0.038,JAN,78,55,71.1,48,0.03,10.908014,349.30432,35.953945,65.385544,93.319046,0,0,57.9,69.20209,78.1,20,28,NA,86.4,64.2,0.1
2021-09-23,0.039,JAN,78,51,57,46.9,0,3.7003484,11.723842,34.49661,68.24918,92.89372,0,0,52,63.721672,77,14,20.85543,NA,86.1,63.8,0.11
2021-09-24,0.045,JAN,79,49,55,46.9,0,1.6655052,20.513832,34.49661,68.07217,92.86074,0,0,50,63.472893,78.1,9,15.641572,NA,85.8,63.4,0.1
2021-09-25,0.05,JAN,82,50,60.1,48.9,0,1.671777,11.888331,37.67128,69.825134,93.29195,0,0,52,66.17174,80.7329,10,13.90362,NA,85.5,63.1,0.11
2021-09-26,0.054,JAN,86,55,62.1,53.1,0,1.3756098,92.42471,35.98859,71.22655,96.783690000000007,0,0,55,69.22488,84.2136,8,11.296691,NA,85.3,62.7,0.12
2021-09-27,0.051,JAN,87,56,63,55.9,0,0.78809524,168.42485,38.693733,74.80763,96.81093,0,0,57,68.41597,83.99246,7,15,NA,85,62.3,0.11
2021-09-28,0.02,JAN,83,70,73,66,0.01,4.317294,174.27788,69.61913,84.23275,96.99354,0,0,70,75.69435,88.109215,14,19.986454,NA,84.7,61.9,0.11
2021-09-29,0.025,JAN,83,67,71.1,66,0.11,4.9672475,155.43517,67.05904,85.12685,94.05696,0,0,68,73.88723,85.80995,12,16.51055,NA,84.4,61.5,0.12
2021-09-30,0.029,JAN,84,69,73,68,0.05,5.866899,139.12572,65.13056,82.50327,93.4268,0,0,71.1,76.111534,87.56764,15,19.986454,NA,84,61.1,0.12
2021-10-01,0.039,JAN,86,68,70,64.9,0,3.7818816,130.27527,51.210354,76.6816,92.705696,0,0,69.1,76.90061,86.62449,11,18.2485,NA,83.7,60.7,0.12
2021-10-02,0.027,JAN,85,70,71.1,68,0.06,4.866202,153.1932,60.814526,82.336586,93.4268,0,0,70,76.01066,85.943405,11,15.641572,NA,83.4,60.3,0.13
2021-10-03,0.031,JAN,88,69,70,66.9,0.05,4.045296,187.3639,51.167645,79.75158,94.05696,0,0,70,77.10136,91.38327,10,12.165668,NA,83.1,59.8,0.12
2021-10-04,0.042,JAN,87.1,64,69.8,62.1,0.02,3.4062717,9.442251,43.26683,78.37053,100,0,0,66,74.26893,87.581154,14,20.85543,NA,82.7,59.4,0.12
2021-10-05,0.037,JAN,84,62,70,60.1,0.1,3.2773519,2.3665688,47.61883,79.74222,96.55186,0,0,63,71.4179,83.97844,10,17.379524,NA,82.4,59,0.13
2021-10-06,0.044,JAN,84,59,64.9,57.2,0,1.5644599,23.181004,47.485596,80.20852,100,0,0,59,69.485695,83.37468,7,9.558739,NA,82.1,58.5,0.11
2021-10-07,0.049,JAN,86,58,66.9,57,0,1.1268293,0.15966849,39.968353,73.934296,100,0,0,59,71.15449,86.11804,7,11.296691,NA,81.7,58.1,0.12
2021-10-08,0.058,JAN,88,57,64,55.9,0,1.4027874,14.845944,35.897354,70.44982,96.85247,0,0,59,71.5695,86.135544,8,15,NA,81.4,57.7,0.11
2021-10-09,0.051,JAN,89,60,66,59,0,2.3777003,165.28937,37.661842,71.44138,93.53832,0,0,61,73.77481,87.308334,7,10.427715,NA,81,57.2,0.11
2021-10-10,0.048,JAN,89,63,66.9,61,0,5.388153,166.75232,44.660763,72.63299,93.56222,0,0,63,75.74921,89.79883,14,22,NA,80.6,56.8,0.1
2021-10-11,0.038,JAN,87,65,70,64,0,8.881533,174.78908,55.044296,75.248184,93.26418,0,0,66,77.67632,89.41204,17,28,NA,80.3,56.3,0.1
2021-10-12,0.027,JAN,88,73,72,70,0,5.173519,168.34593,58.95082,79.13756,90.974266,0,0,73.9,80.538605,91.53445,8,12.165668,NA,79.9,55.9,0.11
2021-10-13,0.032,JAN,87,66,70,66,0,6.30662,159.49686,54.89434,77.97888,93.319046,0,0,68,76.771324,88.18489,14,20,NA,79.5,55.5,0.11
2021-10-14,0.032,JAN,88,66,72,64.9,1e-4,5.8954706,158.68631,49.72598,79.436554,96.99354,0,0,66.9,77.86473,90.945244,14,19.986454,NA,79.2,55,0.11
2021-10-15,0.031,JAN,90,68,70,66,0.09,5.401394,198.54364,46.55105,75.2772,96.9686,0,0,68,78.61236,92.901535,21,29,NA,78.8,54.6,0.11
2021-10-16,0.039,JAN,72,48,66.9,37,1e-4,10.573919,350.42276,30.880556,58.33436,90.642,0,0,50,61.775105,71.1,19,28,NA,78.4,54.1,0.12
2021-10-17,0.041,JAN,73,43,46,35.1,0,2.9930313,11.040987,27.647263,59.17932,89.921104,0,0,45,57.34042,72,9,16,NA,78,53.7,0.13
2021-10-18,0.043,JAN,73,42,46,37.9,0,2.374913,113.40221,28.850718,63.808308,92.61712,0,0,42.1,56.683346,73,10,16.51055,NA,77.6,53.3,0.13
2021-10-19,0.048,JAN,79,43,52,41,0,1.9679443,139.63347,29.91122,65.77468,92.645485,0,0,44.1,60.459232,78.1,9,15,NA,77.2,52.8,0.13
2021-10-20,0.035,JAN,83,54,71.1,50,0.03,4.2529616,140.77692,64.68674,81.635704,93.319046,0,0,54,68.68578,84.15924,13,18.2485,NA,76.8,52.4,0.13
2021-10-21,0.04,JAN,86,65,70,63,0,3.6271777,227.87923,46.25494,79.521194,96.9686,0,0,68,75.449844,87.13402,8,15,NA,76.5,52,0.13
2021-10-22,0.052,JAN,83,54,62.1,46.9,0,1.7400696,8.523,28.43425,65.73168,96.85247,0,0,55,66.45997,81.0102,10,26.069286,NA,76.1,51.5,0.13
2021-10-23,0.043,JAN,85,51,64,50,0,4.6905923,159.4012,45.957172,70.61193,92.86074,0,0,52,68.273705,84.6735,11,14.772596,NA,75.7,51.1,0.14
2021-10-24,0.037,JAN,84,61,66,60.1,0,6.620209,149.95006,54.620113,80.60476,96.878845,0,0,61,71.22011,84.64193,14,19.986454,NA,75.3,50.7,0.13
2021-10-25,0.043,JAN,85,63,69.1,53.1,0.02,6.2529616,291.88876,39.226837,72.560196,96.92933,0,0,64,72.68652,85.361824,14,18.2485,NA,74.9,50.3,0.14
2021-10-26,0.036,JAN,79,54,55,48,0,4.401394,44.569916,40.357548,63.980957,83.19618,0,0,54,64.54468,77,10,15,NA,74.5,49.9,0.14
2021-10-27,0.027,JAN,74,58,66,51.1,1.07,8.478048,133.19472,47.692017,74.04314,93.319046,0,0,57.9,65.6047,73,16,26,NA,74.1,49.5,0.13
2021-10-28,0.027,JAN,65,54,61,44.1,0.01,8.954704,235.60728,57.432762,77.77933,89.96762,0,0,55,58.55728,64,20,31.283144,NA,73.7,49.1,0.13
2021-10-29,0.024,JAN,57,53,50,42.1,1e-4,8.100348,281.99344,61.692875,72.26499,83.19618,0,0,54,54.952087,55.9,15,23.462358,NA,73.3,48.7,0.13
2021-10-30,0.026,JAN,63,46,48.2,45,0,4.6752615,294.4465,57.432762,76.32022,93.05812,0,0,46.9,54.79893,62.1,11,15.641572,NA,72.9,48.4,0.12
2021-10-31,0.036,JAN,76,43,53.1,41,0,1.5937282,283.11194,33.155643,74.36857,96.59939,0,0,43,56.880417,75,8,13.90362,NA,72.5,48,0.13
2021-11-01,0.036,JAN,73,45,51.1,43,0,1.995122,25.005465,40.787624,74.24916,96.685585,0,0,43.549923,57.480354,73,10,13.034643,NA,72.2,47.6,0.13
2021-11-02,0.031,JAN,69,46,48,44.1,0,5.4,9.141209,42.043232,70.77593,93.05812,0,0,45.397057,56.62532,69.1,11,15.641572,NA,71.8,47.3,0.14
2021-11-03,0.023,JAN,60,47,46,39.9,0.02,7.1937284,30.596033,54.83435,73.21343,89.665146,0,0,43.822323,50.69797,57,11,17.379524,NA,71.4,46.9,0.14
2021-11-04,0.026,JAN,58,44,45,39.9,0.04,5.662718,8.945173,52.695644,75.92014,93.398476,0,0,42.467316,48.46322,57.9,11,15.641572,NA,71,46.6,0.15
2021-11-05,0.013,JAN,54,43,48.2,41,0,5.229268,21.614996,79.40319,84.647766,92.61712,0,0,41.549988,49.3216,54,10,13.90362,NA,70.7,46.3,0.14
2021-11-06,0.034,JAN,64,39,45,37,0,2.189547,21.403498,45.84224,78.630936,96.628975,0,0,37.7197,49.583965,63,11,15.641572,NA,70.3,45.9,0.14
2021-11-07,0.039,JAN,68,34,48,35.1,0,1.3344948,18.987518,35.86348,75.54926,100,0,0,36,50.17749,68,8,12.165668,NA,69.9,45.6,0.15
2021-11-08,0.023,JAN,76,36,48,35.1,0,0.43448812,168.18657,26.080986,70.28305,100,0,0,35.6,53.32007,75,5.2138577,6.95181,NA,69.6,45.3,0.14
2021-11-09,0.034,JAN,74,38,50,37,0,1.1296691,185.51254,35.458324,72.463776,100,0,0,37.9,55.294704,73,7.820786,10.427715,NA,69.2,45,0.14
2021-11-10,0.039,JAN,74,41,57,39.2,0,4.344881,155.07402,45.33087,73.80763,96.59939,0,0,42.1,60.012894,73.9,10.427715,13.90362,NA,68.9,44.7,0.15
2021-11-11,0.033,JAN,68,46,61,44.1,0.29,5.12696,201.44417,65.21539,85.133446,96.685585,0,0,46,59.87749,68,17.379524,24.331335,NA,68.5,44.5,0.14
2021-11-12,0.035,JAN,74,39,51.1,36,0,4.344881,258.89606,30.159557,66.61415,100,0,0,38.9772,55.365086,73,19.986454,28.676216,NA,68.2,44.2,0.14
2021-11-13,0.029,JAN,55,34,36,27,0,4.2579837,331.32672,36.52107,60.101646,85.23134,0,0,35.1,44.004276,54,12.165668,18.2485,NA,67.8,43.9,0.15
2021-11-14,0.036,JAN,71,32,41,30,0,2.8676217,234.27382,27.28876,65.24343,88.3293,0,0,33.1,49.133484,70,13.90362,19.117477,NA,67.5,43.7,0.15
2021-11-15,0.039,JAN,73,38,57,37,0,3.9972906,174.32507,41.869514,74.81238,96.522156,0,0,37.9,56.64418,71.1,11.296691,14.772596,NA,67.2,43.4,0.14
2021-11-16,0.041,JAN,78,52,57,50,0,7.386298,175.29591,44.59487,70.46989,92.92053,0,0,52,63.663204,78.1,14.772596,20.85543,NA,66.9,43.2,0.15
2021-11-17,0.038,JAN,80,51,61,50,0,8.515967,171.01695,48.413292,74.42175,96.729576,0,0,51.1,67.00007,79,18.2485,23.462358,NA,66.5,43,0.15
2021-11-18,0.023,JAN,65,45,63,30,0.04,8.342172,358.36404,53.369156,80.00421,100,0,0,39.20818,53.90963,64.4,19.117477,24.331335,NA,66.2,42.7,0.14
2021-11-19,0.034,JAN,62,34,30.9,23,0,5.6483455,34.333904,23.061253,49.995945,75.06296,0,0,31.552166,43.594448,61,13.90362,19.117477,NA,65.9,42.5,0.15
2021-11-20,0.034,JAN,72,29,48.9,27,0,3.7365978,143.50739,35.760437,66.899376,88.844124,0,0,27.431068,51.045734,71.1,8.689762,12.165668,NA,65.6,42.3,0.15
2021-11-21,0.03,JAN,75,45,59,44.1,0.55,4.431779,192.65106,57.355286,79.63595,100,0,0,44.6,60.995846,73.9,18.2485,27.80724,NA,65.3,42.1,0.15
2021-11-22,0.036,JAN,64,43,57,28.9,0.01,9.037353,354.12228,37.368904,64.96926,93.64554,0,0,39.528023,53.8863,64,17.379524,23.462358,NA,65,41.9,0.14
2021-11-23,0.032,JAN,64,34,34,21,0,3.215212,86.15424,25.243523,50.882244,75.93673,0,0,33.40219,45.6469,62.1,10.427715,13.90362,NA,64.8,41.7,0.14
2021-11-24,0.035,JAN,69,38,48.9,28.9,0,7.4731956,155.63142,40.960045,61.500385,82.75765,0,0,33.9609,52.546635,68,13.90362,20.85543,NA,64.5,41.6,0.15
2021-11-25,0.023,JAN,64,47,60.1,42.1,0.18,6.7780147,203.70297,69.46224,86.70457,96.85247,0,0,40.96535,56.127445,64,20.85543,27.80724,NA,64.2,41.4,0.15
2021-11-26,0.026,JAN,56,33,37.9,21.9,0,5.4745502,4.976595,27.313354,64.781845,84.48837,0,0,30.910778,40.480595,55.9,15.641572,20.85543,NA,63.9,41.2,0.15
2021-11-27,0.026,JAN,60,29,39.9,27,0,2.4331334,202.91483,28.125458,62.34701,88.844124,0,0,30,46.279552,60.1,8.689762,13.034643,NA,63.7,41.1,0.16
2021-11-28,0.023,JAN,59,40,46.9,39,0.11,3.475905,275.37082,64.121124,83.78431,96.55275,0,0,37.083782,46.928238,59,8.689762,13.90362,NA,63.4,40.9,0.15
2021-11-29,0.019,JAN,63,31,37,27,0,1.5641572,43.2346,25.382587,67.00771,96.12703,0,0,32,45.62297,63,6.95181,11.296691,NA,63.1,40.8,0.17
2021-11-30,0.035,JAN,72,35,45,32,0,2.2593381,202.45058,35.021805,67.74132,92.75558,0,0,36,51.597324,71.1,10.427715,13.034643,NA,62.9,40.6,0.16
2021-12-01,0.037,JAN,74,42,51.1,39,0,4.605574,197.4632,31.47478,67.65874,92.8002,0,0,41.549988,56.550507,73,13.034643,19.117477,NA,62.6,40.5,0.15
2021-12-02,0.043,JAN,77,47,57.9,46,0,2.9545193,221.79819,45.06241,77.09507,96.685585,0,0,48,60.11387,75.9,12.165668,16.51055,NA,62.4,40.3,0.16
2021-12-03,0.041,JAN,77,49,59,46.4,0,3.475905,215.08716,49.90776,79.164856,96.685585,0,0,48.00833,61.25589,75.9,11.296691,15.641572,NA,62.1,40.2,0.15
2021-12-04,0.03,JAN,77,52,62.1,52,0,2.8676217,208.28633,60.064335,84.7481,100,0,0,53.1,63.112614,77,10.427715,12.165668,NA,61.9,40.1,0.16
2021-12-05,0.033,JAN,77,53,63,53.1,0,7.0387077,180.05673,51.718468,79.10154,100,0,0,55,65.72808,77,17.379524,23.462358,NA,61.7,39.9,0.16
2021-12-06,0.025,JAN,72,45,66.9,33.1,1.13,9.298046,327.67227,58.1551,82.94705,93.74054,0,0,41.843975,59.805794,71.6,26.938263,42.579834,NA,61.4,39.8,0.15
2021-12-07,0.02,JAN,46,42,44.6,30,1e-4,4.5186763,53.17072,59.501858,75.234344,100,0,0,36.07252,41.617718000000004,45,13.034643,19.117477,NA,61.2,39.7,0.16
2021-12-08,0.026,JAN,59,41,44.6,39,0.02,4.171086,14.481283,49.256523,82.40724,100,0,0,38.390156,45.73191,57.9,10.427715,13.034643,NA,61,39.6,0.16
2021-12-09,0.01,JAN,69,41,66.9,39.9,1e-4,6.5173216,162.05324,74.75446,89.0813,96.903595,0,0,38.77837,55.830303,69.1,12.165668,17.379524,NA,60.8,39.4,0.16
2021-12-10,0.02,JAN,81,69,70,66.2,1e-4,10.60151,180.49417,64.68674,79.70498,93.37325,0,0,69.1,74.8663,84.15924,20.85543,28.676216,NA,60.6,39.3,0.17
2021-12-11,0.026,JAN,74,44,66.9,33.1,1.14,9.732533,304.0251,61.05819,74.68521,93.78725,0,0,37.401703,57.022564,73,19.117477,27.80724,NA,60.4,39.2,0.16
2021-12-12,0.03,JAN,58,35,37,30.9,0,4.6924715,29.482107,38.99796,66.62942,88.77747,0,0,30.873676,41.915146,57.9,13.034643,19.117477,NA,60.2,39.1,0.16
2021-12-13,0.023,JAN,69,32,45,30,0,0.86897624,115.12278,29.547894,67.42903,92.287315,0,0,32,49.726204,69.1,7.820786,11.296691,NA,60,39,0.16
2021-12-14,0.024,JAN,77,48,61,44.1,0,3.9972906,150.86906,55.80219,76.53397,89.569176,0,0,48.00833,61.824043,75.9,10.427715,13.034643,NA,59.8,38.9,0.17
2021-12-15,0.022,JAN,72,57,60.8,55.9,0,7.646991,157.47809,63.045616,83.48771,100,0,0,57.9,64.15368,71.1,13.034643,17.379524,NA,59.6,38.8,0.15
2021-12-16,0.027,JAN,78,64,64,61,0,7.994581,163.35323,61.999435,82.37958,93.53832,0,0,64,68.35798,77,13.90362,18.2485,NA,59.4,38.6,0.17
2021-12-17,0.025,JAN,76,64,66,60.1,0.02,7.4731956,157.57407,58.036343,80.65229,93.53832,0,0,64,68.959045,75.9,13.90362,19.117477,NA,59.2,38.5,0.16
2021-12-18,0.024,JAN,79,50,66.9,48,0.17,6.95181,260.45496,61.918896,84.294266,93.96902,0,0,50,66.98934,78.1,18.2485,26.069286,NA,59,38.4,0.17
2021-12-19,0.024,JAN,51,38,46,34,1e-4,8.689762,342.824,58.435863,79.43987,93.05812,0,0,32.73591,39.058662,50,14.772596,22.593382,NA,58.9,38.3,0.18
2021-12-20,0.023,JAN,47,37,39.2,33.1,0.27,4.344881,6.8879347,60.61191,78.194534,92.51814,0,0,31.552166,38.769997,46,13.90362,18.2485,NA,58.7,38.2,0.17
2021-12-21,0.03,JAN,55,35,39,32,0,3.9972906,336.12668,50.57517,76.48327,88.6707,0,0,34.704742,42.01066,55,11.296691,15.641572,NA,58.6,38.1,0.18
2021-12-22,0.031,JAN,60,33,39,30.9,0,1.9117477,10.922885,37.368904,72.03871,92.287315,0,0,30.974932,43.775345,60.1,11.296691,15.641572,NA,58.4,38,0.18
2021-12-23,0.036,JAN,66,32,46.9,30,0,5.2138577,174.68379,38.443436,66.02211,88.274284,0,0,33.1,49.457344,64.9,12.165668,16.51055,NA,58.3,37.9,0.18
2021-12-24,0.042,JAN,76,49,57.9,46,0,10.9491005,183.90947,48.30257,72.65452,92.86074,0,0,50,63.43066,75.9,21.724405,31.283144,NA,58.1,37.8,0.17
2021-12-25,0.033,JAN,77,60,63,57.9,0,7.7338886,197.21509,55.953083,78.256424,90.247734,0,0,61,67.416595,77,15.641572,26.938263,NA,58,37.7,0.18
2021-12-26,0.029,JAN,78,63,64.9,57.9,0,6.8649125,187.48767,57.50355,78.765015,90.642,0,0,64,68.75429,77,13.034643,18.2485,NA,57.9,37.6,0.17
2021-12-27,0.032,JAN,80,65,63,57.9,0,9.732533,195.43826,46.69717,72.97737,87.28321,0,0,64.9,70.940994,80.58053,18.2485,25.200312,NA,57.7,37.5,0.18
2021-12-28,0.024,JAN,79,63,69.8,62.1,0.26,9.645637,179.09721,66.39086,82.90125,93.56222,0,0,64,71.0846,78.1,18.2485,25.200312,NA,57.6,37.4,0.16
2021-12-29,0.025,JAN,82,68,68,64.9,0,8.950456,189.70682,58.09791,80.0697,93.96902,0,0,68,73.94395,83.11301,19.986454,27.80724,NA,57.5,37.3,0.17
2021-12-30,0.027,JAN,80,63,69.8,57.9,0.02,3.3021097,180.6455,48.413292,80.857315,96.29225,0,0,64,70.903625,79,10.427715,12.165668,NA,57.4,37.2,0.16
2021-12-31,0.029,JAN,83,65,70,63,1e-4,8.950456,186.12556,56.23738,77.37576,93.37325,0,0,66,74.023735,84.14535,18.2485,23.462358,NA,57.3,37.2,0.17
2022-01-01,0.025,JAN,85,70,69.8,63,0.02,10.775306,189.8804,54.620113,76.68786,89.93965,0,0,71.1,75.30312,84.64193,22.593382,32.152122,NA,57.2,37.1,0.17
2022-01-02,0.03,JAN,70,31,62.1,23,0.24,11.296691,325.1529,72.18179,83.08841,92.8002,1e-4,0,19.35381,41.181324,69.1,21.724405,31.283144,NA,57.2,37,0.17
2022-01-03,0.031,JAN,43,29,27,23,0,7.2994003,344.58444,50.981396,70.61169,85.20553,0,0,18.18705,27.376303,38.9772,17.379524,24.331335,NA,57.1,36.9,0.17
2022-01-04,0.025,JAN,51,26,34,23,0,5.12696,153.5453,40.6187,74.081924,92.46329,0,0,20.712856,33.086628,50,11.296691,15.641572,NA,57,36.8,0.17
2022-01-05,0.032,JAN,66,37,51.1,33.1,0,3.3021097,169.84914,57.910557,80.27796,96.59939,0,0,33.25893,49.888874,64,8.689762,13.034643,NA,57,36.8,0.18
2022-01-06,0.026,JAN,60,34,55.9,30,0.01,8.863558,320.4561,79.08094,85.815025,93.693306,0,0,26.38395,42.994762,60.1,15.641572,28.676216,NA,56.9,36.7,0.17
2022-01-07,0.027,JAN,47,32,30,23,0,6.430424,31.883211,45.619156,65.699455,81.37275,0,0,24.113144,32.07572,43.475407,12.165668,15.641572,NA,56.9,36.6,0.17
2022-01-08,0.034,JAN,69,33,59,27,0,10.25392,145.04843,52.0582,67.76931,83.7815,0,0,29.263866,52.066494,69.1,18.2485,26.069286,NA,56.9,36.6,0.18
2022-01-09,0.028,JAN,73,46,68,35.1,1.01,10.60151,220.01358,63.327923,86.93969,96.878845,0,0,41.29593,61.175472,73,19.117477,27.80724,NA,56.9,36.5,0.17
2022-01-10,0.033,JAN,54,32,32,12.9,0,8.4290695,5.8400803,19.855848,51.631714,81.55437,0,0,26.6929,37.497124,53.1,18.2485,23.462358,NA,56.9,36.5,0.17
2022-01-11,0.035,JAN,55,28,33.1,19.9,0,2.085543,11.740929,28.182943,62.32834,88.43512,0,0,28.9,39.85377,54,10.427715,14.772596,NA,56.9,36.4,0.17
2022-01-12,0.033,JAN,60,30,34,26.1,0,1.7379525,191.45555,28.18327,62.99326,88.43512,0,0,27.420155,42.407005,59,8.689762,12.165668,NA,56.9,36.4,0.17
2022-01-13,0.041,JAN,68,37,37,30,0,3.9972906,253.77834,25.051968,55.67037,79.08094,0,0,35.59444,49.410458,66.9,14.772596,21.724405,NA,56.9,36.4,0.17
2022-01-14,0.035,JAN,65,34,37,32,0,3.1283145,120.80086,29.119854,58.53703,92.32428,0,0,35.1,50.167953,64.9,11.296691,14.772596,NA,57,36.3,0.17
2022-01-15,0.029,JAN,54,32,51.1,28,0.38,8.8546095,201.94063,50.11513,75.67275,93.548386,0,0,24.113144,44.159824,53.1,18.2485,25.200312,NA,57,36.3,0.18
2022-01-16,0.024,JAN,40,32,35.1,27,0.01,8.342172,289.16315,79.24824,86.006325,92.287315,1e-4,0,20.779852,28.768652,37,17.379524,27.80724,NA,57,36.3,0.18
2022-01-17,0.033,JAN,54,32,33.1,28.9,0,4.7793694,310.2667,42.484467,69.89822,88.22899,0,0,30.076883,37.9726,53.1,13.90362,19.117477,NA,57.1,36.3,0.16
2022-01-18,0.035,JAN,63,28,43,26.1,0,6.082834,166.35464,25.243523,59.540413,92.15066,0,0,23.800114,46.461777,63,14.772596,19.986454,NA,57.2,36.3,0.17
2022-01-19,0.041,JAN,73,50,55.9,43,0.94,9.037353,167.30957,52.95996,73.49242,96.0997,0,0,50,60.220207,72,19.986454,29.545193,NA,57.3,36.3,0.17
2022-01-20,0.026,JAN,57,29,46,19.9,0.62,11.904975,348.4439,63.862904,79.95063,96.65673,0,0,19.35381,26.004923,40.657158,18.2485,26.069286,NA,57.3,36.4,0.17
2022-01-21,0.025,JAN,38,24,19.9,18,0,9.384943,355.66278,44.14329,64.14462,77.62127,0,0,15.162782,20.685488,30.366724,14.772596,19.986454,NA,57.4,36.4,0.18
2022-01-22,0.035,JAN,43,21,19.9,15.1,0,5.0400624,353.4521,34.387222,61.765625,81.46097,0,0,13.366214,24.321756,37.69444,11.296691,15.641572,NA,57.5,36.4,0.17
2022-01-23,0.039,JAN,55,19,25,15.1,0,3.1283145,243.69801,27.26911,59.99195,87.76159,0,0,12.239341,34.16566,54,12.165668,17.379524,NA,57.7,36.5,0.18
2022-01-24,0.04,JAN,63,28,44.1,24.1,0.11,5.6483455,204.89897,32.12623,60.52195,93.031395,0,0,20.712856,44.56872,62.1,14.772596,19.117477,NA,57.8,36.5,0.18
2022-01-25,0.026,JAN,53,35,46.9,28.9,0.25,5.7352433,0.45943466,74.34856,85.897125,96.628975,0,0,27.36848,43.10064,52,12.165668,17.379524,NA,57.9,36.6,0.18
2022-01-26,0.035,JAN,50,29,28,17.1,0,7.907684,10.0371895,27.80172,50.741272,78.42651,0,0,19.080656,31.98364,50,15.641572,22.593382,NA,58,36.7,0.17
2022-01-27,0.038,JAN,58,25,26.1,18,0,3.9972906,355.06494,23.674406,46.768795,74.7577,0,0,21.581379,40.61744,57.9,10.427715,13.034643,NA,58.2,36.7,0.18
2022-01-28,0.039,JAN,51,36,28,10.9,0,11.035998,336.2205,31.602913,42.635273,55.066074,0,0,29.654753,38.967373,50,20.85543,29.545193,NA,58.3,36.8,0.19
2022-01-29,0.038,JAN,50,21,19,1.9,0,4.8662667,313.0605,14.837792,38.702354,71.17981,0,0,18.424559,31.113962,50,17.379524,22.593382,NA,58.5,36.9,0.18
2022-01-30,0.046,JAN,68,34,33.1,19,0,6.6042194,225.93141,21.32955,48.51379,75.64217,0,0,29.263866,47.825924,68,14.772596,22.593382,NA,58.7,37,0.19
2022-01-31,0.047,JAN,68,35,46,33.1,0,4.7793694,168.81458,29.609406,60.797110000000004,88.77747,0,0,32.333344,50.156147,68,13.90362,20.85543,NA,58.8,37.2,0.19
2022-02-01,0.046,JAN,67,43,51.1,37,1e-4,11.5573845,134.90738,50.616203,65.854164,78.03314,0,0,42.52106,58.89335,66.9,24.331335,34.75905,NA,59,37.3,0.19
2022-02-02,0.034,JAN,68,56,62.6,50,0.17,7.0387077,137.97447,78.301735,91.90945,100,0,0,53.1,60.168293,68,17.379524,28.676216,NA,59.2,37.4,0.18
2022-02-03,0.027,JAN,66,31,63,28.9,0.1,8.689762,320.8157,88.3293,93.66778,100,0,0,21.58867,41.24314,66,18.2485,24.331335,NA,59.4,37.5,0.18
2022-02-04,0.033,JAN,32,29,28,24.1,0,9.384943,333.559,75.067375,82.58376,89.1155,1e-4,0,18.548841,21.46511,24.205523,18.2485,22.593382,NA,59.6,37.7,0.18
2022-02-05,0.04,JAN,48,23,25,18,0,5.4745502,7.7210364,29.958685,64.742096,91.16939,0,0,16.246609,28.85826,43.822323,13.90362,19.986454,NA,59.8,37.9,0.18
2022-02-06,0.043,JAN,55,21,27,17.1,0,1.0427715,14.002654,23.076242,59.105328,84.68373,0,0,21.9,36.626175,55,10.427715,14.772596,NA,60,38,0.18
2022-02-07,0.046,JAN,57,28,30,21,0,4.344881,345.04953,24.45427,59.869465,85.26191,0,0,25.08892,39.44443,57,13.90362,18.2485,NA,60.2,38.2,0.18
2022-02-08,0.041,JAN,61,25,33.1,19,0,1.8248501,36.869007,20.09483,58.47725,92.21943,0,0,25,41.914906,60.1,6.95181,10.427715,NA,60.4,38.4,0.19
2022-02-09,0.051,JAN,68,28,32,24.1,0,3.215212,250.61884,23.085554,54.44756,85.1362,0,0,25.144707,46.334145,66.9,13.034643,19.117477,NA,60.6,38.5,0.19
2022-02-10,0.053,JAN,72,32,37,26.1,0,3.215212,180.69424,18.483145,52.526325,85.10684,0,0,29.755665,51.198334,71.1,8.689762,13.034643,NA,60.9,38.7,0.19
2022-02-11,0.059,JAN,72,40,35.1,28.9,0,5.9090385,193.5255,22.815418,47.921642,73.45421,0,0,38.390156,53.518864,72,13.034643,19.117477,NA,61.1,38.9,0.18
2022-02-12,0.038,JAN,64,37,41,27,1e-4,9.12425,344.52982,36.516518,63.13784,88.872559999999993,0,0,27.974026,44.65861,63,18.2485,26.938263,NA,61.3,39.1,0.19
2022-02-13,0.038,JAN,53,27,26.1,12.9,0,6.6911173,341.02707,21.866404,47.034927,71.44712,0,0,18.684452,34.036457,53.1,17.379524,24.331335,NA,61.6,39.3,0.18
2022-02-14,0.045,JAN,67,28,28.9,21.9,0,1.8248501,228.66222,19.350136,49.291912,74.8682,0,0,25.084644,45.182877,66,7.820786,13.90362,NA,61.8,39.6,0.18
2022-02-15,0.049,JAN,70,33,42.1,28.9,0,7.0387077,160.34059,24.420633,52.71496,81.37275,0,0,32.091175,52.60466,70,15.641572,27.80724,NA,62,39.8,0.18
2022-02-16,0.043,JAN,76,48,60.1,42.1,0.01,12.947746,150.27187,51.325596,69.71657,85.47746,0,0,46.465904,62.7068,75,20.85543,30.41417,NA,62.3,40,0.18
2022-02-17,0.029,JAN,80,38,72,41,0.79,15.815368,189.81273,61.918896,85.09023,100,0,0,39.504143,66.28503,79,31.283144,46.05574,NA,62.5,40.2,0.18
2022-02-18,0.038,JAN,49,32,41,28.9,0,7.994581,344.4713,51.336,70.90886,88.22899,0,0,27.092587,34.94389,45.397057,17.379524,23.462358,NA,62.8,40.4,0.17
2022-02-19,0.044,JAN,61,26,33.1,19.9,0,2.9545193,8.60117,24.934246,61.336483,92.49329,0,0,27,42.552658,60.1,13.034643,17.379524,NA,63,40.7,0.18
2022-02-20,0.041,JAN,69,31,48.9,30,0,5.995936,165.3439,29.119854,60.339493,92.21943,0,0,32,52.134842,66.9,15.641572,19.986454,NA,63.3,40.9,0.18
2022-02-21,0.033,JAN,73,56,66.2,50,0.04,9.906329,164.98888,72.01491,85.26584,93.56222,0,0,57,65.9409,73,17.379524,21.724405,NA,63.5,41.1,0.17
2022-02-22,0.03,JAN,85,66,70,60.1,0.2,9.906329,181.66025,46.120014,80.273155,100,0,0,66.9,73.04842,84.6735,19.986454,27.80724,NA,63.8,41.4,0.18
2022-02-23,0.011,JAN,71,47,52,44.1,0.03,7.4731956,347.99582,86.27629,91.38295,100,0,0,42.941006,48.59948,55,14.772596,20.85543,NA,64,41.6,0.18
2022-02-24,0.016,JAN,82,45,64,44.1,1e-4,5.300755,278.50253,52.61694,85.20414,100,0,0,41.358673,57.63781,83.16891,18.2485,24.331335,NA,64.3,41.8,0.19
2022-02-25,0.023,JAN,45,38,41,32,1e-4,9.993227,350.1264,60.109863,75.65662,92.58222,0,0,28.767344,35.39946,40.625053,15.641572,22.593382,NA,64.5,42.1,0.18
2022-02-26,0.016,JAN,46,40,41,32,0.02,6.169731,26.872583,67.81607,76.66241,92.51814,0,0,33.336967,38.75066,46,13.034643,16.51055,NA,64.8,42.3,0.19
2022-02-27,0.031,JAN,45,38,42.1,36,0.1,6.95181,334.49695,79.191154,87.326454,96.59939,0,0,33.84455,37.512867,41.549988,12.165668,19.986454,NA,65.1,42.6,0.19
2022-02-28,0.048,JAN,64,34,37.9,21.9,0,5.12696,1.7586348,21.176426,58.223255,92.45325,0,0,30.076883,45.569748,63,13.034643,17.379524,NA,65.3,42.8,0.18
2022-03-01,0.048,JAN,71,32,39.9,26.1,0,1.0427715,254.53133,19.788645,58.407406,92.287315,0,0,30.974932,49.372402,70,7.820786,12.165668,NA,65.6,43,0.19
2022-03-02,0.06,JAN,77,33,39,28,0,0.695181,209.50525,19.989712,65.017044,92.287315,0,0,33.1,47.91195,71.1,7.820786,12.165668,NA,65.8,43.3,0.18
2022-03-03,0.065,JAN,79,37,42.1,32,0,0.95587385,243.31912,19.296404,55.482437,85.75554,0,0,37.9,56.161324,78.1,7.820786,13.034643,NA,66.1,43.5,0.18
2022-03-04,0.065,JAN,82,38,46,35.1,0,5.0400624,162.21603,19.153358,51.09285,88.6707,0,0,41,60.16126,79.20109,14.772596,21.724405,NA,66.4,43.8,0.19
2022-03-05,0.043,JAN,80,47,64,41,1e-4,9.471841,164.782,51.876583,73.495926,93.74054,0,0,45.88414,66.00108,79,19.986454,29.545193,NA,66.6,44,0.19
2022-03-06,0.033,JAN,84,66,66,61,0.04,11.5573845,162.55399,50.97468,73.76357,93.924324,0,0,66,73.7108,83.97844,19.986454,27.80724,NA,66.9,44.2,0.19
2022-03-07,0.028,JAN,74,48,66.9,41,1e-4,10.080125,324.6074,64.50316,79.49752,93.319046,0,0,43.408783,59.29624,73.9,20.85543,29.545193,NA,67.1,44.5,0.19
2022-03-08,0.027,JAN,49,44,45,39,4.27,7.036934,18.94343,68.50536,86.012665,100,0,0,37.757492,41.879467,46.465904,13.90362,19.117477,NA,67.4,44.7,0.18
2022-03-09,0.031,JAN,49,42,43,39.9,1e-4,6.430424,347.42538,76.01127,87.54328,96.59939,0,0,35.66077,41.554733,47.208103,13.90362,18.2485,NA,67.7,44.9,0.17
2022-03-10,0.045,JAN,68,41,43,37.9,0,3.3890073,22.877249,34.35165,67.917366,96.59939,0,0,41.187107,52.471363,66.9,11.296691,15.641572,NA,67.9,45.1,0.17
2022-03-11,0.047,JAN,75,34,48.9,30.9,0.12,6.430424,346.94855,36.977394,67.45621,93.08276,1e-4,0,23.372654,52.090763,73.9,26.938263,37.36598,NA,68.2,45.4,0.18
2022-03-12,0.046,JAN,44,25,30,6.1,1e-4,12.687053,339.80304,21.388065,49.68097,85.10684,1e-4,0,19.437038,27.602165,35.66077,24.331335,32.152122,NA,68.4,45.6,0.17
2022-03-13,0.047,JAN,62,25,24.1,9,0,4.2579837,160.13376,16.034359,46.365826,80.7529,0,0,25,40.31789,61,11.296691,15.641572,NA,68.7,45.8,0.17
2022-03-14,0.045,JAN,69,35,52,25,0.03,7.125605,145.81033,29.626625,56.1389,86.710846,0,0,29.040438,51.768864,69.1,19.117477,25.200312,NA,68.9,46,0.17
2022-03-15,0.035,JAN,66,54,57,52,1.16,5.4745502,11.957696,69.88434,85.44097,100,0,0,54,59.13505,66,13.034643,18.2485,NA,69.2,46.2,0.18
2022-03-16,0.036,JAN,64,48,54,48,1e-4,3.215212,287.11612,65.093414,83.84475,96.729576,0,0,50,56.86474,63,6.95181,10.427715,NA,69.4,46.5,0.18
2022-03-17,0.044,JAN,77,43,54,44.1,0,6.256629,158.62212,43.27544,73.304016,100,0,0,42.52106,60.255703,75.9,14.772596,20.85543,NA,69.7,46.7,0.18
2022-03-18,0.044,JAN,79,52,64.9,39,1.01,9.558739,245.98279,38.915344,70.55509,100,0,0,54,65.65485,79,20.85543,31.283144,NA,69.9,46.9,0.18
2022-03-19,0.046,JAN,67,40,39.9,26.1,0,5.12696,310.64157,22.881233,50.973442,76.48361,0,0,42.1,53.036713,66.9,14.772596,21.724405,NA,70.2,47.1,0.18
2022-03-20,0.053,JAN,78,37,41,27,0,1.9986453,94.06084,16.322987,51.67698,85.689926,0,0,37.9,56.66237,75.9,8.689762,13.034643,NA,70.4,47.3,0.18
2022-03-21,0.055,JAN,77,45,54,37,0,10.60151,141.20193,25.309326,49.39471,82.18908,0,0,43.549923,62.626328,77,22.593382,31.283144,NA,70.7,47.5,0.19
2022-03-22,0.038,JAN,73,57,68,53.1,2.41,9.558739,148.03639,67.65678,89.14444,100,0,0,57,62.775867,73,24.331335,33.0211,NA,70.9,47.7,0.18
2022-03-23,0.042,JAN,64,44,55.9,36,1e-4,7.212503,256.29254,37.987774,66.01281,93.03501,0,0,43.657470000000004,53.52201,63,18.2485,26.069286,NA,71.2,47.9,0.21
2022-03-24,0.052,JAN,71,39,41,27,0,5.995936,241.19734,23.060644,50.823982,85.75554,0,0,35.59444,54.92204,68,20.85543,30.41417,NA,71.4,48.1,0.19
2022-03-25,0.048,JAN,68,38,42.1,34,0,5.4745502,302.94772,31.553473,58.733902,88.872559999999993,0,0,36.690838,53.810688,68,17.379524,23.462358,NA,71.7,48.3,0.2
2022-03-26,0.049,JAN,74,41,44.1,24.1,0,2.780724,338.92645,21.098364,53.945744,92.58222,0,0,41.26356,56.244827,73,11.296691,17.379524,NA,71.9,48.5,0.18
2022-03-27,0.056,JAN,83,43,50,26.1,0,3.3021097,257.51962,12.497755,47.466194,75.92653,0,0,43.768723,62.2682,80.313965,13.034643,20.85543,NA,72.1,48.7,0.17
2022-03-28,0.047,JAN,81,44,55.9,37.9,0,3.9972906,234.84023,37.67128,57.856625,76.01056,0,0,45,64.221245,80.47273,13.90362,19.986454,NA,72.4,49,0.19
2022-03-29,0.057,JAN,84,60,62.6,51.1,0,12.165668,174.19562,35.383278,64.09861,93.15526,0,0,61,71.1955,82.672905,26.938263,37.36598,NA,72.6,49.2,0.18
2022-03-30,0.047,JAN,80,55,64,55,1.62,14.598801,167.74406,55.70696,74.67016,100,0,0,55.9,69.768776,78.1,33.89007,50.400623,NA,72.8,49.4,0.19
2022-03-31,0.041,JAN,68,48,45,33.1,0,5.9090385,302.48444,28.39426,57.531006,79.97791,0,0,48.9,55.999233,66.9,12.165668,19.986454,NA,73.1,49.6,0.2
2022-04-01,0.044,JAN,67,40,42.1,34,0,3.9972906,14.50724,31.72922,57.84343,85.8089,0,0,39.9,52.229233,66,11.296691,15.641572,NA,73.3,49.8,0.21
2022-04-02,0.044,JAN,76,43,45,33.1,0,2.1724405,24.122349,21.557926,56.68302,89.49497,0,0,40.265457,59.13652,75.9,11.296691,13.034643,NA,73.5,50,0.21
2022-04-03,0.051,JAN,79,46,50,35.1,0,2.085543,13.738135,21.065304,58.184467,93.05812,0,0,46.9,62.79303,78.1,10.427715,14.772596,NA,73.7,50.2,0.2
2022-04-04,0.052,JAN,82,49,55,44.1,0,4.6924715,146.65186,27.196394,52.748707,86.326836,0,0,48.9,67.134964,79.755165,14.772596,20.85543,NA,74,50.4,0.21
2022-04-05,0.043,JAN,81,63,68,57,1.29,8.950456,191.30606,57.979168,81.28033,96.903595,0,0,63,69.85733,81.70885,21.724405,36.497,NA,74.2,50.7,0.2
2022-04-06,0.047,JAN,86,58,72,46,0,10.340817,253.24069,52.994083,74.89151,96.9686,0,0,57.9,72.118935,88.76938,17.379524,23.462358,NA,74.4,50.9,0.21
2022-04-07,0.043,JAN,66,46,45,28.9,0,6.6911173,300.1911,26.496365,47.734444,76.583626,0,0,45.72197,57.192917,64.9,19.986454,26.069286,NA,74.6,51.1,0.2
2022-04-08,0.043,JAN,61,43,36,28,0,9.037353,293.77237,29.307129,47.73329,68.05201,0,0,41.834225000000004,51.364437,60.1,19.117477,28.676216,NA,74.8,51.3,0.22
2022-04-09,0.05,JAN,69,35,37,24.1,0,4.6924715,248.55235,18.208313,50.392914,89.086205,0,0,33.26129,51.919655,69.1,13.90362,20.85543,NA,75.1,51.6,0.21
2022-04-10,0.059,JAN,82,48,54,35.1,0,11.209793,177.51509,27.196394,51.111195,76.76395,0,0,44.819702,64.79211,79.755165,21.724405,32.152122,NA,75.3,51.8,0.22
2022-04-11,0.038,JAN,74,57,64,51.1,0.73,11.904975,163.08026,66.61077,81.254005,96.85247,0,0,57.9,66.53631,73.9,24.331335,30.41417,NA,75.5,52.1,0.21
2022-04-12,0.036,JAN,80,66,68,62.1,0.03,10.9491005,161.52248,56.225796,81.4189,93.924324,0,0,66,71.450874,79,24.331335,32.152122,NA,75.7,52.3,0.21
2022-04-13,0.035,JAN,83,62,70,60.1,2.01,13.469131,172.38591,58.09791,81.99072,100,0,0,62.1,71.14842,83.11301,26.069286,46.05574,NA,75.9,52.5,0.21
2022-04-14,0.046,JAN,75,50,63,41,0,6.6042194,2.6219647,30.53587,63.08255,96.55186,0,0,50,62.29784,75,19.117477,28.676216,NA,76.2,52.8,0.22
2022-04-15,0.04,JAN,82,53,66.9,44.1,0.09,9.037353,146.10843,38.114365,66.1518,89.89542,0,0,55,67.10978,80.75559,18.2485,23.462358,NA,76.4,53,0.21
2022-04-16,0.031,JAN,74,61,71.6,61,0.72,5.7352433,164.26347,84.972496,93.48223,100,0,0,61,68.54871,73.9,18.2485,23.462358,NA,76.6,53.3,0.2
2022-04-17,0.024,JAN,77,61,71.1,60.8,0.88,4.171086,115.99371,79.47427,95.27745,100,0,0,61,66.1869,75.9,18.2485,22.593382,NA,76.8,53.6,0.2
2022-04-18,0.039,JAN,64,50,64,46,0,9.993227,340.70755,55.99116,80.40458,100,0,0,50,56.756973,64,17.379524,24.331335,NA,77,53.8,0.2
2022-04-19,0.045,JAN,69,44,46,33.1,0,4.2579837,52.732727,29.293774,58.98204,96.628975,0,0,43.549923,56.22574,69.1,13.90362,20.85543,NA,77.3,54.1,0.2
2022-04-20,0.045,JAN,80,48,61,37.9,0.03,11.470487,154.9346,40.484375,59.995743,83.90756,0,0,50,63.94662,79,21.724405,29.545193,NA,77.5,54.4,0.2
2022-04-21,0.043,JAN,84,60,64,59,0,7.4731956,148.81151,45.657604,72.604164,96.15043,0,0,60.1,71.2912,83.13149,14.772596,19.117477,NA,77.7,54.6,0.18
2022-04-22,0.046,JAN,84,59,63,57.9,0,7.2994003,152.3646,42.629578,68.955505,96.85247,0,0,60.1,71.93397,82.60356,14.772596,20.85543,NA,77.9,54.9,0.17
2022-04-23,0.04,JAN,85,59,63,57.9,0,9.384943,157.5173,45.957172,70.673775,96.15043,0,0,60.1,72.279366,84.31911,18.2485,26.938263,NA,78.1,55.2,0.17
2022-04-24,0.039,JAN,85,63,66,59,0,9.037353,158.72672,41.576298,69.43282,96.878845,0,0,63,74.27526,84.5076,17.379524,23.462358,NA,78.4,55.5,0.18
2022-04-25,0.036,JAN,84,63,69.8,61,0.22,7.4731956,219.10976,56.506313,83.11695,96.275345,0,0,64.9,71.6988,86.62449,22.593382,32.152122,NA,78.6,55.8,0.18
2022-04-26,0.044,JAN,74,54,61,44.1,1e-4,8.863558,2.3370125,35.458324,65.51375,93.83344,0,0,57,64.9262,73.9,14.772596,22.593382,NA,78.8,56.1,0.18
2022-04-27,0.051,JAN,76,47,46,36,0,3.910393,12.840472,23.482975,51.549,79.91771,0,0,45.88414,60.44746,75.9,10.427715,15.641572,NA,79.1,56.4,0.16
2022-04-28,0.058,JAN,81,44,48.9,37.9,0,2.2593381,128.4,23.001402,55.814537,92.645485,0,0,45,63.40948,79,10.427715,15.641572,NA,79.3,56.7,0.17
2022-04-29,0.05,JAN,83,51,61,46.9,0,5.8221407,154.45724,38.256405,63.991856,89.17831,0,0,52,68.210945,82.404625,13.90362,20.85543,NA,79.5,57,0.15
2022-04-30,0.046,JAN,85,61,66,54,0,7.0387077,178.19234,37.01001,64.90033,96.878845,0,0,61,72.67187,83.74426,13.90362,19.117477,NA,79.8,57.3,0.15
2022-05-01,0.047,JAN,86,68,68,55.9,0.09,4.2579837,255.21848,45.957172,66.72489,96.29225,0,0,69.1,76.12572,87.31296,15.641572,24.331335,NA,80,57.6,0.15
2022-05-02,0.034,JAN,87,64,70,64,0,6.95181,178.96178,49.624676,74.00884,96.24429,0,0,66,76.46873,88.76938,14.772596,19.117477,NA,80.3,57.9,0.15
2022-05-03,0.032,JAN,86,67,70,63,0,7.994581,192.9379,47.913544,71.919395,90.594666,0,0,66.9,77.1528,86.23124,19.117477,24.331335,NA,80.5,58.2,0.14
2022-05-04,0.036,JAN,90,66,70,62.1,0,4.605574,178.30643,40.610085,72.79082,100,0,0,66,77.22233,89.577965,12.165668,16.51055,NA,80.7,58.5,0.15
2022-05-05,0.032,JAN,87,66,72,64,0.04,7.303136,191.57791,51.36681,79.114815,96.92933,0,0,66,75.80626,88.76938,24.331335,36.497,NA,81,58.8,0.14
2022-05-06,0.049,JAN,82,57,64,51.1,0,9.298046,253.19397,36.43927,65.58409,93.26418,0,0,59,70.91626,80.33698,26.938263,34.75905,NA,81.2,59.1,0.15
2022-05-07,0.05,JAN,84,53,60.1,53.1,0,4.431779,338.73972,38.10585,66.22636,96.783690000000007,0,0,55,69.24798,82.19677,12.165668,16.51055,NA,81.5,59.4,0.14
2022-05-08,0.042,JAN,88,55,68,52,0,4.6924715,121.455894,47.485596,66.616684,86.76975,0,0,57,73.13577,89.44426,12.165668,16.51055,NA,81.8,59.7,0.14
2022-05-09,0.036,JAN,90,68,72,64.4,0,7.994581,142.30846,51.93074,74.17972,96.29225,0,0,69.1,80.77903,95.487274,13.034643,18.2485,NA,82,60,0.13
2022-05-10,0.04,JAN,86,64,70,64.9,0,3.910393,142.13622,52.71415,77.965195,96.9686,0,0,66.9,76.30765,87.13402,10.427715,14.772596,NA,82.3,60.3,0.14
2022-05-11,0.05,JAN,92,62,71.1,62.1,0,2.6069288,33.960423,46.683357,74.897255,100,0,0,63,77.88313,93.16877,11.296691,18.2485,NA,82.5,60.6,0.13
2022-05-12,0.051,JAN,93,66,70,64.9,0.99,4.431779,17.545385,45.241203,73.62669,100,0,0,66,80.73588,96.13336,21.724405,34.75905,NA,82.8,61,0.13
2022-05-13,0.041,JAN,85,63,73,61,1.51,4.0841885,110.49479,62.857838,87.1105,96.9686,0,0,64,72.69097,88.31077,24.331335,36.497,NA,83,61.3,0.13
2022-05-14,0.047,JAN,85,61,71.1,60.1,0.06,2.3462358,238.53348,47.781155,82.26312,96.878845,0,0,61,71.91035,85.361824,10.427715,11.296691,NA,83.3,61.6,0.13
2022-05-15,0.049,JAN,90,64,70,62.1,0.12,3.041417,257.90112,44.952454,74.64322,100,0,0,64.9,77.09332,90.945244,32.152122,42.579834,NA,83.6,61.9,0.14
2022-05-16,0.055,JAN,88,64,69.1,60.1,0,3.475905,357.16034,41.615177,71.55714,96.903595,0,0,64,76.64098,88.85965,12.165668,18.2485,NA,83.8,62.2,0.14
2022-05-17,0.054,JAN,88,65,68,60.1,0,2.9545193,66.5543,43.10064,66.04424,90.642,0,0,64.9,77.34393,89.33843,8.689762,12.165668,NA,84.1,62.5,0.14
2022-05-18,0.042,JAN,90,67,73,64,0,6.8649125,190.06232,55.044296,72.07278,89.85901,0,0,68,81.24478,97.143906,15.641572,20.85543,NA,84.3,62.8,0.13
2022-05-19,0.047,JAN,91,71,71.1,64,0,9.645637,191.72029,42.201916,68.64699,90.594666,0,0,71.1,81.65414,93.16877,18.2485,24.331335,NA,84.6,63.1,0.14
2022-05-20,0.045,JAN,91,70,71.6,64,0,10.340817,177.11568,44.952454,68.531075,93.4268,0,0,71.1,81.59683,92.59112,17.379524,24.331335,NA,84.9,63.4,0.13
2022-05-21,0.034,JAN,93,70,75,62.1,0,10.167022,161.16719,41.034203,70.48819,94.14301,0,0,72,83.60866,99.10271,22.593382,30.41417,NA,85.1,63.7,0.14
2022-05-22,0.036,JAN,90,69,72,66,0.75,6.430424,65.991714,49.88376,82.52407,96.99354,0,0,69.1,76.549385,92.901535,14.772596,20.85543,NA,85.4,63.9,0.14
2022-05-23,0.031,JAN,80,69,69.8,68,0,5.300755,3.9809313,71.72483,84.67808,96.29225,0,0,69.1,73.463554,79,11.296691,15.641572,NA,85.6,64.2,0.14
2022-05-24,0.028,JAN,86,69,73.9,66,0.3,7.994581,146.7655,58.95082,83.28757,96.322716,0,0,69.1,76.00554,90.93689,20.85543,31.283144,NA,85.9,64.5,0.14
2022-05-25,0.026,JAN,77,68,71.1,66,1.91,10.340817,147.26765,79.47427,89.20126,100,0,0,68,71.600624,75.9,26.069286,41.71086,NA,86.1,64.8,0.14
2022-05-26,0.055,JAN,83,63,68,51.1,0.04,7.125605,206.56126,34.250164,64.26942,96.29225,0,0,66.9,74.31173,81.570465,14.772596,19.986454,NA,86.3,65.1,0.13
2022-05-27,0.046,JAN,82,57,61,55.9,0,4.344881,294.75015,45.207962,69.96903,93.15526,0,0,57.9,69.3734,80.4454,11.296691,17.379524,NA,86.6,65.3,0.15
2022-05-28,0.048,JAN,83,55,62.1,54,0,2.4331334,26.527231,39.52138,71.9855,100,0,0,55,69.44644,81.54984,10.427715,15.641572,NA,86.8,65.6,0.15
2022-05-29,0.055,JAN,86,59,64.9,57.9,0,4.8662667,138.34709,39.968353,67.33316,96.13254,0,0,59,73.92146,85.11547,12.165668,19.117477,NA,87,65.9,0.16
2022-05-30,0.047,JAN,89,69,71.1,62.1,0,9.471841,156.90912,42.04777,69.65746,96.9686,0,0,69.1,79.728966,89.79883,14.772596,21.724405,NA,87.3,66.1,0.15
2022-05-31,0.03,JAN,92,70,72,64.9,0,5.2138577,152.13882,42.205044,73.33187,100,0,0,70,81.677444,93.16877,12.165668,15.641572,NA,87.5,66.4,0.15
2022-06-01,0.04,JAN,91,69,73.9,68,0,2.6938264,137.87221,48.48942,76.19438,100,0,0,69.1,82.184746,94.78818,8.689762,11.296691,NA,87.7,66.6,0.15
2022-06-02,0.035,JAN,88,69,73.9,68,1.28,4.171086,304.91565,59.092064,86.6827,96.99354,0,0,69.1,76.57251,93.65173,17,27,NA,87.9,66.9,0.15
2022-06-03,0.039,JAN,85,68,71.1,66.9,0.79,4.7793694,25.255442,58.692406,84.70001,100,0,0,69.1,75.40484,87.17958,15.641572,20.85543,NA,88.1,67.1,0.15
2022-06-04,0.052,JAN,86,65,69.1,60.1,0,3.8234954,20.327335,43.240887,71.04846,100,0,0,64.9,75.45441,85.49416,12.165668,17.379524,NA,88.3,67.3,0.15
2022-06-05,0.059,JAN,89,64,68,60.1,0,1.9117477,166.88028,39.16971,70.2523,96.903595,0,0,64.9,76.02922,87.68617,7.820786,11.296691,NA,88.5,67.6,0.14
2022-06-06,0.041,JAN,89,68,73,64.9,0,7.0387077,184.14783,51.80454,73.1158,96.29225,0,0,69.1,81.84884,94.00061,17.379524,21.724405,NA,88.7,67.8,0.15
2022-06-07,0.037,JAN,91,73,73,70,0,5.7352433,197.02843,50.326485,74.57277,93.79415,0,0,73,84.38653,96.68508,14.772596,19.117477,NA,88.9,68,0.14
2022-06-08,0.032,JAN,90,71,75,70,1e-4,5.0400624,228.59305,55.315365,78.10917,93.79415,0,0,72,82.10105,97.2908,22.593382,33.0211,NA,89,68.2,0.15
2022-06-09,0.047,JAN,88,70,72,68,1e-4,3.3021097,358.389,51.649754,78.18786,96.9686,0,0,70,79.50851,92.42606,15.641572,20.85543,NA,89.2,68.4,0.14
2022-06-10,0.034,JAN,81,68,72,66.9,1.07,3.5628026,175.97064,71.34513,90.71846,100,0,0,68,72.56928,84.95402,13.90362,19.986454,NA,89.4,68.6,0.16
2022-06-11,0.045,JAN,89,63,75.9,63,0,1.7379525,244.38991,57.427124,82.56371,100,0,0,63,78.113556,94.00061,10.427715,13.90362,NA,89.5,68.8,0.15
2022-06-12,0.029,JAN,92,73,75.9,73,0,5.0400624,196.13155,55.838146,79.443375,100,0,0,73,87.23725,101.7271,11.296691,16.51055,NA,89.6,69,0.15
2022-06-13,0.022,JAN,92,76,77,71.1,0,5.6483455,196.65811,52.247787,75.194305,97.04129,0,0,75.9,87.76496,100.71375,12.165668,16.51055,NA,89.8,69.2,0.15
2022-06-14,0.024,JAN,93,75,75.9,70,0,3.475905,199.23705,48.930344,73.65899,93.55792,0,0,75,87.67076,98.77585,8.689762,18.2485,NA,89.9,69.4,0.15
2022-06-15,0.045,JAN,94,74,75,70,0,2.6938264,214.36736,45.981567,70.23511,93.50594,0,0,75,88.50567,101.037025,7.820786,12.165668,NA,90.1,69.5,0.14
2022-06-16,0.037,JAN,96,73,75.9,68,0.03,5.0400624,16.800125,50.87439,75.47187,93.50594,0,0,75,88.45773,108.563194,20.85543,34.75905,NA,90.2,69.7,0.15
2022-06-17,0.057,JAN,97,71,75,59,0,1.390362,34.404488,28.459162,70.109886,96.99354,0,0,72,87.40594,102.11232,6.95181,9.558739,NA,90.3,69.8,0.15
2022-06-18,0.05,JAN,97,74,77,62.1,1e-4,3.041417,350.39807,43.26683,70.98859,96.41042,0,0,75,89.09997,107.22693,18.2485,25.200312,NA,90.4,70,0.15
2022-06-19,0.054,JAN,91,70,70,57.9,0,5.8221407,18.53194,33.989964,56.81915,80.778625,0,0,71.1,81.67437,91.0622,12.165668,15.641572,NA,90.5,70.2,0.15
2022-06-20,0.053,JAN,97,68,73,63,0,4.431779,87.46029,37.36727,57.69743,75.57828,0,0,71.1,86.47603,99.61955,12.165668,17.379524,NA,90.6,70.3,0.14
2022-06-21,0.054,JAN,97,74,75,63,0,2.4331334,158.37004,36.078796,66.39739,90.974266,0,0,73.9,89.34172,102.09141,10.427715,13.90362,NA,90.7,70.4,0.15
2022-06-22,0.052,JAN,99,75,73.9,70,0,2.6938264,336.0573,41.79904,66.88605,93.50594,0,0,75,91.01892,106.090836,12.165668,17.379524,NA,90.8,70.6,0.15
2022-06-23,0.059,JAN,99,71,73.9,66.9,0,3.6497002,340.20282,37.57542,63.730755,96.678116,0,0,73,89.35251,104.03839,11.296691,17.379524,NA,90.9,70.7,0.14
2022-06-24,0.062,JAN,98,70,73,64,0,3.1283145,356.03735,35.053715,61.733265,93.4268,0,0,71.1,87.171234,100.69615,13.90362,18.2485,NA,91,70.8,0.15
2022-06-25,0.062,JAN,99,69,71.1,63,0,3.475905,2.1085796,32.84731,57.73005,89.89542,0,0,69.1,87.567986,101.242035,13.034643,18.2485,NA,91,70.9,0.14
2022-06-26,0.056,JAN,98,73,73.9,66,1.33,5.995936,1.9110132,35.219643,69.317604,100,0,0,73.4,86.99669,104.570145,28.676216,40.841885,NA,91.1,71.1,0.14
2022-06-27,0.042,JAN,84,73,73.9,71.1,0,6.169731,358.41458,71.73187,84.40538,100,0,0,73,80.93087,91.04214,12.165668,19.117477,NA,91.2,71.2,0.15
2022-06-28,0.052,JAN,92,71,75,61,0,4.6924715,20.982584,50.326485,67.7618,87.72512,0,0,71.1,82.069435,96.68508,12.165668,17.379524,NA,91.2,71.3,0.15
2022-06-29,0.043,JAN,89,72,75.2,70,1.63,2.780724,116.70669,63.01707,87.2985,97.016945,0,0,73,78.0861,95.41936,17.379524,22.593382,NA,91.3,71.4,0.14
2022-06-30,0.038,JAN,88,72,77,71.1,1.88,3.3890073,118.65423,63.0984,87.722755,100,0,0,72,80.01741,93.9102,21.724405,28.676216,NA,91.4,71.5,0.16
2022-07-01,0.032,JAN,89,71,75.9,71.1,0.33,2.3462358,137.21689,65.49481,92.36548,100,0,0,72,77.32715,98.85556,19.986454,26.938263,NA,91.4,71.5,0.16
2022-07-02,0.027,JAN,88,73,77,72,0.12,3.910393,174.79237,63.01707,89.07499,100,0,0,73,79.64209,94.98124,18.2485,25.200312,NA,91.5,71.6,0.15
2022-07-03,0.028,JAN,91,73,77,73,0.09,3.475905,181.92468,57.49431,85.250206,100,0,0,73,83.13522,99.3201,11.296691,14.772596,NA,91.5,71.7,0.16
2022-07-04,0.029,JAN,93,74,78.1,73,0.86,3.041417,192.41556,55.71818,86.160835,100,0,0,73.9,83.44588,101.7271,15.641572,20.85543,NA,91.6,71.8,0.16
2022-07-05,0.028,JAN,93,73,77,73,0.06,4.2579837,201.98747,53.958176,88.45929,100,0,0,73.9,82.199326,103.14688,13.90362,18.2485,NA,91.6,71.8,0.16
2022-07-06,0.035,JAN,92,73,77,72,0.01,3.041417,182.89046,61.404633,84.99013,100,0,0,73,84.32395,103.0089,11.296691,14.772596,NA,91.7,71.9,0.16
2022-07-07,0.037,JAN,93,74,80.1,73.9,0,1.9117477,252.59285,55.838146,79.95636,100,0,0,75,89.91368,103.10775,6.95181,11.296691,NA,91.7,72,0.16
2022-07-08,0.037,JAN,95,75,78.1,73.9,0,2.6938264,237.58403,55.984222,76.03965,97.04129,0,0,75.9,92.697395,106.88772,7.820786,12.165668,NA,91.8,72,0.16
2022-07-09,0.046,JAN,97,74,79,69.1,0.13,5.7352433,236.32956,50.87439,73.92248,97.016945,0,0,73.9,94.77164,109.79942,26.069286,34.75905,NA,91.8,72.1,0.16
2022-07-10,0.044,JAN,91,73,78.1,72,1e-4,5.0400624,345.0915,63.362026,80.647896,97.016945,0,0,73.9,87.739006,103.35916,14.772596,17.379524,NA,91.9,72.1,0.16
2022-07-11,0.04,JAN,93,76,75,71.1,0,4.431779,23.376116,49.088055,70.461426,93.52941,0,0,75.9,89.56442,101.7271,10.427715,14.772596,NA,91.9,72.2,0.15
2022-07-12,0.044,JAN,95,73,75.9,70,0,2.780724,47.45035,45.981567,74.03598,97.016945,0,0,73.9,87.34103,101.037025,11.296691,14.772596,NA,92,72.2,0.16
2022-07-13,0.047,JAN,96,73,77,69.1,0.07,3.910393,171.97632,44.58768,77.70394,97.04129,0,0,73.9,85.187904,103.14688,17.379524,21.724405,NA,92,72.2,0.17
2022-07-14,0.062,JAN,90,72,75,69.1,0,2.780724,177.43677,59.20717,77.75271,96.678116,0,0,72,83.036705,98.08501,13.034643,17.379524,NA,92,72.3,0.16
2022-07-15,0.046,JAN,94,72,75,71.1,0,3.8234954,177.36575,52.372917,76.30673,96.678116,0,0,73,84.7134,99.66107,10.427715,14.772596,NA,92.1,72.3,0.16
2022-07-16,0.038,JAN,96,72,75.9,70,0.08,3.1283145,182.57993,44.445583,75.74473,97.04129,0,0,73,85.79206,102.166626,15.641572,24.331335,NA,92.1,72.3,0.16
2022-07-17,0.038,JAN,94,73,75.9,71.1,1e-4,4.431779,176.00627,49.088055,79.82265,96.678116,0,0,73,85.73087,100.13229,13.90362,18.2485,NA,92.2,72.4,0.16
2022-07-18,0.034,JAN,91,74,75.9,72,0.06,6.8649125,179.10037,59.26213,81.54417,97.016945,0,0,73.9,85.620415,101.64724,13.034643,18.2485,NA,92.2,72.4,0.17
2022-07-19,0.032,JAN,93,77,75.9,72,0,7.907684,193.42134,53.867287,74.11406,93.55792,0,0,77,89.874825,101.7271,13.90362,19.117477,NA,92.3,72.4,0.16
2022-07-20,0.03,JAN,95,77,77,71.1,0,8.255275,212.51552,50.907776,71.50104,93.55792,0,0,77,91.46014,103.258156,14.772596,21.724405,NA,92.3,72.4,0.17
2022-07-21,0.046,JAN,94,77,77,64.9,0,8.4290695,221.92018,52.473076,69.35795,84.474464,0,0,78.8,94.50932,108.464386,18.2485,27.80724,NA,92.3,72.4,0.16
2022-07-22,0.046,JAN,92,71,75,68,0.47,4.6924715,155.56061,57.93478,80.35545,96.99354,0,0,71.1,82.11284,103.05586,13.90362,21.724405,NA,92.4,72.4,0.16
2022-07-23,0.046,JAN,89,74,73.9,70,0.04,4.5186763,167.01717,59.20717,84.49395,97.016945,0,0,73.9,80.16308,98.08501,17.379524,22.593382,NA,92.4,72.4,0.18
2022-07-24,0.027,JAN,94,74,78.8,71.1,0,3.6497002,198.71623,52.247787,77.55344,93.79415,0,0,73.9,86.51302,98.64081,17.379524,24.331335,NA,92.4,72.4,0.17
2022-07-25,0.033,JAN,95,73,75.9,72,0,3.7365978,183.56781,50.609615,77.286964,97.016945,0,0,73.9,86.95905,101.037025,14.772596,23.462358,NA,92.5,72.4,0.17
2022-07-26,0.031,JAN,93,74,75,71.1,0,5.7352433,185.53079,49.088055,74.72359,96.38104,0,0,75,87.479385,101.037025,11.296691,14.772596,NA,92.5,72.4,0.16
2022-07-27,0.034,JAN,94,73,75,70,0,4.2579837,190.67369,45.981567,72.257545,96.678116,0,0,73,87.53114,102.166626,11.296691,18.2485,NA,92.5,72.4,0.16
2022-07-28,0.031,JAN,95,72,73.9,71.1,0,4.5186763,202.0896,46.142372,72.561295,97.016945,0,0,73,87.5634,102.618614,13.034643,17.379524,NA,92.6,72.4,0.17
2022-07-29,0.033,JAN,94,73,75.9,69.1,0.11,4.0841885,211.79408,48.800888,75.640724,97.04129,0,0,73,86.33298,100.71375,18.2485,25.200312,NA,92.6,72.4,0.16
2022-07-30,0.022,JAN,90,74,77,73,0.07,3.041417,185.36418,63.25543,90.95853,100,0,0,75,79.97299,99.3201,13.90362,19.117477,NA,92.6,72.4,0.16
2022-07-31,0.028,JAN,93,70,75.9,68,0,4.2579837,181.46538,44.149624,75.12691,100,0,0,71.1,84.4572,98.77585,12.165668,16.51055,NA,92.6,72.4,0.16
2022-08-01,0.035,JAN,96,73,75.9,70,0.01,4.9531646,199.07755,44.445583,77.16201,97.016945,0,0,73,84.60258,101.55391,22.593382,29.545193,NA,92.7,72.4,0.17
2022-08-02,0.025,JAN,85,73,78.1,72,0.15,4.0841885,156.45467,78.90113,93.57817,100,0,0,73,77.17893,92.844284,18.2485,26.069286,NA,92.7,72.3,0.16
2022-08-03,0.03,JAN,89,73,77,70,0.48,4.6924715,178.54143,55.463593,89.04485,100,0,0,73,79.58723,97.814644,17.379524,25.200312,NA,92.7,72.3,0.17
2022-08-04,0.035,JAN,90,73,77,72,0,3.475905,159.11197,59.20717,83.261185,100,0,0,73.9,83.55458,95.92129,14.772596,20.85543,NA,92.7,72.3,0.16
2022-08-05,0.033,JAN,92,72,75,70,0,5.6483455,153.25386,51.93074,78.622765,100,0,0,72,83.31437,96.446625,20.85543,26.938263,NA,92.7,72.3,0.16
2022-08-06,0.029,JAN,93,71,75.9,71.1,1e-4,3.3890073,170.72205,52.348576,83.81392,100,0,0,71.1,82.40861,102.11232,25.200312,33.0211,NA,92.7,72.2,0.17
2022-08-07,0.032,JAN,94,71,73.9,69.1,0,3.3890073,166.56947,47.447067,74.49856,100,0,0,71.1,86.19198,100.13229,12.165668,19.986454,NA,92.7,72.2,0.16
2022-08-08,0.046,JAN,95,72,75.2,69.1,0.22,4.2579837,160.29771,43.09826,78.70354,97.016945,0,0,72,83.3103,103.258156,19.117477,26.069286,NA,92.7,72.1,0.16
2022-08-09,0.029,JAN,88,72,75.9,72,0,4.2579837,185.94182,69.59207,87.884445,100,0,0,73,81.16728,93.34773,8.689762,11.296691,NA,92.7,72.1,0.16
2022-08-10,0.034,JAN,87,73,75,71.1,0.13,3.3890073,154.18636,69.59207,86.10913,97.016945,0,0,73.9,79.99043,91.04214,11.296691,14.772596,NA,92.7,72.1,0.16
2022-08-11,0.039,JAN,91,73,75.9,71.1,0.07,1.9986453,132.26622,53.91329,84.68664,100,0,0,73,80.74429,96.446625,11.296691,16.51055,NA,92.6,72,0.15
2022-08-12,0.033,JAN,92,72,77,72,1e-4,2.4331334,52.927345,55.71818,83.604034,100,0,0,73,83.00554,99.5694,12.165668,17.379524,NA,92.6,71.9,0.15
2022-08-13,0.042,JAN,93,71,75,70,0,1.9117477,179.27214,48.930344,78.0818,100,0,0,72,84.56805,98.77585,7.820786,11.296691,NA,92.6,71.9,0.16
2022-08-14,0.033,JAN,95,71,75,69.1,0,2.6069288,247.73099,47.282948,74.58624,100,0,0,71.1,86.540276,103.258156,10.427715,17.379524,NA,92.5,71.8,0.15
2022-08-15,0.037,JAN,95,73,75.9,71.1,0,3.8234954,248.29588,49.088055,74.53285,97.016945,0,0,73.9,88.71124,103.258156,12.165668,17.379524,NA,92.5,71.8,0.16
2022-08-16,0.041,JAN,98,73,75.9,72,0.06,4.9531646,264.10284,45.990337,76.71284,96.38104,0,0,73.9,86.73843,107.22693,20.85543,24.331335,NA,92.4,71.7,0.15
2022-08-17,0.037,JAN,90,72,75.9,71.1,1e-4,4.2579837,336.23303,63.124584,81.57664,96.678116,0,0,73,84.53843,99.3201,13.034643,17.379524,NA,92.4,71.6,0.16
2022-08-18,0.034,JAN,80,73,73.9,70,0.43,3.1283145,96.31205,79.10189,89.855995,97.016945,0,0,73,75.76334,79,7.820786,11.296691,NA,92.3,71.5,0.15
2022-08-19,0.037,JAN,86,70,75,70,0.2,3.3890073,168.85431,67.6068,89.00765,100,0,0,70,78.20198,91.60043,13.90362,19.986454,NA,92.2,71.4,0.16
2022-08-20,0.026,JAN,90,73,75.9,72,0.07,6.082834,190.95137,59.20717,88.35631,100,0,0,73,79.282555,95.725685,15.641572,22.593382,NA,92.2,71.4,0.15
2022-08-21,0.024,JAN,87,72,77,71.1,1e-4,4.171086,219.34364,71.777084,87.352585,100,0,0,72,80.08169,94.21741,12.165668,16.51055,NA,92.1,71.3,0.14
2022-08-22,0.022,JAN,79,71,77,71.1,1.17,2.6069288,115.02364,84.40946,95.33828,100,0,0,71.1,74.34286,79,11.296691,13.90362,NA,92,71.2,0.16
2022-08-23,0.023,JAN,74,71,73.4,71.1,3.53,5.2138577,125.41817,93.77152,97.51856,100,0,0,71.1,72.659775,73.9,14.772596,21.724405,NA,91.9,71.1,0.15
2022-08-24,0.03,JAN,76,70,75,69.1,5.05,6.430424,134.31613,84.972496,94.91694,100,0,0,69.8,72.62112,75,18.2485,22.593382,NA,91.8,70.9,0.14
2022-08-25,0.025,JAN,84,71,77,70,0.68,3.041417,90.50052,74.42529,93.25965,100,0,0,71.1,76.60449,92.76035,13.034643,17.379524,NA,91.7,70.8,0.14
2022-08-26,0.025,JAN,88,72,77,72,0.01,2.5200312,124.35138,60.923714,90.04991,100,0,0,72,79.33566,94.98124,11.296691,13.90362,NA,91.6,70.7,0.14
2022-08-27,0.034,JAN,88,73,75,72,0,3.3890073,156.97862,61.241543,85.76665,100,0,0,73,81.13065,95.725685,11.296691,13.90362,NA,91.5,70.6,0.14
2022-08-28,0.035,JAN,91,73,75.9,72,0,4.431779,164.53485,55.71818,80.889465,100,0,0,73,85.283325,99.5694,12.165668,15.641572,NA,91.3,70.4,0.12
2022-08-29,0.035,JAN,92,74,77,72,1e-4,1.4772596,146.93059,54.172462,80.296165,100,0,0,73.9,86.208305,100.71375,11.296691,16.51055,NA,91.2,70.3,0.13
2022-08-30,0.028,JAN,91,73,78.8,71.1,0.49,3.1283145,17.920513,59.26213,86.90143,100,0,0,73,82.214340000000007,103.0089,15.641572,25.200312,NA,91.1,70.1,0.13
2022-08-31,0.045,JAN,92,71,75.9,71.1,0,2.5200312,6.4749155,53.867287,81.44258,100,0,0,71.1,84.29033,99.5694,11.296691,14.772596,NA,90.9,69.9,0.13
2022-09-01,0.051,JAN,91,68,71.1,63,0,1.5641572,359.90952,40.74673,72.865555,100,0,0,68,79.312225,90.945244,10.427715,13.90362,NA,90.8,69.8,0.12
2022-09-02,0.051,JAN,91,68,72,66,0,1.9986453,162.01797,46.55105,75.256454,100,0,0,68,80.456535,95.487274,10.427715,15.641572,NA,90.6,69.6,0.13
2022-09-03,0.048,JAN,91,72,73.9,70,0.01,2.6069288,176.07195,55.315365,82.6913,97.016945,0,0,73,81.17777,97.143906,13.034643,16.51055,NA,90.5,69.4,0.12
2022-09-04,0.031,JAN,84,73,75,72,0.01,4.6924715,191.80252,69.71293,88.138756,97.016945,0,0,73,78.440384,88.2557,8.689762,13.90362,NA,90.3,69.2,0.12
2022-09-05,0.028,JAN,85,71,73.9,72,0,3.7365978,225.58015,69.71293,89.541725,100,0,0,73,77.86502,89.369316,7.820786,11.296691,NA,90.1,69,0.11
2022-09-06,0.034,JAN,86,68,75,69.1,0.01,1.7379525,191.16968,67.05904,90.88784,100,0,0,70,77.42134,94.98124,10.427715,15.641572,NA,90,68.8,0.12
2022-09-07,0.042,JAN,90,67,73,66.9,1e-4,2.3462358,14.238522,53.424034,84.259605,100,0,0,66.9,76.611206,94.41397,20.85543,30.41417,NA,89.8,68.6,0.12
2022-09-08,0.043,JAN,86,66,69.1,62.1,0,5.387653,11.9592905,46.418087,74.60041,100,0,0,66.9,75.83496,85.82961,13.034643,19.986454,NA,89.6,68.3,0.12
2022-09-09,0.033,JAN,87,66,72,64.9,0.55,2.780724,57.21717,61.064674,88.60164,100,0,0,66,72.92582,89.40432,22.593382,36.497,NA,89.4,68.1,0.12
2022-09-10,0.04,JAN,87,70,73,68,1e-4,1.9117477,103.676285,55.044296,84.45794,100,0,0,70,76.90843,90.11007,12.165668,16.51055,NA,89.2,67.9,0.12
2022-09-11,0.035,JAN,86,68,73,68,0.01,2.4331334,306.4432,61.064674,84.89054,100,0,0,68,78.591194,90.34348,13.034643,17.379524,NA,89,67.6,0.12
2022-09-12,0.037,JAN,82,58,69.1,57.9,0,5.2138577,356.2504,47.168118,75.518425,96.29225,0,0,61,72.775795,81.623184,11.296691,14.772596,NA,88.8,67.3,0.13
2022-09-13,0.046,JAN,83,53,60.1,46.9,0,3.041417,14.719594,33.263847,68.90794,100,0,0,55,68.095566,81.72715,12.165668,18.2485,NA,88.6,67.1,0.13
2022-09-14,0.05,JAN,85,55,64.9,55,0,2.780724,26.57302,41.14202,74.06076,100,0,0,55.9,69.96433,84.0512,13.034643,19.986454,NA,88.4,66.8,0.12
2022-09-15,0.057,JAN,87,58,68,57.9,0,1.9986453,79.58195,40.137066,73.831696,100,0,0,57.9,72.30853,86.82959,10.427715,13.90362,NA,88.1,66.5,0.12
2022-09-16,0.051,JAN,88,62,66.9,61,0,2.9545193,93.91957,41.615177,72.25711,96.903595,0,0,62.1,74.29078,87.15255,7.820786,12.165668,NA,87.9,66.2,0.11
2022-09-17,0.046,JAN,88,62,66.9,62.1,0,3.475905,101.75542,44.660763,69.21905,100,0,0,62.1,75.504974,87.96141,7.820786,13.034643,NA,87.7,65.9,0.11
2022-09-18,0.045,JAN,92,65,72,64,0,2.085543,78.14092,46.683357,72.75882,96.903595,0,0,64.9,79.996735,94.75808,7.820786,10.427715,NA,87.4,65.5,0.12
2022-09-19,0.04,JAN,92,67,75,66.9,0,2.1724405,40.32155,43.986134,75.288895,100,0,0,68,81.02208,97.003204,11.296691,13.90362,NA,87.2,65.2,0.11
2022-09-20,0.046,JAN,93,66,73,64.9,0,1.4772596,348.47888,46.683357,76.0995,100,0,0,66,80.14225,97.76907,7.820786,12.165668,NA,86.9,64.9,0.1
2022-09-21,0.047,JAN,95,68,73.4,68,0,3.215212,359.1603,44.58768,75.47308,100,0,0,69.1,83.00793,100.201485,13.034643,26.938263,NA,86.6,64.5,0.11
2022-09-22,0.055,JAN,97,68,73,66.9,0,4.0841885,355.57672,38.625633,70.300606,100,0,0,69.8,84.83928,101.151375,13.034643,19.986454,NA,86.4,64.2,0.1
2022-09-23,0.048,JAN,86,65,66,54,0,5.9090385,29.83941,35.98859,56.102398,73.21936,0,0,66.9,74.69157,84.92025,12.165668,17.379524,NA,86.1,63.8,0.11
2022-09-24,0.056,JAN,92,60,69.1,57,0,2.2593381,121.25003,41.918427,65.84428,89.52252,0,0,61,76.69854,94.72325,7.820786,11.296691,NA,85.8,63.4,0.1
2022-09-25,0.054,JAN,93,67,69.1,63,0,2.9545193,101.42514,38.39251,66.93568,93.28895,0,0,66.9,80.65884,95.935555,11.296691,13.90362,NA,85.5,63.1,0.11
2022-09-26,0.047,JAN,85,55,68,46,0,5.300755,8.064045,28.43425,57.68581,93.37325,0,0,55.9,72.16584,82.52336,13.90362,20.85543,NA,85.3,62.7,0.12
2022-09-27,0.043,JAN,81,49,52,36,0,4.5186763,20.976624,21.265543,55.33697,89.08853,0,0,50,64.97258,79.118,13.90362,20.85543,NA,85,62.3,0.11
2022-09-28,0.045,JAN,80,54,52,37.9,0,9.12425,22.245516,27.70291,48.26999,92.92053,0,0,54,66.93805,79,19.117477,26.938263,NA,84.7,61.9,0.11
2022-09-29,0.042,JAN,75,51,48,37,0,7.386298,15.79154,32.982433,53.185112,82.75765,0,0,52,62.361744,73.9,14.772596,22.593382,NA,84.4,61.5,0.12
2022-09-30,0.043,JAN,81,51,48.9,44.1,0,5.6508713,13.149745,28.008053,57.241756,86.17496,0,NA,52,64.24878,79.18189,14.772596,22.593382,NA,84,61.1,0.12
2022-10-01,0.044,JAN,82,47,53.1,44.1,0,3.3890073,352.259,28.98515,62.80606,96.729576,0,0,46.9,63.158356,79.256905,13.034643,16.51055,NA,83.7,60.7,0.12
2022-10-02,0.042,JAN,83,45,53.1,45,0,4.431779,0.6065106,30.651394,63.17009,96.27691,0,0,46,64.624596,81.20049,14.772596,20.85543,NA,83.4,60.3,0.13
2022-10-03,0.041,JAN,82,50,55,48.9,0,4.7793694,8.42812,36.579586,61.86807,86.56035,0,0,53.1,67.24416,80.33698,13.034643,19.117477,NA,83.1,59.8,0.12
2022-10-04,0.043,JAN,83,54,57.9,52,0,1.7379525,6.822963,38.10585,70.634476,93.31721,0,0,54,66.8573,82.03395,8.689762,12.165668,NA,82.7,59.4,0.12
2022-10-05,0.046,JAN,84,53,60.1,52,0,1.3034644,356.2297,37.01001,69.69249,96.783690000000007,0,0,54,67.06217,82.03395,11.296691,14.772596,NA,82.4,59,0.13
2022-10-06,0.058,JAN,86,50,59,46,0,1.6510549,357.4736,27.483616,64.701645,100,0,0,51.1,67.460556,82.7586,8.689762,13.034643,NA,82.1,58.5,0.11
2022-10-07,0.058,JAN,88,54,59,51.1,0,4.431779,0.9865465,28.252123,61.518158,93.31721,0,0,55.9,70.65932,85.44566,13.034643,19.117477,NA,81.7,58.1,0.12
2022-10-08,0.042,JAN,80,53,55.9,46.9,0,6.8649125,17.423748,33.65623,55.824913,80.52033,0,0,55,68.40864,79,14.772596,19.117477,NA,81.4,57.7,0.11
2022-10-09,0.046,JAN,79,48,50,39,0,3.1283145,19.97696,28.72958,56.31736,82.75765,0,0,50,62.833797,79,12.165668,16.51055,NA,81,57.2,0.11
2022-10-10,0.052,JAN,83,48,53.1,44.6,0,1.390362,53.196102,30.244728,62.298023,89.17831,0,0,50,64.610275,80.00589,8.689762,12.165668,NA,80.6,56.8,0.1
2022-10-11,0.053,JAN,83,48,54,39,0,3.041417,125.163734,25.47472,58.976273,92.8002,0,0,50,65.876976,80.3555,11.296691,17.379524,NA,80.3,56.3,0.1
2022-10-12,0.031,JAN,88,59,72,55,0.03,4.6924715,197.37505,53.638535,78.05514,96.275345,0,0,63,74.645836,92.42606,13.90362,17.379524,NA,79.9,55.9,0.11
2022-10-13,0.05,JAN,82,51,66,46,0.29,3.6497002,345.54868,31.21242,67.431595,96.55186,0,0,55,69.3033,80.7329,17.379524,20.85543,NA,79.5,55.5,0.11
2022-10-14,0.046,JAN,84,48,51.1,37.9,0,2.085543,214.74432,19.41085,61.045986,96.00036,0,0,48.9,63.855743,81.25364,10.427715,14.772596,NA,79.2,55,0.11
2022-10-15,0.058,JAN,86,53,60.1,46.9,0,4.8662667,177.44022,27.743114,63.020905,90.04272,0,0,55,67.86055,84.09122,11.296691,16.51055,NA,78.8,54.6,0.11
2022-10-16,0.048,JAN,83,53,64,52,0,1.5641572,31.495892,45.34391,73.45375,92.92053,0,0,54,68.26321,81.49544,8.689762,12.165668,NA,78.4,54.1,0.12
2022-10-17,0.039,JAN,73,48,63,33.1,1e-4,7.125605,344.0119,32.16281,58.594425,90.0483,0,0,51.1,64.61819,71.1,13.034643,19.986454,NA,78,53.7,0.13
2022-10-18,0.042,JAN,58,37,34,15.1,0,10.60151,349.47806,19.731329,40.32942,61.775208,0,0,35.19956,45.612183,57,19.117477,26.069286,NA,77.6,53.3,0.13
2022-10-19,0.029,JAN,63,30,32,19.9,0,2.8676217,342.55383,19.453245,51.481064,84.98082,0,0,32,45.494423,62.1,12.165668,17.379524,NA,77.2,52.8,0.13
2022-10-20,0.047,JAN,71,32,37.9,25,0,3.3890073,180.8358,19.788645,51.760456,84.48837,0,0,29.946068,51.33344,71.1,10.427715,13.034643,NA,76.8,52.4,0.13
2022-10-21,0.053,JAN,83,48,54,39,0,7.994581,187.32115,30.512966,58.317368,82.71959,0,0,45.88414,64.0161,80.526924,14.772596,19.986454,NA,76.5,52,0.13
2022-10-22,0.056,JAN,82,54,55.9,48.9,0,8.941463,171.7387,33.57606,62.982872,92.92053,0,0,54,67.48839,79.71501,19.117477,28.676216,NA,76.1,51.5,0.13
2022-10-23,0.042,JAN,83,57,57,46.9,0,7.4731956,155.93207,30.244728,64.25033,90.04272,0,0,57,67.33487,80.7329,14.772596,19.986454,NA,75.7,51.1,0.14
2022-10-24,0.042,JAN,85,54,66,51.1,0,9.558739,159.60205,37.045395,69.31766,93.15526,0,0,54,70.404434,82.85339,17.379524,23.462358,NA,75.3,50.7,0.13
2022-10-25,0.041,JAN,75,54,70,45,0.56,9.906329,213.14375,41.41113,71.12694,96.55186,0,0,55.9,68.48599,75,19.117477,30.41417,NA,74.9,50.3,0.14
2022-10-26,0.04,JAN,71,44,46,39.9,0,5.6483455,351.1313,36.25469,62.47211,89.49497,0,0,42.600967,56.5943,71.1,13.90362,19.117477,NA,74.5,49.9,0.14
2022-10-27,0.034,JAN,74,40,48.9,39.9,0,3.5628026,46.996296,36.695335,69.07936,95.841415,0,0,39.214478,56.27575,73,7.820786,12.165668,NA,74.1,49.5,0.13
2022-10-28,0.036,JAN,76,47,61,46,0,4.171086,86.76102,49.775276,75.95872,92.8002,0,0,46.979465,62.51545,75,11.296691,15.641572,NA,73.7,49.1,0.13
2022-10-29,0.029,JAN,77,62,68,57.9,0.32,10.9491005,124.83133,62.300663,83.35959,96.29225,0,0,64,68.351425,75.9,21.724405,29.545193,NA,73.3,48.7,0.13
2022-10-30,0.027,JAN,67,57,64,57,0,4.431779,197.26978,72.720665,85.53011,100,0,0,59,62.929787,66,10.427715,13.90362,NA,72.9,48.4,0.12
2022-10-31,0.038,JAN,76,51,57.9,52,0,2.2593381,279.40433,46.572525,77.153915,96.0997,0,0,54,63.379303,75.9,7.820786,11.296691,NA,72.5,48,0.13
2022-11-01,0.038,JAN,74,48,59,48.9,0,1.6510549,45.30219,55.526184,81.83787,100,0,0,48.9,61.214146,73.9,10.427715,11.296691,NA,72.2,47.6,0.13
2022-11-02,0.045,JAN,81,52,59,53.1,1e-4,2.085543,31.94801,39.226837,72.65508,100,0,0,53.6,65.810326,79.9351,7.820786,11.296691,NA,71.8,47.3,0.14
2022-11-03,0.043,JAN,83,50,59,50,0,2.780724,135.35818,38.38483,70.51295,96.729576,0,0,51.8,65.726875,82.03395,12.165668,14.772596,NA,71.4,46.9,0.14
2022-11-04,0.037,JAN,80,58,66.9,55,0,10.340817,144.75978,66.493004,79.36852,96.878845,0,0,57.9,70.2685,79,20.85543,28.676216,NA,71,46.6,0.15
2022-11-05,0.039,JAN,71,56,66.9,52,1.98,5.0400624,180.44067,67.29422,85.96536,100,0,0,57,62.087543,71.1,20.85543,32.152122,NA,70.7,46.3,0.14
2022-11-06,0.026,JAN,87,62,73.4,60.8,1.79,3.8234954,188.63293,57.163784,85.66721,100,0,0,62.1,73.18453,90.11007,13.90362,19.986454,NA,70.3,45.9,0.14
2022-11-07,0.032,JAN,86,61,70,60.1,0,3.3021097,24.351597,52.994083,81.1381,100,0,0,61,74.41321,88.76938,8.689762,12.165668,NA,69.9,45.6,0.15
2022-11-08,0.031,JAN,87,63,68,62.1,0,3.215212,39.292465,46.25494,78.061104,100,0,0,63,74.021,88.85965,8.689762,11.296691,NA,69.6,45.3,0.14
2022-11-09,0.045,JAN,80,53,64,34,0,4.431779,96.53587,19.572815,55.075695,90.642,0,0,53.1,68.11087,79,12.165668,16.51055,NA,69.2,45,0.14
2022-11-10,0.04,JAN,76,48,57,45,0,2.8676217,24.750134,49.775276,71.98602,93.03501,0,0,48,61.77554,75,10.427715,15.641572,NA,68.9,44.7,0.15
2022-11-11,0.044,JAN,76,52,60.1,52,0.1,2.8676217,303.50296,45.06241,75.73346,96.7575,0,0,53.1,64.25505,75.9,12.165668,18.2485,NA,68.5,44.5,0.14
2022-11-12,0.028,JAN,62,36,60.1,30.9,0.06,8.77666,338.858,70.30391,81.27668,96.85247,0,0,30.850098,40.0669,62.1,18.2485,26.069286,NA,68.2,44.2,0.14
2022-11-13,0.026,JAN,47,31,30.9,27,0,7.0387077,5.074661,49.18003,70.93337,81.55437,0,0,23.513834,32.206253,42.391476,13.90362,18.2485,NA,67.8,43.9,0.15
2022-11-14,0.027,JAN,60,32,46.9,28,0.43,4.171086,93.67458,31.625553,69.974655,93.44901,0,0,28.770514,44.19013,59,11.296691,13.90362,NA,67.5,43.7,0.15
2022-11-15,0.03,JAN,49,40,46.9,35.1,0.43,7.212503,336.69275,73.36703,85.21481,96.65673,0,0,36.367393,41.952106,48.00833,14.772596,19.986454,NA,67.2,43.4,0.14
2022-11-16,0.033,JAN,54,33,36,27,0,5.995936,348.05902,37.718822,69.64411,88.3293,0,0,32.23243,39.896408,54,14.772596,19.117477,NA,66.9,43.2,0.15
2022-11-17,0.036,JAN,50,28,30,17.1,0,3.9972906,355.57056,27.863396,61.55121,88.22899,0,0,24.115845,35.765766,45.88414,13.034643,19.117477,NA,66.5,43,0.15
2022-11-18,0.039,JAN,58,26,33.1,24.1,0,1.7379525,18.382603,30.104786,64.89239,89.086205,0,0,27,40.083023,57,8.689762,11.296691,NA,66.2,42.7,0.14
2022-11-19,0.028,JAN,47,33,34,28,0,3.3890073,10.91932,55.35541,69.29154,85.23134,0,0,29.755665,38.302124,46,10.427715,12.165668,NA,65.9,42.5,0.15
2022-11-20,0.036,JAN,53,31,30.9,19,0,4.431779,13.79842,26.949013,60.427525,88.17328,0,0,27.420155,37.954266,52,11.296691,16.51055,NA,65.6,42.3,0.15
2022-11-21,0.032,JAN,55,29,36,21,0,3.041417,19.894276,29.671701,54.503857000000004,78.48001,1e-4,0,27.431068,42.768803,54,7.820786,12.165668,NA,65.3,42.1,0.15
2022-11-22,0.032,JAN,66,44,42.1,30.9,1e-4,1.9986453,19.64365,28.026197,54.85072,83.28233,0,0,43.549923,51.825714,66,6.95181,10.427715,NA,65,41.9,0.14
2022-11-23,0.044,JAN,73,36,46,35.1,0,2.6069288,66.85814,27.647263,59.722305,92.45325,0,0,39,56.167873,73,8.689762,12.165668,NA,64.8,41.7,0.14
2022-11-24,0.033,JAN,72,55,63,45,0.27,5.9090385,107.06443,59.669914,74.714424,96.878845,0,0,55.9,63.6423,71.1,13.90362,19.117477,NA,64.5,41.6,0.15
2022-11-25,0.022,JAN,64,55,62.1,54,0.02,5.7352433,20.075583,83.7815,91.496864,96.878845,0,0,55.9,61.61812,64,13.034643,18.2485,NA,64.2,41.4,0.15
2022-11-26,0.03,JAN,68,55,64.4,53.1,0.53,8.863558,144.0512,75.201256,91.175186,100,0,0,55,60.348015,68,17.379524,25.200312,NA,63.9,41.2,0.15
2022-11-27,0.04,JAN,70,46,50,43,0,7.646991,236.82892,37.63877,66.07685,93.031395,0,0,44.693104,56.733128,70,17.379524,27.80724,NA,63.7,41.1,0.16
2022-11-28,0.022,JAN,70,39,50,39,0,1.4772596,156.04475,40.626667,76.410164,100,0,0,41,53.55735,70,6.95181,8.689762,NA,63.4,40.9,0.15
2022-11-29,0.024,JAN,77,49,71.6,48.9,0.07,10.688408,173.86732,75.92354,85.78405,94.10022,0,0,52,66.23192,75.9,19.986454,27.80724,NA,63.1,40.8,0.17
2022-11-30,0.033,JAN,74,38,71.1,28,0.18,10.514612,347.84094,35.213,63.78579,93.77152,0,0,34.40855,51.292103,73.9,19.986454,29.545193,NA,62.9,40.6,0.16
2022-12-01,0.031,JAN,60,33,33.1,21,0,4.7793694,47.852276,25.403833,53.66205,78.367676,0,0,27.701664,41.13996,59,12.165668,18.2485,NA,62.6,40.5,0.15
2022-12-02,0.033,JAN,75,34,64.9,30.9,1e-4,7.0387077,161.40945,49.794525,73.60073,88.3293,0,0,30.974932,56.77974,73.9,15.641572,20.85543,NA,62.4,40.3,0.16
2022-12-03,0.027,JAN,80,54,69.8,46.9,0.04,7.0387077,300.0887,56.225796,81.854095,96.29225,0,0,54,67.6917,79,17.379524,24.331335,NA,62.1,40.2,0.15
2022-12-04,0.019,JAN,65,52,53.1,46.9,0,3.9972906,4.2903256,60.90284,77.4038,92.86074,0,0,52,57.226162,64.9,10.427715,12.165668,NA,61.9,40.1,0.16
2022-12-05,0.019,JAN,71,57,66.2,53.1,0.01,7.4731956,179.95103,78.27739,87.263824,100,0,0,57,65.922714,71.1,12.165668,16.51055,NA,61.7,39.9,0.16
2022-12-06,0.024,JAN,81,68,66.9,61,0,8.515967,186.12254,52.16248,77.98667,89.89542,0,0,69.1,72.60095,81.313675,15.641572,24.331335,NA,61.4,39.8,0.15
2022-12-07,0.029,JAN,82,66,66.9,63,0,6.8649125,193.45912,52.61694,81.17038,93.319046,0,0,66,71.92145,83.16891,13.034643,17.379524,NA,61.2,39.7,0.16
2022-12-08,0.026,JAN,82,61,66,60.1,0,5.7352433,193.22998,50.52065,81.00413,96.903595,0,0,62.1,69.56788,81.81456,12.165668,16.51055,NA,61,39.6,0.16
2022-12-09,0.023,JAN,75,59,64,59,0,3.475905,224.50383,66.2685,86.97997,100,0,0,60.1,66.377495,75,10.427715,13.034643,NA,60.8,39.4,0.16
2022-12-10,0.021,JAN,74,58,64,57,0,3.6497002,172.72665,70.870895,89.80129,100,0,0,57.9,64.74906,73,12.165668,14.772596,NA,60.6,39.3,0.17
2022-12-11,0.023,JAN,70,60,63,59,0.12,3.475905,302.92975,75.398506,90.25481,100,0,0,60.1,64.34711,69.8,11.296691,15.641572,NA,60.4,39.2,0.16
2022-12-12,0.01,JAN,65,59,59,57,0,5.0400624,24.918856,78.0474,89.12538,96.15043,0,0,59,61.143475,64.9,10.427715,12.165668,NA,60.2,39.1,0.16
2022-12-13,0.024,JAN,71,60,66,57,1e-4,11.296691,136.54625,75.398506,85.587296,96.15043,0,0,60.1,65.58718,70,19.986454,26.938263,NA,60,39,0.16
2022-12-14,0.03,JAN,71,44,68,44.1,3.57,7.125605,180.96767,86.17496,91.81553,96.65673,0,0,43.549923,60.832127,71.1,19.986454,28.676216,NA,59.8,38.9,0.17
2022-12-15,0.029,JAN,58,39,44.1,30.9,0,4.77561,247.71085,35.688057,66.21599,93.031395,0,0,38.9772,45.853317,57.9,13.034643,17.379524,NA,59.6,38.8,0.15
2022-12-16,0.037,JAN,60,34,37,25,1e-4,3.1283145,307.58542,28.007992,57.86169,92.75558,0,0,34,46.957905,57.9,13.90362,20.85543,NA,59.4,38.6,0.17
2022-12-17,0.034,JAN,54,31,37.9,21.9,0,3.9972906,285.5567,30.666048,55.543804,82.1482,0,0,30.9,42.61218,53.1,14.772596,21.724405,NA,59.2,38.5,0.16
2022-12-18,0.038,JAN,52,27,28,16,0,3.7365978,25.330719,26.56694,59.224136,82.1482,0,0,27.431068,36.73973,51.1,14.772596,19.117477,NA,59,38.4,0.17
2022-12-19,0.027,JAN,44,32,39,23,0.77,4.605574,97.90009,46.373188,70.87525,96.55275,0,0,33.31152,36.106396,40.765377,10.427715,13.90362,NA,58.9,38.3,0.18
2022-12-20,0.027,JAN,47,40,44.6,37.9,0.32,7.0387077,26.69504,86.162994,91.1014,96.55275,0,0,35.04483,39.694458,44.090683,13.034643,18.2485,NA,58.7,38.2,0.17
2022-12-21,0.021,JAN,49,45,46.9,42.1,0,4.8662667,121.94275,86.162994,89.84442,95.94665,0,0,40.12685,44.481907,48.00833,10.427715,13.034643,NA,58.6,38.1,0.18
2022-12-22,0.033,JAN,59,23,52,12,0.04,8.863558,252.48576,62.225334,83.54357,96.27691,0,0,10.038284,42.91,59,26.069286,45.186764,NA,58.4,38,0.18
2022-12-23,0.034,JAN,24,12,9,-2,0,10.302439,323.53992,41.22305,51.214892999999996,67.33009,0,NA,-2.901072,6.246084,14.856076,20,34.75905,NA,58.3,37.9,0.18
2022-12-24,0.035,JAN,33,16,12.9,1.9,0,5.70453,313.33954,31.34999,46.95387,64.748634,0,0,6.1057534,16.676125,26.1,13,21.724405,NA,58.1,37.8,0.17
2022-12-25,0.037,JAN,42,19,17.1,3,0,1.9839721,314.11136,20.038795,51.11493,77.48496,0,NA,16.91036,26.666254,36.369637,11,15.641572,NA,58,37.7,0.18
2022-12-26,0.034,JAN,50,21,23,12.9,0,2.4299653,189.95349,22.265335,53.134914,77.803856,0,0,17.142439,33.115486,50,11,16,NA,57.9,37.6,0.17
2022-12-27,0.03,JAN,56,23,27,19.9,0,0.8069686,10.702362,29.958912,61.256233,84.52733,0,0,25,37.635475,55,5,9.558739,NA,57.7,37.5,0.18
2022-12-28,0.041,JAN,71,31,55,26.1,0.01,9.209756,162.86314,45.501644,69.06986,86.56035,0,0,27.431068,52.398613,70,20,29.545193,NA,57.6,37.4,0.16
2022-12-29,0.035,JAN,73,58,63,54,0.04,10.363067,154.41095,55.001213,80.577835,93.879135,0,0,57.9,63.422005,73,19,26.069286,NA,57.5,37.3,0.17
2022-12-30,0.035,JAN,67,54,63,52,1.2,5.661324,132.27885,82.73796,90.43765,100,0,0,54,60.581116,66.2,22,36.497,NA,57.4,37.2,0.16
2022-12-31,0.029,JAN,68,54,59,53.6,1e-4,2.887108,164.68927,75.73877,90.84601,100,0,0,55,59.38822,66.9,8,10.427715,NA,57.3,37.2,0.17
2023-01-01,0.034,JAN,77,49,66,48,0,7.0387077,178.56738000000001,46.436325,81.301414,100,0,0,47.155212,63.988354,77,14.772596,19.117477,NA,57.2,37.1,0.17
2023-01-02,0.024,JAN,78,69,69.8,66,0.12,10.167022,168.13892,71.032486,84.950165,94.05696,0,0,69.1,72.525604,77,19.986454,27.80724,NA,57.2,37,0.17
2023-01-03,0.029,JAN,78,66,69.1,61,0.2,9.819431,191.09167,63.89742,81.64632,96.29225,0,0,66,71.71324,78.1,21.724405,32.152122,NA,57.1,36.9,0.17
2023-01-04,0.04,JAN,71,45,62.1,33.1,0,3.2174215,264.17914,24.586506,64.00653,96.7575,0,0,46.9,59.31812,71.1,15.641572,20.85543,NA,57,36.8,0.17
2023-01-05,0.041,JAN,64,39,41,28,0,3.6497002,261.48422,26.449018,59.331776,85.536026,0,0,39.9,49.677704,63,13.90362,19.117477,NA,57,36.8,0.18
2023-01-06,0.038,JAN,66,33,37.9,25,0,2.5200312,156.00652,24.50736,56.170322,85.63592,0,0,35.1,49.544006,66,11.296691,13.90362,NA,56.9,36.7,0.17
2023-01-07,0.043,JAN,76,41,57,37.9,0,7.125605,178.26697,51.933315,67.92699,82.04454,0,0,40.265457,59.43923,75.9,15.641572,21.724405,NA,56.9,36.6,0.17
2023-01-08,0.028,JAN,64,42,61,41,1.33,5.995936,270.43765,77.60761,91.128105,96.628975,0,0,42.52106,57.206028,63,13.90362,17.379524,NA,56.9,36.6,0.18
2023-01-09,0.033,JAN,57,36,42.1,35.1,0,2.085543,56.844963,47.039375,79.3713,96.522156,0,0,36,44.45642,57,7.820786,11.296691,NA,56.9,36.5,0.17
2023-01-10,0.031,JAN,66,36,57,34,0,5.300755,178.73595,64.25731,81.058655,92.75558,0,0,33.25893,52.09816,66,12.165668,14.772596,NA,56.9,36.5,0.17
2023-01-11,0.031,JAN,78,61,63,59,0,9.993227,199.34741,51.876583,77.65853,93.83344,0,0,62.1,68.09199,78.1,19.117477,26.069286,NA,56.9,36.4,0.17
2023-01-12,0.037,JAN,72,45,64,35.1,1e-4,14.25121,275.56302,36.35882,64.06386,90.400345,0,0,37.91919,61.410095,72,22.593382,35.628025,NA,56.9,36.4,0.17
2023-01-13,0.036,JAN,48,33,34,25,0,11.209793,334.8864,49.32158,61.19565,72.51574,0,0,28.770514,35.055042,40.657158,19.986454,26.938263,NA,56.9,36.4,0.17
2023-01-14,0.034,JAN,53,27,30,24.1,0,2.4331334,348.95517,33.439117,67.23749,85.20553,0,0,25.084644,36.759235,53.1,10.427715,13.90362,NA,57,36.3,0.17
2023-01-15,0.037,JAN,62,28,42.1,23,0,6.430424,158.5044,22.180922,57.0875,88.43512,0,0,28,44.806465,62.1,13.90362,18.2485,NA,57,36.3,0.18
2023-01-16,0.036,JAN,68,50,60.8,43,0.17,10.9491005,164.73378,58.88389,74.53571,100,0,0,51.1,60.568085,68,19.986454,26.938263,NA,57,36.3,0.18
2023-01-17,0.035,JAN,77,58,66,57,0.3,5.387653,199.41345,55.279625,83.20183,96.85247,0,0,60.1,66.28662,75.9,13.034643,18.2485,NA,57.1,36.3,0.16
2023-01-18,0.038,JAN,79,58,66.2,57,1.13,11.644281,175.4293,55.80219,81.24651,100,0,0,59,68.70418,77,26.069286,32.152122,NA,57.2,36.3,0.17
2023-01-19,0.039,JAN,69,45,60.1,30,0,7.125605,252.44017,24.118868,57.246002,93.008835,0,0,46.9,59.169487,68,17.379524,27.80724,NA,57.3,36.3,0.17
2023-01-20,0.033,JAN,57,40,44.1,30.9,1e-4,4.6924715,1.0819404,40.4286,59.19538,86.27629,0,0,37.083782,49.06429,57.9,12.165668,19.117477,NA,57.3,36.4,0.17
2023-01-21,0.028,JAN,54,46,48,35.1,0.85,5.387653,88.66938,52.453903,74.90524,93.44901,0,0,42.467316,46.788708,54,12.165668,14.772596,NA,57.4,36.4,0.18
2023-01-22,0.032,JAN,54,43,48.2,36,0.01,5.387653,292.0895,65.629745,80.634094,96.685585,0,0,41.29593,47.664867,54,15.641572,23.462358,NA,57.5,36.4,0.17
2023-01-23,0.03,JAN,54,38,39,34,0,5.0400624,354.7548,52.453903,72.36038,89.26615,0,0,37.083782,43.902912,54,11.296691,15.641572,NA,57.7,36.5,0.18
2023-01-24,0.03,JAN,55,37,53.1,33.1,1.38,8.689762,105.419334,54.131100000000004,76.55547,95.98142,0,0,35.04483,44.59425,55.4,20.85543,31.283144,NA,57.8,36.5,0.18
2023-01-25,0.034,JAN,59,43,55.9,34,1e-4,9.906329,269.54956,60.61191,72.02638,93.64554,0,0,38.54716,42.735565,59,21.724405,37.36598,NA,57.9,36.6,0.18
2023-01-26,0.038,JAN,53,32,34,25,0,5.12696,293.167,34.718594,62.91151,84.35791,0,0,32.23243,39.998295,53.1,13.90362,19.986454,NA,58,36.7,0.17
2023-01-27,0.041,JAN,58,29,34,25,0,5.0400624,185.70221,31.430666,62.304596,85.26191,0,0,22.713701,39.609882,57,12.165668,15.641572,NA,58.2,36.7,0.18
2023-01-28,0.043,JAN,69,33,46.9,28.9,0,9.471841,157.51212,35.760437,62.454105,85.23134,0,0,29.654753,50.863274,68,19.117477,30.41417,NA,58.3,36.8,0.19
2023-01-29,0.03,JAN,65,55,61,46.9,1.2,6.256629,162.39137,71.694244,87.51608,96.85247,0,0,55,60.477192,64.9,15.641572,23.462358,NA,58.5,36.9,0.18
2023-01-30,0.024,JAN,61,50,57.9,48.9,0.03,4.6924715,23.83444,86.66759,92.71469,96.81093,0,0,50,57.30739,61,8.689762,11.296691,NA,58.7,37,0.19
2023-01-31,0.02,JAN,50,36,48.9,34,0.25,6.6911173,343.45447,85.05635,91.481895,96.685585,0,0,29.922384,38.043324,50,13.034643,16.51055,NA,58.8,37.2,0.19
2023-02-01,0.017,JAN,41,35,39.9,33.1,0.24,5.995936,356.61438,86.69441,92.58356,96.55275,0,0,27.521303,33.125053,37.929947,11.296691,15.641572,NA,59,37.3,0.19
2023-02-02,0.021,JAN,44,40,42.8,37.4,1.57,7.646991,5.7888193,86.992,92.60938,96.59939,0,0,32.982273,36.387722,41.549988,13.90362,19.117477,NA,59.2,37.4,0.18
2023-02-03,0.037,JAN,54,33,37.9,27,1e-4,7.993728,355.91245,36.223064,71.19638,92.48255,0,0,26.576792,37.438984,53.1,13.90362,19.117477,NA,59.4,37.5,0.18
2023-02-04,0.037,JAN,62,30,37,23,0,3.910393,137.5788,29.307129,59.703396,84.98082,0,0,30,42.746284,61,12.165668,15.641572,NA,59.6,37.7,0.18
2023-02-05,0.047,JAN,68,35,46,32,0,3.041417,230.26024,40.445694,70.652824,92.35433,0,0,33.40219,49.52998,66.9,10.427715,13.90362,NA,59.8,37.9,0.18
2023-02-06,0.044,JAN,72,38,48,36,0,4.605574,154.36928,39.132706,68.269,92.783875,0,0,37.9,54.374912,71.1,13.034643,17.379524,NA,60,38,0.18
2023-02-07,0.032,JAN,71,48,61,42.1,0,5.12696,148.0999,67.49865,83.21271,93.78725,0,0,44.93096,59.641968,71.1,11.296691,13.034643,NA,60.2,38.2,0.18
2023-02-08,0.032,JAN,81,63,66.9,61,1.29,10.167022,163.39467,59.831806,84.57161,96.878845,0,0,63,68.871796,81.9118,22.593382,36.497,NA,60.4,38.4,0.19
2023-02-09,0.045,JAN,67,44,63,37.9,0.11,6.6042194,287.41473,36.82285,62.591034,93.56222,0,0,43.549923,56.081173,66,19.986454,26.938263,NA,60.6,38.5,0.19
2023-02-10,0.042,JAN,64,39,42.1,37.9,0,5.4745502,20.753588,42.41239,65.15841,96.55275,0,0,36.645416,51.617035,63,13.90362,21.724405,NA,60.9,38.7,0.19
2023-02-11,0.033,JAN,50,43,41,36,1.14,10.427715,352.36224,65.629745,79.6778,88.76556,0,0,35.747154,38.724888,43.822323,15.641572,23.462358,NA,61.1,38.9,0.18
2023-02-12,0.043,JAN,61,36,37.9,19.9,0,4.9531646,314.04044,20.225319,53.927254,82.04454,0,0,33.40219,44.61119,61,13.90362,18.2485,NA,61.3,39.1,0.19
2023-02-13,0.055,JAN,71,33,39.9,28,0,2.8676217,229.1919,28.511564,58.035305,81.45678,0,0,32.23243,51.17944,70,13.034643,17.379524,NA,61.6,39.3,0.18
2023-02-14,0.049,JAN,74,47,63,41,0.01,12.252565,174.27771,51.36774,74.96904,92.89372,0,0,45.378853,61.37995,73.9,26.938263,37.36598,NA,61.8,39.6,0.18
2023-02-15,0.035,JAN,76,64,66.2,62.1,1e-4,9.12425,161.75711,68.63514,84.72269,96.903595,0,0,64,69.77917,75,15.641572,22.593382,NA,62,39.8,0.18
2023-02-16,0.036,JAN,74,47,69.1,42.1,0.73,8.950456,185.74173,76.98145,85.07365,93.879135,0,0,42.941006,65.768745,73.4,20.85543,28.676216,NA,62.3,40,0.18
2023-02-17,0.038,JAN,49,36,39,25,0,11.296691,337.66388,47.535812,63.862675,76.40133,0,0,26.935297,34.067905,40.158573,20.85543,27.80724,NA,62.5,40.2,0.18
2023-02-18,0.042,JAN,60,30,36,21,0,3.9972906,54.368755,25.446772,49.996338,68.91293,0,0,27.431068,42.212444,59,13.034643,18.2485,NA,62.8,40.4,0.17
2023-02-19,0.045,JAN,67,38,48.9,32,0,5.12696,188.601,36.370975,58.23814,79.08094,0,0,37.9,53.04912,66,11.296691,15.641572,NA,63,40.7,0.18
2023-02-20,0.035,JAN,77,53,64,48.9,0,11.035998,213.60164,55.80219,75.19313,93.693306,0,0,54,66.71756,75.9,20.85543,30.41417,NA,63.3,40.9,0.18
2023-02-21,0.028,JAN,81,68,66,60.1,0,9.471841,201.73291,54.357697,73.566574,87.03324,0,0,68,72.54738,82.2832,15.641572,27.80724,NA,63.5,41.1,0.17
2023-02-22,0.038,JAN,83,66,66,61,0,15.293982,178.15593,52.928852,69.48554,84.55897,0,0,66.9,74.66759,84.316,27.80724,38.234955,NA,63.8,41.4,0.18
2023-02-23,0.037,JAN,87,66,69.8,60.1,0,5.9090385,174.50781,41.744034,71.752426,90.594666,0,0,66,75.92046,86.88242,14.772596,20.85543,NA,64,41.6,0.18
2023-02-24,0.035,JAN,78,61,64.9,53.1,0,6.256629,16.024813,50.06913,67.280334,88.259766,0,0,61,68.57854,77,12.165668,16.51055,NA,64.3,41.8,0.19
2023-02-25,0.029,JAN,83,56,64.9,54,0,4.344881,278.5869,52.661106,74.90933,96.783690000000007,0,0,55.9,68.118835,82.0646,13.90362,19.117477,NA,64.5,42.1,0.18
2023-02-26,0.029,JAN,81,55,63,53.1,1e-4,4.9531646,173.47383,50.52065,75.20468,96.81093,0,0,55,67.7134,80.942215,17.379524,21.724405,NA,64.8,42.3,0.19
2023-02-27,0.035,JAN,82,63,64.4,51.1,1e-4,10.862203,209.29703,46.436325,66.32712,88.17534,0,0,64,73.53934,82.54184,22.593382,32.152122,NA,65.1,42.6,0.19
2023-02-28,0.053,JAN,82,53,63,44.1,1e-4,4.0841885,192.03137,28.008053,60.38268,96.41831,0,0,55,68.24739,80.3555,11.296691,15.641572,NA,65.3,42.8,0.18
2023-03-01,0.031,JAN,86,67,69.1,61,0,9.558739,187.00659,49.320526,71.82059,89.85901,0,0,68,75.77047,86.23124,18.2485,24.331335,NA,65.6,43,0.19
2023-03-02,0.029,JAN,77,69,68,62.1,1e-4,7.994581,155.74707,69.330864,78.4353,83.93082,0,0,69.1,72.43227,77,14.772596,22.593382,NA,65.8,43.3,0.18
2023-03-03,0.044,JAN,75,55,66.9,46.9,0.14,13.034643,224.17575,45.33087,63.061417,81.19648,0,0,55,68.67491,75,30.41417,50.400623,NA,66.1,43.5,0.18
2023-03-04,0.043,JAN,73,47,48.9,41,0,2.6069288,338.23007,32.556263,66.51909,93.05812,0,0,46.9,58.759163,72,11.296691,17.379524,NA,66.4,43.8,0.19
2023-03-05,0.049,JAN,79,45,48,43,0,3.3890073,131.76892,29.91122,61.08739,93.05812,0,0,45,61.821278,78.1,10.427715,17.379524,NA,66.6,44,0.19
2023-03-06,0.031,JAN,83,50,66.9,46,0,3.6497002,194.3533,52.61694,78.0897,96.81093,0,0,50,65.85185,83.76307,13.90362,17.379524,NA,66.9,44.2,0.19
2023-03-07,0.046,JAN,84,63,66.9,57.9,0,3.215212,354.69016,44.34459,72.945274,96.878845,0,0,63,72.44816,84.0512,8.689762,13.034643,NA,67.1,44.5,0.19
2023-03-08,0.034,JAN,84,59,63,50,0.08,4.7793694,78.89276,49.794525,64.62659,86.66759,0,0,60.1,68.06223,83.97844,14.772596,19.117477,NA,67.4,44.7,0.18
2023-03-09,0.035,JAN,83,58,64,54,0,2.6069288,236.03413,50.650837,74.58494,87.828606,0,0,57.9,68.15866,82.2832,12.165668,14.772596,NA,67.7,44.9,0.17
2023-03-10,0.031,JAN,69,50,63,45,0.13,5.561448,342.62717,53.721645,76.104195,93.879135,0,0,51.1,60.193657,68,14.772596,19.986454,NA,67.9,45.1,0.17
2023-03-11,0.031,JAN,77,47,64,44.1,0,6.3435264,165.76053,57.771458,74.19643,89.28615,0,0,48,63.269825,77,15.641572,24.331335,NA,68.2,45.4,0.18
2023-03-12,0.03,JAN,69,49,64,44.1,1.56,8.863558,351.2945,72.8096,87.914345,100,0,0,51.1,59.37143,69.1,18.2485,25.200312,NA,68.4,45.6,0.17
2023-03-13,0.044,JAN,60,43,42.1,28.9,0,10.167022,356.80203,36.983395,60.393288,79.90661,0,0,37.070007,47.244198,59,18.2485,25.200312,NA,68.7,45.8,0.17
2023-03-14,0.045,JAN,58,39,32,26.1,0,7.2994003,18.599977,35.213,54.381332,64.62735,0,0,33.336967,41.247414,55,15.641572,21.724405,NA,68.9,46,0.17
2023-03-15,0.053,JAN,65,35,37,27,0,3.475905,88.7387,25.382587,54.89159,75.74727,0,0,32.333344,46.960667,64,12.165668,15.641572,NA,69.2,46.2,0.18
2023-03-16,0.049,JAN,76,40,55.9,34,1e-4,10.775306,169.3018,44.28716,61.8071,82.124245,0,0,35.749367,58.671677,75,19.986454,28.676216,NA,69.4,46.5,0.18
2023-03-17,0.042,JAN,66,42,61,32,0.66,9.558739,296.78586,56.38635,79.09252,93.83344,0,0,37.663204,51.246895,66,20.85543,30.41417,NA,69.7,46.7,0.18
2023-03-18,0.049,JAN,54,40,32,24.1,0,9.037353,349.03455,33.341812,49.473457,67.165634,0,0,35.749367,44.509003,54,18.2485,24.331335,NA,69.9,46.9,0.18
2023-03-19,0.048,JAN,45,30,26.1,16,0,9.211148,340.3537,34.72412,48.296825,72.18179,0,0,25.530327,32.055775,38.14157,19.117477,25.200312,NA,70.2,47.1,0.18
2023-03-20,0.048,JAN,58,25,28.9,12.9,0,3.1283145,92.520706,17.928122,51.259686,85.07912,0,0,24.115845,39.5848,57,10.427715,13.034643,NA,70.4,47.3,0.18
2023-03-21,0.051,JAN,71,37,48,24.1,0,9.211148,158.55504,32.882504,49.31282,64.486465,0,0,34.40855,53.19088,70,15.641572,25.200312,NA,70.7,47.5,0.19
2023-03-22,0.046,JAN,83,53,60.1,48,0,8.602865,177.93481,42.492073,65.39185,86.66236,0,0,53.1,67.61211,81.748505,13.90362,21.724405,NA,70.9,47.7,0.18
2023-03-23,0.04,JAN,86,58,66,55.9,0,9.037353,179.59937,47.781155,72.88476,93.03501,0,0,57.9,71.01584,84.6735,18.2485,25.200312,NA,71.2,47.9,0.21
2023-03-24,0.036,JAN,85,69,70,62.1,0.1,12.947746,174.78229,52.61694,72.41458,90.32327,0,0,70,75.51829,83.16891,25.200312,33.89007,NA,71.4,48.1,0.19
2023-03-25,0.054,JAN,85,58,69.1,41,0.24,5.2138577,234.05568,21.903952,60.130848,96.13254,0,0,59,71.20003,81.550354,19.986454,26.938263,NA,71.7,48.3,0.2
2023-03-26,0.047,JAN,85,59,68,51.1,2.13,4.171086,168.95442,33.189865,74.55349,93.879135,0,0,60.1,70.617256,84.2136,35.628025,46.05574,NA,71.9,48.5,0.18
2023-03-27,0.049,JAN,80,59,64,54,1e-4,5.7352433,357.43198,42.031292,73.185265,93.26418,0,0,61,68.714775,79,12.165668,19.117477,NA,72.1,48.7,0.17
2023-03-28,0.053,JAN,74,53,55,37.9,0,9.037353,350.5255,35.458324,58.376778,86.56035,0,0,53.1,62.533173,73,19.117477,26.069286,NA,72.4,49,0.19
2023-03-29,0.053,JAN,68,47,43,33.1,0,4.5993032,40.928562,28.39426,51.422157,79.81897,0,0,44.93096,54.98992,66.9,11.296691,15.641572,NA,72.6,49.2,0.18
2023-03-30,0.057,JAN,79,43,48.9,37.9,0,6.6042194,143.34415,27.89233,52.85512,88.71353,0,0,40.265457,62.335953,78.1,14.772596,19.986454,NA,72.8,49.4,0.19
2023-03-31,0.041,JAN,82,63,68,52,0.01,12.513258,175.39471,58.43191,73.9147,84.55897,0,0,63,72.771996,84.14535,21.724405,30.41417,NA,73.1,49.6,0.2
2023-04-01,0.052,JAN,83,52,68,34,0.29,6.6911173,254.68706,18.879011,56.594833,89.569176,0,0,53.1,70.2982,80.48941,18.2485,26.069286,NA,73.3,49.8,0.21
2023-04-02,0.047,JAN,75,47,53.1,41,1e-4,5.7352433,130.39159,36.977394,58.34343,83.28233,0,0,46.9,61.843136,73.9,13.90362,18.2485,NA,73.5,50,0.21
2023-04-03,0.027,JAN,86,62,71.1,53.1,0.78,6.169731,189.24026,51.36681,76.351036,96.903595,0,0,63,74.76366,89.40432,15.641572,23.462358,NA,73.7,50.2,0.2
2023-04-04,0.036,JAN,87,71,70,62.1,0,12.947746,164.7791,47.781155,70.46005,93.40279,0,0,71.1,79.37644,88.282074,20.85543,31.283144,NA,74,50.4,0.21
2023-04-05,0.043,JAN,89,65,69.8,61,0.62,11.126221,172.15587,47.906834,74.040146,93.56222,0,0,64.9,76.34285,92.16165,24.331335,34.75905,NA,74.2,50.7,0.2
2023-04-06,0.03,JAN,75,58,66,55.4,0.28,6.8649125,5.209955,70.870895,86.289635,93.924324,0,0,57.2,66.890305,73.9,15.641572,24.331335,NA,74.4,50.9,0.21
2023-04-07,0.023,JAN,62,55,59,53.1,0.76,7.386298,15.125502,87.7396,91.96846,96.0997,0,0,55,58.248154,61,14.772596,20.85543,NA,74.6,51.1,0.2
2023-04-08,0.025,JAN,61,54,57,52,1.37,6.6911173,13.459478,85.99398,90.52549,96.7575,0,0,54,57.604730000000004,60.1,10.427715,15.641572,NA,74.8,51.3,0.22
2023-04-09,0.035,JAN,67,51,55.4,48.2,1e-4,5.4745502,61.222645,58.46695,80.598404,93.693306,0,0,52,57.25735,66,13.034643,17.379524,NA,75.1,51.6,0.21
2023-04-10,0.047,JAN,74,49,54,46.9,0,4.344881,69.74846,39.87258,66.456,92.8002,0,0,50,61.722927,73.9,13.034643,19.117477,NA,75.3,51.8,0.22
2023-04-11,0.05,JAN,77,52,53.1,46,0,5.0400624,66.60617,37.29259,60.405968,80.07423,0,0,53.1,63.972404,75.9,14.772596,20.85543,NA,75.5,52.1,0.21
2023-04-12,0.047,JAN,74,52,57,48,0,3.9972906,88.945305,41.098576,66.70275,89.12907,0,0,52,64.069756,73,11.296691,17.379524,NA,75.7,52.3,0.21
2023-04-13,0.041,JAN,62,57,57,54,2.65,7.212503,253.13979,83.35917,90.16221,93.693306,0,0,57,58.24844,62.1,15.641572,23.462358,NA,75.9,52.5,0.21
2023-04-14,0.052,JAN,79,57,57,52,0,5.8221407,214.36246,44.904552,67.88883,86.81767,0,0,57.9,66.66314,78.1,13.034643,17.379524,NA,76.2,52.8,0.22
2023-04-15,0.033,JAN,73,58,66,55.9,0.12,6.5173216,169.85645,66.03794,86.10905,93.924324,0,0,59,65.11359,73,19.986454,28.676216,NA,76.4,53,0.21
2023-04-16,0.049,JAN,70,55,63,37,0.02,8.081479,305.5156,30.880556,58.58073,93.56222,0,0,55,62.299583,70,17.379524,26.069286,NA,76.6,53.3,0.2
2023-04-17,0.055,JAN,76,45,43,28,0,3.5628026,325.04593,19.38873,45.054253,79.81897,0,0,46.9,61.217575,75,13.034643,19.117477,NA,76.8,53.6,0.2
2023-04-18,0.057,JAN,81,43,46.9,37.9,0,3.8234954,183.22006,23.001402,52.73518,86.21415,0,0,44.1,62.871346,79,13.034643,17.379524,NA,77,53.8,0.2
2023-04-19,0.054,JAN,84,51,54,37.9,0,6.082834,164.24619,21.619581,52.20238,89.12907,0,0,52,67.45213,80.72683,14.772596,19.986454,NA,77.3,54.1,0.2
2023-04-20,0.058,JAN,85,56,62.1,44.1,0,8.689762,169.05276,24.676184,61.349693,100,0,0,55.9,70.06506,82.09135,18.2485,22.593382,NA,77.5,54.4,0.2
2023-04-21,0.043,JAN,78,56,64.9,54,0.65,6.6911173,200.83287,58.036343,82.16646,93.53832,0,0,57,66.463974,75.9,22.593382,33.89007,NA,77.7,54.6,0.18
2023-04-22,0.055,JAN,76,45,53.1,35.1,0,3.7365978,16.78984,24.19895,59.351833,96.65673,0,0,46.9,61.841465,75,12.165668,15.641572,NA,77.9,54.9,0.17
2023-04-23,0.044,JAN,67,53,48,39.9,1e-4,8.255275,21.448803,41.72699,60.81105,82.75765,0,0,53.1,57.788155,66,17.379524,23.462358,NA,78.1,55.2,0.17
2023-04-24,0.046,JAN,70,50,46.9,37,1e-4,6.169731,36.360023,35.93618,54.028603,82.681984,0,0,51.1,58.511497,69.1,13.90362,19.986454,NA,78.4,55.5,0.18
2023-04-25,0.055,JAN,76,50,52,37.9,0,4.8662667,53.341408,34.58474,52.451183,76.86228,0,0,51.1,63.043552,75.9,11.296691,14.772596,NA,78.6,55.8,0.18
2023-04-26,0.051,JAN,79,55,57.9,44.1,0.01,7.907684,26.021885,44.756134,58.754253,86.105125,0,0,55.9,66.34808,78.1,14.772596,20.85543,NA,78.8,56.1,0.18
2023-04-27,0.041,JAN,80,61,64.9,57.9,0.44,5.387653,202.69766,53.953564,80.34129,96.85247,0,0,61,68.31284,81.70885,18.2485,23.462358,NA,79.1,56.4,0.16
2023-04-28,0.049,JAN,79,57,60.1,54,0,2.3462358,275.2076,43.29621,71.66525,96.81093,0,0,57.9,67.38586,79,11.296691,16.51055,NA,79.3,56.7,0.17
2023-04-29,0.047,JAN,75,59,62.1,55,0.52,5.0400624,195.77527,61.150173,81.08937,93.53832,0,0,59,63.886482,73,14.772596,21.724405,NA,79.5,57,0.15
2023-04-30,0.055,JAN,75,55,57.9,39,0,6.256629,294.80902,31.47478,61.516376,92.43185,0,0,55.9,64.29805,75,15.641572,22.593382,NA,79.8,57.3,0.15
2023-05-01,0.054,JAN,74,51,48.9,34,0,4.5186763,294.57724,23.18794,50.217205,82.75765,0,0,53.1,62.931427,73.9,14.772596,21.724405,NA,80,57.6,0.15
2023-05-02,0.057,JAN,80,46,48.9,35.1,0,3.6497002,307.73117,22.841442,52.852962,86.326836,0,0,48,64.28089,79,14.772596,22.593382,NA,80.3,57.9,0.15
2023-05-03,0.064,JAN,79,48,48.9,35.1,0,3.1283145,1.484566,23.552206,53.83948,89.12907,0,0,50,64.081955,79,12.165668,17.379524,NA,80.5,58.2,0.14
2023-05-04,0.068,JAN,81,51,57,39.9,0,1.8248501,106.20427,25.775164,54.047268,89.12907,0,0,51.1,66.47613,79,10.427715,13.034643,NA,80.7,58.5,0.15
2023-05-05,0.05,JAN,80,61,69.1,48,0.33,5.4745502,150.19466,46.924103,74.34628,93.37325,0,0,61,71.108574,79,13.034643,17.379524,NA,81,58.8,0.14
2023-05-06,0.038,JAN,83,67,71.1,64,0,7.386298,148.45464,61.807594,82.61133,96.29225,0,0,66.9,74.07418,86.35356,15.641572,20.85543,NA,81.2,59.1,0.15
2023-05-07,0.035,JAN,87,63,70,62.1,0.18,6.5173216,172.74197,54.89434,78.55164,96.878845,0,0,63,75.00575,88.83331,14.772596,23.462358,NA,81.5,59.4,0.14
2023-05-08,0.038,JAN,86,71,70,66.9,1e-4,6.256629,186.21208,56.506313,78.06214,93.40279,0,0,71.1,78.26584,88.83331,13.90362,19.117477,NA,81.8,59.7,0.14
2023-05-09,0.038,JAN,85,69,71.1,64,1e-4,5.0400624,167.48416,54.77119,78.075165,93.40279,0,0,69.1,76.75996,88.31077,18.2485,25.200312,NA,82,60,0.13
2023-05-10,0.028,JAN,79,69,72,66.9,1e-4,4.5186763,127.14811,73.967064,86.26805,93.4268,0,0,70,73.17373,79,13.90362,20.85543,NA,82.3,60.3,0.14
2023-05-11,0.052,JAN,86,66,70,62.1,0.95,8.863558,166.66335,54.89434,84.74476,96.92933,0,0,66,71.97066,87.58741,26.938263,41.71086,NA,82.5,60.6,0.13
2023-05-12,0.035,JAN,88,63,72,62.1,1e-4,6.256629,161.09384,56.919083,80.23963,93.56222,0,0,64,73.66383,93.65173,19.986454,30.41417,NA,82.8,61,0.13
2023-05-13,0.047,JAN,89,61,75,60.1,0.03,3.910393,119.6856,53.147194,77.64307,96.85247,0,0,61,75.7375,95.34641,11.296691,15.641572,NA,83,61.3,0.13
2023-05-14,0.048,JAN,93,67,71.1,64.9,0,1.2165667,156.59003,43.986134,71.73469,93.319046,0,0,66.9,80.84981,95.3317,8.689762,13.034643,NA,83.3,61.6,0.13
2023-05-15,0.04,JAN,93,71,72,66,1e-4,2.6938264,337.62244,45.241203,74.514755,93.79415,0,0,72,80.34761,96.13336,21.724405,36.497,NA,83.6,61.9,0.14
2023-05-16,0.046,JAN,90,68,71.1,64,1e-4,4.2579837,249.21562,48.025757,72.47104,93.4268,0,0,70,80.55805,92.901535,12.165668,17.379524,NA,83.8,62.2,0.14
2023-05-17,0.047,JAN,85,68,70,64,0.23,3.6497002,299.59,56.751534,76.169174,96.9686,0,0,68,77.30123,87.78135,13.90362,18.2485,NA,84.1,62.5,0.14
2023-05-18,0.048,JAN,87,67,69.1,66,0,2.1724405,347.84134,51.36681,79.02773,96.9686,0,0,69.1,75.6989,88.282074,17.379524,23.462358,NA,84.3,62.8,0.13
2023-05-19,0.051,JAN,89,65,71.1,64,0,3.041417,92.4197,51.167645,78.21989,96.903595,0,0,64.9,77.21771,92.42606,8.689762,12.165668,NA,84.6,63.1,0.14
2023-05-20,0.053,JAN,87,70,71.1,62.1,0,6.6911173,342.97458,57.163784,75.273834,93.4268,0,0,71.1,79.046906,90.11007,14.772596,19.986454,NA,84.9,63.4,0.13
2023-05-21,0.049,JAN,80,66,62.1,57.9,0,6.256629,10.421865,55.70696,67.579315,84.55897,0,0,66,71.92355,78.1,13.034643,16.51055,NA,85.1,63.7,0.14
2023-05-22,0.063,JAN,85,65,63,55.9,0,2.6062717,2.1653266,41.270092,64.7612,87.23775,0,0,64.9,74.033,84.0512,7.820786,11.296691,NA,85.4,63.9,0.14
2023-05-23,0.041,JAN,86,63,66.9,60.1,0,6.169731,44.52479,49.624676,73.50256,93.879135,0,0,64,74.80679,86.23124,13.90362,19.117477,NA,85.6,64.2,0.14
2023-05-24,0.041,JAN,78,65,64,61,0,5.0400624,56.06063,64.30781,78.07909,90.0483,0,0,66,69.90411,75.9,13.034643,18.2485,NA,85.9,64.5,0.14
2023-05-25,0.063,JAN,87,60,66,57,0,4.605574,19.879873,38.58478,65.19875,96.18263,0,0,61,74.826,85.81259,13.034643,19.117477,NA,86.1,64.8,0.14
2023-05-26,0.062,JAN,87,59,62.1,55.9,0,4.2579837,36.201397,35.897354,64.87142,93.180626,0,0,61,73.65061,84.6735,13.90362,20.85543,NA,86.3,65.1,0.13
2023-05-27,0.053,JAN,85,61,64,59,0.16,4.5186763,69.644585,42.797188,70.66194,89.569176,0,0,62.1,72.08515,84.0512,17.379524,21.724405,NA,86.6,65.3,0.15
2023-05-28,0.057,JAN,87,62,66,60.1,1e-4,1.8248501,145.7512,43.10064,70.96352,96.878845,0,0,62.1,73.9008,86.11804,7.820786,10.427715,NA,86.8,65.6,0.15
2023-05-29,0.068,JAN,87,61,64.9,55.9,0,3.1283145,24.16166,37.18456,64.89468,93.56222,0,0,63,74.41761,85.15558,12.165668,15.641572,NA,87,65.9,0.16
2023-05-30,0.055,JAN,88,59,64,52,0,2.5200312,49.60572,34.389896,61.31062,89.48413,0,0,60.1,74.500984,84.65652,11.296691,14.772596,NA,87.3,66.1,0.15
2023-05-31,0.053,JAN,89,64,64.9,60.1,0,2.4331334,74.332726,41.615177,63.207123,87.18186,0,0,64.9,77.338104,87.581154,12.165668,17.379524,NA,87.5,66.4,0.15
2023-06-01,0.054,JAN,87,65,66.9,62.1,0,2.4331334,104.82106,47.906834,70.363495,90.400345,0,0,66,76.91421,87.73048,10.427715,13.034643,NA,87.7,66.6,0.15
2023-06-02,0.055,JAN,91,65,68,63,0,2.6069288,11.180698,39.487976,68.38416,96.903595,0,0,64.9,78.920204,91.997025,11.296691,15.641572,NA,87.9,66.9,0.15
2023-06-03,0.055,JAN,94,66,66.9,62.1,1e-4,1.9986453,5.0076833,35.94196,67.35761,93.319046,0,0,68,79.41134,93.71998,11.296691,14.772596,NA,88.1,67.1,0.15
2023-06-04,0.063,JAN,95,64,69.1,54,0,3.215212,73.6836,26.868217,59.543694,96.55186,0,0,64,79.692276,91.63583,11.296691,16.51055,NA,88.3,67.3,0.15
2023-06-05,0.053,JAN,92,65,68,62.1,0.16,3.475905,115.49367,40.610085,69.48497,93.37325,0,0,66,77.09172,91.442345,18.2485,25.200312,NA,88.5,67.6,0.14
2023-06-06,0.056,JAN,89,66,72,63,0.17,2.3462358,106.80708,44.660763,77.71489,96.275345,0,0,66,75.7583,88.85965,20.85543,30.41417,NA,88.7,67.8,0.15
2023-06-07,0.062,JAN,90,67,73.9,64.9,0.35,2.3462358,281.5988,46.55105,77.140656,93.40279,0,0,66.9,77.416725,91.60079,13.90362,15.641572,NA,88.9,68,0.14
2023-06-08,0.075,JAN,94,66,70,61,1e-4,2.4331334,339.69415,34.569923,68.00246,96.92933,0,0,66.9,80.67735,94.183685,15.641572,21.724405,NA,89,68.2,0.15
2023-06-09,0.069,JAN,92,68,70,64,0,3.3890073,29.825119,43.41545,68.483185,89.89542,0,0,69.1,81.19012,94.30089,12.165668,17.379524,NA,89.2,68.4,0.14
2023-06-10,0.064,JAN,92,69,73,66,0.06,4.171086,180.3341,48.800888,75.88064,89.89542,0,0,70,78.871506,95.935555,18.2485,30.41417,NA,89.4,68.6,0.16
2023-06-11,0.057,JAN,92,67,71.1,64.9,0,6.256629,219.10098,49.596455,68.69295,92.705696,0,0,68,81.378426,92.901535,14.772596,22.593382,NA,89.5,68.8,0.15
2023-06-12,0.046,JAN,87,71,73.9,68,0.24,4.2579837,356.70236,61.20137,79.45019,96.99354,0,0,71.1,79.378365,91.53445,19.117477,24.331335,NA,89.6,69,0.15
2023-06-13,0.045,JAN,82,69,73,66.9,0.57,2.9545193,125.96856,65.026215,84.93488,96.9686,0,0,69.8,75.00492,85.39448,19.117477,26.069286,NA,89.8,69.2,0.15
2023-06-14,0.033,JAN,92,74,75.9,69.1,0.45,9.12425,224.73225,55.58441,79.24126,94.10022,0,0,73.4,83.483,99.5694,22.593382,34.75905,NA,89.9,69.4,0.15
2023-06-15,0.044,JAN,90,73,78.1,70,0.13,6.3435264,231.66493,57.427124,80.56813,94.10022,0,0,73,83.77307,98.29539,14.772596,21.724405,NA,90.1,69.5,0.14
2023-06-16,0.039,JAN,92,67,75.9,64.9,0.73,6.082834,203.94249,48.930344,74.08019,93.4268,0,0,68,84.17801,99.66107,33.0211,53.876526,NA,90.2,69.7,0.15
2023-06-22,0.046,JAN,89,71,70,66.9,0,2.9545193,10.607626,48.025757,73.42376,90.594666,0,0,72,80.57275,92.16165,8.689762,15.641572,NA,90.8,70.6,0.15
2023-06-23,0.068,JAN,91,67,69.1,60.1,0,2.085543,13.225357,36.773003,65.54151,93.319046,0,0,68,79.55546,89.99089,10.427715,15.641572,NA,90.9,70.7,0.14
2023-06-24,0.054,JAN,94,67,73.9,64.9,0,4.8662667,173.78511,43.986134,67.12485,89.814255,0,0,68,84.71711,98.77585,11.296691,14.772596,NA,91,70.8,0.15
2023-06-25,0.041,JAN,94,71,75.9,69.1,0.3,7.125605,228.28362,50.609615,71.1166,96.322716,1e-4,0,71.1,90.19935,105.68281,39.10393,66.0422,NA,91,70.9,0.14
2023-06-26,0.042,JAN,92,72,73.9,64,0.03,5.4745502,252.98344,55.463593,70.808754,87.681946,0,0,72,85.2841,99.5694,20.85543,35.628025,NA,91.1,71.1,0.14
2023-06-27,0.036,JAN,93,73,79,70,0.54,5.12696,238.54085,65.72114,81.05471,93.52941,0,0,73,87.22479,108.83534,17.379524,27.80724,NA,91.2,71.2,0.15
2023-06-28,0.046,JAN,96,72,79,70,0,1.6510549,265.83905,49.033268,75.5624,93.79415,0,0,72,90.69805,107.24766,7.820786,13.034643,NA,91.2,71.3,0.15
2023-06-29,0.049,JAN,99,77,80.1,75,0,3.215212,223.45213,47.98656,71.43898,92.96513,0,0,78.1,99.4944,113.63311,8.689762,13.90362,NA,91.3,71.4,0.14
2023-06-30,0.045,JAN,98,76,80.1,64.9,0,4.431779,180.54874,52.624714,68.72336,90.29109,0,0,77,98.14875,113.59044,22.593382,29.545193,NA,91.4,71.5,0.16
2023-07-01,0.046,JAN,97,75,78.1,69.1,0,4.0841885,239.50107,49.033268,70.53329,85.08769,0,0,75.9,93.5846,108.464386,10.427715,14.772596,NA,91.4,71.5,0.16
2023-07-02,0.045,JAN,95,77,78.1,69.1,0,6.256629,210.43268,50.907776,69.806725,84.52736,0,0,79,94.41086,106.12244,13.034643,17.379524,NA,91.5,71.6,0.15
2023-07-03,0.044,JAN,93,76,75,68,0,5.6483455,199.2352,53.958176,72.68733,87.72512,0,0,75.9,86.30933,103.14688,17.379524,21.724405,NA,91.5,71.7,0.16
2023-07-04,0.036,JAN,96,74,75.9,69.1,0.82,6.430424,171.45029,44.58768,75.64609,93.52941,0,0,75,86.13147,104.50276,14.772596,20.85543,NA,91.6,71.8,0.16
2023-07-05,0.032,JAN,93,74,77,71.1,0.2,4.344881,233.65424,52.348576,77.34474,93.79415,0,0,73.9,86.74728,103.05586,15.641572,20.85543,NA,91.6,71.8,0.16
2023-07-06,0.031,JAN,93,74,75,72,0.13,4.171086,255.16534,52.372917,80.16959,93.79415,0,0,73.9,84.31499,101.86564,20.85543,28.676216,NA,91.7,71.9,0.16
2023-07-07,0.038,JAN,91,74,75,72,0,2.6069288,269.1056,59.26213,79.06376,93.79415,0,0,73.9,84.28972,99.26306,10.427715,15.641572,NA,91.7,72,0.16
2023-07-08,0.032,JAN,94,75,75,70,0.2,5.12696,253.46141,47.73699,72.104385,90.39978,0,0,75,87.835884,102.11232,20.85543,30.41417,NA,91.8,72,0.16
2023-07-09,0.029,JAN,88,75,79,72,0.38,4.9531646,230.87624,71.92741,84.073425,93.50594,0,0,75,85.28039,102.983215,26.938263,37.36598,NA,91.8,72.1,0.16
2023-07-10,0.038,JAN,89,73,75,69.8,1e-4,3.7365978,329.69952,55.315365,78.04906,93.55792,0,0,73.9,81.86562,94.78818,8.689762,11.296691,NA,91.9,72.1,0.16
2023-07-11,0.03,JAN,91,73,75,71.1,1e-4,3.3021097,201.39545,60.966244,78.89603,93.79415,0,0,73,83.51546,100.53279,17.379524,22.593382,NA,91.9,72.2,0.15
2023-07-12,0.024,JAN,93,74,78.1,71.1,0.04,5.0400624,222.7361,57.431393,77.91891,93.79415,0,0,73.9,88.32494,101.86564,13.90362,19.117477,NA,92,72.2,0.16
2023-07-13,0.02,JAN,92,78,78,73.9,0,5.4745502,216.36542,59.461464,78.11554,90.62405,0,0,78.1,90.54682,105.88497,13.034643,17.379524,NA,92,72.2,0.17
2023-07-14,0.026,JAN,94,78,78,73,0,4.5186763,231.02946,50.75047,74.109764,93.63474,0,0,79,93.42301,104.506775,10.427715,16.51055,NA,92,72.3,0.16
2023-07-15,0.032,JAN,94,74,76,68,0.54,6.082834,236.98688,57.62457,71.40244,90.39978,0,0,74,88.59793,104.48981,21.724405,31.283144,NA,92.1,72.3,0.16
2023-07-16,0.047,JAN,94,73,75.2,71,1e-4,2.8676217,344.35605,52.348576,75.68008,96.678116,0,0,73,86.688225,104.50276,12.165668,15.641572,NA,92.1,72.3,0.16
2023-07-17,0.057,JAN,96,74,73,66,0,2.8676217,224.95132,39.942245,65.04751,87.433464,0,0,74,86.197365,97.14243,8.689762,12.165668,NA,92.2,72.4,0.16
2023-07-18,0.036,JAN,97,75,77,72,0,3.7365978,182.03078,47.716797,68.914314,90.47541,0,0,76,93.34009,107.123085,10.427715,14.772596,NA,92.2,72.4,0.17
2023-07-19,0.038,JAN,98,80,76,73,0,5.0400624,198.5175,46.277157,68.50554,87.62684,0,0,84.88431,95.772606,108.44245,11.296691,15.641572,NA,92.3,72.4,0.16
2023-07-20,0.032,JAN,94,80,76,72,0,4.8662667,227.20215,49.064594,70.06348,82.093376,0,0,86.82724,94.29935,104.48981,12.165668,16.51055,NA,92.3,72.4,0.17
2023-07-21,0.038,JAN,97,78,77,72,0,3.3021097,261.80447,47.572624,69.78468,90.550156,0,0,79,95.90229,108.48535,12.165668,16.51055,NA,92.3,72.4,0.16
2023-07-22,0.046,JAN,92,76,75,70,0,5.387653,4.1032033,54.003723,71.9748,90.51289,0,0,77,87.43152,100.840866,13.034643,17.379524,NA,92.4,72.4,0.16
2023-07-23,0.05,JAN,90,70,70,62,0,5.2138577,6.6176333,39.33583,63.69466,87.23564,0,0,71,81.136925,90.93201,14.772596,19.986454,NA,92.4,72.4,0.18
2023-07-24,0.053,JAN,95,67,69,64,0,3.041417,351.12994,37.25181,62.93869,90.12802,0,0,68,83.3407,95.87032,11.296691,15.641572,NA,92.4,72.4,0.17
2023-07-25,0.061,JAN,97,71,69,64,0,3.041417,154.3133,33.96831,58.082577,84.216576,0,0,71,85.91966,99.997826,7.820786,11.296691,NA,92.5,72.4,0.17
2023-07-26,0.068,JAN,98,72,69,64,0,3.3890073,167.36868,34.119038,57.624233,81.477745,0,0,73,86.72775,101.190735,10.427715,12.165668,NA,92.5,72.4,0.16
2023-07-27,0.062,JAN,100,72,71,64,0,1.7379525,158.4641,31.008121,61.550945,87.28552,0,0,73,88.083855,102.91288,8.689762,15.641572,NA,92.5,72.4,0.16
2023-07-28,0.063,JAN,101,74,75,67,1e-4,2.2593381,93.90458,35.627907,68.33669,87.5789,0,0,74,87.15097,105.95819,33.0211,46.924717,NA,92.6,72.4,0.17
2023-07-29,0.051,JAN,99,76,73,67,0,3.215212,223.03143,41.947845,66.69536,84.63493,0,0,77,89.052765,106.29476,15.641572,19.986454,NA,92.6,72.4,0.16
2023-07-30,0.047,JAN,100,75,80,70,0.02,3.7365978,289.9353,40.54287,65.5322,87.48222,0,0,75,92.30386,108.65001,11.296691,16.51055,NA,92.6,72.4,0.16
2023-07-31,0.05,JAN,99,74,73,68,0,3.215212,35.820457,37.856194,62.61235,90.36164,0,0,74,90.80123,105.29171,11.296691,14.772596,NA,92.6,72.4,0.16
2023-08-01,0.054,JAN,99,75,72,66,0,3.3890073,21.25557,37.856194,60.32202,87.433464,0,0,76,91.386185,104.35466,13.034643,16.51055,NA,92.7,72.4,0.17
2023-08-02,0.055,JAN,102,76,72,69,0,4.7793694,127.58168,36.87316,58.814255,81.75506,0,0,77,93.29569,107.815926,11.296691,14.772596,NA,92.7,72.3,0.16
2023-08-03,0.055,JAN,102,77,74,69,0,3.5628026,213.32756,35.77791,59.51265,87.5307,0,0,78,95.65698,110.12038,10.427715,14.772596,NA,92.7,72.3,0.17
2023-08-04,0.05,JAN,103,80,76,69,0,5.12696,219.26988,35.927624,60.77481,82.02644,0,0,85.80902,97.78408,111.40198,17.379524,22.593382,NA,92.7,72.3,0.16
2023-08-05,0.044,JAN,104,79,75,67,0,4.2579837,238.33287,32.409164,57.367687,84.75151,0,0,79,97.53809,110.63628,13.034643,17.379524,NA,92.7,72.3,0.16
2023-08-06,0.041,JAN,101,79,75,72,0,5.7352433,246.85275,40.840996,62.154377,81.959145,0,0,79,97.48328,112.35252,13.90362,20.85543,NA,92.7,72.2,0.17
2023-08-07,0.037,JAN,98,79,76,69,0,7.4731956,257.9069,40.54287,62.380943,84.75151,0,0,84.49635,95.070114,105.94234,15.641572,22.593382,NA,92.7,72.2,0.16
2023-08-08,0.041,JAN,92,75,76,69,1e-4,5.300755,73.00152,52.070503,74.81489,84.57616,0,0,76,82.853165,97.57791,17.379524,23.462358,NA,92.7,72.1,0.16
2023-08-09,0.029,JAN,102,76,77,70,0,7.2994003,207.3084,38.30607,63.68451,90.47541,0,0,77,94.23826,111.105064,15.641572,25.200312,NA,92.7,72.1,0.16
2023-08-10,0.03,JAN,101,81,76,70,0,6.7780147,223.76398,40.54287,61.815125,84.80932,0,0,86.82724,96.608826,107.56564,13.034643,20.85543,NA,92.7,72.1,0.16
2023-08-11,0.039,JAN,102,82,77,69,0,6.169731,238.39114,36.87316,60.551582,82.093376,0,0,88.639565,98.76799,111.105064,14.772596,21.724405,NA,92.6,72,0.15
2023-08-12,0.033,JAN,104,80,76,61,0,5.2138577,251.60338,25.493513,54.803844,84.75151,0,0,84.49635,94.97942,106.38682,11.296691,16.51055,NA,92.6,71.9,0.15
2023-08-13,0.036,JAN,105,75,75,69,0,5.387653,267.96155,32.70669,56.291363,79.2477,0,0,78,97.37731,112.68474,10.427715,13.90362,NA,92.6,71.9,0.16
2023-08-14,0.049,JAN,105,78,73,65,0,4.171086,239.2149,30.382854,52.05931,71.678345,0,0,84.91182,96.61259,109.37443,12.165668,17.379524,NA,92.5,71.8,0.15
2023-08-15,0.046,JAN,94,72,74,58,0,7.0387077,351.02405,32.0413,57.722893,79.32386,0,0,73,85.14707,93.67043,18.2485,22.593382,NA,92.5,71.8,0.16
2023-08-16,0.047,JAN,90,68,64,57,0,4.5186763,4.314553,36.181816,58.650963,84.09401,0,0,68,77.901794,87.308334,11.296691,14.772596,NA,92.4,71.7,0.15
2023-08-17,0.054,JAN,96,64,64,55,0,3.041417,296.0889,26.194096,55.25106,86.98191,0,0,66,79.90148,93.412544,12.165668,18.2485,NA,92.4,71.6,0.16
2023-08-18,0.061,JAN,103,66,68,59,0,3.1283145,30.999332,23.740595,50.431816,90.0483,0,0,66,87.23007,103.53433,10.427715,15.641572,NA,92.3,71.5,0.15
2023-08-19,0.063,JAN,104,73,69,62,0,5.12696,41.398632,30.087078,48.389446,78.78223,0,0,74,92.287575,106.782814,13.034643,18.2485,NA,92.2,71.4,0.16
2023-08-20,0.057,JAN,103,74,76,63,0,3.7365978,84.23848,28.19011,53.7072,81.61716,0,0,75,92.03007,106.35334,12.165668,17.379524,NA,92.2,71.4,0.15
2023-08-21,0.048,JAN,103,74,70,65,0,3.3890073,87.52844,30.23506,52.15981,78.860830000000007,0,0,75,92.78789,106.782814,11.296691,17.379524,NA,92.1,71.3,0.14
2023-08-22,0.038,JAN,103,75,72,66,0,2.1724405,8.372739,31.305544,53.23526,84.45763,0,0,75,94.42297,107.591415,12.165668,19.117477,NA,92,71.2,0.16
2023-08-23,0.056,JAN,103,77,74,67,0,3.9972906,24.979841,32.409164,54.862656,81.89149,0,0,79,98.31314,110.63628,12.165668,17.379524,NA,91.9,71.1,0.15
2023-08-24,0.062,JAN,106,78,75,68,0.07,2.8676217,98.94425,29.78411,59.28139,84.69338,0,0,79,95.38007,113.45035,28.676216,40.841885,NA,91.8,70.9,0.14
2023-08-25,0.063,JAN,105,78,78,67,0,3.041417,191.50638,29.637548,61.74119,81.89149,0,0,78,92.72945,111.307556,13.90362,18.2485,NA,91.7,70.8,0.14
2023-08-26,0.06,JAN,105,73,72,63,0,1.5641572,313.737,26.55598,54.840294,84.39787,0,0,74,92.31526,108.01063,10.427715,13.034643,NA,91.6,70.7,0.14
2023-08-27,0.053,JAN,98,75,75,65,0,5.995936,21.337894,37.40339,62.97166,79.32386,0,0,76,89.4591,102.29239,19.986454,25.200312,NA,91.5,70.6,0.14
2023-08-28,0.042,JAN,93,77,74,69,0,7.907684,8.454849,47.137436,68.01375,84.69338,0,0,78,87.726746,97.8899,14.772596,18.2485,NA,91.3,70.4,0.12
2023-08-29,0.044,JAN,95,76,72,67,1e-4,7.386298,19.419245,44.297813,65.6254,84.57616,0,0,77,86.079636,99.44013,15.641572,20.85543,NA,91.2,70.3,0.13
2023-08-30,0.059,JAN,95,72,68,50,0,8.347735,4.3080845,23.183697,52.14814,81.40747,0,0,72,82.20113,91.29537,17.379524,25.200312,NA,91.1,70.1,0.13
2023-08-31,0.056,JAN,93,71,64,57,0,5.2138577,26.939775,30.908218,52.96424,73.4019,0,0,71,81.75246,91.29997,11.296691,17.379524,NA,90.9,69.9,0.13
2023-09-01,0.052,JAN,95,70,73,59,0,5.561448,33.04631,37.25181,56.711224,84.51706,0,0,71,83.945076,98.31543,13.90362,20.85543,NA,90.8,69.8,0.12
2023-09-02,0.045,JAN,98,75,74,68,0,4.9531646,100.908066,41.500286,68.50923,90.39978,0,0,75,87.812805,99.818474,13.90362,19.986454,NA,90.6,69.6,0.13
2023-09-03,0.041,JAN,98,76,74,67,0,4.5186763,108.09596,39.179333,63.682453,90.437706,0,0,76,89.80066,104.35466,12.165668,15.641572,NA,90.5,69.4,0.12
2023-09-04,0.038,JAN,98,74,74,65,0,7.0387077,146.53807,37.70558,65.29978,87.48222,0,0,75,88.66428,101.44592,19.117477,25.200312,NA,90.3,69.2,0.12
2023-09-05,0.034,JAN,96,75,74,68,0.01,7.5600934,161.06355,40.243282,65.23248,87.433464,0,0,75,86.94947,101.55391,14.772596,19.117477,NA,90.1,69,0.11
2023-09-06,0.04,JAN,95,73,76,68,0.06,3.9972906,194.91403,44.149624,67.549065,84.51706,0,0,74,87.19987,102.51838,19.117477,25.200312,NA,90,68.8,0.12
2023-09-07,0.053,JAN,99,71,73,66,0,4.344881,6.1639333,41.947845,63.788025,87.23564,0,0,72,88.27796,106.29476,13.034643,19.117477,NA,89.8,68.6,0.12
2023-09-08,0.055,JAN,92,70,68,53,0,4.7793694,16.8872,29.358398,55.96742,87.23564,0,0,71,80.11411,90.604996,17.379524,24.331335,NA,89.6,68.3,0.12
2023-09-09,0.05,JAN,92,65,65,60,0,6.5173216,10.102539,34.417664,56.953934,86.87835,0,0,65,79.44,91.69304,14.772596,19.986454,NA,89.4,68.1,0.12
2023-09-10,0.053,JAN,90,65,63,55,0,5.12696,352.6184,32.753235,56.235355,83.84471,0,0,65,76.9601,87.367836,11.296691,17.379524,NA,89.2,67.9,0.12
2023-09-11,0.059,JAN,96,64,66,56,0,3.6497002,33.964245,28.01473,51.660454,86.930275,0,0,66,82.269936,95.203926,10.427715,14.772596,NA,89,67.6,0.12
2023-09-12,0.064,JAN,96,67,67,58,0,4.9531646,312.63962,30.261078,54.714725,84.09401,0,0,69,82.37401,94.50986,13.034643,18.2485,NA,88.8,67.3,0.13
2023-09-13,0.04,JAN,86,73,72,64,0.03,3.7365978,352.6158,51.0819,77.52852,90.39978,0,0,74,77.051704,85.766426,12.165668,16.51055,NA,88.6,67.1,0.13
2023-09-14,0.044,JAN,84,70,71,63,0.08,3.9972906,33.660473,54.77119,74.753654,90.36164,0,0,70,76.23002,86.20281,11.296691,15.641572,NA,88.4,66.8,0.12
2023-09-15,0.055,JAN,92,70,64,58,0,3.3021097,358.3166,35.510323,54.930637,78.5439,0,0,71,79.80223,90.64842,10.427715,12.165668,NA,88.1,66.5,0.12
2023-09-16,0.067,JAN,94,67,64,49,0,4.431779,322.89816,23.773048,50.124897,81.122505,0,0,68,79.10588,89.31093,13.034643,18.2485,NA,87.9,66.2,0.11
2023-09-17,0.064,JAN,92,62,60,52,0,4.0841885,343.8925,26.573124,50.86619,83.65401,0,0,62,76.07572,88.34667,15.641572,20.85543,NA,87.7,65.9,0.11
2023-09-18,0.051,JAN,91,58,58,43,0,3.3890073,356.82272,18.942272,50.9473,86.56035,0,0,59,72.90702,87.452934,13.034643,24.331335,NA,87.4,65.5,0.12
2023-09-19,0.065,JAN,93,55,54,41,0,2.9545193,34.806194,16.997553,46.057953,80.305756,0,0,57,73.332436,87.939766,8.689762,13.034643,NA,87.2,65.2,0.11
2023-09-20,0.056,JAN,94,65,63,51,0,5.387653,146.1596,24.060343,47.531376,75.38658,0,0,66,79.09497,90.09036,13.90362,23.462358,NA,86.9,64.9,0.1
2023-09-21,0.053,JAN,95,67,63,57,0,3.8234954,78.77468,29.195465,50.988045,78.301735,0,0,68,81.09025,94.11459,12.165668,17.379524,NA,86.6,64.5,0.11
2023-09-22,0.054,JAN,95,69,63,55,0,4.344881,81.18738,27.8663,47.46111,73.11288,0,0,70,81.62595,91.319664,12.165668,16.51055,NA,86.4,64.2,0.1
2023-09-23,0.055,JAN,95,71,62,58,0,3.6497002,58.22667,29.195465,47.861713,66.03794,0,0,72,81.8528,94.11459,12.165668,19.117477,NA,86.1,63.8,0.11
2023-09-24,0.042,JAN,89,71,71,59,0,4.257143,188.59581,53.316578,69.91519,87.38443,0,0,72,80.74372,90.53047,14.772596,22.593382,NA,85.8,63.4,0.1
2023-09-25,0.046,JAN,93,70,72,67,0.74,3.3021097,116.483635,45.39792,76.65545,96.678116,0,0,71,80.1311,94.84554,18.2485,24.331335,NA,85.5,63.1,0.11
2023-09-26,0.045,JAN,93,68,71,64,0,2.1724405,57.643204,38.424847,70.876724,100,0,0,68,80.320435,95.98263,10.427715,13.90362,NA,85.3,62.7,0.12
2023-09-27,0.05,JAN,93,68,70,59,0,4.2579837,93.733116,36.48911,66.07974,93.34623,0,0,69,80.487045,93.091896,12.165668,17.379524,NA,85,62.3,0.11
2023-09-28,0.038,JAN,88,64,67,64,0,4.2579837,105.57965,46.403145,73.407074,93.319046,0,0,68,76.10749,88.80702,13.90362,17.379524,NA,84.7,61.9,0.11
2023-09-29,0.049,JAN,93,62,66,57,0,4.2579837,97.66177,31.059275,62.82182,96.55186,0,0,62,76.950485,92.352646,12.165668,15.641572,NA,84.4,61.5,0.12
2023-09-30,0.056,JAN,95,62,63,56,0,3.215212,62.27527,29.960917,56.631363,89.926926,0,0,63,78.27928,92.352646,12.165668,20.85543,NA,84,61.1,0.12
2023-10-01,0.055,JAN,91,63,63,53,0,3.8234954,90.86736,29.509296,55.440285,86.82612,0,0,64,76.74949,89.29871,13.90362,19.117477,NA,83.7,60.7,0.12
2023-10-02,0.045,JAN,90,63,60,52,0,5.0400624,92.94667,27.420195,52.67792,83.7815,0,0,64,76.02234,87.40436,15.641572,22.593382,NA,83.4,60.3,0.13
2023-10-03,0.052,JAN,90,61,59,47,0,4.605574,117.01413,24.24041,50.97583,80.7574,0,0,63,75.742935,86.48655,13.034643,17.379524,NA,83.1,59.8,0.12
2023-10-04,0.058,JAN,90,64,65,51,0,5.7352433,127.76093,29.207327,52.29314,87.08428,0,0,64,76.750755,86.67717,13.034643,18.2485,NA,82.7,59.4,0.12
2023-10-05,0.04,JAN,84,68,71,56,0.02,4.7793694,130.90036,56.56821,74.53832,90.36164,0,0,68,75.75155,86.67311,17.379524,21.724405,NA,82.4,59,0.13
2023-10-06,0.044,JAN,83,68,69.8,53,0.06,6.7780147,1.6276978,47.168118,75.499886,100,0,0,68,72.868355,83.16891,13.034643,18.2485,NA,82.1,58.5,0.11
2023-10-07,0.038,JAN,74,47,51,35,0,9.211148,358.7527,24.872824,45.88434,70.962036,0,0,49,63.680138,73,15.641572,23.462358,NA,81.7,58.1,0.12
2023-10-08,0.04,JAN,76,40,44,34,0,1.5641572,341.68173,22.34878,53.774273,85.88974,0,0,41.26356,58.215202,75,10.427715,14.772596,NA,81.4,57.7,0.11
2023-10-09,0.052,JAN,84,45,46,39,0,3.8234954,216.192,20.93002,49.93811,82.64991,0,0,44.693104,63.908722,80.63906,13.034643,17.379524,NA,81,57.2,0.11
2023-10-10,0.071,JAN,86,55,55,44,0,2.9545193,180.23653,31.985764,53.160713,74.548294,0,0,57,69.2247,83.1123,7.820786,11.296691,NA,80.6,56.8,0.1
2023-10-11,0.034,JAN,70,61,61,51,0.15,4.605574,112.01715,54.497276,75.988,93.12406,0,0,61,64.412544,69,12.165668,21.724405,NA,80.3,56.3,0.1
2023-10-12,0.033,JAN,72,60,63,58,1e-4,3.5628026,55.62721,70.559906,81.360886,93.180626,0,0,60,66.482925,71,6.95181,9.558739,NA,79.9,55.9,0.11
2023-10-13,0.049,JAN,84,65,63,61,0,2.9545193,133.90125,49.028793,72.8095,90.0483,0,0,66,71.650116,82.62488,7.820786,11.296691,NA,79.5,55.5,0.11
2023-10-14,0.03,JAN,74,61,62,44,0,7.125605,306.36853,35.32318,58.239574,93.20864,0,0,62,66.79582,74,14.772596,21.724405,NA,79.2,55,0.11
2023-10-15,0.03,JAN,68,50,50,43,1e-4,8.77666,330.47726,52.219696,61.387447,68.70851,0,0,53,61.19512,66,21.724405,30.41417,NA,78.8,54.6,0.11
2023-10-16,0.034,JAN,69,46,44,38,0,6.082834,331.11844,33.202206,58.85168,85.947464,0,0,45.397057,56.42045,68,17.379524,26.069286,NA,78.4,54.1,0.12
2023-10-17,0.051,JAN,74,41,46,39,0,1.6510549,331.99216,29.275429,61.308784,89.05922,0,0,42,57.037632,74,8.689762,13.034643,NA,78,53.7,0.13
2023-10-18,0.049,JAN,79,44,47,41,0,3.910393,170.44087,27.687637,57.09494,89.15083,0,0,45,61.63148,78,13.034643,17.379524,NA,77.6,53.3,0.13
2023-10-19,0.046,JAN,82,52,58,47,0,5.561448,193.95334,40.674355,65.85795,89.67755,0,0,53,66.74677,80.88407,13.034643,17.379524,NA,77.2,52.8,0.13
2023-10-20,0.054,JAN,89,57,62,43,0,5.9090385,268.17947,21.632462,54.128372,96.522835,0,0,57,71.98081,85.57713,15.641572,21.724405,NA,76.8,52.4,0.13
2023-10-21,0.052,JAN,89,48,50,39,0,2.2593381,199.10684,18.408981,50.05834,82.85773,0,0,50,67.327156,84.464340000000007,10.427715,13.90362,NA,76.5,52,0.13
2023-10-22,0.067,JAN,92,57,55,48,0,0.8655052,343.70676,23.629341,52.051044,77.551506,0,0,59,71.78396,86.7784,6.082834,8.689762,NA,76.1,51.5,0.13
2023-10-23,0.06,JAN,92,61,60,47,0,5.2138577,148.23354,22.054173,49.06561,77.97277,0,0,64,75.66399,88.77451,11.296691,15.641572,NA,75.7,51.1,0.14
2023-10-24,0.049,JAN,87,63,61,49,0,8.515967,136.7353,29.056084,57.529198,83.7815,0,0,64,73.91163,84.575676,14.772596,25.200312,NA,75.3,50.7,0.13
2023-10-25,0.045,JAN,87,59,64,57,0,7.5600934,138.47694,40.137066,65.75388,93.09552,0,0,60,73.22682,85.4689,15.641572,22.593382,NA,74.9,50.3,0.14
2023-10-26,0.037,JAN,86,61,65,58,0,8.602865,151.33824,47.61275,67.74218,89.96762,0,0,62,74.7084,87.31296,18.2485,26.069286,NA,74.5,49.9,0.14
2023-10-27,0.041,JAN,89,69,68,61,0,5.300755,149.09744,46.25494,68.101494,93.37325,0,0,69.8,77.565544,88.31596,10.427715,13.90362,NA,74.1,49.5,0.13
2023-10-28,0.043,JAN,88,65,68,58,0,5.9090385,156.67613,37.508232,64.90686,90.08828,0,0,65,75.12049,86.37427,13.90362,19.986454,NA,73.7,49.1,0.13
2023-10-29,0.043,JAN,87,60,67,58,0,3.7365978,182.90396,41.290127,68.83964,93.236496,0,0,62,73.35122,84.64001,13.034643,18.2485,NA,73.3,48.7,0.13
2023-10-30,0.011,JAN,73,45,60,41,0.01,11.035998,340.46912,75.56758,82.05396,92.769646,0,0,38.22302,49.493732,68,15.641572,24.331335,NA,72.9,48.4,0.12
2023-10-31,0.026,JAN,59,40,39,22,0,11.296691,353.16934,24.609175,52.675953,79.35582,0,0,34.254147,44.555695,58,18.2485,25.200312,NA,72.5,48,0.13
2023-11-01,0.033,JAN,57,31,32,16,0,7.7338886,15.409989,20.457859,43.358467,69.16065,0,0,28.896242,40.704006,56,19.117477,27.80724,NA,72.2,47.6,0.13
2023-11-02,0.027,JAN,66,27,25,18,0,3.3890073,123.41778,16.198229,42.802628,77.98434,0,0,26.402206,46.243393,66,11.296691,15.641572,NA,71.8,47.3,0.14
2023-11-03,0.047,JAN,75,33,39,23,0,2.2593381,150.07048,20.341316,44.718433,69.39407,0,0,35,53.955116,74,8.689762,13.034643,NA,71.4,46.9,0.14
2023-11-04,0.05,JAN,79,42,47,35,0,1.2165667,103.374466,21.051098,53.752823,82.438446,0,0,42.600967,59.266243,78,6.95181,11.296691,NA,71,46.6,0.15
2023-11-05,0.053,JAN,80,43,45,39,0,1.390362,20.904919,26.638659,55.502853,82.438446,0,0,43.768723,60.86942,79.05819,10.427715,13.034643,NA,70.7,46.3,0.14
2023-11-06,0.051,JAN,84,47,51,43,0,3.910393,202.19594,30.666763,56.965454,82.78886,0,0,48,65.15548,81.27839,12.165668,17.379524,NA,70.3,45.9,0.14
2023-11-07,0.044,JAN,85,55,61,50,0,6.5173216,187.25905,35.718548,63.84043,89.592415,0,0,55,69.555626,83.05002,13.034643,18.2485,NA,69.9,45.6,0.15
2023-11-08,0.048,JAN,87,60,63,52,0,8.081479,186.53944,31.1269,65.350784,96.55186,0,0,61,72.037186,84.459,15.641572,25.200312,NA,69.6,45.3,0.14
2023-11-09,0.043,JAN,82,61,64,58,0,4.2579837,156.9506,45.50714,73.41191,100,0,0,61,70.78182,81.21911,8.689762,12.165668,NA,69.2,45,0.14
2023-11-10,0.029,JAN,67,57,58,54,0.33,7.7338886,14.921853,77.97277,90.18263,93.693306,0,0,56,58.923622,64,13.034643,18.2485,NA,68.9,44.7,0.15
2023-11-11,0.028,JAN,61,54,56,52,0.21,6.169731,40.518414,80.45798,87.80657,96.41831,0,0,54,57.512768,61,12.165668,17.379524,NA,68.5,44.5,0.14
2023-11-12,0.02,JAN,67,57,58,55,0,3.9965158,21.069407000000002,72.720665,82.57473,93.03791,0,0,58,61.756096,66,10.427715,13.90362,NA,68.2,44.2,0.14
2023-11-13,0.023,JAN,65,55,55,54,0,3.8234954,42.20973,67.52304,82.58343,93.008835,0,0,56,60.034843,65,10.427715,13.90362,NA,67.8,43.9,0.15
2023-11-14,0.033,JAN,66,55,54,45,0.48,5.300755,54.580914,48.42797,79.50175,96.41831,0,0,55,58.57561,66,11.296691,16.51055,NA,67.5,43.7,0.15
2023-11-15,0.034,JAN,63,54,57,52,0.21,6.256629,47.83205,77.88942,86.83853,96.41831,0,0,54,58.55122,63,14.772596,21.724405,NA,67.2,43.4,0.14
2023-11-16,0.029,JAN,71,58,60,53.6,1e-4,5.12696,102.60234,65.80526,81.006226,93.03791,0,0,58,63.767387,71,12.165668,16.51055,NA,66.9,43.2,0.15
2023-11-17,0.029,JAN,75,62,64,59,1e-4,3.7365978,298.43753,63.853218,83.249176,93.15243,0,0,62,66.82662,74,8.689762,13.034643,NA,66.5,43,0.15
2023-11-18,0.04,JAN,73,44,61,36,0,6.6911173,349.96344,28.964157,63.96359,93.180626,0,0,46,61.871273,72,14.772596,20.85543,NA,66.2,42.7,0.14
2023-11-19,0.041,JAN,71,37,41,30,0,0.95587385,128.83041,22.52057,60.57648,92.38751,0,0,37,52.26004,70,6.082834,8.689762,NA,65.9,42.5,0.15
2023-11-20,0.04,JAN,82,50,69,41,0.64,9.037353,160.67242,50.506157,72.62489,96.60884,0,0,50,66.80209,81.0261,20.85543,32.152122,NA,65.6,42.3,0.15
2023-11-21,0.022,JAN,64,49,62,45,0.01,7.125605,312.34338,86.004845,91.37617,100,0,0,43.949753,56.80804,63,14.772596,20.85543,NA,65.3,42.1,0.15
2023-11-22,0.031,JAN,58,40,44,38,0,5.300755,330.20367,50.879093,73.39793,92.58222,0,0,37.929947,48.36774,57,13.90362,17.379524,NA,65,41.9,0.14
2023-11-23,0.02,JAN,53,35,46,35,1e-4,1.2165667,171.49918,61.05819,81.1995,96.12703,0,0,37,45.952168,52,6.95181,7.820786,NA,64.8,41.7,0.14
2023-11-24,0.031,JAN,62,42,47,40,0.01,2.085543,356.52725,47.66166,75.86374,96.29303,0,0,42,51.671513,62,8.689762,12.165668,NA,64.5,41.6,0.15
2023-11-25,0.037,JAN,67,36,43,35,0,0.95587385,53.813274,38.3096,72.05205,96.19473,0,0,36,50.29779,65,6.95181,10.427715,NA,64.2,41.4,0.15
2023-11-26,0.034,JAN,62,40,53,32,0.09,6.169731,322.64325,60.07078,73.768524,92.92053,0,0,36.369637,52.95099,62,19.117477,26.938263,NA,63.9,41.2,0.15
2023-11-27,0.032,JAN,53,33,35,26,0,5.7352433,348.07108,36.191097,62.09932,85.10684,0,0,28.770514,39.49356,52,13.90362,18.2485,NA,63.7,41.1,0.16
2023-11-28,0.041,JAN,60,34,35,24,0,3.041417,339.4033,24.918776,59.24737,85.16928,0,NA,32.11811,44.924545,60,12.165668,17.379524,NA,63.4,40.9,0.15
2023-11-29,0.04,JAN,63,29,35,28,0,3.041417,171.31552,27.397694,60.00663,92.21943,0,NA,30,44.643616,63,8.689762,13.034643,NA,63.1,40.8,0.17
2023-11-30,0.043,JAN,64,37,55,31,0.1,8.689762,141.91847,44.095684,63.847942,93.008835,0,NA,37.83402,52.32928,63,18.2485,26.069286,NA,62.9,40.6,0.16
2023-12-01,0.029,JAN,77,57,67,55,0.5,4.431779,173.03888,66.382996,87.84185,96.58053,0,0,57,66.419235,76,17.379524,23.462358,NA,62.6,40.5,0.15
2023-12-02,0.022,JAN,69,60,67,59,0.05,3.7365978,355.90137,90.12802,95.0463,100,0,0,60,64.68125,69,17.379524,22.593382,NA,62.4,40.3,0.16
2023-12-03,0.034,JAN,71,49,58,41,0,3.910393,227.3364,37.31991,75.26596,93.09552,0,0,50,58.708015,70,6.95181,11.296691,NA,62.1,40.2,0.15
2023-12-04,0.041,JAN,66,46,45,27,0,5.2138577,300.89893,25.382587,58.232883,88.91966,0,0,40,53.379204,65,15.641572,25.200312,NA,61.9,40.1,0.16
2023-12-05,0.035,JAN,67,34,42,32,0,3.8234954,280.89786,28.026197,64.69111,96.12703,0,0,32.11811,49.23354,67,13.90362,19.117477,NA,61.7,39.9,0.16
2023-12-06,0.034,JAN,58,34,34,29,0,4.5186763,0.5390743,34.12077,59.659645,85.293015,0,0,31.552166,43.8285,58,13.90362,20.85543,NA,61.4,39.8,0.15
2023-12-07,0.033,JAN,62,30,36,28,0,5.0400624,168.89008,29.41168,63.13421,96.03984,0,0,32,44.57723,61,13.034643,16.51055,NA,61.2,39.7,0.16
2023-12-08,0.034,JAN,72,41,62,37,0.03,7.386298,168.09944,54.92109,78.85005,93.20864,0,0,40.265457,57.94438,71,18.2485,23.462358,NA,61,39.6,0.16
2023-12-09,0.034,JAN,78,54,65,50,1.07,10.167022,180.0977,62.12365,82.25371,96.4786,0,0,54,67.56335,78,19.117477,27.80724,NA,60.8,39.4,0.16
2023-12-10,0.035,JAN,55,32,51,29,1e-4,8.4290695,332.3671,41.110664,63.59817,92.89073,0,0,34,46.086075,55,17.379524,26.069286,NA,60.6,39.3,0.17
2023-12-11,0.035,JAN,57,27,35,15,0,1.2165667,49.23555,18.890837,62.23097,92.11594,0,0,28,40.72322,58,8.689762,14.772596,NA,60.4,39.2,0.16
2023-12-12,0.035,JAN,64,30,37,24,0,2.3462358,51.326263,23.212444,59.533905,88.48496,0,0,30,44.770863,63,10.427715,12.165668,NA,60.2,39.1,0.16
2023-12-13,0.037,JAN,63,34,33,28,0,4.5186763,48.610374,26.449018,49.875565,78.685776,0,0,32.756535,48.668354,63,10.427715,14.772596,NA,60,39,0.16
2023-12-14,0.039,JAN,69,39,35,25,0,5.387653,87.09025,21.03853,43.91002,72.95626,0,0,38.9772,54.039665,69,14.772596,22.593382,NA,59.8,38.9,0.17
2023-12-15,0.04,JAN,70,46,45,30,0,7.0387077,115.600334,38.948692,53.374123,79.51862,0,0,46.004578,55.535007,69,18.2485,25.200312,NA,59.6,38.8,0.15
2023-12-16,0.026,JAN,56,51,53,43,0.14,2.6069288,90.97159,63.864666,81.52785,96.403,0,0,51.8,54.104730000000004,56,11.296691,15.641572,NA,59.4,38.6,0.17
2023-12-17,0.032,JAN,59,38,52,35,0.01,6.3435264,329.14694,41.921677,72.56967,96.38759,0,0,40,49.018894,58,14.772596,20.85543,NA,59.2,38.5,0.16
2023-12-18,0.035,JAN,62,34,40,27,0,5.4745502,338.89227,29.251516,62.3434,96.075066,0,0,34,46.11401,62,14.772596,20.85543,NA,59,38.4,0.17
2023-12-19,0.036,JAN,56,34,28,18,0,4.171086,49.942955,25.197979,46.212463,72.43028,0,0,28.770514,39.93176,55,11.296691,16.51055,NA,58.9,38.3,0.18
2023-12-20,0.036,JAN,61,31,31,20,0,2.9545193,125.557915,27.082565,51.818974,75.264336,0,0,28.688568,43.24207,60,12.165668,14.772596,NA,58.7,38.2,0.17
2023-12-21,0.032,JAN,61,33,40,28,0,1.9117477,142.5786,37.339615,63.473106,85.04402,0,0,29.831749,46.160385,60,7.820786,11.296691,NA,58.6,38.1,0.18
2023-12-22,0.038,JAN,70,45,51,41,0,3.5628026,139.82767,48.881634,69.02128,82.579834,0,0,44.936478,56.242752,69,8.689762,11.296691,NA,58.4,38,0.18
2023-12-23,0.04,JAN,72,50,55,46,1e-4,6.7780147,140.39238,50.88588,70.90647,96.356476,0,0,50,61.234146,71,13.034643,17.379524,NA,58.3,37.9,0.18
2023-12-24,0.035,JAN,64,59,59,48,0.67,9.993227,120.89064,64.48654,81.50961,93.12406,0,0,59,60.571346,64,18.2485,27.80724,NA,58.1,37.8,0.17
2023-12-25,0.028,JAN,63,47,60,40,0.83,7.125605,265.9903,72.42126,84.43854,96.50818,0,0,43.0629,56.66615,63,15.641572,19.986454,NA,58,37.7,0.18
2023-12-26,0.034,JAN,57,38,40,27,0,3.5628026,351.98254,32.58798,66.16261,88.96647,0,0,34.404476,43.70621,56,12.165668,16.51055,NA,57.9,37.6,0.17
2023-12-27,0.036,JAN,61,35,43,30,0,5.561448,261.00128,35.867504,65.09429,92.38751,0,0,35.547657,46.44605,60,14.772596,21.724405,NA,57.7,37.5,0.18
2023-12-28,0.032,JAN,49,28,29,25,0,4.9531646,295.0663,42.161484,62.23884,88.334496,0,0,28,36.263287,44.936478,13.034643,18.2485,NA,57.6,37.4,0.16
2023-12-29,0.035,JAN,53,33,32,27,0,5.7352433,261.40482,36.356266,63.158176,85.10684,0,0,28.58791,39.171616,53,13.90362,21.724405,NA,57.5,37.3,0.17
2023-12-30,0.03,JAN,56,27,32,24,0,1.3034644,240.08507,39.795464,72.061806,96.00415,0,0,22.972662,38.13414,55,7.820786,12.165668,NA,57.4,37.2,0.16
2023-12-31,0.047,JAN,66,28,36,27,0,3.9972906,198.09685,29.018476,64.36858,92.15066,0,0,25.084644,44.724113,66,11.296691,17.379524,NA,57.3,37.2,0.17
2024-01-01,0.031,JAN,54,35,37,26,0,7.5600934,2.494968,36.191097,62.582424,82.295395,0,0,29.654753,39.230427,53,15.641572,24.331335,NA,57.2,37.1,0.17
2024-01-02,0.029,JAN,53,25,29,22,0,2.6938264,37.455597,37.883747,66.382164,88.2837,0,0,21.581379,36.52331,53,7.820786,11.296691,NA,57.2,37,0.17
2024-01-03,0.03,JAN,55,30,33,26,0,2.8676217,28.154917,32.424477,63.733746,85.16928,0,0,30.923418,41.647568,55,13.034643,17.379524,NA,57.1,36.9,0.17
2024-01-04,0.033,JAN,56,26,33,24,0,4.344881,42.837822,39.958595,67.521484,92.15066,0,0,25.084644,39.603836,56,11.296691,16.51055,NA,57,36.8,0.17
2024-01-05,0.027,JAN,54,28,51.8,28,0.62,6.082834,105.17241,60.383842,81.85104,100,0,0,29.638048,44.32235,54,15.641572,22.593382,NA,57,36.8,0.18
2024-01-06,0.03,JAN,50,41,49,38,0,5.12696,273.03308,79.27372,87.05606,96.34077,0,0,35.19956,40.225662,50,13.90362,19.986454,NA,56.9,36.7,0.17
2024-01-07,0.035,JAN,59,34,40,29,0,2.1724405,220.88977,32.914146,71.78797,92.42049,0,0,33.26129,43.492638,58,7.820786,13.034643,NA,56.9,36.6,0.17
2024-01-08,0.033,JAN,58,34,56,30,1.29,11.991872,130.96904,56.017876,74.28024,96.44865,0,0,32.091175,48.40542,57,27.80724,40.841885,NA,56.9,36.6,0.18
2024-01-09,0.025,JAN,57,35,51,28,0.13,10.427715,255.76791,51.236607,69.17954,89.54945,0,0,33.17572,39.623825,54,21.724405,33.89007,NA,56.9,36.5,0.17
2024-01-10,0.035,JAN,57,30,31,23,0,6.8649125,193.08524,26.608856,55.25978,81.7061,0,0,24.32596,40.164143,57,12.165668,18.2485,NA,56.9,36.5,0.17
2024-01-11,0.04,JAN,70,41,55,32,0,9.732533,157.8842,56.54882,70.1099,89.19621,0,0,37.083782,55.9347,68,19.117477,25.200312,NA,56.9,36.4,0.17
2024-01-12,0.04,JAN,70,36,64,21,0.2,13.90362,235.56355,39.83199,68.15855,93.83344,0,0,29.654753,53.20866,69,26.069286,38.234955,NA,56.9,36.4,0.17
2024-01-13,0.036,JAN,55,26,26,19,0,4.344881,197.30888,25.041166,49.26903,78.0738,0,0,21.829481,38.36413,54,8.689762,13.034643,NA,56.9,36.4,0.17
2024-01-14,0.024,JAN,50,30,32,22,0,7.2994003,356.3472,49.650097,64.289505,78.513435,0,0,21.026966,33.007366,46.004578,12.165668,15.641572,NA,57,36.3,0.17
2024-01-15,0.032,JAN,34,19,25,15,0.09,8.515967,341.295,66.19526,79.63894,91.97475,0.1,0,3.9266334,16.959192,25.997986,15.641572,23.462358,NA,57,36.3,0.18
2024-01-16,0.041,JAN,27,15,14,8,1e-4,12.07877,341.0097,46.084503,65.1329,84.0537,1e-4,1e-4,-0.21071091,6.674392,14.717327,17.379524,26.069286,NA,57,36.3,0.18
2024-01-17,0.038,JAN,42,10,14,2,0,2.9545193,147.99542,20.189548,50.195625,79.93247,0,0,4.681764,21.957441,36.96829,7.820786,12.165668,NA,57.1,36.3,0.16
2024-01-18,0.031,JAN,56,27,51.8,13,0.02,8.602865,167.15677,43.13158,66.666504,96.372086,0,0,22.001665,41.95395,56,15.641572,20.85543,NA,57.2,36.3,0.17
2024-01-19,0.042,JAN,47,26,40,15,0,10.688408,343.45062,39.789883,66.90701,92.45325,0,0,14.365282,29.298553,40.158573,20.85543,26.938263,NA,57.3,36.3,0.17
2024-01-20,0.037,JAN,36,22,57.2,9,0,9.211148,4.929816,32.03328,53.04898,67.95633,0,0,11.092852,18.614264,75.2,14.772596,21.724405,NA,57.3,36.4,0.17
2024-01-21,0.037,JAN,46,19,15,8,0,4.5186763,59.038486,23.469233,43.666527,65.03456,0,0,12.1439705,26.136381,42.391476,8.689762,12.165668,NA,57.4,36.4,0.18
2024-01-22,0.038,JAN,62,32,46,12,0,9.211148,125.21373,35.369717,52.547737,71.49519,0,0,27.244137,46.634514,62,15.641572,24.331335,NA,57.5,36.4,0.17
2024-01-23,0.032,JAN,65,53,61,49,0.16,11.644281,137.33826,78.05567,86.076836,92.95015,0,0,53,59.976307,65,20.85543,29.545193,NA,57.7,36.5,0.18
2024-01-24,0.022,JAN,65,62,64,61,4.04,5.8221407,134.82124,90.00808,95.385605,100,0,0,62,63.852684000000004,65,19.986454,29.545193,NA,57.8,36.5,0.18
2024-01-25,0.023,JAN,67,55,65,55,1.74,5.0400624,181.47578,89.926926,94.968506,100,0,0,55,62.2308,67,26.938263,37.36598,NA,57.9,36.6,0.18
2024-01-26,0.025,JAN,65,53,62.6,53,0.1,3.3890073,50.827583,86.82612,94.02995,100,0,0,54,60.786064,65,11.296691,13.034643,NA,58,36.7,0.17
2024-01-27,0.028,JAN,67,49,63,44,1.09,8.77666,235.83856,80.305756,88.01611,96.55186,0,0,46.004578,58.004044,67,18.2485,26.069286,NA,58.2,36.7,0.18
2024-01-28,0.024,JAN,49,34,43,34,0,6.256629,314.63623,68.017075,80.616325,96.0925,0,0,35,41.09441,44.80021,13.90362,21.724405,NA,58.3,36.8,0.19
2024-01-29,0.034,JAN,61,31,41,29,0,1.9986453,342.8834,36.030277,74.0707,96.19473,0,0,31,43.237213,60,10.427715,16.51055,NA,58.5,36.9,0.18
2024-01-30,0.048,JAN,74,35,44,33,0,3.6497002,231.95836,32.714195,63.021294,88.77747,0,0,33.26129,53.419514,73,13.034643,17.379524,NA,58.7,37,0.19
2024-01-31,0.038,JAN,64,38,42,36,0,3.215212,359.44095,36.516518,67.648636,92.4858,0,0,37.83402,49.333843,63,11.296691,14.772596,NA,58.8,37.2,0.19
2024-02-01,0.035,JAN,65,32,41,31,0,2.3462358,172.9592,35.257378,67.68938,92.35433,0,0,33,48.433697,64,8.689762,12.165668,NA,59,37.3,0.19
2024-02-02,0.047,JAN,74,39,45,36,0,2.5200312,151.84937,30.12045,61.443985,88.96647,0,0,40,55.57063,73,7.820786,11.296691,NA,59.2,37.4,0.18
2024-02-03,0.048,JAN,61,46,49,41,0.62,6.5173216,119.15123,51.480362,72.994484,92.8002,0,0,48,53.923344,61,26.938263,39.10393,NA,59.4,37.5,0.18
2024-02-04,0.042,JAN,63,47,51,44,0.81,6.7780147,48.740616,64.7313,86.155525,100,0,0,40.328983,52.15863,62,13.90362,23.462358,NA,59.6,37.7,0.18
2024-02-05,0.037,JAN,64,43,45,39,0.03,11.122896,355.8526,49.84159,72.98909,89.19621,0,0,38.92947,49.76804,63,18.2485,26.069286,NA,59.8,37.9,0.18
2024-02-06,0.045,JAN,66,38,40,31,0,3.910393,346.79837,26.916317,60.304016,92.51814,0,0,35.59444,49.84028,66,11.296691,15.641572,NA,60,38,0.18
2024-02-07,0.044,JAN,70,34,45,32,0,5.387653,155.49438,28.495932,59.52938,88.825165,0,0,35,53.427177,70,13.90362,19.986454,NA,60.2,38.2,0.18
2024-02-08,0.044,JAN,69,48,56,42,0,8.255275,156.46704,56.54882,71.5611,86.11859,0,0,45.397057,59.684196,68,18.2485,26.938263,NA,60.4,38.4,0.19
2024-02-09,0.034,JAN,75,61,60,56,0,5.4745502,174.24657,59.46271,78.76792,89.926926,0,0,61,65.65854,74,13.034643,17.379524,NA,60.6,38.5,0.19
2024-02-10,0.039,JAN,73,59,63,57,0.65,9.037353,165.63283,63.732018,80.77688,96.522835,0,0,59,66.9508,73,20.85543,29.545193,NA,60.9,38.7,0.19
2024-02-11,0.033,JAN,73,57,66,55,2.84,5.387653,58.96307,78.7032,92.69648,96.4786,0,0,57,59.84326,73,25.200312,39.972908,NA,61.1,38.9,0.18
2024-02-12,0.027,JAN,60,45,58,38,0.01,9.298046,277.44308,73.66942,85.32157,96.4786,0,0,39.504143,49.956123,60,19.117477,30.41417,NA,61.3,39.1,0.19
2024-02-13,0.039,JAN,60,37,38,31,0,4.0841885,333.0981,34.447094,63.089153,85.41526,0,0,38.01617,46.259308,59,13.90362,19.986454,NA,61.6,39.3,0.18
2024-02-14,0.042,JAN,67,33,41,32,0,3.3890073,152.5154,28.026197,61.732204,92.32093,0,0,34,48.83159,66,8.689762,13.034643,NA,61.8,39.6,0.18
2024-02-15,0.05,JAN,72,40,50,36,0,1.7379525,214.33649,38.62991,66.93104,92.51814,0,0,41,55.819645,71,8.689762,13.90362,NA,62,39.8,0.18
2024-02-16,0.043,JAN,69,51,54,48,0,5.9090385,190.48016,54.63909,72.295006,86.230995,0,0,52,60.311497,69,17.379524,22.593382,NA,62.3,40,0.18
2024-02-17,0.038,JAN,56,35,44,26,1e-4,12.42636,353.09955,47.036674,67.27472,85.71448,0,0,29.238117,33.493645,50,19.986454,27.80724,NA,62.5,40.2,0.18
2024-02-18,0.044,JAN,54,30,25,14,0,5.8221407,5.8843865,22.823488,45.1476,74.96806,0,0,25.997986,36.775948,53,13.034643,18.2485,NA,62.8,40.4,0.17
2024-02-19,0.042,JAN,62,26,33,18,0,1.4772596,190.06668,19.31932,53.394005,84.6589,0,0,27,42.77101,61,8.689762,11.296691,NA,63,40.7,0.18
2024-02-20,0.055,JAN,72,35,43,28,0,2.8676217,219.50717,32.39807,60.731636,79.51862,0,0,31.145733,51.38596,71,8.689762,15.641572,NA,63.3,40.9,0.18
2024-02-21,0.055,JAN,77,43,56,39,0,8.689762,182.85358,40.05229,62.753437,85.947464,0,0,41.834225000000004,61.59463,76,18.2485,24.331335,NA,63.5,41.1,0.17
2024-02-22,0.046,JAN,73,56,59,51,0,10.688408,200.85014,53.232204,67.69521,83.32886,0,0,57,65.77021,73,21.724405,33.0211,NA,63.8,41.4,0.18
2024-02-23,0.051,JAN,74,44,61,34,0,7.212503,334.68387,28.964157,58.394993,93.0668,0,0,45,62.25923,72,17.379524,24.331335,NA,64,41.6,0.18
2024-02-24,0.047,JAN,74,44,37,28,0,5.387653,308.98364,19.38873,43.275467,67.66354,0,0,44,57.367336,72,17.379524,26.069286,NA,64.3,41.8,0.19
2024-02-25,0.059,JAN,79,37,39,31,0,7.4731956,184.67548,18.063227,44.666004,82.07766,0,0,38,59.570732,79,18.2485,25.200312,NA,64.5,42.1,0.18
2024-02-26,0.054,JAN,80,52,60,39,0,11.296691,190.72205,48.58757,63.4042,77.46588,0,0,54,67.19791,79,18.2485,26.069286,NA,64.8,42.3,0.19
2024-02-27,0.047,JAN,85,63,62,55,0,13.382235,191.16998,38.56975,62.644855,86.77358,0,0,63,72.95093,84.075134,21.724405,30.41417,NA,65.1,42.6,0.19
2024-02-28,0.04,JAN,77,49,66,23,1e-4,13.295337,315.91537,34.38734,58.776707,80.533455,0,0,50,62.36864,76,24.331335,32.152122,NA,65.3,42.8,0.18
2024-02-29,0.039,JAN,55,46,28,16,1e-4,7.386298,49.315563,22.823488,33.527794,42.32526,0,NA,40.921917,47.42913,54,13.034643,19.117477,NA,65.4,42.9,0.18
2024-03-01,0.027,JAN,55,44,51.8,28,0.42,4.0841885,26.26624,42.32526,86.0019,100,0,0,38.435047,47.893475,55,11.296691,15.641572,NA,65.6,43,0.19
2024-03-02,0.032,JAN,70,50,54,49,0,3.9972906,97.23615,54.63909,82.89542,96.372086,0,0,50,56.949474,70,12.165668,15.641572,NA,65.8,43.3,0.18
2024-03-03,0.03,JAN,78,56,63,54,0,6.430424,157.58545,55.89117,80.11735,96.49344,0,0,56,66.92753,78,12.165668,16.51055,NA,66.1,43.5,0.18
2024-03-06,0.024,JAN,76,54,62,54,0,3.910393,354.44702,59.593224,84.71012,100,0,0,54,63.72725,75,12.165668,15.641572,NA,66.9,44.2,0.19
2024-03-07,0.037,JAN,76,58,58,53,0,5.6483455,125.804184,44.748047,71.01825,100,0,0,58,67.036934,76,11.296691,13.90362,NA,67.1,44.5,0.19
2024-03-08,0.036,JAN,67,59,64,55,3.76,6.169731,109.102425,70.03135,86.86602,100,0,0,59,63.20279,67,19.986454,26.069286,NA,67.4,44.7,0.18
2024-03-09,0.029,JAN,66,47,59,43,0,7.994581,327.20087,66.94687,79.413086,96.49344,0,0,47,57.9154,65,15.641572,25.200312,NA,67.7,44.9,0.17
2024-03-10,0.047,JAN,65,41,43,27,0,3.7365978,357.781,24.50736,59.92257,96.21139,0,0,41,52.087845,64,13.034643,17.379524,NA,67.9,45.1,0.17
2024-03-11,0.049,JAN,69,41,40,29,0,1.9986453,64.62095,23.967903,49.79102,85.65535,0,0,42.600967,54.24822,67,8.689762,13.034643,NA,68.2,45.4,0.18
2024-03-12,0.054,JAN,75,43,49,38,0,4.7793694,182.42532,31.631916,56.91219,82.64991,0,0,42.600967,58.862537,74,13.90362,19.117477,NA,68.4,45.6,0.17
2024-03-13,0.042,JAN,78,57,62,51,0,7.907684,173.3439,55.89117,73.64181,89.71974,0,0,57,67.14634,78,13.90362,19.986454,NA,68.7,45.8,0.17
2024-03-14,0.03,JAN,83,58,69,55,0,9.037353,159.82764,60.49182,79.25718,89.76167,0,0,58,70.330505,84.519356,15.641572,21.724405,NA,68.9,46,0.17
2024-03-15,0.031,JAN,75,58,69,58,0.43,5.561448,57.613785,70.45523,87.63798,96.4786,0,0,59,66.45752,74,15.641572,23.462358,NA,69.2,46.2,0.18
2024-03-16,0.034,JAN,68,57,60,55,0.05,3.910393,354.9592,70.24432,85.87629,100,0,0,57,61.582554,68,10.427715,15.641572,NA,69.4,46.5,0.18
2024-03-17,0.044,JAN,66,56,58,43,1,4.7793694,12.417847,61.586952,86.15758,96.4786,0,0,56,59.252266,64,13.034643,16.51055,NA,69.7,46.7,0.18
2024-03-18,0.046,JAN,58,41,45,27,0,9.732533,337.42258,33.7932,49.448753,66.47594,0,0,37.574005,51.590694,57,22.593382,32.152122,NA,69.9,46.9,0.18
2024-03-19,0.049,JAN,63,31,35,22,0,1.9986453,250.96059,24.201614,50.10125,84.98082,0,0,28.688568,46.23781,62,8.689762,12.165668,NA,70.2,47.1,0.18
2024-03-20,0.053,JAN,74,38,44,31,0,2.6069288,217.3813,24.04996,52.477093000000004,76.1241,0,0,36.76219,56.11058,74,8.689762,12.165668,NA,70.4,47.3,0.18
2024-03-21,0.052,JAN,74,46,50,41,0,3.9972906,153.53505,31.47478,58.21089,82.78886,0,0,46,60.37447,73,12.165668,19.986454,NA,70.7,47.5,0.19
2024-03-22,0.043,JAN,67,55,59,45,0.11,6.256629,171.2728,55.567047,76.633125,93.12406,0,0,55,59.756096,66,18.2485,25.200312,NA,70.9,47.7,0.18
2024-03-23,0.046,JAN,68,47,54,43,1e-4,9.732533,340.75403,41.88299,70.76305,92.97958,0,0,47.271988,58.16975,68,17.379524,21.724405,NA,71.2,47.9,0.21
2024-03-24,0.047,JAN,69,45,52,38,0,7.646991,138.20671,38.62991,57.264637,82.71959,0,0,44.209446,57.358524,69,15.641572,21.724405,NA,71.4,48.1,0.19
2024-03-25,0.045,JAN,71,57,66,49,2.33,14.25121,140.08,58.127365,80.31077,100,0,0,59,65.32125,71,26.938263,43.44881,NA,71.7,48.3,0.2
2024-03-26,0.045,JAN,74,50,55,45,0.23,3.3021097,183.88318,42.354446,74.62671,96.41831,0,0,54,60.52842,73,13.90362,17.379524,NA,71.9,48.5,0.18
2024-03-27,0.043,JAN,65,48,46,38,0,6.7780147,359.15274,39.511284,64.221214,89.3307,0,0,44.281822,54.486538,64,13.034643,20.85543,NA,72.1,48.7,0.17
2024-03-28,0.051,JAN,71,41,41,30,0,3.7365978,4.888904,22.668,52.04597,82.367134,0,0,39.459003,55.149937,71,12.165668,18.2485,NA,72.4,49,0.19
2024-03-29,0.053,JAN,76,40,42,35,0,4.0841885,180.84062,22.49441,51.43502,85.65535,0,0,42,59.939373,76,13.034643,19.117477,NA,72.6,49.2,0.18
2024-03-30,0.054,JAN,80,51,58,43,0,7.386298,190.32854,41.87687,59.792366,79.91771,0,0,51,66.646805,78,13.034643,20.85543,NA,72.8,49.4,0.19
2024-03-31,0.044,JAN,78,62,65,59,0,7.646991,176.08379,59.981537,77.029884,93.180626,0,0,63,70.28641,78,13.90362,19.117477,NA,73.1,49.6,0.2
2024-04-01,0.041,JAN,81,67,68,65,0,9.645637,168.80348,62.37048,78.50056,93.34623,0,0,67,74.057526,82.06959,139.0362,139.0362,NA,73.3,49.8,0.21
2024-04-02,0.041,JAN,84,58,69,51,0.02,11.209793,193.75195,52.65683,73.090935,90.167534,0,0,63,74.570435,82.85369,26.069286,35.628025,NA,73.5,50,0.21
2024-04-03,0.049,JAN,69,45,46,29,0,8.950456,301.68475,26.604907999999998,49.831886,71.17694,0,0,50,59.07735,68,20.85543,30.41417,NA,73.7,50.2,0.2
2024-04-04,0.055,JAN,74,38,40,28,0,5.7352433,286.02072,18.744658,48.637497,85.47583,0,0,38.9772,57.103985,74,19.117477,27.80724,NA,74,50.4,0.21
2024-04-05,0.057,JAN,76,41,42,33,0,2.9545193,5.5634937,24.04996,49.69404,82.295395,0,0,41.433212,58.47735,75,10.427715,16.51055,NA,74.2,50.7,0.2
2024-04-06,0.05,JAN,76,50,49,37,0,4.7793694,105.30683,32.87187,51.616302,66.94687,0,0,50,61.6439,75,11.296691,14.772596,NA,74.4,50.9,0.21
2024-04-07,0.055,JAN,80,53,63,49,0,9.211148,178.02289,48.58757,72.05246,93.09552,0,0,53,68.0977,79,17.379524,24.331335,NA,74.6,51.1,0.2
2024-04-08,0.044,JAN,75,62,67,59,0.74,8.689762,159.8277,61.62358,82.92372,93.20864,0,0,62,68.78467,74,18.2485,26.938263,NA,74.8,51.3,0.22
2024-04-09,0.039,JAN,72,62,66,60,4.64,8.515967,108.9378,81.33681,90.488174,100,0,0,62,66.2531,71,21.724405,31.283144,NA,75.1,51.6,0.21
2024-04-10,0.045,JAN,69,62,66,59,2,9.384943,101.11558,81.19433,90.65734,100,0,0,62,66.13226,69,37.36598,51.2696,NA,75.3,51.8,0.22
2024-04-11,0.051,JAN,74,56,65,42,0.01,10.524042,278.9678,36.37812,66.21117,93.291695,0,0,55.4,63.913727,74,20.85543,32.152122,NA,75.5,52.1,0.21
2024-04-12,0.053,JAN,77,45,46,32,0,3.910393,311.24728,21.471603000000002,50.300507,85.831665,0,0,44.693104,61.709815999999996,76,17.379524,28.676216,NA,75.7,52.3,0.21
2024-04-13,0.06,JAN,85,48,54,45,0,3.1283145,219.54158,27.394836,57.18236,89.28615,0,0,48,65.957825,81.08572,11.296691,16.51055,NA,75.9,52.5,0.21
2024-04-14,0.054,JAN,83,57,60,50,0,8.168377,185.76158,31.831554,60.48707,86.45185,0,0,57,69.30699,81.3885,18.2485,25.200312,NA,76.2,52.8,0.22
2024-04-15,0.047,JAN,83,59,64,55,0,6.6042194,173.48022,47.316795,69.990005,93.09552,0,0,59,71.31566,83.45924,13.034643,16.51055,NA,76.4,53,0.21
2024-04-16,0.044,JAN,85,68,66.2,62,0,10.514612,170.31943,47.61275,72.09132,90.12802,0,0,68,74.870224,85.92426,19.986454,26.938263,NA,76.6,53.3,0.2
2024-04-17,0.033,JAN,78,69,69,66,0,6.169731,175.48346,73.780556,82.94499,90.24586,0,0,69,73.27708,77,13.90362,19.986454,NA,76.8,53.6,0.2
2024-04-18,0.028,JAN,78,67,69,67,1e-4,6.3435264,147.50116,71.37922,84.415886,93.40011,0,0,69,73.12404,78,13.90362,19.117477,NA,77,53.8,0.2
2024-04-19,0.036,JAN,86,68,71,65,1e-4,4.605574,282.52985,49.610336,81.3381,96.62286,0,0,68,75.33337,87.7787,14.772596,17.379524,NA,77.3,54.1,0.2
2024-04-20,0.034,JAN,69,53,68,51,0.46,8.342172,11.41727,86.34207,91.92281,96.60884,0,0,55,61.917072,70,18.2485,25.200312,NA,77.5,54.4,0.2
2024-04-21,0.047,JAN,66,48,52,40,0.61,9.384943,355.03622,41.40766,67.60704,96.38759,0,0,51,57.18662,66,18.2485,25.200312,NA,77.7,54.6,0.18
2024-04-22,0.054,JAN,70,40,46,34,0,2.4331334,30.175144,28.495932,59.161,92.51814,0,0,41,55.435665,69,12.165668,18.2485,NA,77.9,54.9,0.17
2024-04-23,0.056,JAN,76,42,49,41,0,5.4745502,180.89247,33.029274,58.90898,92.58222,0,0,43,61.221603,76,13.90362,20.85543,NA,78.1,55.2,0.17
2024-04-24,0.052,JAN,81,56,64,50,1e-4,2.5200312,210.46207,52.4755,70.77865,93.20864,0,0,57,69.12367,82.04111,8.689762,12.165668,NA,78.4,55.5,0.18
2024-04-25,0.051,JAN,85,59,65,57,0,4.431779,165.44652,47.61275,70.55175,93.180626,0,0,60,72.97168,85.361824,12.165668,15.641572,NA,78.6,55.8,0.18
2024-04-26,0.051,JAN,85,62,65,56,0,10.25392,161.05869,39.829975,66.636955,93.26418,0,0,62,73.15983,83.74889,19.986454,28.676216,NA,78.8,56.1,0.18
2024-04-27,0.052,JAN,85,67,66,58,0,11.904975,149.56328,49.320526,67.253654,90.167534,0,0,69,76.032715,84.986984,20.85543,31.283144,NA,79.1,56.4,0.16
2024-04-28,0.037,JAN,85,66,71,59,0.4,9.298046,148.50272,58.692406,79.15039,90.28468,0,0,66,72.900116,87.17958,14.772596,21.724405,NA,79.3,56.7,0.17
2024-04-29,0.044,JAN,75,62,66,61,0.22,3.9972906,151.06062,71.075714,87.642426,96.56624,0,0,63,68.8439,75,15.641572,21.724405,NA,79.5,57,0.15
2024-04-30,0.044,JAN,84,59,65,59,0,2.2593381,25.64041,49.028793,77.323044,100,0,0,59,71.30291,84.069214,10.427715,13.90362,NA,79.8,57.3,0.15
2024-05-01,0.055,JAN,89,59,66,55,0,3.215212,103.036835,32.600224,65.4929,96.50818,0,0,60,74.88851,87.057205,7.820786,11.296691,NA,80,57.6,0.15
2024-05-02,0.03,JAN,82,66,70,61,1e-4,6.3435264,160.1586,62.37048,80.895294,100,0,0,67,73.92693,82.31628,13.90362,17.379524,NA,80.3,57.9,0.15
2024-05-03,0.033,JAN,81,64,71,63,0.31,4.7793694,174.88916,66.94765,89.71211,96.65066,0,0,65,71.77282,84.122116,21.724405,29.545193,NA,80.5,58.2,0.14
2024-05-04,0.046,JAN,88,60,70,60,0,2.1724405,204.37842,47.906834,76.60499,100,0,0,60,74.88029,89.33795,7.820786,13.034643,NA,80.7,58.5,0.15
2024-05-05,0.029,JAN,82,67,71,66,0,4.605574,172.68394,66.94765,83.229645,93.40011,0,0,68,75.0729,84.50432,12.165668,14.772596,NA,81,58.8,0.14
2024-05-06,0.034,JAN,87,68,71,67,0,6.6042194,177.31503,55.044296,78.62011,96.62286,0,0,69,78.544014,90.72519,13.034643,19.986454,NA,81.2,59.1,0.15
2024-05-07,0.03,JAN,86,74,73,70,0,8.863558,181.05653,65.15156,79.06791,90.36164,0,0,74,81.29536,90.94671,17.379524,22.593382,NA,81.5,59.4,0.14
2024-05-08,0.036,JAN,91,76,74,70,0,11.122896,177.57982,57.363544,74.14444,87.48222,0,0,76,85.33614,98.29539,19.117477,27.80724,NA,81.8,59.7,0.14
2024-05-09,0.038,JAN,91,68,77,67,0.65,NA,181.09259,63.4554,79.83799,96.62286,0,0,69,87.25922,101.775444,33.89007,52.138573,NA,82,60,0.13
2024-05-10,0.057,JAN,84,65,70,52,0,7.2994003,345.1511,35.40816,63.581566,100,0,0,67,74.55836,82.10649,17.379524,22.593382,NA,82.3,60.3,0.14
2024-05-11,0.054,JAN,82,59,61,52,0,4.171086,12.297504,36.579586,59.844475,86.87835,0,0,61,70.682236,80.45996,12.165668,17.379524,NA,82.5,60.6,0.13
2024-05-12,0.039,JAN,73,64,67,59,0.48,3.6497002,140.7479,63.732018,82.34821,96.60884,0,0,65,68.17004,73,10.427715,13.034643,NA,82.8,61,0.13
2024-05-13,0.041,JAN,78,63,69,60,1.41,8.77666,146.21257,71.37922,87.025505,100,0,0,64,69.30049,78,30.41417,40.841885,NA,83,61.3,0.13
2024-05-14,0.048,JAN,83,65,68,63,0,4.605574,231.6874,54.49604,79.22174,96.59473,0,0,65,72.80928,83.47163,11.296691,16.51055,NA,83.3,61.6,0.13
2024-05-15,0.059,JAN,86,62,64,58,0,3.9972906,297.9369,41.290127,68.0987,93.236496,0,0,63,74.496155,85.205284,13.034643,20.85543,NA,83.6,61.9,0.14
2024-05-16,0.057,JAN,87,63,74,61,0.38,3.215212,115.42999,47.760025,74.8003,100,0,0,65,76.023796,88.282074,15.641572,26.069286,NA,83.8,62.2,0.14
2024-05-17,0.044,JAN,78,68,71,65,0.03,3.8234954,148.26137,78.939026,87.94692,96.66443,0,0,69,72.46837,77,14.772596,18.2485,NA,84.1,62.5,0.14
2024-05-18,0.052,JAN,88,66,70,65,0,3.475905,306.39767,49.75452,74.4448,100,0,0,66,78.33781,91.00733,10.427715,16.51055,NA,84.3,62.8,0.13
2024-05-19,0.054,JAN,89,64,66,61,0,2.4331334,3.2545698,39.18333,68.88004,93.291695,0,0,65,77.58494,89.85202,12.165668,14.772596,NA,84.6,63.1,0.14
2024-05-20,0.053,JAN,91,66,70,61,0,3.041417,135.07735,40.594883,66.296455,90.08828,0,0,66,79.22826,91.442345,8.689762,11.296691,NA,84.9,63.4,0.13
2024-05-21,0.041,JAN,88,69,71,65,0,8.081479,156.00858,53.316578,70.74057,90.28468,0,0,70,80.56124,90.53047,15.641572,21.724405,NA,85.1,63.7,0.14
2024-05-22,0.04,JAN,89,68,71,67,0,7.212503,169.31699,54.908,71.77882,93.37325,0,0,69,81.58742,93.10589,13.90362,19.986454,NA,85.4,63.9,0.14
2024-05-23,0.042,JAN,89,68,73,65,1.36,6.6911173,160.0245,55.315365,75.150314,100,0,0,68,81.363396,93.10589,24.331335,31.283144,NA,85.6,64.2,0.14
2024-05-24,0.037,JAN,90,75,74,69.8,0,6.169731,187.80508,52.23055,72.11018,90.47541,0,0,76,85.69409,94.84554,13.90362,19.986454,NA,85.9,64.5,0.14
2024-05-25,0.035,JAN,92,73,75.2,72,0,7.0387077,192.38283,57.363544,73.27338,93.53201,0,0,74,88.492195,100.67702,13.90362,19.117477,NA,86.1,64.8,0.14
2024-05-26,0.037,JAN,91,75,75,71,0,10.427715,188.07013,55.71818,73.91397,94.14301,0,0,75,87.36508,99.5694,19.986454,28.676216,NA,86.3,65.1,0.13
2024-05-27,0.053,JAN,94,73,76,65,0.01,5.0400624,252.09338,39.942245,71.34797,96.718666,0,0,75,86.77919,99.78598,17.379524,26.069286,NA,86.6,65.3,0.15
2024-05-28,0.053,JAN,94,67,70,56,0,3.5628026,3.957207,28.8969,64.38105,96.60884,0,0,68,81.36884,92.58132,11.296691,17.379524,NA,86.8,65.6,0.15
2024-05-29,0.047,JAN,89,66,70,61,0.23,2.9545193,119.85661,43.251743,75.8685,93.4268,0,0,67,74.903854,88.86393,12.165668,19.986454,NA,87,65.9,0.16
2024-05-30,0.042,JAN,82,68,70,66,0.81,5.561448,116.72999,62.615204,81.88317,96.65066,0,0,68,74.64226,84.92029,13.034643,17.379524,NA,87.3,66.1,0.15
2024-05-31,0.04,JAN,84,70,71,66,1.65,6.3435264,148.26636,62.857838,86.54279,100,0,0,69.8,74.25992,88.31077,26.069286,33.0211,NA,87.5,66.4,0.15
2024-06-01,0.047,JAN,88,71,72,68,0.96,4.431779,225.39417,55.044296,79.135635,100,0,0,71,78.69492,89.41204,15.641572,22.593382,NA,87.7,66.6,0.15
2024-06-02,0.047,JAN,90,70,73,68,1e-4,4.5186763,191.24109,51.790493,75.01825,93.37325,0,0,70,80.47015,93.51322,10.427715,13.034643,NA,87.9,66.9,0.15
2024-06-03,0.049,JAN,89,68,74,66,0.65,6.6042194,175.71964,55.315365,80.91141,96.60884,0,0,68,81.844696,96.73301,24.331335,33.89007,NA,88.1,67.1,0.15
2024-06-04,0.04,JAN,88,66,74,65,1.49,7.0387077,178.49428,59.07925,83.35413,100,0,0,66,75.91468,94.78818,15.641572,26.938263,NA,88.3,67.3,0.15
2024-06-05,0.033,JAN,87,66,76,65,0.13,7.820786,187.12422,65.26648,83.274956,96.60884,0,0,66,77.559006,93.09395,19.117477,25.200312,NA,88.5,67.6,0.14
2024-06-06,0.044,JAN,91,71,73,69,0,3.9972906,352.58298,50.326485,75.453575,96.678116,0,0,71,83.40454,97.2908,12.165668,17.379524,NA,88.7,67.8,0.15
2024-06-07,0.055,JAN,91,66,71,56,0,3.5628026,2.2011614,32.753235,62.4644,96.65066,0,0,69,79.430565,89.916626,10.427715,13.90362,NA,88.9,68,0.14
2024-06-08,0.06,JAN,93,62,69,59,0,2.5200312,158.39758,33.210785,63.78235,93.20864,0,0,63,78.26362,91.51092,10.427715,13.90362,NA,89,68.2,0.15
2024-06-09,0.051,JAN,95,71,75,67,0,3.3021097,241.19627,49.064594,69.99573,90.24586,0,0,71,87.45221,104.55775,8.689762,13.90362,NA,89.2,68.4,0.14
2024-06-10,0.043,JAN,89,72,73,61,0,5.561448,16.4867,54.079453,70.94193,93.47972,0,0,73,83.602646,95.725685,13.90362,19.117477,NA,89.4,68.6,0.16
2024-06-11,0.048,JAN,87,68,64,56,0,6.082834,28.891762,34.896873,56.506153,84.09401,0,0,69,77.79412,86.7015,13.034643,19.117477,NA,89.5,68.8,0.15
2024-06-12,0.057,JAN,87,64,63,56,0,2.2593381,20.741537,38.723682,59.622826,83.90756,0,0,66,75.392494,85.18287,11.296691,13.90362,NA,89.6,69,0.15
2024-06-13,0.057,JAN,90,62,65,59,0,2.780724,17.503342,36.48911,63.30704,90.0483,0,0,63,77.41443,89.432045,8.689762,13.034643,NA,89.8,69.2,0.15
2024-06-14,0.058,JAN,95,66,69,62,0,1.9117477,45.292416,36.94768,63.41989,93.319046,0,0,67,81.75389,94.73823,8.689762,12.165668,NA,89.9,69.4,0.15
2024-06-15,0.05,JAN,97,71,75,66,0,2.9545193,114.8997,39.942245,64.84761,93.4268,0,0,71,88.159904,101.879944,10.427715,16.51055,NA,90.1,69.5,0.14
2024-06-16,0.038,JAN,95,73,75,69,1e-4,5.8221407,131.00095,47.42801,72.12358,90.51289,0,0,73,85.26371,102.29239,26.938263,34.75905,NA,90.2,69.7,0.15
2024-06-17,0.018,JAN,90,74,76,71,0.41,5.995936,143.05014,65.03612,86.05584,93.55792,0,0,74,80.91884,97.814644,21.724405,31.283144,NA,90.3,69.8,0.15
2024-06-18,0.026,JAN,82,74,74,71,0.02,4.9531646,89.99305,76.61518,84.8233,93.47972,0,0,74,78.37899,87.995636,10.427715,14.772596,NA,90.4,70,0.15
2024-06-19,0.032,JAN,89,76,74,68,0,6.5173216,81.61804,59.20717,73.009254,84.57616,0,0,76,83.97842,96.73301,14.772596,24.331335,NA,90.5,70.2,0.15
2024-06-20,0.046,JAN,91,73,71,63,0,6.256629,77.63294,40.74673,65.34634,90.32327,0,0,73,82.53257,92.59112,13.034643,23.462358,NA,90.6,70.3,0.14
2024-06-21,0.047,JAN,95,71,73,66,0,2.9545193,72.87217,42.502663,68.15259,93.40011,0,0,71,84.48983,97.42824,10.427715,13.90362,NA,90.7,70.4,0.15
2024-06-22,0.051,JAN,95,68,72,64,0,1.4772596,179.23767,38.424847,64.24085,90.24586,0,0,70,84.63127,96.4826,7.820786,12.165668,NA,90.8,70.6,0.15
2024-06-23,0.047,JAN,97,73,74,69,0,2.6069288,264.98907,42.950794,64.79719,87.433464,0,0,74,89.23968,102.792206,11.296691,13.90362,NA,90.9,70.7,0.14
2024-06-24,0.037,JAN,94,76,79,72,0.02,3.041417,218.25432,59.8391,75.785515,87.48222,0,0,77,88.01165,108.76715,11.296691,14.772596,NA,91,70.8,0.15
2024-06-25,0.047,JAN,99,73,76,70,0,1.8248501,262.63376,40.54287,69.23239,96.69171,0,0,73,92.298065,107.36799,8.689762,11.296691,NA,91,70.9,0.14
2024-06-26,0.026,JAN,95,76,77,72,0.42,5.995936,227.28407,50.609615,74.41742,93.55792,0,0,76,93.145706,104.506775,15.641572,23.462358,NA,91.1,71.1,0.14
2024-06-27,0.041,JAN,88,75,76,72,0.06,4.431779,300.69748,69.69592,83.05702,93.53201,0,0,75,83.56109,93.49899,13.90362,18.2485,NA,91.2,71.2,0.15
2024-06-28,0.047,JAN,94,74,77,71,1e-4,3.6497002,226.25235,42.30341,73.79156,100,0,0,74,90.14769,112.11524,13.034643,16.51055,NA,91.2,71.3,0.15
2024-06-29,0.024,JAN,93,77,79,74,0.03,5.2138577,191.15298,57.88357,81.16074,93.55792,0,0,77,88.87004,105.828156,15.641572,19.117477,NA,91.3,71.4,0.14
2024-06-30,0.029,JAN,96,76,78,72,0.42,4.0841885,295.71857,50.609615,74.83579,93.63474,0,0,78,92.033356,108.48535,27.80724,46.05574,NA,91.4,71.5,0.16
2024-07-01,0.045,JAN,95,76,78,72,0,5.7352433,4.445254,52.486885,73.58075,93.58368,0,0,77,92.720924,109.94281,13.90362,17.379524,NA,91.4,71.5,0.16
2024-07-02,0.058,JAN,98,71,73,66,0,3.6497002,121.64425,39.02912,60.437847,90.39978,0,0,71,89.76877,103.11338,11.296691,14.772596,NA,91.5,71.6,0.15
2024-07-03,0.051,JAN,97,80,79,75,1e-4,3.3890073,133.66885,51.1702,75.81325,93.63474,0,0,86.51116,97.75985,111.28134,11.296691,15.641572,NA,91.5,71.7,0.16
2024-07-04,0.039,JAN,95,78,80,75,0.17,4.171086,180.67274,56.116493,82.05811,93.60928,0,0,78,94.17196,110.39284,19.117477,22.593382,NA,91.6,71.8,0.16
2024-07-05,0.026,JAN,95,77,80,75,0.16,4.5186763,208.60724,58.01232,87.12116,94.26866,0,0,78,89.545135,112.13127,15.641572,23.462358,NA,91.6,71.8,0.16
2024-07-06,0.045,JAN,94,77,76,69,1e-4,5.0400624,14.53701,44.297813,69.245155,96.732025,0,0,77,88.93116,100.840866,11.296691,14.772596,NA,91.7,71.9,0.16
2024-07-07,0.039,JAN,93,78,78,71,1e-4,1.9986453,92.12892,61.731087,76.958916,90.550156,0,0,78,90.031105,105.97048,11.296691,13.034643,NA,91.7,72,0.16
2024-07-08,0.021,JAN,95,76,77,72,1e-4,8.342172,152.37434,49.064594,72.857,93.55792,0,0,77,92.03398,103.385605,17.379524,22.593382,NA,91.8,72,0.16
2024-07-09,0.032,JAN,91,75,77,69,0.05,9.037353,216.65738,51.93074,72.35659,93.60928,0,0,78,88.553894,95.487274,19.986454,26.938263,NA,91.8,72.1,0.16
2024-07-10,0.048,JAN,94,70,72,66,0,2.2593381,11.111821,42.502663,66.518875,93.45335,0,0,71,84.906586,96.67863,8.689762,15.641572,NA,91.9,72.1,0.16
2024-07-11,0.059,JAN,96,71,71,59,0,2.3462358,355.32867,32.344296,60.700287,93.40011,0,0,71,84.76138,95.89831,12.165668,15.641572,NA,91.9,72.2,0.15
2024-07-12,0.068,JAN,97,71,71,65,0,2.6069288,27.921762,37.554646,60.371574,87.28552,0,0,72,86.36493,99.50044,7.820786,12.165668,NA,92,72.2,0.16
2024-07-13,0.051,JAN,97,74,74,69,0,2.2593381,274.61905,43.24755,66.03278,90.39978,0,0,75,90.232895,106.090836,13.90362,17.379524,NA,92,72.2,0.17
2024-07-14,0.039,JAN,95,76,75,70,0,3.3890073,250.23332,47.42801,68.73546,84.63493,0,0,77,89.93437,104.50276,12.165668,14.772596,NA,92,72.3,0.16
2024-07-15,0.029,JAN,98,75,75,68,0,4.0841885,227.6218,40.243282,64.46094,90.47541,0,0,76,91.547165,103.552925,12.165668,15.641572,NA,92.1,72.3,0.16
2024-07-16,0.024,JAN,98,76,76,70,0,4.8662667,206.29846,44.408447,68.4169,90.437706,0,0,76,89.99631,105.40376,12.165668,16.51055,NA,92.1,72.3,0.16
2024-07-17,0.032,JAN,97,76,76,70,0,5.6483455,211.34947,43.09937,72.540794,90.51289,0,0,77,90.06336,104.55775,15.641572,20.85543,NA,92.2,72.4,0.16
2024-07-18,0.039,JAN,94,73,75,70,0.39,4.8662667,165.85074,48.921494,79.4868,96.70523,0,0,73,82.21506,100.53279,25.200312,32.152122,NA,92.2,72.4,0.17
2024-07-19,0.032,JAN,87,74,76,71,0.11,3.3890073,151.00038,62.97838,83.99302,96.718666,0,0,74,81.15633,93.49899,13.90362,19.117477,NA,92.3,72.4,0.16
2024-07-20,0.038,JAN,91,74,75,72,0.01,3.1283145,235.53496,55.58441,78.6957,96.70523,0,0,74,83.93515,98.29539,7.820786,10.427715,NA,92.3,72.4,0.17
2024-07-21,0.039,JAN,89,73,76,72,2.39,4.9531646,156.05273,59.33457,87.38359,100,0,0,73,79.641045,97.01554,19.117477,22.593382,NA,92.3,72.4,0.16
2024-07-22,0.042,JAN,91,73,75,70,0.07,3.5628026,198.15652,55.315365,83.571365,96.718666,0,0,73,81.1355,95.725685,18.2485,21.724405,NA,92.4,72.4,0.16
2024-07-23,0.028,JAN,89,74,78,72,0.78,2.1724405,199.3748,63.33691,87.771225,96.718666,0,0,74,80.55374,96.73301,12.165668,18.2485,NA,92.4,72.4,0.18
2024-07-24,0.022,JAN,86,75,76,71,0.47,1.6510549,11.924354,71.678345,90.58769,96.718666,0,0,75,77.59013,85.80902,11.296691,13.90362,NA,92.4,72.4,0.17
2024-07-25,0.025,JAN,87,73,78,69,0.1,2.9545193,279.168,56.96819,84.33777,100,0,0,74,80.7995,92.69164,11.296691,14.772596,NA,92.5,72.4,0.17
2024-07-26,0.021,JAN,87,73,76,71,1.11,3.3890073,53.145977,67.39018,87.6099,96.732025,0,0,73,79.49801,94.004166,13.034643,17.379524,NA,92.5,72.4,0.16
2024-07-27,0.028,JAN,90,73,78,73,1e-4,1.5641572,189.93015,59.461464,85.58442,100,0,0,74,84.95595,101.775444,7.820786,10.427715,NA,92.5,72.4,0.16
2024-07-28,0.022,JAN,91,77,78,75,1e-4,4.2579837,228.77725,65.60822,83.197975,96.74529,0,0,77,89.70504,101.68144,8.689762,15.641572,NA,92.6,72.4,0.17
2024-07-29,0.019,JAN,95,77,79,73,0,3.910393,220.08087,52.348576,77.42551,96.74529,0,0,77,93.363655,104.50276,11.296691,21.724405,NA,92.6,72.4,0.16
2024-07-30,0.024,JAN,95,78,78,70,0,3.9972906,246.06699,45.839485,70.92498,96.75849,0,0,78,90.73229,102.29239,11.296691,14.772596,NA,92.6,72.4,0.16
2024-07-31,0.027,JAN,97,77,76,72,0,2.4331334,240.00003,46.1317,69.50594,87.5789,0,0,77,91.90433,104.81905,8.689762,13.034643,NA,92.6,72.4,0.16
2024-08-01,0.032,JAN,96,75,74,67,0,1.6510549,252.16635,41.350338,66.09301,87.48222,0,0,76,89.58565,102.11232,10.427715,13.034643,NA,92.7,72.4,0.17
2024-08-02,0.034,JAN,94,75,76,70,0,4.344881,246.02055,52.486885,67.98674,84.45763,0,0,75,91.132866,105.828156,13.034643,17.379524,NA,92.7,72.3,0.16
2024-08-03,0.052,JAN,95,78,75,67,0,4.171086,5.1281223,40.092945,63.324444,90.51289,0,0,78,91.19642,100.65528,11.296691,14.772596,NA,92.7,72.3,0.17
2024-08-04,0.052,JAN,96,74,71,66,0,4.5186763,38.167595,39.942245,60.78226,84.39787,0,0,74,88.76903,99.44013,11.296691,16.51055,NA,92.7,72.3,0.16
2024-08-05,0.04,JAN,98,77,74,70,0,3.215212,14.037688,41.79904,63.132214,79.09418,0,0,78,92.24423,104.81905,11.296691,13.90362,NA,92.7,72.3,0.16
2024-08-06,0.039,JAN,98,75,74,64,0,3.6497002,318.53598,36.119045,61.516106,87.48222,0,0,76,89.59444,102.25048,13.034643,19.986454,NA,92.7,72.2,0.17
2024-08-07,0.058,JAN,99,72,74,67,0,4.8662667,314.18698,37.70558,61.71666,87.28552,0,0,73,89.66328,103.11338,13.034643,17.379524,NA,92.7,72.2,0.16
2024-08-08,0.048,JAN,91,71,70,65,0,6.3435264,344.99496,45.249863,65.42894,84.337776,0,0,72,81.395874,92.59112,18.2485,26.069286,NA,92.7,72.1,0.16
2024-08-09,0.055,JAN,93,73,70,64,0,7.820786,353.41162,40.898205,60.804977,81.61716,0,0,75,84.39449,94.837,15.641572,20.85543,NA,92.7,72.1,0.16
2024-08-10,0.046,JAN,93,75,69,57,0,6.8649125,5.9648495,31.889462,57.174023,76.27315,0,0,76,83.52151,93.70633,12.165668,19.117477,NA,92.7,72.1,0.16
2024-08-11,0.047,JAN,94,68,65,59,0,4.0841885,7.04352,33.362804,53.077087,75.65738,0,0,69,81.800354,93.19582,11.296691,14.772596,NA,92.6,72,0.15
2024-08-12,0.063,JAN,98,71,69,63,0,1.7379525,39.47319,33.81732,54.80803,76.27315,0,0,73,86.21623,99.34776,7.820786,14.772596,NA,92.6,71.9,0.15
2024-08-13,0.054,JAN,99,74,71,66,0,1.4772596,353.00656,36.421604,59.359222,81.686295,0,0,75,89.525505,102.663,10.427715,13.90362,NA,92.6,71.9,0.16
2024-08-14,0.044,JAN,99,76,75,69,0.18,3.041417,320.56735,39.329197,72.8952,90.47541,0,0,75.2,85.2492,106.55125,31.283144,39.972908,NA,92.5,71.8,0.15
2024-08-15,0.051,JAN,99,74,76,72,0.03,2.6069288,207.48343,47.86052,76.12895,90.437706,0,0,75,86.22028,108.44245,18.2485,26.938263,NA,92.5,71.8,0.16
2024-08-16,0.043,JAN,99,75,77,71,0.06,2.9545193,197.63307,44.886402,73.82473,90.437706,0,0,75,88.6881,108.51581,17.379524,24.331335,NA,92.4,71.7,0.15
2024-08-17,0.05,JAN,100,76,76,64,0,5.0400624,248.93248,32.94747,65.33494,87.48222,0,0,77,91.03936,107.22693,13.034643,18.2485,NA,92.4,71.6,0.16
2024-08-18,0.049,JAN,100,75,74,70,0.22,3.910393,269.61447,39.329197,64.979164,87.48222,0,0,76,92.500206,108.65001,26.069286,39.972908,NA,92.3,71.5,0.15
2024-08-19,0.045,JAN,93,75,73,63,0,5.7352433,339.21738,42.502663,63.751404,87.48222,0,0,75,84.56915,95.51728,13.034643,19.986454,NA,92.2,71.4,0.16
2024-08-20,0.055,JAN,91,71,66,59,0,6.5173216,359.4808,34.26513,55.210487,71.177376,0,0,72,80.70652,90.26729,14.772596,20.85543,NA,92.2,71.4,0.15
2024-08-21,0.061,JAN,92,69,64,54,0,4.605574,10.792835,28.597689,53.569008,78.46361,0,0,70,79.62092,91.29997,10.427715,15.641572,NA,92.1,71.3,0.14
2024-08-22,0.064,JAN,95,65,65,58,0,3.3021097,82.00446,32.192917,52.85481,78.22015,0,0,66,80.96701,95.39941,10.427715,16.51055,NA,92,71.2,0.16
2024-08-23,0.046,JAN,94,73,70,60,0,6.6042194,112.40627,39.63976,57.12594,81.477745,0,0,73,84.62641,95.98263,12.165668,19.117477,NA,91.9,71.1,0.15
2024-08-24,0.055,JAN,93,68,65,57,0,5.12696,93.707825,29.960917,49.416378,70.45523,0,0,69,81.48106,91.69304,10.427715,14.772596,NA,91.8,70.9,0.14
2024-08-25,0.044,JAN,96,70,68,62,0,3.8234954,94.55566,37.25181,56.02121,78.46361,0,0,70,84.729065,97.64224,12.165668,16.51055,NA,91.7,70.8,0.14
2024-08-26,0.054,JAN,98,69,67,54,0,2.6069288,78.86646,23.752026,51.88826,87.135025,0,0,70,83.09098,95.22787,10.427715,13.90362,NA,91.6,70.7,0.14
2024-08-27,0.053,JAN,99,71,70,58,0,1.2165667,27.784096,27.457,54.937794,81.33681,0,0,71,85.183525,97.58396,8.689762,13.034643,NA,91.5,70.6,0.14
2024-08-28,0.043,JAN,100,73,76,64,0.53,3.475905,102.6187,34.119038,65.58835,84.51706,0,0,73,85.33772,103.88759,19.117477,29.545193,NA,91.3,70.4,0.12
2024-08-29,0.028,JAN,95,74,76,70,0.03,3.3021097,129.96547,44.445583,80.57365,93.47972,0,0,74,82.24989,102.11232,22.593382,30.41417,NA,91.2,70.3,0.13
2024-08-30,0.028,JAN,92,74,75,71,0.1,3.6497002,118.6284,53.730354,82.91546,90.51289,0,0,74,80.681625,99.5694,18.2485,26.069286,NA,91.1,70.1,0.13
2024-08-31,0.022,JAN,83,74,76,71,0.06,3.475905,116.66398,74.33456,85.40639,90.51289,0,0,75,79.77166,89.596756,10.427715,13.90362,NA,90.9,69.9,0.13
2024-09-01,0.03,JAN,92,74,74,69,1e-4,3.6497002,56.395836,50.184208,72.20806,93.47972,0,0,74,85.463486,98.537895,13.034643,17.379524,NA,90.8,69.8,0.12
2024-09-02,0.041,JAN,96,74,70,64,0,7.0387077,14.114729,38.727673,62.53307,87.33512,0,0,74,85.671616,98.31543,13.90362,19.117477,NA,90.6,69.6,0.13
2024-09-03,0.049,JAN,97,73,71,61,0,6.082834,35.370434,32.495445,54.66792,76.01197,0,0,73,86.60382,99.03971,11.296691,15.641572,NA,90.5,69.4,0.12
2024-09-04,0.039,JAN,92,78,72,68,1e-4,6.256629,92.70903,46.991474,64.15564,81.823456,0,0,78,86.33655,95.8553,14.772596,20.85543,NA,90.3,69.2,0.12
2024-09-05,0.029,JAN,83,75,73,64,0.2,5.995936,60.106678,62.37048,75.25167,90.39978,0,0,75,77.93856,86.547714,10.427715,14.772596,NA,90.1,69,0.11
2024-09-06,0.032,JAN,76,69,72,65,1.53,6.6911173,43.31427,76.18654,87.65166,94.10022,0,0,69,72.39289,76,15.641572,26.069286,NA,90,68.8,0.12
2024-09-07,0.037,JAN,84,68,68,54,0,7.5600934,12.251575,52.757877,72.86044,90.167534,0,0,68,75.26932,86.67311,13.90362,20.85543,NA,89.8,68.6,0.12
2024-09-08,0.044,JAN,84,60,55,46,0,6.7780147,14.011996,27.394836,50.03363,80.60851,0,0,61,70.928795,81.08572,13.90362,19.117477,NA,89.6,68.3,0.12
2024-09-09,0.048,JAN,91,58,67,48,0,5.2138577,30.924171,40.594883,56.7168,80.60851,0,0,61,75.308586,90.93201,10.427715,14.772596,NA,89.4,68.1,0.12
2024-09-10,0.027,JAN,82,69,70,65,1e-4,5.6483455,82.593704,64.80371,76.037605,90.20681,0,0,69,77.48232,86.219925,12.165668,17.379524,NA,89.2,67.9,0.12
2024-09-11,0.03,JAN,79,70,71,63,0.14,7.386298,75.15938,68.52628,77.42049,90.36164,0,0,70,74.1324,79,17.379524,26.938263,NA,89,67.6,0.12
2024-09-12,0.027,JAN,78,69,71,66,2.91,10.427715,242.27022,76.27315,87.2238,93.45335,0,0,69,72.78399,77,22.593382,35.628025,NA,88.8,67.3,0.13
2024-09-13,0.037,JAN,83,67,69,64,1e-4,3.7365978,240.0311,56.433846,77.63003,93.40011,0,0,68,74.64636,83.796616,12.165668,17.379524,NA,88.6,67.1,0.13
2024-09-14,0.036,JAN,85,69,70,67,0,2.6938264,31.96667,62.615204,79.60253,90.28468,0,0,71,76.12909,87.07531,13.034643,17.379524,NA,88.4,66.8,0.12
2024-09-15,0.029,JAN,83,69,71,67,0,3.215212,1.4990017,62.493107,81.15857,93.4268,0,0,70,76.160286,85.80995,8.689762,11.296691,NA,88.1,66.5,0.12
2024-09-16,0.033,JAN,87,70,73,67,0.39,3.215212,65.216545,54.908,82.7444,94.10022,0,0,70,76.66717,87.74726,12.165668,15.641572,NA,87.9,66.2,0.11
2024-09-17,0.031,JAN,87,70,71,68,0,2.780724,43.1863,55.044296,80.92321,93.40011,0,0,71,77.519226,90.04422,10.427715,13.034643,NA,87.7,65.9,0.11
2024-09-18,0.041,JAN,90,67,73,65,0,1.390362,6.3920293,45.249863,73.50809,93.45335,0,0,68,79.635185,93.9306,10.427715,13.034643,NA,87.4,65.5,0.12
2024-09-19,0.045,JAN,91,68,68,65,0,1.8248501,11.599379,43.702557,69.43055,90.20681,0,0,69,79.07203,92.11493,12.165668,14.772596,NA,87.2,65.2,0.11
2024-09-20,0.048,JAN,92,65,71,63,0,0.695181,25.261995,44.00102,70.31267,93.26418,0,0,66,79.80667,95.51728,8.689762,14.772596,NA,86.9,64.9,0.1
2024-09-21,0.049,JAN,93,68,72,65,0,1.6510549,139.55905,39.791183,69.75785,93.37325,0,0,69,81.661575,95.33688,7.820786,12.165668,NA,86.6,64.5,0.11
2024-09-22,0.053,JAN,93,70,71,66,0,1.6510549,186.04022,42.502663,68.89794,90.20681,0,0,70,82.09508,95.084656,6.082834,8.689762,NA,86.4,64.2,0.1
2024-09-23,0.046,JAN,92,70,72,63,0,2.6938264,190.4602,40.74673,68.99599,90.24586,0,0,71,81.44675,95.51728,12.165668,15.641572,NA,86.1,63.8,0.11
2024-09-24,0.045,JAN,91,71,74,67,1e-4,4.2579837,220.85214,48.633907,71.08825,90.24586,0,0,71,82.53805,95.8553,13.034643,22.593382,NA,85.8,63.4,0.1
2024-09-25,0.037,JAN,82,70,70,65,0.56,3.8234954,35.36159,56.433846,80.82509,93.4268,0,0,71,75.37647,84.92029,8.689762,12.165668,NA,85.5,63.1,0.11
2024-09-26,0.044,JAN,83,65,67,56,0,9.384943,0.12103468,44.049816,66.49147,90.20681,0,0,65,73.73204,83.45924,17.379524,26.938263,NA,85.3,62.7,0.12
2024-09-27,0.048,JAN,83,63,60,55,1e-4,8.950456,282.5238,46.71927,60.75857,77.88942,0,0,63,72.44541,81.40442,19.117477,26.938263,NA,85,62.3,0.11
2024-09-28,0.05,JAN,85,63,62,54,0,5.995936,277.48578,37.200005,60.191513,86.77358,0,0,63,74.315674,83.84719,13.034643,19.117477,NA,84.7,61.9,0.11
2024-09-29,0.04,JAN,84,62,65,59,0,2.8676217,304.0332,50.79502,71.625114,89.88598,0,0,62,73.40939,84.069214,10.427715,13.90362,NA,84.4,61.5,0.12
2024-09-30,0.038,JAN,90,62,66,62,0,1.3034644,350.55017,47.760025,74.228714,96.53739,0,0,63,73.984436,86.32868,8.689762,12.165668,NA,84,61.1,0.12
2024-10-01,0.043,JAN,87,66,70,64,0,3.5628026,11.330632,51.0819,74.70492,90.167534,0,0,67,75.852264,88.282074,12.165668,16.51055,NA,83.7,60.7,0.12
2024-10-02,0.052,JAN,87,65,65,60,0,4.431779,5.2386913,44.50309,70.004715,93.26418,0,0,65,74.348366,86.88242,10.427715,14.772596,NA,83.4,60.3,0.13
2024-10-03,0.045,JAN,89,62,65,59,0,2.6938264,104.16185,40.442654,66.88066,89.926926,0,0,62,75.466866,88.02221,10.427715,14.772596,NA,83.1,59.8,0.12
2024-10-04,0.036,JAN,85,69,71,65,0,3.910393,88.59106,60.618076,75.18536,90.24586,0,0,70,77.87654,88.94071,13.90362,19.986454,NA,82.7,59.4,0.12
2024-10-05,0.047,JAN,89,66,67,61,0,3.7365978,79.270836,39.18333,70.73154,90.20681,0,0,66,76.70734,89.432045,13.034643,17.379524,NA,82.4,59,0.13
2024-10-06,0.045,JAN,89,65,66,62,0,4.6924715,53.54433,40.594883,68.58503,90.12802,0,0,66,76.621826,89.432045,13.90362,24.331335,NA,82.1,58.5,0.11
2024-10-07,0.05,JAN,89,62,67,51,0,5.9090385,0.9756286,38.56975,63.4506,93.180626,0,0,62,74.564224,88.86393,13.90362,19.986454,NA,81.7,58.1,0.12
2024-10-08,0.051,JAN,82,56,52,45,0,7.386298,1.6851459,29.08021,54.585983,77.551506,0,0,58,67.97164,79.755165,13.90362,19.117477,NA,81.4,57.7,0.11
2024-10-09,0.063,JAN,85,54,59,50,0,6.169731,0.92757833,41.290127,60.73302,83.19618,0,0,55,70.027916,83.49648,13.034643,18.2485,NA,81,57.2,0.11
2024-10-10,0.051,JAN,85,57,56,47,0,4.171086,13.905845,26.674143,55.12917,86.50626,0,0,58,69.49949,82.60614,12.165668,14.772596,NA,80.6,56.8,0.1
2024-10-11,0.061,JAN,86,53,54,48,0,2.3463414,13.309469,27.696404,60.01568,86.397125,0,0,54,68.11299,82.71472,11.296691,14.772596,NA,80.3,56.3,0.1
2024-10-12,0.068,JAN,87,53,57,49,0,1.390362,171.95601,27.846981,62.668377,86.45185,0,0,54,67.97296,83.49065,6.95181,8.689762,NA,79.9,55.9,0.11
2024-10-13,0.064,JAN,89,58,64,54,0,4.5186763,205.76335,39.03047,64.98528,83.71794,0,0,59,73.269066,87.65036,12.165668,15.641572,NA,79.5,55.5,0.11
2024-10-14,0.046,JAN,79,55,64,36,0,5.387653,14.314252,22.640036,53.260086,87.03324,0,0,56,69.149826,78,17.379524,22.593382,NA,79.2,55,0.11
2024-10-15,0.049,JAN,79,53,45,36,0,6.3435264,21.687445,21.193176,44.07928,68.93446,0,0,54,65.567245,79,19.986454,29.545193,NA,78.8,54.6,0.11
2024-10-16,0.038,JAN,67,46,36,29,0,9.471841,24.08133,24.812849,42.36496,60.383842,0,0,42.165348,55.387344,66,18.2485,26.938263,NA,78.4,54.1,0.12
2024-10-17,0.043,JAN,70,41,41,34,0,3.041417,48.14051,28.495932,53.774593,82.438446,0,0,40.12038,54.259098,69,10.427715,15.641572,NA,78,53.7,0.13
2024-10-18,0.047,JAN,74,39,44,36,0,2.8676217,102.03193,28.002,59.052032,88.872559999999993,0,0,39,56.418816,74,12.165668,16.51055,NA,77.6,53.3,0.13
2024-10-19,0.049,JAN,78,46,49,41,0,3.1283145,77.97815,32.258068,57.766422,83.129265,0,0,48,61.41837,78,11.296691,16.51055,NA,77.2,52.8,0.13
2024-10-20,0.052,JAN,81,44,49,40,0,1.8248501,6.2222776,25.925247,63.696854,92.769646,0,0,45.836285,60.273193,79.129105,11.296691,14.772596,NA,76.8,52.4,0.13
2024-10-21,0.023,JAN,85,42,49,39,0,0.695181,32.689354,21.619581,62.95239,100,0,0,45,61.688496,80.736534,7.820786,10.427715,NA,76.5,52,0.13
2024-10-22,0.039,JAN,85,46,49,41,0,1.4772596,151.26483,22.766487,56.36452,85.831665,0,0,46,63.018684,81.424934,7.820786,11.296691,NA,76.1,51.5,0.13
2024-10-23,0.036,JAN,87,48,53,44,0,1.3034644,331.9864,23.054197,58.66325,83.061966,0,0,50,65.27804,83.27621,6.95181,9.558739,NA,75.7,51.1,0.14
2024-10-24,0.06,JAN,88,51,57,48,0,1.8248501,163.5716,31.831554,60.95787,86.230995,0,0,52,67.97022,84.25748,7.820786,11.296691,NA,75.3,50.7,0.13
2024-10-25,0.046,JAN,87,53,60,51,0,1.5641572,189.18175,30.973734,64.04166,89.63511,0,0,55,68.54912,83.1123,8.689762,11.296691,NA,74.9,50.3,0.14
2024-10-26,0.048,JAN,88,55,65,52,0,1.7379525,309.88593,37.661842,69.49958,92.52172,0,0,55,70.2955,87.94535,10.427715,13.034643,NA,74.5,49.9,0.14
2024-10-27,0.049,JAN,88,58,64,58,0,1.9986453,2.6507716,39.03047,74.49591,96.4786,0,0,59,70.017555,87.65036,10.427715,13.034643,NA,74.1,49.5,0.13
2024-10-28,0.051,JAN,87,58,65,53,0,5.0400624,166.20909,32.446968,65.94026,93.0668,0,0,59,71.82378,85.31375,13.90362,22.593382,NA,73.7,49.1,0.13
2024-10-29,0.044,JAN,86,58,68,56,0,8.081479,145.13876,44.352432,74.18737,100,0,0,59,70.38994,84.0226,17.379524,21.724405,NA,73.3,48.7,0.13
2024-10-30,0.043,JAN,87,61,69,57,0,9.298046,144.55972,48.053177,71.49425,89.88598,0,0,62,74.17518,88.80702,15.641572,26.069286,NA,72.9,48.4,0.12
2024-10-31,0.036,JAN,83,67,72,66,0.9,7.5600934,151.62038,67.05904,86.4098,100,0,0,67,74.13633,85.80995,17.379524,26.069286,NA,72.5,48,0.13
2024-11-01,0.02,JAN,77,67,71,66.2,1e-4,4.0841885,26.756475,81.686295,92.48659,100,0,0,67,71.0945,76,8.689762,11.296691,NA,72.2,47.6,0.13
2024-11-02,0.032,JAN,84,66,69.8,62,0,4.7793694,105.91843,49.1749,76.80578,100,0,0,68,74.605194,84.986984,13.034643,17.379524,NA,71.8,47.3,0.14
2024-11-03,0.035,JAN,85,62,69,61,0,7.646991,146.96649,54.633873,79.51606,96.60884,0,0,62,73.402176,86.67311,15.641572,23.462358,NA,71.4,46.9,0.14
2024-11-04,0.033,JAN,85,71,71,68,0,12.860848,144.10553,62.857838,78.55789,90.32327,0,0,71,77.71117,88.31077,19.986454,26.938263,NA,71,46.6,0.15
2024-11-05,0.033,JAN,87,71,73,67,0.89,9.906329,155.76247,54.908,83.44562,96.69171,0,0,71,76.18737,88.29644,19.117477,26.069286,NA,70.7,46.3,0.14
2024-11-06,0.027,JAN,84,69,73,70,0,4.862021,139.60118,67.16992,88.924355,100,0,0,70,76.594220000000007,89.61728,13.034643,18.2485,NA,70.3,45.9,0.14
2024-11-07,0.015,JAN,82,69,74,70,1e-4,4.6924715,25.250896,79.32386,91.65961,96.70523,0,0,71,75.95305,86.3021,13.90362,17.379524,NA,69.9,45.6,0.15
2024-11-08,0.019,JAN,78,71,71,69,1e-4,6.430424,53.165947,76.359314,87.76259,96.66443,0,0,71,73.821465,78,10.427715,18.2485,NA,69.6,45.3,0.14
2024-11-09,0.024,JAN,78,70,73,68,0.04,5.7352433,77.01307,78.860830000000007,90.16329,96.69171,0,0,70,73.64641,78,12.165668,18.2485,NA,69.2,45,0.14
2024-11-10,0.028,JAN,81,67,72,67,0.35,5.995936,149.38281,69.17177,90.611824,100,0,0,67,73.601364,83.45562,15.641572,22.593382,NA,68.9,44.7,0.15
2024-11-11,0.045,JAN,81,60,70,55,0,5.561448,10.582356,43.74547,74.54776,100,0,0,60,70.99684,81.40442,12.165668,17.379524,NA,68.5,44.5,0.14
2024-11-12,0.041,JAN,78,56,64,54,0.01,5.6483455,73.04117,48.43953,72.49549,93.26418,0,0,56,67.86899,78,11.296691,14.772596,NA,68.2,44.2,0.14
2024-11-13,0.02,JAN,73,65,72,65,1.17,8.689762,140.70227,90.24586,95.45915,100,0,0,65,70.66119,73,15.641572,22.593382,NA,67.8,43.9,0.15
2024-11-14,0.037,JAN,71,49,65,46,0,5.118467,330.51904,42.197723,75.27721,100,0,0,49,61.149128,70,13.034643,19.986454,NA,67.5,43.7,0.15
2024-11-15,0.033,JAN,71,44,51,45,0,2.6938264,22.36541,42.354446,78.00591,100,0,0,45,56.289894,71,11.296691,16.51055,NA,67.2,43.4,0.14
2024-11-16,0.035,JAN,74,43,54,43,0,2.6938264,134.66933,42.822014,76.865326,96.309044,0,0,43.549923,58.031467,74,7.820786,11.296691,NA,66.9,43.2,0.15
2024-11-17,0.04,JAN,79,53,63,52,0,6.169731,141.80026,56.027626,79.270676,96.46368,0,0,54,66.96516,79,12.165668,16.51055,NA,66.5,43,0.15
2024-11-18,0.04,JAN,82,62,71.6,61,0.29,10.60151,153.75644,54.357697,81.32435,100,0,0,63,71.74199,82.2832,21.724405,29.545193,NA,66.2,42.7,0.14
2024-11-19,0.043,JAN,78,55,72,56,1.42,2.9545193,307.489,57.771458,86.13269,100,0,0,57,68.1547,78,18.2485,26.938263,NA,65.9,42.5,0.15
2024-11-20,0.04,JAN,65,43,56,21,0,7.4731956,329.81885,20.456978,64.125786,100,0,0,43.549923,55.666893,64,22.593382,32.152122,NA,65.6,42.3,0.15
2024-11-21,0.041,JAN,67,38,39,24,0,5.8221407,305.91406,20.178642,47.97868,76.40133,0,0,39.459003,51.84718,66,20.85543,33.0211,NA,65.3,42.1,0.15
2024-11-22,0.029,JAN,60,39,40,32,0,4.427178,339.83832,42.08253,65.802444,96.1611,0,0,35.165268,45.923847,60,13.034643,16.51055,NA,65,41.9,0.14
2024-11-23,0.032,JAN,66,35,45,35,0,0.43448812,42.83087,36.354786,75.73831,100,0,0,36,47.98815,64,6.95181,10.427715,NA,64.8,41.7,0.14
2024-11-24,0.047,JAN,73,39,58,38,0,5.561448,175.54828,45.501644,77.30975,100,0,0,36.76219,56.301556,72,12.165668,19.986454,NA,64.5,41.6,0.15
2024-11-25,0.039,JAN,78,58,67,57,0.22,7.820786,187.46591,64.21361,83.07472,96.60884,0,0,59,68.17951,78,19.986454,26.069286,NA,64.2,41.4,0.15
2024-11-26,0.018,JAN,62,45,58,44,0,5.561448,357.53708,69.269226,83.60362,96.309044,0,0,44.209446,53.034214,62,12.165668,16.51055,NA,63.9,41.2,0.15
2024-11-27,0.026,JAN,72,42,68,42,0,8.689762,178.34229,81.050285,91.91481,100,0,0,41.26356,58.916668,72,17.379524,24.331335,NA,63.7,41.1,0.16
2024-11-28,0.033,JAN,73,47,68,38,1e-4,10.862203,342.29,52.900986,69.59569,90.24586,0,0,40.497173,54.617966,73,21.724405,28.676216,NA,63.4,40.9,0.15
2024-11-29,0.032,JAN,51,32,38,25,1e-4,7.4731956,6.580347,37.387806,66.17424,88.534485,0,0,32,39.42511,51,17.379524,23.462358,NA,63.1,40.8,0.17
2024-11-30,0.039,JAN,56,27,33,18,0,1.5641572,104.313126,23.989185,62.75142,92.080986,0,0,28,39.52987,56,11.296691,15.641572,NA,62.9,40.6,0.16
2024-12-01,0.042,JAN,63,30,38,26,0,2.9545193,342.26544,26.13689,63.468334,96.02206,0,0,31,44.86831,63,11.296691,14.772596,NA,62.6,40.5,0.15
2024-12-02,0.034,JAN,63,32,37,31,0,1.390362,2.1129584,33.401276,68.98925,92.38751,0,0,32.11811,44.51016,61,7.820786,12.165668,NA,62.4,40.3,0.16
2024-12-03,0.034,JAN,52,31,36,23,0,4.171086,21.713459,33.299572,65.40768,96.0925,0,0,29.14343,38.147217,52,13.90362,20.85543,NA,62.1,40.2,0.15
2024-12-04,0.026,JAN,57,30,56,26,0.13,5.6483455,183.31342,38.048283,74.604576,96.44865,0,0,27.420155,45.926754,57.2,19.117477,24.331335,NA,61.9,40.1,0.16
2024-12-05,0.038,JAN,59,33,57,17,0.21,8.602865,347.23532,31.93234,66.363266,100,0,0,24.222086,47.68993,58,15.641572,20.85543,NA,61.7,39.9,0.16
2024-12-06,0.027,JAN,49,29,28,12,0,6.430424,17.72139,28.6943,51.06114,84.98082,0,0,19.206057,30.737041,44.80021,13.90362,19.986454,NA,61.4,39.8,0.15
2024-12-07,0.031,JAN,60,30,41,13,0,1.9986453,132.24307,18.605707,58.628338,85.10684,0,0,29.755665,44.327198,59,11.296691,13.90362,NA,61.2,39.7,0.16
2024-12-08,0.033,JAN,65,49,63,37,0.96,8.515967,163.87923,56.45028,81.88593,100,0,0,47.271988,57.16505,65,19.986454,28.676216,NA,61,39.6,0.16
2024-12-09,0.02,JAN,72,65,68,63,0.09,7.0387077,180.32509,87.18548,93.48588,96.60884,0,0,65,68.249756,71,17.379524,26.069286,NA,60.8,39.4,0.16
2024-12-10,0.029,JAN,70,51,68,41,0.55,7.212503,302.0537,65.57043,83.703606,96.62286,0,0,52,63.788155,70,19.117477,25.200312,NA,60.6,39.3,0.17
2024-12-11,0.039,JAN,57,35,34,25,0,7.646991,314.668,31.105227,57.34279,85.23134,0,0,36,43.91749,56,22.593382,30.41417,NA,60.4,39.2,0.16
2024-12-12,0.035,JAN,58,30,34,23,0,2.4331334,136.67737,29.091158,65.095985,96.02206,0,0,31,42.65581,58,10.427715,13.034643,NA,60.2,39.1,0.16
2024-12-13,0.03,JAN,60,38,44,32,0,5.2138577,126.387405,49.386135,63.984764,82.150665,0,0,34.708565,49.848114,60,14.772596,20.85543,NA,60,39,0.16
2024-12-14,0.036,JAN,69,49,59,40,1e-4,11.644281,147.93604,60.857185,72.28691,83.7815,0,0,50,60.15749,68,19.986454,26.938263,NA,59.8,38.9,0.17
2024-12-15,0.033,JAN,75,62,66,59,0.07,8.255275,164.10072,63.97388,85.77895,100,0,0,62,67.31558,75,14.772596,19.986454,NA,59.6,38.8,0.15
2024-12-16,0.028,JAN,76,63,65,62,0,7.212503,161.6404,68.63514,87.42381,100,0,0,63,67.643906,75,13.90362,19.117477,NA,59.4,38.6,0.17
2024-12-17,0.028,JAN,77,60,66,60,0.06,3.475905,149.09334,71.177376,90.62455,100,0,0,61,67.245995,76,12.165668,17.379524,NA,59.2,38.5,0.16
2024-12-18,0.036,JAN,75,50,61,46,0.02,7.212503,340.82684,61.7494,85.741455,100,0,0,50,61.177002,75,18.2485,25.200312,NA,59,38.4,0.17
2024-12-19,0.029,JAN,59,38,46,36,0,3.910393,2.8992345,43.61851,77.88257,96.19473,0,0,38.9772,46.73304,58,12.165668,16.51055,NA,58.9,38.3,0.18
2024-12-20,0.033,JAN,62,36,43,28,0,8.081479,336.52487,34.772163,69.24932,96.17797,0,0,30.272263,42.807026,61,19.117477,26.069286,NA,58.7,38.2,0.17
2024-12-21,0.03,JAN,49,32,30,25,0,7.2994003,9.52597,40.45382,65.16907,88.534485,0,0,24.779064,33.55287,45.500744,14.772596,19.986454,NA,58.6,38.1,0.18
2024-12-22,0.035,JAN,56,29,32,25,0,2.1724405,63.934082,31.105227,65.05497,88.48496,0,0,27.420155,39.202328,55,7.820786,11.296691,NA,58.4,38,0.18
2024-12-23,0.039,JAN,62,31,38,28,0,4.605574,131.42177,30.802467,57.793472,88.534485,0,0,28.435831,45.45482,61,12.165668,16.51055,NA,58.3,37.9,0.18
2024-12-24,0.043,JAN,67,39,45,35,0,5.387653,130.34756,43.195915,62.80214,88.872559999999993,0,0,36.369637,52.82256,67,11.296691,15.641572,NA,58.1,37.8,0.17
2024-12-25,0.035,JAN,66,45,56,39,0.03,6.6042194,127.349915,58.85252,76.790405,92.92053,0,0,46.104233,55.82383,65,13.90362,18.2485,NA,58,37.7,0.18
2024-12-26,0.028,JAN,62,54,60.8,52,0.03,8.602865,119.11899,86.397125,91.21614,96.49344,0,0,54,57.450035,62.6,26.938263,35.628025,NA,57.9,37.6,0.17
2024-12-27,0.029,JAN,73,59,67,57,0.98,7.820786,168.81076,68.30702,89.628426,100,0,0,59,64.516235,72,26.938263,38.234955,NA,57.7,37.5,0.18
2024-12-28,0.039,JAN,71,57,67,55,0.57,10.60151,151.5754,86.56035,94.56331,100,0,0,57,65.71094,70,22.593382,32.152122,NA,57.6,37.4,0.16
2024-12-29,0.039,JAN,67,49,55,49,0,5.8221407,253.71643,56.410236,81.64641,100,0,0,46.584663,57.70158,67,13.90362,21.724405,NA,57.5,37.3,0.17
2024-12-30,0.044,JAN,70,49,58,48.2,0,6.95181,183.50696,47.237648,83.49687,100,0,0,50,58.16934,70,15.641572,21.724405,NA,57.4,37.2,0.16
2024-12-31,0.038,JAN,65,43,58,36,0,6.95181,311.07455,36.516518,70.34646,100,0,0,41.433212,55.840847,65,15.641572,23.462358,NA,57.3,37.2,0.17
2025-01-01,0.034,JAN,57,38,38,35,0,6.5173216,354.23502,43.45851,71.08676,88.872559999999993,0,0,34.708565,43.291348,57,13.034643,18.2485,NA,57.2,37.1,0.17
2025-01-02,0.03,JAN,60,33,38,31,0,1.8248501,128.34877,38.86504,72.6362,92.42049,0,0,33,43.76427,59,6.95181,9.558739,NA,57.2,37,0.17
2025-01-03,0.037,JAN,61,34,41,31,0,3.8234954,353.9009,45.691135,70.242615,96.075066,0,0,33.25893,45.96825,61,13.90362,18.2485,NA,57.1,36.9,0.17
2025-01-04,0.038,JAN,54,32,33,22,0,6.169731,122.37094,29.509302,51.709785,88.583694,0,0,29.040438,45.14212,53,13.034643,20.85543,NA,57,36.8,0.17
2025-01-05,0.038,JAN,74,46,66,36,0.99,11.5573845,174.80643,50.422375,76.89127,96.59473,0,0,39.504143,59.19278,74,26.938263,39.10393,NA,57,36.8,0.18
2025-01-06,0.036,JAN,45,31,32,19,0,12.513258,326.84497,58.26825,66.186035,72.85219,1e-4,0,19.114859,23.632206,33.96773,19.117477,28.676216,NA,56.9,36.7,0.17
2025-01-07,0.031,JAN,40,30,25,21,0,8.950456,354.35858,52.453003,67.7553,80.07161,0,0,20.28728,24.95248,33.96773,17.379524,22.593382,NA,56.9,36.6,0.17
2025-01-08,0.037,JAN,43,29,25,18,0,7.386298,339.22345,37.63685,63.6,78.0738,0,0,22.001665,27.91193,38.9772,13.90362,18.2485,NA,56.9,36.6,0.18
2025-01-09,0.035,JAN,45,24,34,18,0.14,4.605574,64.89587,38.14118,60.48583,88.77747,1e-4,0,20.413626,31.483559,42.600967,8.689762,12.165668,NA,56.9,36.5,0.17
2025-01-10,0.034,JAN,40,36,39.2,33,1.5,7.7338886,351.80502,88.729485,92.10267,100,1e-4,0,27.092587,32.11529,40,19.117477,28.676216,NA,56.9,36.5,0.17
2025-01-11,0.039,JAN,50,30,33,26,0,3.475905,265.30316,41.997234,72.72241,88.729485,0,0,25.207682,35.08446,49,8.689762,13.034643,NA,56.9,36.4,0.17
2025-01-12,0.033,JAN,54,27,42,25,0.01,3.5628026,147.9471,44.739513,72.04707,92.18516,0,0,25.530327,41.16971,54,11.296691,16.51055,NA,56.9,36.4,0.17
2025-01-13,0.041,JAN,58,31,44.6,26,0.01,5.995936,350.1386,46.882515,72.596214,96.26069,0,0,26.2524,43.760403,57,15.641572,21.724405,NA,56.9,36.4,0.17
2025-01-14,0.039,JAN,56,28,32,19,0,2.6938264,20.597893,33.628963,60.029305,85.23134,0,0,23.91689,38.87185,55,11.296691,13.90362,NA,57,36.3,0.17
2025-01-15,0.033,JAN,63,32,35,24,0,1.390362,284.5035,24.048656,60.503696,88.68119,0,0,32,45.61941,62,8.689762,13.034643,NA,57,36.3,0.18
2025-01-16,0.045,JAN,63,30,36,22,0,2.780724,267.07678,21.341259,58.18775,96.02206,0,0,31,45.416367,62,11.296691,14.772596,NA,57,36.3,0.18
2025-01-17,0.04,JAN,60,31,50,28,0.04,5.561448,171.23221,30.641596,64.636246,85.10684,0,0,29.755665,47.90569,60,19.117477,24.331335,NA,57.1,36.3,0.16
2025-01-18,0.04,JAN,72,43,60,36,1e-4,8.950456,285.30902,45.6555,77.20893,96.46368,0,0,36.367393,57.818733,72,17.379524,21.724405,NA,57.2,36.3,0.17
2025-01-19,0.037,JAN,44,25,34,10,0,11.731179,336.1791,44.39605,58.775993,70.30391,0,0,17.296663,24.03447,35.3412,18.2485,26.069286,NA,57.3,36.3,0.17
2025-01-20,0.041,JAN,36,22,10,0,0,9.645637,16.913462,23.107723,37.548836,56.929443,0,0,9.27436,19.17796,27.808615,15.641572,21.724405,NA,57.3,36.4,0.17
2025-01-21,0.038,JAN,30,20,14,-1,1e-4,9.645637,358.86664,25.72485,46.124805,67.582565,1e-4,0,8.592622,17.39226,21.026966,15.641572,21.724405,NA,57.4,36.4,0.18
2025-01-22,0.042,JAN,41,11,11,-3,0,3.041417,133.24472,16.485098,44.298725,76.57796,0,0,9.873548,21.823895,36.76219,10.427715,12.165668,NA,57.5,36.4,0.17
2025-01-23,0.045,JAN,50,24,22,8,0,3.3890073,334.34973,27.80172,49.639793,77.71283,0,0,21.829481,33.19431,50,8.689762,13.90362,NA,57.7,36.5,0.18
2025-01-24,0.043,JAN,49,23,24,15,0,3.9972906,313.92688,26.307203,56.221897,84.52733,0,0,17.46553,31.3708,45.836285,18.2485,26.069286,NA,57.8,36.5,0.18
2025-01-25,0.047,JAN,57,22,32,12,0,3.6497002,161.95268,16.55745,46.2789,77.529175,0,0,20.413626,40.20498,57,12.165668,17.379524,NA,57.9,36.6,0.18
2025-01-26,0.037,JAN,57,45,55,33,1.19,5.6483455,149.11485,55.87255,88.23031,96.43353,0,0,40.625053,50.986645,57,15.641572,18.2485,NA,58,36.7,0.17
2025-01-27,0.03,JAN,56,36,55,36,0.61,4.344881,337.80502,85.88974,93.70078,100,0,0,36,47.315327,56,13.034643,17.379524,NA,58.2,36.7,0.18
2025-01-28,0.035,JAN,58,36,50,35,0,3.3021097,217.96324,54.993637,82.04362,100,0,0,36,48.104527,58,8.689762,11.296691,NA,58.3,36.8,0.19
2025-01-29,0.031,JAN,65,51,56,50,0,2.6069288,319.86005,67.52304,85.65548,100,0,0,51,57.632908,65,12.165668,17.379524,NA,58.5,36.9,0.18
2025-01-30,0.04,JAN,76,58,67,56,0.03,13.382235,162.50645,66.15349,84.351070000000007,100,0,0,58,67.11456,75,22.593382,32.152122,NA,58.7,37,0.19
2025-01-31,0.045,JAN,71,51,67,36,1.69,8.515967,233.94919,34.36767,67.542076,96.58053,0,0,53,59.814075,71,26.069286,34.75905,NA,58.8,37.2,0.19
2025-02-01,0.04,JAN,67,39,46,41,0,1.6510549,345.7521,46.624954,72.982376,96.21139,0,0,41.433212,52.78241,66,6.95181,11.296691,NA,59,37.3,0.19
2025-02-02,0.047,JAN,75,38,48,37,0,4.6924715,177.92992,29.43079,66.82394,100,0,0,36.369637,56.09139,75,11.296691,14.772596,NA,59.2,37.4,0.18
2025-02-03,0.044,JAN,77,47,62,45,0,5.995936,177.80145,59.593224,79.45754,96.38759,0,0,46.104233,62.12784,76,13.90362,18.2485,NA,59.4,37.5,0.18
2025-02-04,0.032,JAN,81,60,67,59,0,3.1283145,198.4535,56.29896,83.91369,100,0,0,60,69.58013,82.54184,7.820786,10.427715,NA,59.6,37.7,0.18
2025-02-05,0.028,JAN,77,59,67,59,0,5.0400624,171.31007,68.85131,87.96794,100,0,0,59,67.940765,77,13.034643,16.51055,NA,59.8,37.9,0.18
2025-02-06,0.027,JAN,83,61,66,59,0,7.125605,195.67519,49.028793,76.22242,96.59473,0,0,62,71.909515,83.752686,14.772596,19.117477,NA,60,38,0.18
2025-02-07,0.028,JAN,82,61,64,59,0,4.605574,185.15071,50.36098,79.85061,100,0,0,61,68.13174,80.85069,12.165668,14.772596,NA,60.2,38.2,0.18
2025-02-08,0.03,JAN,83,63,66,62,0,9.732533,194.9695,54.357697,75.768326,96.56624,0,0,64,73.074036,83.47163,19.986454,27.80724,NA,60.4,38.4,0.19
2025-02-09,0.022,JAN,71,51,67,44,0.01,6.256629,348.379,68.08568,81.251915,96.60884,0,0,51,62.131706,70,13.034643,15.641572,NA,60.6,38.5,0.19
2025-02-10,0.024,JAN,56,47,49,40,0,6.7780147,44.529804,63.864666,76.1767,87.18501,0,0,41.778194,50.014732,55,12.165668,15.641572,NA,60.9,38.7,0.19
2025-02-11,0.015,JAN,70,54,63,49,1.25,6.7780147,168.02925,80.151840000000007,92.301414,100,0,0,53.6,58.128082,68,17.379524,21.724405,NA,61.1,38.9,0.18
2025-02-12,0.026,JAN,66,47,63,45,1.84,7.125605,75.14332,86.930275,94.9563,100,0,0,41.422302,58.680267,66,17.379524,25.200312,NA,61.3,39.1,0.19
2025-02-13,0.027,JAN,51,39,44,33,0,9.819431,353.26416,60.790253,77.33696,92.67682,0,0,32.217876,38.57969,50,18.2485,23.462358,NA,61.6,39.3,0.18
2025-02-14,0.033,JAN,62,36,49,29,0.27,6.8649125,98.527084,33.401276,60.981144,87.46679,0,0,29.654753,47.062027,62,13.034643,19.117477,NA,61.8,39.6,0.18
2025-02-15,0.033,JAN,81,58,68,50,0.67,15.033289,177.40793,59.981537,78.90495,96.60884,0,0,58,70.306046,82.06959,25.200312,37.36598,NA,62,39.8,0.18
2025-02-16,0.035,JAN,62,35,56,28,0.01,9.993227,326.12396,64.754776,75.403,92.769646,0,0,29.14343,42.010048,61,19.986454,26.938263,NA,62.3,40,0.18
2025-02-17,0.039,JAN,52,31,33,22,0,5.0400624,23.310343,39.138744,62.50465,78.85616,0,0,21.162289,35.50035,52,14.772596,19.986454,NA,62.5,40.2,0.18
2025-02-18,0.037,JAN,61,32,39,29,0,2.9545193,83.77253,36.030277,56.370785,92.21943,0,0,32,48.90703,60,8.689762,12.165668,NA,62.8,40.4,0.17
2025-02-19,0.033,JAN,53,25,45,17,0.14,11.296691,344.50757,68.32426,82.938614,92.58222,1e-4,0,13.092551,24.222956,50,19.117477,25.200312,NA,63,40.7,0.18
2025-02-20,0.039,JAN,36,21,17,9,1e-4,11.904975,351.552,41.268475,56.88224,71.22206,1e-4,0,7.476035,16.130787,27.808615,19.986454,27.80724,NA,63.3,40.9,0.18
2025-02-21,0.041,JAN,46,22,23,9,0,7.646991,9.738096,27.152988,46.80151,68.32426,0,0,12.322926,26.51734,41.843975,12.165668,18.2485,NA,63.5,41.1,0.17
2025-02-22,0.035,JAN,53,36,35,22,1e-4,1.7379525,349.81146,30.615252,52.71584,73.16274,0,0,32.091175,41.283875,52,7.820786,10.427715,NA,63.8,41.4,0.18
2025-02-23,0.03,JAN,50,39,46,25,1.53,5.7352433,65.93828,45.1229,73.462364,100,0,0,37.191612,41.698685,48.12265,14.772596,19.117477,NA,64,41.6,0.18
2025-02-24,0.036,JAN,67,43,55,42.8,0.01,3.3021097,344.6724,65.33343,89.30383,100,0,0,40.265457,50.57201,67,11.296691,12.165668,NA,64.3,41.8,0.19
2025-02-25,0.042,JAN,73,44,50,44,0,2.8676217,268.41904,44.132626,79.27427,100,0,0,41.433212,53.87292,72,8.689762,13.90362,NA,64.5,42.1,0.18
2025-02-26,0.05,JAN,79,40,47,41,0,5.300755,181.97966,30.901505,61.128006,96.24436,0,0,41.26356,60.412697,79,15.641572,20.85543,NA,64.8,42.3,0.19
2025-02-27,0.044,JAN,72,43,50,35,0,4.6924715,341.93268,26.61523,58.17241,89.37499,0,0,43.549923,58.356094,71,15.641572,24.331335,NA,65.1,42.6,0.19
2025-02-28,0.053,JAN,75,38,43,31,0,3.1283145,244.99008,19.808302,50.386032,88.872559999999993,0,0,39,57.438484,75,12.165668,17.379524,NA,65.3,42.8,0.18
2025-03-01,0.049,JAN,74,47,43,29,0,6.95181,340.15787,22.962822,42.53473,68.24985,0,0,48.12265,59.387707,73,19.117477,26.938263,NA,65.6,43,0.19
2025-03-02,0.044,JAN,66,41,33,22,0,5.7352433,47.86238,23.81689,37.900032,52.76078,0,0,36.96829,51.725185,66,13.034643,19.986454,NA,65.8,43.3,0.18
2025-03-03,0.042,JAN,70,48,40,23,1e-4,6.430424,140.18103,24.66014,35.536423,54.848858,0,0,47.271988,57.83019,70,13.034643,18.2485,NA,66.1,43.5,0.18
2025-03-04,0.045,JAN,70,53,63,45,1.48,13.295337,155.61566,63.24179,80.60858,100,0,0,53,59.143414,69,30.41417,44.317787,NA,66.4,43.8,0.19
2025-03-05,0.043,JAN,59,46,48,25,0,11.644281,273.57632,32.7512,50.984367,77.20622,0,0,44.936478,53.010464,59,24.331335,33.89007,NA,66.6,44,0.19
2025-03-06,0.047,JAN,63,36,37,15,0,3.1283145,324.2698,15.802942,42.268723,78.685776,0,0,37,49.497776,63,14.772596,19.117477,NA,66.9,44.2,0.19
2025-03-07,0.049,JAN,77,41,58,30,0,8.168377,180.31102,40.928474,59.496613,89.844795,0,0,38.77837,59.708828,76,17.379524,23.462358,NA,67.1,44.5,0.19
2025-03-08,0.04,JAN,76,54,61,46,0.5,6.6042194,27.09679,39.423985,74.90919,96.46368,0,0,53.6,63.044598,74,17.379524,24.331335,NA,67.4,44.7,0.18
2025-03-09,0.04,JAN,60,50,53,47,0.4,6.7780147,30.510883,72.01491,84.57278,96.403,0,0,50,54.892963,60,15.641572,25.200312,NA,67.7,44.9,0.17
2025-03-10,0.05,JAN,71,44,51,27,0.02,5.995936,323.1784,19.916094,61.820328,96.372086,0,0,45.500744,57.147747,70,13.90362,20.85543,NA,67.9,45.1,0.17
2025-03-11,0.052,JAN,78,39,44,37,0,3.7365978,205.68843,24.645594,54.473446,89.012985,0,0,40,59.06189,78,12.165668,19.986454,NA,68.2,45.4,0.18
2025-03-12,0.055,JAN,80,49,56,43,0,8.081479,186.5377,40.51943,64.080986,92.86074,0,0,52,65.61675,79.984055,15.641572,21.724405,NA,68.4,45.6,0.17
2025-03-13,0.044,JAN,84,57,63,54,0,6.7780147,188.91286,39.675865,68.077065,93.0668,0,0,59,70.236984,82.7031,15.641572,22.593382,NA,68.7,45.8,0.17
2025-03-14,0.037,JAN,84,61,69,61,0.02,14.511903,168.36565,52.4755,74.12218,96.55186,0,0,63,73.05336,82.04111,26.069286,36.497,NA,68.9,46,0.17
2025-03-15,0.036,JAN,78,60,71,59,0.49,11.122896,170.68224,73.780556,85.953,96.53739,0,0,62,71.0177,77,26.938263,38.234955,NA,69.2,46.2,0.18
2025-03-16,0.044,JAN,65,42,50,24,0,8.081479,293.48544,24.048656,46.426544,74.643394,0,0,44,57.668293,65,20.85543,32.152122,NA,69.4,46.5,0.18
2025-03-17,0.048,JAN,72,36,38,23,0,3.3890073,158.34305,18.469393,48.842316,82.150665,0,0,34.404476,54.011875,71,7.820786,12.165668,NA,69.7,46.7,0.18
2025-03-18,0.06,JAN,79,46,51,34,0,10.25392,178.35349,25.624987,48.316147,76.49273,0,0,44.209446,62.663,78,18.2485,26.069286,NA,69.9,46.9,0.18
2025-03-19,0.045,JAN,80,58,65,34,0.27,12.600156,201.22815,31.443624,64.99647,93.291695,0,0,61,68.78191,80.85069,24.331335,34.75905,NA,70.2,47.1,0.18
2025-03-20,0.043,JAN,60,39,35,25,0,9.993227,307.60416,27.907528,44.818523,72.95626,0,0,38.9772,50.549553,60,19.986454,32.152122,NA,70.4,47.3,0.18
2025-03-21,0.049,JAN,70,33,34,25,0,5.0400624,187.83055,20.609222,50.798096,92.32093,0,0,30.974932,52.200058,69,13.90362,19.117477,NA,70.7,47.5,0.19
2025-03-22,0.06,JAN,78,45,52,36,0,5.0400624,179.1284,31.945475,56.24683,82.85773,0,0,41.834225000000004,61.091606,77,13.034643,19.117477,NA,70.9,47.7,0.18
2025-03-23,0.042,JAN,80,55,67,50,0.03,10.688408,181.98892,58.037228,79.62494,96.46368,0,0,56,67.31916,79,19.986454,28.676216,NA,71.2,47.9,0.21
2025-03-24,0.041,JAN,74,52,65,48,0.46,4.5186763,9.478684,41.098576,76.555954,100,0,0,53,63.46007,73,19.117477,32.152122,NA,71.4,48.1,0.19
2025-03-25,0.049,JAN,85,51,63,45,0,4.171086,276.12314,25.537045,69.19896,100,0,0,53,66.19928,81.77691,13.034643,17.379524,NA,71.7,48.3,0.2
2025-03-26,0.044,JAN,79,53,58,44,1e-4,2.6938264,359.01086,30.901505,70.82251,92.92053,0,0,54,64.39373,77,13.034643,18.2485,NA,71.9,48.5,0.18
2025-03-27,0.048,JAN,84,55,55,47,0,5.4745502,157.33836,31.831554,60.601955,93.008835,0,0,56,68.52134,81.3885,13.90362,19.986454,NA,72.1,48.7,0.17
2025-03-28,0.053,JAN,80,63,61,53,0,10.340817,151.65916000000001,42.1853,58.48037,75.11152,0,0,63,71.35089,80.10878,20.85543,30.41417,NA,72.4,49,0.19
2025-03-29,0.04,JAN,82,67,68,59,0.04,11.818077,156.23936,56.163555,77.6604,100,0,0,66.2,72.635025,81.61633,20.85543,28.676216,NA,72.6,49.2,0.18
2025-03-30,0.033,JAN,86,67,69.8,63,1e-4,8.342172,183.14302,47.906834,75.310234,93.96902,0,0,68,75.75645,87.31296,14.772596,21.724405,NA,72.8,49.4,0.19
2025-03-31,0.028,JAN,75,65,72,56,0.32,5.387653,265.88068,76.09948,88.65989,96.59473,0,0,57,67.832756,75,24.331335,37.36598,NA,73.1,49.6,0.2
2025-04-01,0.03,JAN,82,53,69,53,0,7.907684,135.50688,58.169315,80.340294,100,0,0,54,67.914406,84.519356,15.641572,23.462358,NA,73.3,49.8,0.21
2025-04-02,0.027,JAN,89,74,72,69,1e-4,19.117477,174.33754,55.315365,72.29229,87.33512,0,0,74,82.992744,93.91625,31.283144,46.924717,NA,73.5,50,0.21
2025-04-03,0.032,JAN,90,75,72,67,1e-4,13.816722,167.73587,48.34447,71.64448,87.433464,0,0,75,82.99738,94.680016,26.938263,39.10393,NA,73.7,50.2,0.2
2025-04-04,0.028,JAN,90,74,74,71,1e-4,13.121541,155.88715,53.730354,79.9749,93.50594,0,0,75,81.62764,96.356186,25.200312,34.75905,NA,74,50.4,0.21
2025-04-05,0.034,JAN,90,68,73,69,1e-4,15.902266,165.51564,53.455,73.545784,84.57616,0,0,76,82.94826,93.10589,27.80724,39.10393,NA,74.2,50.7,0.2
2025-04-06,0.034,JAN,69,51,72,50,2.42,7.646991,311.42023,81.477745,93.00527,100,0,0,52,59.56655,77,20.85543,31.283144,NA,74.4,50.9,0.21
2025-04-07,0.048,JAN,60,41,49,37,1e-4,7.125605,327.48685,43.9371,75.0113,92.83057,0,0,44,51.460876,60,17.379524,25.200312,NA,74.6,51.1,0.2
2025-04-08,0.057,JAN,72,40,46,39,0,5.387653,321.05847,33.679672,65.945915,100,0,0,38.9772,55.268826,71,18.2485,23.462358,NA,74.8,51.3,0.22
2025-04-09,0.056,JAN,75,41,50,33,0,1.8248501,177.66417,28.182938,62.354294,96.24436,0,0,41,58.043903,74,7.820786,10.427715,NA,75.1,51.6,0.21
2025-04-10,0.064,JAN,82,51,58,48,1e-4,4.6924715,236.02339,44.049816,65.240166,89.50623,0,0,53,67.743095,81.94391,21.724405,29.545193,NA,75.3,51.8,0.22
2025-04-11,0.052,JAN,77,52,59,36,0,6.8649125,331.31442,24.19895,55.768566,96.41831,0,0,53,64.880554,77,19.986454,28.676216,NA,75.5,52.1,0.21
2025-04-12,0.048,JAN,73,46,47,41,0,3.5628026,359.9627,32.556263,60.999226,92.67682,0,0,46,59.709408,73,13.90362,19.117477,NA,75.7,52.3,0.21
2025-04-13,0.056,JAN,82,46,56,44,0,7.994581,175.51118,35.40816,58.357372,89.24132,0,0,45.836285,66.21577,81.09935,14.772596,21.724405,NA,75.9,52.5,0.21
2025-04-14,0.051,JAN,84,57,62,55,0,7.5600934,201.91762,44.201344,66.75268,89.76167,0,0,58,71.611145,84.0226,17.379524,22.593382,NA,76.2,52.8,0.22
2025-04-15,0.054,JAN,76,47,64,30,1e-4,7.994581,338.91403,19.808302,46.049538,87.03324,0,0,50,66.956795,75,19.986454,27.80724,NA,76.4,53,0.21
2025-04-16,0.058,JAN,80,42,48,33,0,1.4772596,142.41255,21.193176,52.249763,85.71448,0,0,44,61.588276,79,8.689762,13.034643,NA,76.6,53.3,0.2
2025-04-17,0.058,JAN,84,52,60,46,0,8.863558,174.08878,40.98303,61.67454,89.50623,0,0,53,69.588036,84.0226,18.2485,33.89007,NA,76.8,53.6,0.2
2025-04-18,0.053,JAN,88,64,67,60,0,11.209793,172.00073,43.10064,69.65449,90.167534,0,0,65,75.8619,89.91148,18.2485,25.200312,NA,77,53.8,0.2
2025-04-19,0.053,JAN,87,67,70,62,0,9.558739,164.9308,47.906834,74.79684,100,0,0,68,76.053314,87.31296,20.85543,26.069286,NA,77.3,54.1,0.2
2025-04-20,0.038,JAN,86,66,69,64,0,9.993227,162.62279,54.77119,77.377716,96.59473,0,0,66,75.67562,87.74726,19.986454,29.545193,NA,77.5,54.4,0.2
2025-04-21,0.036,JAN,83,69,71,68,2.64,6.3435264,175.51308,64.80371,88.45435,100,0,0,69,74.315,87.07531,17.379524,22.593382,NA,77.7,54.6,0.18
2025-04-22,0.03,JAN,82,66,72,66,0.18,3.910393,158.17912,69.17177,89.7028,100,0,0,66,73.19333,84.50432,11.296691,14.772596,NA,77.9,54.9,0.17
2025-04-23,0.034,JAN,81,67,70,67,0.23,3.910393,178.55241,64.56924,87.73189,100,0,0,68,72.89819,84.122116,13.034643,18.2485,NA,78.1,55.2,0.17
2025-04-24,0.032,JAN,80,67,70,67,0.24,6.169731,162.81398,68.95863,86.7741,100,0,0,67,73.01534,82.85369,14.772596,21.724405,NA,78.4,55.5,0.18
2025-04-25,0.033,JAN,79,68,72,69,0.35,6.256629,182.92726,79.09418,91.83526,100,0,0,69,73.362366,78,14.772596,19.986454,NA,78.6,55.8,0.18
2025-04-26,0.048,JAN,89,63,71,64,0,1.9986453,78.39234,43.5527,78.3113,100,0,0,64,76.759,90.380615,8.689762,12.165668,NA,78.8,56.1,0.18
2025-04-27,0.041,JAN,91,67,71,63,0,3.6497002,152.48543,45.249863,75.71899,96.6368,0,0,68,78.24904,92.59112,15.641572,23.462358,NA,79.1,56.4,0.16
2025-04-28,0.041,JAN,88,67,72,66,0,5.7352433,169.71098,55.180084,76.67951,96.59473,0,0,67,78.754234,93.10589,13.90362,19.986454,NA,79.3,56.7,0.17
2025-04-29,0.039,JAN,87,68,71.6,64,0,5.9090385,168.05168,49.46567,75.56694,100,0,0,68,77.57447,88.282074,13.90362,22.593382,NA,79.5,57,0.15
2025-04-30,0.041,JAN,85,66,70,64,0,7.646991,163.94322,52.898304,75.20724,100,0,0,66,76.64969,87.237885,18.2485,25.200312,NA,79.8,57.3,0.15
2025-05-01,0.045,JAN,82,65,70,63,0.59,6.169731,180.76593,58.169315,79.02376,100,0,0,65,73.683090000000007,83.76375,14.772596,19.986454,NA,80,57.6,0.15
2025-05-02,0.039,JAN,86,66,71,64,0.04,7.646991,197.3094,51.36681,80.8406,96.65066,0,0,66,74.995125,88.282074,14.772596,21.724405,NA,80.3,57.9,0.15
2025-05-03,0.045,JAN,78,57,66,53,0.08,5.4745502,278.417,46.41769,78.95324,96.58053,0,0,61,68.8446,77,14.772596,19.986454,NA,80.5,58.2,0.14
2025-05-04,0.045,JAN,74,52,54,44,0,3.8234954,316.295,35.32318,66.17798,96.38759,0,0,53,63.2669,74,12.165668,17.379524,NA,80.7,58.5,0.15
2025-05-05,0.057,JAN,78,48,56,48,0,2.6069288,98.99203,37.16861,66.35818,100,0,0,50,65.01702,78,6.95181,10.427715,NA,81,58.8,0.14
2025-05-06,0.038,JAN,76,62,66.2,52,1.82,7.4731956,96.729706,55.061279999999996,72.1918,100,0,0,63,68.05937,76,20.85543,29.545193,NA,81.2,59.1,0.15
2025-05-07,0.035,JAN,78,63,68,64,0.05,5.12696,135.22545,66.382996,87.3853,100,0,0,64,69.64627,77,22.593382,32.152122,NA,81.5,59.4,0.14
2025-05-08,0.05,JAN,85,60,66,60,0,2.5200312,234.95161,49.1749,75.31692,100,0,0,60,73.30658,85.766426,8.689762,13.90362,NA,81.8,59.7,0.14
2025-05-09,0.029,JAN,74,65,69,64,0.12,1.4772596,26.030617,76.09948,88.695045,100,0,0,65,69.62021,74,6.95181,8.689762,NA,82,60,0.13
2025-05-10,0.031,JAN,67,62,66,62,2.88,7.646991,353.05743,93.879135,97.565384,100,0,0,62,63.717945,67,15.641572,20.85543,NA,82.3,60.3,0.14
2025-05-11,0.04,JAN,80,62,65,60,1.34,5.0400624,155.57652,56.163555,85.484886,100,0,0,62,67.86942,81.61633,19.986454,45.186764,NA,82.5,60.6,0.13
2025-05-12,0.034,JAN,76,62,66,62,0.01,2.6069288,217.3584,64.09401,91.77002,100,0,0,62,67.10104,76,10.427715,14.772596,NA,82.8,61,0.13
2025-05-13,0.045,JAN,85,63,68,62,0.02,6.5173216,200.39941,52.836025,76.456116,96.53739,0,0,63,74.081276,85.78513,12.165668,16.51055,NA,83,61.3,0.13
2025-05-14,0.058,JAN,89,69,69,59,0,11.296691,186.55002,43.495422,68.43807,93.41222,0,0,69,78.8211,91.52856,20.85543,29.545193,NA,83.3,61.6,0.13
2025-05-15,0.043,JAN,91,71,73,64,0,8.950456,189.51161,52.0371,74.30929,93.43958,0,0,71,82.78075,96.408775,18.2485,27.80724,NA,83.6,61.9,0.14
2025-05-16,0.03,JAN,90,75,74,72,0,9.906329,193.11917,55.69064,76.60109,93.54752,0,0,75,85.352104,97.345566,15.641572,23.462358,NA,83.8,62.2,0.14
2025-05-17,0.036,JAN,86,70,79,67,1.46,5.12696,201.80528,71.638596,88.29005,100,0,0,70,80.26584,97.87169,17.379524,23.462358,NA,84.1,62.5,0.14
2025-05-18,0.027,JAN,87,76,76,73,0,6.169731,180.59181,65.35147,81.85088,93.54752,0,0,76,83.784836,96.457146,12.165668,16.51055,NA,84.3,62.8,0.13
2025-05-19,0.031,JAN,90,71,75,70,0,9.298046,169.57553,53.695194,76.22458,96.699196,0,0,73,84.338844,95.1839,15.641572,23.462358,NA,84.6,63.1,0.14
2025-05-20,0.031,JAN,89,76,75,72,1e-4,8.77666,189.5687,59.303997,77.13691,93.54752,0,0,76,85.72015,97.06639,19.986454,27.80724,NA,84.9,63.4,0.13
2025-05-21,0.054,JAN,89,64,72,50,0,3.5628026,3.3468335,28.21568,59.68964,83.98939,0,0,65,75.78897,85.60722,10.427715,14.772596,NA,85.1,63.7,0.14
2025-05-22,0.06,JAN,91,61,68,54,0,2.1724405,195.82225,31.507591,64.00297,96.5412,0,0,61,76.716125,89.94221,10.427715,12.165668,NA,85.4,63.9,0.14
2025-05-23,0.046,JAN,92,66,71,64,0,2.6938264,62.53598,45.353035,70.29436,96.58529,0,0,66,80.8395,94.416794,10.427715,14.772596,NA,85.6,64.2,0.14
2025-05-24,0.027,JAN,91,69,74,66,1.03,5.6483455,180.89607,57.465145,81.75288,96.6571,1e-4,0,69,78.70076,97.06639,26.938263,48.66267,NA,85.9,64.5,0.14
2025-05-25,0.043,JAN,90,69,77,65,0.4,5.300755,193.72426,63.553032,83.57807,96.6571,0,0,69,82.878334,100.44386,27.80724,37.36598,NA,86.1,64.8,0.14
2025-05-26,0.032,JAN,83,68,75,66.2,0.92,6.256629,161.66628,79.29685,92.66237,100,0,0,68,72.509705,88.65297,26.938263,33.89007,NA,86.3,65.1,0.13
2025-05-27,0.035,JAN,84,69,72,69,0.73,2.6938264,213.51665,67.35652,88.27395,100,0,0,70,75.81162,89.64075,14.772596,21.724405,NA,86.6,65.3,0.15
2025-05-28,0.044,JAN,85,67,72,67,0.25,3.041417,28.229973,60.95359,84.379715,100,0,0,68,77.08849,89.55191,26.069286,33.89007,NA,86.8,65.6,0.15
2025-05-29,0.039,JAN,86,69,72,69,0.01,2.5200312,145.43909,58.907314,82.783966,100,0,0,69.8,77.185425,89.55191,10.427715,14.772596,NA,87,65.9,0.16
2025-05-30,0.039,JAN,81,63,71,60,0,3.8234954,333.38568,55.8111,81.679344,96.6571,0,0,64,73.750565,84.51513,13.90362,18.2485,NA,87.3,66.1,0.15
2025-05-31,0.048,JAN,85,60,65,58,0,2.085543,321.02432,40.060684,70.06228,96.55598,0,0,61,73.27388,84.337296,10.427715,15.641572,NA,87.5,66.4,0.15
2025-06-01,0.048,JAN,84,63,68,59,0,2.3462358,298.64902,44.274845,72.050896,93.3292,0,0,64,74.489685,84.083466,8.689762,12.165668,NA,87.7,66.6,0.15
2025-06-02,0.047,JAN,87,63,70,62,0,2.6069288,85.36408,44.73916,71.64464,96.55598,0,0,64,76.31088,87.33652,7.820786,11.296691,NA,87.9,66.9,0.15
2025-06-03,0.049,JAN,88,69,70,65,0,5.561448,144.5908,48.145535,69.52313,93.3847,0,0,70,80.40134,90.56344,12.165668,15.641572,NA,88.1,67.1,0.15
2025-06-04,0.045,JAN,91,68,73,67,0,4.7793694,132.4603,48.594692,72.36753,96.628624,0,0,69,83.19117,95.537575,12.165668,19.117477,NA,88.3,67.3,0.15
2025-06-05,0.041,JAN,93,71,76,70,1e-4,2.8765957,213.88885,50.58303,72.9642,96.6571,0,0,71,87.91664,99.85231,8.689762,12.165668,NA,88.5,67.6,0.14
2025-06-06,0.034,JAN,92,76,77,71,0,5.4745502,225.04045,50.58303,73.5973,90.536934,0,0,77,88.37687,100.90998,12.165668,17.379524,NA,88.7,67.8,0.15
2025-06-07,0.028,JAN,93,74,77,72,0,7.4731956,228.75278,55.82857,74.53812,96.740585,0,0,75,90.43633,102.044876,13.90362,19.986454,NA,88.9,68,0.14
2025-06-08,0.036,JAN,89,78,76,71,0,6.430424,243.90553,61.081924,76.20942,87.61058,0,0,78,87.02984,94.46002,18.2485,25.200312,NA,89,68.2,0.15
2025-06-09,0.039,JAN,86,73,77,69,0.85,5.300755,212.64474,59.040016,80.25195,96.75423,0,0,74,81.72644,92.61638,18.2485,25.200312,NA,89.2,68.4,0.14
2025-06-10,0.049,JAN,93,69,73,69,0,3.910393,306.03793,48.743595,74.194786,96.6571,0,0,70,83.69584,97.9504,11.296691,16.51055,NA,89.4,68.6,0.16
2025-06-11,0.051,JAN,92,70,75,68,1.12,3.1283145,121.90065,50.143093,76.67788,100,0,0,71,82.83681,96.740425,15.641572,24.331335,NA,89.5,68.8,0.15
2025-06-12,0.028,JAN,90,70,76,70,0.38,5.9090385,153.87389,61.337173,86.57747,100,0,0,70,79.710434,99.23798,14.772596,20.85543,NA,89.6,69,0.15
2025-06-13,0.035,JAN,85,74,78,68,1e-4,7.5600934,183.16286,60.695484,82.113396,96.767784,0,0,75,82.12421,90.237816,13.034643,17.379524,NA,89.8,69.2,0.15
2025-06-14,0.026,JAN,92,73,78.8,71,0.11,6.169731,205.404,59.826324,85.97818,96.699196,0,0,73,82.14617,104.566216,25.200312,35.628025,NA,89.9,69.4,0.15
2025-06-15,0.022,JAN,89,71,78,70,0.2,5.7352433,199.96176,67.69438,89.49112,96.699196,0,0,72,79.08287,99.022934,13.90362,19.986454,NA,90.1,69.5,0.14
2025-06-16,0.021,JAN,88,71,78,70,0.03,6.256629,176.4705,72.24374,89.72456,100,0,0,71,78.97987,96.063965,14.772596,20.85543,NA,90.2,69.7,0.15
2025-06-17,0.028,JAN,89,73,77,69,0.65,6.6911173,193.69267,69.66578,86.74045,96.71307,0,0,73,80.184425,98.755104,21.724405,33.0211,NA,90.3,69.8,0.15
2025-06-18,0.025,JAN,89,72,77,69,0.2,6.3435264,183.97044,65.469315,86.40345,100,0,0,73,81.01699,97.861694,19.986454,30.41417,NA,90.4,70,0.15
2025-06-19,0.032,JAN,90,72,78,69,0.41,4.9531646,196.31187,61.59053,88.411476,96.72687,0,0,72,79.76547,100.59308,20.85543,26.938263,NA,90.5,70.2,0.15
2025-06-20,0.021,JAN,94,71,77,70,0,2.8676217,231.93198,54.118717,77.68587,96.67121,0,0,72,89.05084,104.58415,8.689762,13.90362,NA,90.6,70.3,0.14
2025-06-21,0.025,JAN,95,76,80,72,0,3.3021097,216.04146,52.610786,75.27176,96.740585,0,0,77,91.89127,105.9122,17.379524,24.331335,NA,90.7,70.4,0.15
2025-06-22,0.043,JAN,95,73,76,71,0,3.1283145,173.1631,54.398834,76.571724,90.45971,0,0,74,86.60403,105.902534,11.296691,19.117477,NA,90.8,70.6,0.15
2025-06-23,0.046,JAN,96,74,76,72,0.01,2.5200312,90.25587,51.01916,76.810684,96.72687,0,0,74,88.50653,107.21931,18.2485,23.462358,NA,90.9,70.7,0.14
2025-06-24,0.043,JAN,94,74,77,69,1.03,1.9117477,108.62048,54.118717,81.303894,96.740585,0,0,74,84.577286,103.34442,25.200312,37.36598,NA,91,70.8,0.15
2025-06-25,0.04,JAN,96,73,78,72,0.03,1.9986453,89.204636,50.874207,75.93978,96.71307,0,0,74,90.18456,105.963295,14.772596,19.117477,NA,91,70.9,0.14
2025-06-26,0.041,JAN,91,74,75,70,1e-4,2.780724,146.7568,57.734264,78.517080000000007,96.71307,0,0,75,85.28923,100.74215,14.772596,21.724405,NA,91.1,71.1,0.14
2025-06-27,0.044,JAN,94,73,76,72,0.01,2.5200312,184.75937,54.118717,82.58622,96.699196,0,0,74,82.46332,100.90998,22.593382,31.283144,NA,91.2,71.2,0.15
2025-06-28,0.048,JAN,93,72,76,71,0,3.9972906,183.70859,50.58303,75.82929,96.68524,0,0,73,87.696655,100.74215,8.689762,13.034643,NA,91.2,71.3,0.15
2025-06-29,0.031,JAN,94,75,76,72,0.17,4.431779,199.88704,55.966045,78.478485,96.740585,0,0,75,86.55719,102.044876,25.200312,34.75905,NA,91.3,71.4,0.14
2025-06-30,0.028,JAN,93,75,77,70,0,4.9531646,241.08875,47.400806,75.73612,96.71307,0,0,75,87.90821,99.85231,11.296691,18.2485,NA,91.4,71.5,0.16
2025-07-01,0.037,JAN,93,73,79,71.6,0.31,5.6483455,229.79112,63.79588,84.40977,96.699196,0,0,73,84.34675,106.127556,22.593382,32.152122,NA,91.4,71.5,0.16
2025-07-02,0.045,JAN,93,72,77,71,0,1.7379525,348.25714,50.72883,77.41963,100,0,0,72,86.51139,101.10934,8.689762,13.90362,NA,91.5,71.6,0.15
2025-07-03,0.046,JAN,92,73,75,70,0,2.3462358,1.0659673,52.181175,75.979034,96.71307,0,0,73,84.99764,97.635864,12.165668,15.641572,NA,91.5,71.7,0.16
2025-07-04,0.052,JAN,93,70,73,65,0,1.5641572,359.88046,42.45725,71.32308,96.68524,0,0,71,84.43512,98.29748,7.820786,12.165668,NA,91.6,71.8,0.16
2025-07-05,0.054,JAN,95,71,75,68,0,2.5200312,39.616405,43.0742,68.04384,96.699196,0,0,72,87.59795,101.63066,14.772596,19.986454,NA,91.6,71.8,0.16
2025-07-06,0.045,JAN,97,73,73,70,0,2.780724,157.37605,44.570477,68.88191,93.52077,0,0,73,88.15206,103.46759,12.165668,15.641572,NA,91.7,71.9,0.16
2025-07-07,0.042,JAN,96,73,75,69,0,3.9972906,201.44337,47.84868,74.6877,93.49386,0,0,73,86.18819,106.037766,20.85543,28.676216,NA,91.7,72,0.16
2025-07-08,0.035,JAN,92,73,77,71,0.02,4.344881,211.79665,59.566097,77.936035,96.699196,0,0,74,87.39201,103.170395,13.90362,21.724405,NA,91.8,72,0.16
2025-07-09,0.031,JAN,91,74,76,71,0.12,4.8662667,233.0055,57.599937,82.1243,96.71307,0,0,74,84.040016,100.44386,15.641572,22.593382,NA,91.8,72.1,0.16
2025-07-10,0.029,JAN,90,73,75,72,0,4.9531646,223.85674,57.599937,81.810875,96.68524,0,0,73,83.36518,98.35218,12.165668,15.641572,NA,91.9,72.1,0.16
2025-07-11,0.031,JAN,95,74,76,72,1e-4,5.561448,205.67204,57.734264,79.34648,96.699196,0,0,74,86.93618,101.83708,14.772596,20.85543,NA,91.9,72.2,0.15
2025-07-12,0.023,JAN,95,75,77,71,1e-4,4.6924715,193.67624,52.468018,75.99378,96.71307,0,0,75,87.63859,104.64317,19.117477,26.938263,NA,92,72.2,0.16
2025-07-13,0.026,JAN,96,72,77,70,1.74,3.9972906,196.7311,52.324814,83.08179,96.71307,0,0,72,82.83563,102.18779,25.200312,34.75905,NA,92,72.2,0.17
2025-07-14,0.028,JAN,94,72,78,71,0,2.780724,221.00562,54.118717,79.589005,100,0,0,72,87.641,103.2619,8.689762,13.034643,NA,92,72.3,0.16
2025-07-15,0.033,JAN,96,73,77,72,0,1.8248501,258.58026,49.18785,75.34661,96.699196,0,0,73,90.33263,105.94289,7.820786,10.427715,NA,92.1,72.3,0.16
2025-07-16,0.035,JAN,98,75,78,64,0,1.2165667,350.30682,34.08625,70.99957,96.740585,0,0,76,92.60164,104.91017,8.689762,12.165668,NA,92.1,72.3,0.16
2025-07-17,0.036,JAN,94,78,78,75,1e-4,4.7793694,99.56441,57.86813,78.63831,93.62692,0,0,79,92.527,103.2619,13.034643,19.986454,NA,92.2,72.4,0.16
2025-07-18,0.032,JAN,90,77,80,75.2,0.27,4.2579837,156.82806,70.090614,87.87058,96.75423,0,0,77,89.19891,104.60436,17.379524,25.200312,NA,92.2,72.4,0.17
2025-07-19,0.028,JAN,94,76,78,72,0,6.7780147,206.56668,54.259,79.6015,96.767784,0,0,77,87.0601,103.34442,22.593382,28.676216,NA,92.3,72.4,0.16
2025-07-20,0.02,JAN,95,76,80,75,1e-4,3.6418118,222.03955,54.398834,79.37628,96.740585,0,0,76,93.077835,107.33409,12.165668,15.641572,NA,92.3,72.4,0.17
2025-07-21,0.028,JAN,95,76,77,71,0,3.215212,239.87,47.55049,72.2471,96.740585,0,0,77,91.31639,104.75065,10.427715,14.772596,NA,92.3,72.4,0.16
2025-07-22,0.034,JAN,98,76,78,73,0,2.3462358,277.46417,47.84868,71.600365,96.72687,0,0,76,94.03851,108.54953,8.689762,11.296691,NA,92.4,72.4,0.16
2025-07-23,0.035,JAN,99,76,79,72,0,2.4331334,356.6536,44.874416,70.09066,93.6006,0,0,77,95.78182,108.62535,10.427715,13.90362,NA,92.4,72.4,0.18
2025-07-24,0.036,JAN,94,78,81,76,0.22,4.171086,85.9747,59.955738,82.435059999999993,96.79468,0,0,79,92.97491,107.88847,20.85543,27.80724,NA,92.4,72.4,0.17
2025-07-25,0.029,JAN,91,78,77,73,0.09,6.6042194,143.64688,61.337173,81.35775,96.75423,0,0,77,87.13596,100.44386,18.2485,24.331335,NA,92.5,72.4,0.17
2025-07-26,0.027,JAN,92,75,79,73,0.24,6.8649125,160.69888,63.79588,88.5164,96.767784,0,0,75,83.241356,104.57716,24.331335,34.75905,NA,92.5,72.4,0.16
2025-07-27,0.026,JAN,96,75,78,72,0,3.215212,212.60303,47.84868,75.93645,96.740585,0,0,76,90.28676,107.24476,7.820786,11.296691,NA,92.5,72.4,0.16
2025-07-28,0.03,JAN,98,76,79,73,0.01,2.9545193,314.9429,45.02585,74.50524,96.72687,0,0,76,94.23164,109.854065,20.85543,27.80724,NA,92.6,72.4,0.17
2025-07-29,0.041,JAN,100,79,81,75,0,3.1283145,356.2318,46.71232,71.80866,93.65309,0,0,86.51871,101.24279,112.737236,12.165668,15.641572,NA,92.6,72.4,0.16
2025-07-30,0.049,JAN,99,75,79,72,0.15,3.6497002,221.86542,51.163696,76.319565,93.67912,0,0,77,95.55879,111.88701,17.379524,26.938263,NA,92.6,72.4,0.16
2025-07-31,0.043,JAN,97,75,77,73,0.4,4.8662667,219.7277,51.163696,81.263466,96.71307,0,0,75,85.386856,111.39308,19.986454,27.80724,NA,92.6,72.4,0.16
2025-08-01,0.05,JAN,93,73,77,72,0.02,2.6069288,344.67078,57.734264,84.197044,96.740585,0,0,74,83.835686,103.2619,19.986454,24.331335,NA,92.7,72.4,0.17
2025-08-02,0.036,JAN,90,76,77,73,0,5.995936,355.68176,59.43528,80.33966,96.72687,0,0,76,85.35329,98.113785,12.165668,17.379524,NA,92.7,72.3,0.16
2025-08-03,0.043,JAN,90,71,71,66,0,4.5186763,4.8881097,46.79815,71.13691,96.6571,0,0,71,81.21758,92.154076,11.296691,13.90362,NA,92.7,72.3,0.17
2025-08-04,0.043,JAN,93,69,74,65,0,3.7365978,41.579124,41.156914,72.21141,93.3847,0,0,69,82.86315,98.35218,12.165668,15.641572,NA,92.7,72.3,0.16
2025-08-05,0.036,JAN,92,72,73,69,0,3.1283145,74.47393,51.89259,73.9547,93.49386,0,0,73,85.25769,99.85231,11.296691,13.034643,NA,92.7,72.3,0.16
2025-08-06,0.04,JAN,94,73,76,70,0,2.5200312,74.21648,47.400806,76.842865,96.68524,0,0,73,85.16299,100.44386,11.296691,14.772596,NA,92.7,72.2,0.17
2025-08-07,0.04,JAN,95,71,74,67,0,3.215212,37.879585,40.21279,70.11708,96.699196,0,0,72,87.36173,101.10934,10.427715,12.165668,NA,92.7,72.2,0.16
2025-08-08,0.037,JAN,96,73,74,66,0,4.431779,104.2545,40.05733,68.773155,93.52077,0,0,74,87.47422,99.85231,11.296691,13.90362,NA,92.7,72.1,0.16
2025-08-09,0.035,JAN,91,72,72,68,0,4.8662667,98.50684,47.10026,68.541626,90.342285,0,0,73,84.74457,95.907974,11.296691,14.772596,NA,92.7,72.1,0.16
2025-08-10,0.029,JAN,94,72,74,71,0,4.344881,76.35108,50.72883,72.44812,93.4668,0,0,73,87.587105,101.10934,11.296691,17.379524,NA,92.7,72.1,0.16
2025-08-11,0.029,JAN,96,73,74,69,0,3.5628026,60.57247,43.0742,70.62939,93.52077,0,0,74,89.032646,102.18779,11.296691,14.772596,NA,92.6,72,0.15
2025-08-12,0.036,JAN,98,74,77,70,0,3.3890073,122.39357,40.677383,74.03872,93.54752,0,0,75,89.81591,105.38609,14.772596,19.117477,NA,92.6,71.9,0.15
2025-08-13,0.036,JAN,98,76,78,74,0.01,3.3890073,193.11226,47.997185,76.53572,96.740585,0,0,76,92.06285,108.54953,13.034643,17.379524,NA,92.6,71.9,0.16
2025-08-14,0.039,JAN,97,75,77,72,0.61,4.0841885,176.60585,52.610786,84.441505,96.72687,0,0,75,83.856476,105.9122,15.641572,21.724405,NA,92.5,71.8,0.15
2025-08-15,0.042,JAN,97,73,78,72,0.01,2.085543,211.17137,47.699783,79.00268,96.71307,0,0,74,88.84019,107.21931,15.641572,23.462358,NA,92.5,71.8,0.16
2025-08-16,0.038,JAN,97,75,77,72,0,2.4331334,329.78912,44.874416,74.204056,96.72687,0,0,75,92.14904,108.53611,8.689762,13.034643,NA,92.4,71.7,0.15
2025-08-17,0.041,JAN,99,76,77,71,1e-4,2.6069288,8.519364,42.084217,70.86236,96.740585,0,0,77,94.28494,107.32932,12.165668,16.51055,NA,92.4,71.6,0.16
2025-08-18,0.045,JAN,99,76,79,73,0.08,2.6069288,60.259315,49.481983,79.58421,96.767784,0,0,77,89.29249,107.24476,24.331335,30.41417,NA,92.3,71.5,0.15
2025-08-19,0.047,JAN,99,73,79,73,0,2.1724405,128.54982,45.02585,74.31155,96.72687,0,0,74,93.331314,109.917046,13.90362,18.2485,NA,92.2,71.4,0.16
2025-08-20,0.04,JAN,97,75,77,71,0.63,2.085543,353.2393,54.259,81.38862,96.72687,0,0,76,84.91642,104.58415,14.772596,25.200312,NA,92.2,71.4,0.15
2025-08-21,0.047,JAN,91,72,75,71,0,3.6497002,17.223858,55.69064,76.83121,96.67121,0,0,72,85.81372,99.43311,12.165668,13.90362,NA,92.1,71.3,0.14
2025-08-22,0.044,JAN,93,74,73,67,0,3.910393,15.445631,44.111877,67.67936,93.52077,0,0,74,85.63369,97.9504,11.296691,16.51055,NA,92,71.2,0.16
2025-08-23,0.047,JAN,94,71,71,65,0,3.1283145,355.88123,40.05733,67.47892,96.67121,0,0,71,83.6226,97.199356,12.165668,14.772596,NA,91.9,71.1,0.15
2025-08-24,0.046,JAN,95,68,72,65,0,4.7793694,1.5060573,38.845486,67.25441,93.357025,0,0,69,83.79555,98.86725,13.90362,19.986454,NA,91.8,70.9,0.14
2025-08-25,0.039,JAN,93,70,68,58,0,5.0400624,39.01797,33.305424,55.710907,87.25828,0,0,70,81.278336,93.233696,11.296691,14.772596,NA,91.7,70.8,0.14
2025-08-26,0.044,JAN,88,71,65,60,0,5.8221407,26.919153,43.02936,59.03061,76.04932,0,0,71,79.23313,88.89175,13.90362,25.200312,NA,91.6,70.7,0.14
2025-08-27,0.049,JAN,90,71,68,62,0,3.475905,52.671204,42.302166,61.247135,78.57479,0,0,71,79.4261,91.47841,7.820786,11.296691,NA,91.5,70.6,0.14
2025-08-28,0.035,JAN,80,66,69,58,0.32,4.9531646,77.32038,55.52879,80.44554,100,0,0,66,71.81143,78,13.90362,20.85543,NA,91.3,70.4,0.12
2025-08-29,0.027,JAN,76,68,71,67,2.07,3.5628026,82.01639,84.54979,94.32834,100,0,0,68,70.60976,76,10.427715,13.90362,NA,91.2,70.3,0.13
2025-08-30,0.035,JAN,88,66,72,66,0,2.6938264,69.95904,51.747643,84.426254,100,0,0,66,76.64083,91.69197,11.296691,14.772596,NA,91.1,70.1,0.13
2025-08-31,0.042,JAN,90,67,72,63,0,2.4331334,79.800934,43.495422,74.74685,96.6429,0,0,68,79.158264,91.52856,12.165668,15.641572,NA,90.9,69.9,0.13
2025-09-01,0.043,JAN,91,67,70,65,0,3.041417,94.960075,46.646503,70.73415,96.628624,0,0,69,80.27234,92.154076,8.689762,13.034643,NA,90.8,69.8,0.12
2025-09-02,0.046,JAN,89,72,73,64,0.04,2.3462358,96.45094,46.79815,73.088974,96.699196,0,0,73,80.438614,91.52856,8.689762,13.034643,NA,90.6,69.6,0.13
2025-09-03,0.04,JAN,90,70,73,67,1e-4,4.605574,189.6408,50.290165,77.58797,93.4668,0,0,70,80.65475,96.09122,18.2485,21.724405,NA,90.5,69.4,0.12
2025-09-04,0.047,JAN,93,71,73,70,0,3.8234954,213.1332,50.43681,75.61633,96.68524,0,0,72,83.812614,98.86725,10.427715,15.641572,NA,90.3,69.2,0.12
2025-09-05,0.042,JAN,92,74,77,72,0,4.171086,206.57759,55.69064,77.87632,93.52077,0,0,75,86.56307,100.74215,10.427715,14.772596,NA,90.1,69,0.11
2025-09-06,0.043,JAN,83,73,75,66,1e-4,5.995936,355.95654,58.506363,77.60779,93.574135,0,0,70,78.31298,86.5658,13.034643,21.724405,NA,90,68.8,0.12
2025-09-07,0.037,JAN,84,64,66,53,0,7.386298,17.151142,35.626804,61.884872,90.18272,0,0,65,73.681885,82.68182,15.641572,23.462358,NA,89.8,68.6,0.12
2025-09-08,0.043,JAN,85,60,63,53,0,6.430424,9.738595,38.32789,60.489254,83.98939,0,0,61,72.5473,83.508675,15.641572,20.85543,NA,89.6,68.3,0.12
2025-09-09,0.034,JAN,90,67,75,63,0.03,5.0400624,90.84377,53.553123,74.45786,90.14227,0,0,67,78.93263,92.39216,12.165668,16.51055,NA,89.4,68.1,0.12
2025-09-10,0.045,JAN,92,66,69,64,0,2.6069288,79.804245,41.00125,68.97399,93.3292,0,0,67,79.35124,93.75096,11.296691,15.641572,NA,89.2,67.9,0.12
2025-09-11,0.052,JAN,93,63,69,63,0,1.2165667,15.245821,38.376667,68.631836,93.357025,0,0,66,79.57295,94.885605,11.296691,16.51055,NA,89,67.6,0.12
2025-09-12,0.052,JAN,95,68,69,62,0,1.7379525,15.145581,33.77448,67.14182,96.61426,0,0,68,82.27181,97.199356,12.165668,17.379524,NA,88.8,67.3,0.13
2025-09-13,0.054,JAN,95,66,70,54,0,2.774216,47.769554,26.951694,62.960682,93.3847,0,0,67,79.747375,92.71505,13.034643,19.117477,NA,88.6,67.1,0.13
2025-09-14,0.057,JAN,95,64,71,54,0,1.1310104,35.20432,26.951694,66.268196,96.55598,0,0,64,78.54143,93.12149,10.427715,14.772596,NA,88.4,66.8,0.12
2025-09-15,0.053,JAN,93,65,69,61,0,1.7379525,351.05267,35.919235,65.29406,93.24476,0,0,65,80.49828,93.711075,7.820786,10.427715,NA,88.1,66.5,0.12
2025-09-16,0.053,JAN,93,71,71,66,1e-4,3.3890073,331.98434,43.958298,69.28429,90.30272,0,0,72,82.011215000000007,95.568825,13.034643,16.51055,NA,87.9,66.2,0.11
2025-09-17,0.053,JAN,95,70,70,67,0,3.7365978,169.1318,41.467293,72.14763,93.41222,0,0,71,80.92178,97.91343,13.034643,18.2485,NA,87.7,65.9,0.11
2025-09-18,0.058,JAN,97,67,69,60,0,1.4772596,198.1429,31.463924,66.926414,93.41222,0,0,68,80.86557,95.94565,15.641572,20.85543,NA,87.4,65.5,0.12
2025-09-19,0.054,JAN,96,66,71,63,1e-4,2.6069288,305.81488,36.232372,65.89999,87.20687,0,0,67,80.9359,97.07105,13.034643,18.2485,NA,87.2,65.2,0.11
2025-09-20,0.058,JAN,95,67,71,64,0,1.6510549,159.77498,38.533215,69.2375,96.61426,0,0,68,81.59598,96.734535,10.427715,13.034643,NA,86.9,64.9,0.1
2025-09-21,0.051,JAN,95,70,71,63,0,3.9972906,178.0088,36.232372,64.824844,93.3847,0,0,70,83.32811,97.07105,13.90362,18.2485,NA,86.6,64.5,0.11
2025-09-22,0.048,JAN,95,72,74,63,0,5.4745502,173.77681,36.075920000000004,66.45489,90.420784,0,0,73,84.04983,97.699875,13.034643,18.2485,NA,86.4,64.2,0.1
2025-09-23,0.04,JAN,96,71,74,68,0,4.5186763,186.22293,42.92047,70.29026,93.43958,0,0,71,85.372635,100.72807,12.165668,16.51055,NA,86.1,63.8,0.11
2025-09-24,0.023,JAN,86,73,77,72,0.98,5.995936,197.895,79.607796,91.36544,96.72687,0,0,73,79.37671,93.8328,19.117477,26.069286,NA,85.8,63.4,0.1
2025-09-25,0.04,JAN,86,68,74,66,1e-4,3.9972906,266.7959,53.124218,80.60481,100,0,0,68,78.36834,90.07442,13.034643,18.2485,NA,85.5,63.1,0.11
2025-09-26,0.043,JAN,85,64,68,62,0,3.8234954,352.19476,47.6927,78.8623,100,0,0,64,73.8161,86.34932,13.034643,16.51055,NA,85.3,62.7,0.12
2025-09-27,0.051,JAN,87,61,66,57,0,2.9545193,356.27322,37.43171,69.22986,96.5412,0,0,62,73.12747,86.09109,12.165668,17.379524,NA,85,62.3,0.11
2025-09-28,0.046,JAN,90,58,66,58,0,3.3890073,1.3813193,39.275574,69.80563,100,0,0,58,75.06216,89.460785,12.165668,15.641572,NA,84.7,61.9,0.11
2025-09-29,0.049,JAN,92,68,67,59,0,5.0400624,21.628777,33.305424,60.92435,78.57479,0,0,69,80.00175,93.12149,13.90362,19.986454,NA,84.4,61.5,0.12
2025-09-30,0.048,JAN,89,65,68,63,0,2.4331334,357.5324,43.495422,71.26758,96.57068,0,0,65,77.3161,89.883514,12.165668,16.51055,NA,84,61.1,0.12
2025-10-01,0.043,JAN,92,65,70,65,0,2.1724405,65.31167,45.353035,72.64594,96.61426,0,0,67,79.233055,92.82899,13.034643,17.379524,NA,83.7,60.7,0.12
2025-10-02,0.046,JAN,89,67,69,56,0,3.9972906,92.24368,34.974392,66.02178,96.61426,0,0,68,76.81675,88.65034,12.165668,18.2485,NA,83.4,60.3,0.13
2025-10-03,0.038,JAN,86,62,62,54,0,5.995936,76.511665,40.060684,59.525322,75.68629,0,0,62,73.89616,84.60841,14.772596,25.200312,NA,83.1,59.8,0.12
2025-10-04,0.037,JAN,88,64,62,53,0,6.082834,89.997536,31.350754,60.41188,89.978264,0,0,64,75.2477,87.0135,14.772596,21.724405,NA,82.7,59.4,0.12
2025-10-05,0.031,JAN,88,67,73,60,0.08,7.4731956,84.576096,53.410603,74.935936,96.699196,0,0,67,77.10397,90.56344,18.2485,29.545193,NA,82.4,59,0.13
2025-10-06,0.029,JAN,86,73,75,71,0.26,8.77666,132.91357,72.0438,90.452156,96.71307,0,0,73,77.40785,93.5278,15.641572,20.85543,NA,82.1,58.5,0.11
2025-10-07,0.035,JAN,90,72,75,69,0,3.475905,168.51538,55.69064,84.56144,100,0,0,72,80.89448,97.345566,12.165668,14.772596,NA,81.7,58.1,0.12
2025-10-08,0.03,JAN,88,72,73,67,0,6.3435264,20.926083,57.19417,77.78564,96.699196,0,0,73,80.31645,93.958466,15.641572,20.85543,NA,81.4,57.7,0.11
2025-10-09,0.041,JAN,86,63,67,51,0,7.646991,10.048444,32.046913,64.17959,90.18272,0,0,64,72.8014,83.85907,14.772596,21.724405,NA,81,57.2,0.11
2025-10-10,0.039,JAN,84,59,61,53,0,5.2138577,27.844687,42.716896,67.7507,89.7681,0,0,59,70.19737,83.76197,13.90362,19.117477,NA,80.6,56.8,0.1
2025-10-11,0.045,JAN,84,55,59,50,0,2.6938264,9.926522,31.88886,67.64197,96.46597,0,0,56,68.42269,81.64644,13.034643,17.379524,NA,80.3,56.3,0.1
2025-10-12,0.051,JAN,84,52,57,50,0,1.4772596,11.099599,33.094536,66.78988,96.43526,0,0,52,66.63793,81.51481,11.296691,15.641572,NA,79.9,55.9,0.11
2025-10-13,0.052,JAN,87,52,58,52,0,2.085543,5.7167993,32.362545,66.39918,96.40418,0,0,54,68.829895,84.2687,11.296691,15.641572,NA,79.5,55.5,0.11
2025-10-14,0.054,JAN,86,54,59,53,0,4.2579837,9.408579,33.411465,65.47179,96.43526,0,0,55,69.472916,83.45689,13.90362,19.986454,NA,79.2,55,0.11
2025-10-15,0.052,JAN,88,55,59,53,0,3.475905,14.444413,32.67752,62.130505,86.73167,0,0,57,70.963005,86.215355,11.296691,14.772596,NA,78.8,54.6,0.11
2025-10-16,0.059,JAN,92,55,61,54,0,1.4772596,12.590811,31.977226,65.58841,96.43526,0,0,56,72.06241,89.618004,7.820786,16.51055,NA,78.4,54.1,0.12
2025-10-17,0.054,JAN,91,59,65,58,0,3.9972906,185.30414,34.357693,67.105774,96.49632,0,0,60,74.66318,90.67826,10.427715,13.90362,NA,78,53.7,0.13
2025-10-18,0.038,JAN,89,65,73,64,0.03,9.211148,169.42119,53.553123,77.80246,96.6429,0,0,66,78.474205,92.39216,21.724405,27.80724,NA,77.6,53.3,0.13
2025-10-19,0.039,JAN,77,50,73,42,0.68,5.995936,318.3744,29.616856,71.50415,100,0,0,51,67.58049,77,19.986454,28.676216,NA,77.2,52.8,0.13
2025-10-20,0.036,JAN,79,46,51,44,0,4.605574,151.85324,31.255112,64.92934,96.30871,0,0,47,61.705227,79,13.90362,19.117477,NA,76.8,52.4,0.13
2025-10-21,0.029,JAN,74,51,68,52,0.42,3.9972906,231.01897,75.959206,91.30599,100,0,0,52,63.72203,73,8.689762,12.165668,NA,76.5,52,0.13
2025-10-22,0.037,JAN,78,45,54,38,0,2.1724405,10.542182,26.516108,69.191185,100,0,0,46,60.135193,77,12.165668,15.641572,NA,76.1,51.5,0.13
2025-10-23,0.041,JAN,81,45,51,38,0,1.3907801,143.97102,22.220707,65.59304,96.292465000000007,0,0,45,61.21576,78.87397,8.689762,13.034643,NA,75.7,51.1,0.14
2025-10-24,0.045,JAN,83,48,58,44,0,4.171086,117.02811,27.134813,60.34904,96.34091,0,0,49,65.26393,80.28314,13.034643,17.379524,NA,75.3,50.7,0.13
2025-10-25,0.036,JAN,71,55,67,48,0.07,8.168377,123.62903,52.24133,75.99826,93.357025,0,0,58,65.55052,71,19.986454,26.938263,NA,74.9,50.3,0.14
2025-10-26,0.031,JAN,75,63,67,63,1.16,7.646991,129.2391,78.73799,91.92697,100,0,0,64,68.10913,73,21.724405,28.676216,NA,74.5,49.9,0.14
2025-10-27,0.031,JAN,76,61,67,60,0,4.431779,350.84775,63.775917,87.034195,100,0,0,61,67.16474,73,13.90362,16.51055,NA,74.1,49.5,0.13
2025-10-28,0.028,JAN,72,54,61,54,0.23,5.387653,99.5814,63.400578,84.04933,96.52633,0,0,55,63.771427,71,18.2485,22.593382,NA,73.7,49.1,0.13
2025-10-29,0.025,JAN,64,53,63,42,0.02,11.644281,273.45657,59.26445,74.55099,100,0,0,53,55.697838,63,20.85543,32.152122,NA,73.3,48.7,0.13
2025-10-30,0.033,JAN,65,42,51,42,1e-4,5.6483455,315.05463,44.58032,73.807686,96.276115,0,0,45,55.071777,64,13.034643,19.117477,NA,72.9,48.4,0.12
2025-10-31,0.038,JAN,69,38,48,39,0,0.95587385,318.39215,40.329453,76.53417,100,0,0,38.9772,52.65982,68,8.689762,13.90362,NA,72.5,48,0.13
2025-11-01,0.036,JAN,68,40,52,40,0,2.6069288,154.21123,46.800274,76.74002,100,0,0,41,54.503834,68,12.165668,16.51055,NA,72.2,47.6,0.13
2025-11-02,0.033,JAN,66,38,50,38,0,5.12696,344.75162,41.095345,75.49854,100,0,0,39,51.039265,65,15.641572,19.986454,NA,71.8,47.3,0.14
2025-11-03,0.034,JAN,68,35,44,31,0,1.3034644,13.451708,26.003,70.7195,100,0,0,36,50.592335,68,7.820786,11.296691,NA,71.4,46.9,0.14
2025-11-04,0.037,JAN,76,38,47,39,0,1.5641572,144.66963,30.619059,70.12484,100,0,0,39,55.598606,75,11.296691,14.772596,NA,71,46.6,0.15
2025-11-05,0.043,JAN,77,42,58,42,0,1.9117477,202.96912,53.711258,78.84005,100,0,0,43,59.438328,76,8.689762,12.165668,NA,70.7,46.3,0.14
2025-11-06,0.042,JAN,79,47,60,47,0,3.8234954,155.83057,48.649097,80.38509,100,0,0,47,62.555885,79,11.296691,16.51055,NA,70.3,45.9,0.14
2025-11-07,0.033,JAN,82,60,68,59,0,5.2138577,191.4323,56.370003,83.851456,96.55598,0,0,61,68.82822,82.551476,14.772596,19.117477,NA,69.9,45.6,0.15
2025-11-08,0.035,JAN,80,56,68,56,0,2.5200312,197.14648,62.436752,89.05196,100,0,0,56,67.55359,82.07693,10.427715,13.90362,NA,69.6,45.3,0.14
2025-11-09,0.03,JAN,65,42,65,30,0,11.470487,340.7977,37.992176,61.43096,100,0,0,38.435047,55.294712,65,19.986454,30.41417,NA,69.2,45,0.14
2025-11-10,0.033,JAN,48,26,30,15,0,7.907684,333.20297,31.9411,52.490143,77.96598,0,0,24.115845,33.06065,42.686028,19.117477,25.200312,NA,68.9,44.7,0.15
2025-11-11,0.032,JAN,61,26,34,19,0,6.256629,179.98892,23.729488,51.264004,81.30755,0,0,21.644852,41.851982,61,13.034643,17.379524,NA,68.5,44.5,0.14
2025-11-12,0.038,JAN,76,40,55,35,0,4.431779,207.98793,44.639633,72.016556,96.372734,0,0,37.083782,56.0999,76,13.034643,18.2485,NA,68.2,44.2,0.14
2025-11-13,0.038,JAN,79,50,61,50,0,1.5641572,303.35812,52.107628,82.11733,100,0,0,51,61.99512,78,11.296691,13.90362,NA,67.8,43.9,0.15
2025-11-14,0.038,JAN,79,50,61,51,0,3.3890073,179.76003,45.10858,79.160645,100,0,0,51,63.483765,78,10.427715,15.641572,NA,67.5,43.7,0.15
2025-11-15,0.037,JAN,80,54,60,53,0,7.212503,192.14615,48.649097,75.8894,96.41977,0,0,54,66.07387,79,13.90362,19.986454,NA,67.2,43.4,0.14
2025-11-16,0.034,JAN,82,58,65,58,0,3.9972906,262.72412,56.370003,81.94404,100,0,0,59,68.48235,82.551476,10.427715,16.51055,NA,66.9,43.2,0.15
2025-11-17,0.037,JAN,81,60,61,39,0,6.256629,125.964645,31.339039,49.850445,83.92549,0,0,62,69.641815,81.05284,11.296691,18.2485,NA,66.5,43,0.15
2025-11-18,0.031,JAN,82,59,67,57,0,7.820786,185.49681,56.370003,80.55786,96.58529,0,0,61,71.50569,83.8094,15.641572,20.85543,NA,66.2,42.7,0.14
2025-11-19,0.027,JAN,83,64,69,63,0,3.3890073,193.74707,60.56571,85.60405,100,0,0,64,71.24831,84.53304,8.689762,13.90362,NA,65.9,42.5,0.15
2025-11-20,0.03,JAN,79,61,66,61,0,4.9531646,164.45152,57.965057,84.35689,100,0,0,62,68.368645,78,10.427715,13.90362,NA,65.6,42.3,0.15
2025-11-21,0.022,JAN,77,65,72,64,0.1,6.6911173,165.20839,81.72337,94.89476,100,0,0,65,70.65854,77,12.165668,16.51055,NA,65.3,42.1,0.15
2025-11-22,0.041,JAN,83,57,70,52,0,4.431779,261.25912,35.46756,72.99354,100,0,0,58,71.06163,81.57505,11.296691,15.641572,NA,65,41.9,0.14
2025-11-23,0.025,JAN,65,49,56,49,0,3.9972906,13.111337,65.11664,83.54882,96.45066,0,0,50,58.35819,65,8.689762,13.034643,NA,64.8,41.7,0.14
2025-11-24,0.038,JAN,78,43,67,43,1e-4,4.344881,143.49336,46.621822,78.7815,100,0,0,43,62.403625,77,17.379524,23.462358,NA,64.5,41.6,0.15
2025-11-25,0.033,JAN,77,57,71,56,2.93,5.300755,243.3441,51.960587,83.0226,100,0,0,58,68.934494,77,19.986454,28.676216,NA,64.2,41.4,0.15
2025-11-26,0.036,JAN,62,40,55,25,0,7.212503,345.65005,25.220749,61.315647,96.41977,0,0,38.271393,53.289413,62,19.117477,24.331335,NA,63.9,41.2,0.15
2025-11-27,0.037,JAN,60,36,34,22,0,5.4745502,352.1475,25.65409,56.54984,85.345055,0,0,34.426685,45.373695,59,13.90362,19.986454,NA,63.7,41.1,0.16
2025-11-28,0.035,JAN,58,31,35,21,0,3.5628026,81.41815,27.894808,59.37271,100,0,0,32,43.717144,58,10.427715,13.90362,NA,63.4,40.9,0.15
2025-11-29,0.028,JAN,58,38,52,27,0.1,6.95181,141.13219,47.1745,69.45857,83.1321,0,0,37.574005,47.017467,58,13.90362,21.724405,NA,63.1,40.8,0.17
2025-11-30,0.019,JAN,58,42,54,36,0.34,8.168377,3.3303008,73.25354,90.32709,100,0,0,36.76216,45.048313,58,14.772596,18.2485,NA,62.9,40.6,0.16
2025-12-01,0.015,JAN,50,41,48,35,0.1,5.0400624,40.898216,76.01859,85.101364,100,0,0,36.43138,42.9156,50,11.296691,16.51055,NA,62.6,40.5,0.15
2025-12-02,0.029,JAN,44,36,87.8,30.2,1e-4,7.7338886,333.00967,70.06351,84.6654,96.24313,0,0,29.86605,41.597794,138.95851,13.034643,19.986454,NA,62.4,40.3,0.16
2025-12-03,0.022,JAN,52,34,39,30,0,3.5628026,104.54917,51.989246,77.431496,89.00791,0,0,28.435831,38.76271,51,8.689762,12.165668,NA,62.1,40.2,0.15
2025-12-04,0.03,JAN,51,44,48,39,0.67,5.12696,40.752483,79.34826,92.54878,100,0,0,38.54716,44.128727,50,13.034643,19.117477,NA,61.9,40.1,0.16
2025-12-05,0.012,JAN,45,40,44,39.2,0,3.475905,339.37772,85.709015,92.950165,100,0,0,34.704742,40.01427,44,12.165668,13.90362,NA,61.7,39.9,0.16
2025-12-06,0.021,JAN,58,43,47,41,1e-4,4.344881,140.45,59.402515,84.360306,96.22649,0,0,39.459003,46.14861,57,13.034643,19.117477,NA,61.4,39.8,0.15
2025-12-07,0.03,JAN,66,48,52,48,0.25,5.561448,45.30547,60.488304,85.417755,100,0,0,46.337784,54.591522,66,NA,NA,NA,61.2,39.7,0.16
2025-12-08,0.021,JAN,50,41,47,36,1e-4,7.994581,341.34088,76.393425,85.966255,96.30871,0,0,35.749367,40.944756,44.281822,13.034643,20.85543,NA,61,39.6,0.16
2025-12-09,0.022,JAN,56,39,40,34,0,4.6924715,175.4666,50.569492,76.36399,92.54695,0,0,34.708565,41.722874,55,8.689762,13.90362,NA,60.8,39.4,0.16
2025-12-10,0.036,JAN,66,37,52,36,0,5.8221407,231.5353,49.853954,78.672874,100,0,0,35.165268,48.038006,64,19.117477,26.938263,NA,60.6,39.3,0.17
2025-12-11,0.03,JAN,60,32,38,30,0,3.3890073,172.45958,38.860893,68.42199,96.10713,0,0,29.831749,44.302536,59,10.427715,14.772596,NA,60.4,39.2,0.16
2025-12-12,0.031,JAN,72,36,59,35,0,2.2593381,189.62025,65.72325,85.873764,100,0,0,35.547657,53.13872,70,6.95181,9.558739,NA,60.2,39.1,0.16
2025-12-13,0.02,JAN,70,48,65,48,0.18,3.3890073,355.61172,84.17909,96.47226,100,0,0,46.979465,59.352222,70,18.2485,25.200312,NA,60,39,0.16
2025-12-14,0.033,JAN,54,27,50,11,0.07,12.252565,352.88342,30.244461,62.948532,96.35687,0,0,20.417673,30.271248,52,21.724405,32.152122,NA,59.8,38.9,0.17
2025-12-15,0.029,JAN,47,21,24,9,0,3.041417,21.863989,28.174616,51.71676,81.30755,0,0,14.57485,28.839016,45,12.165668,16.51055,NA,59.6,38.8,0.15
2025-12-16,0.03,JAN,61,26,42,22,0,3.3890073,162.65324,30.470984,63.92685,84.64534,0,0,21.581379,42.78242,61,10.427715,10.427715,NA,59.4,38.6,0.17
2025-12-17,0.029,JAN,66,41,55,40,0,3.6497002,150.46504,64.746605,80.70062,96.20975,0,0,41,55.468872,65,10.427715,11.296691,NA,59.2,38.5,0.16
2025-12-18,0.034,JAN,78,54,64,33,0.01,7.2994003,223.25626,38.696114,76.09478,96.5412,0,0,54,65.11018,77,24.331335,37.36598,NA,59,38.4,0.17
2025-12-19,0.037,JAN,59,36,33,21,0,4.8662667,342.9816,24.594936,46.00837,81.84337,0,0,32.091175,46.768444,58,13.034643,19.986454,NA,58.9,38.3,0.18
2025-12-20,0.039,JAN,74,34,58,29,0,7.646991,172.82394,42.861988,65.80639,86.67744,0,0,31.552166,54.90417,74,18.2485,25.200312,NA,58.7,38.2,0.17
2025-12-21,0.02,JAN,67,58,64.4,56,1e-4,5.8221407,56.51993,86.83926,92.86683,100,0,0,58,62.76195,66,10.427715,13.034643,NA,58.6,38.1,0.18
2025-12-22,0.027,JAN,70,58,66,56,0,6.430424,151.93085,81.14572,90.501945,100,0,0,58,63.764877,70,13.90362,19.117477,NA,58.4,38,0.18
2025-12-23,0.034,JAN,77,54,62,54,0,3.1283145,175.62617,59.510056,87.456566,100,0,0,54,62.37665,76,8.689762,13.034643,NA,58.3,37.9,0.18
2025-12-24,0.035,JAN,80,52,63,51.8,0,3.8234954,181.10501,55.95154,86.05054,100,0,0,51.8,63.851566,79,8.689762,13.034643,NA,58.1,37.8,0.17
2025-12-25,0.028,JAN,74,51,63,52,0,3.910393,180.24982,68.34677,87.89526,100,0,0,52,63.122646,74,11.296691,14.772596,NA,58,37.7,0.18
2025-12-26,0.027,JAN,78,61,65,61,0,8.168377,200.78847,62.183395,84.48571,100,0,0,61,68.43623,78,19.117477,26.069286,NA,57.9,37.6,0.17
2025-12-27,0.023,JAN,75,60,67,62,0,6.256629,193.1458,68.68291,87.22899,100,0,0,62,69.4538,75,12.165668,16.51055,NA,57.7,37.5,0.18
2025-12-28,0.031,JAN,81,64,67,63,0,9.037353,197.83443,58.101105,81.59949,96.599815,0,0,65,71.01533,79,19.117477,26.069286,NA,57.6,37.4,0.16
2025-12-29,0.033,JAN,69,40,58,13,0.06,11.991872,336.81296,29.601439,47.119106,89.85287,0,0,26.000704,37.998177,61,21.724405,32.152122,NA,57.5,37.3,0.17
2025-12-30,0.028,JAN,46,29,24,17,0,5.9090385,338.64597,33.525383,51.832104,81.30755,0,0,20.417673,30.76332,41.834225000000004,12.165668,16.51055,NA,57.4,37.2,0.16
2025-12-31,0.027,JAN,63,27,28,21,0,3.9972906,221.88002,22.250221,47.30448,81.229324,0,0,23.91689,43.443222,62,11.296691,15.641572,NA,57.3,37.2,0.17
2026-01-01,0.039,JAN,71,38,37,28,0,5.995936,207.55019,24.428885,46.753704,73.150024,0,0,36.76219,53.52144,71,13.034643,16.51055,NA,57.2,37.1,0.17
2026-01-02,0.033,JAN,73,51,63,40,1e-4,7.7338886,179.4289,61.186916,75.38085,96.51137,0,0,52,63.372124,72,17.379524,26.069286,NA,57.2,37,0.17
2026-01-03,NA,JAN,66,49,62,45,1e-4,6.256629,350.04645,76.94182,87.91132,100,0,0,44.652218,57.231407,66,12.165668,16.51055,NA,57.1,36.9,0.17
2026-01-04,0.028,JAN,63,42,45,39,0,3.9972906,1.4984225,46.011925,74.83712,92.61139,0,0,36.96829,48.43136,62,13.034643,16.51055,NA,57,36.8,0.17
2026-01-05,0.034,JAN,70,48,54,45,0,5.387653,177.45071,50.918507,77.67812,92.922554,0,0,48.12265,57.436672,70,10.427715,14.772596,NA,57,36.8,0.18
2026-01-06,NA,JAN,73,56,64,55,0,7.125605,204.32292,73.343155,88.84469,100,0,0,56,64.763626,73,13.90362,18.2485,NA,56.9,36.7,0.17
2026-01-07,0.035,JAN,79,57,66.2,53,0,4.7793694,191.73145,43.33624,79.745514,100,0,0,57,66.88279,78,11.296691,14.772596,NA,56.9,36.6,0.17
2026-01-08,0.032,JAN,78,57,66,58,0,10.340817,164.72104,57.691505,80.70934,100,0,0,61,69.46202,77,17.379524,25.200312,NA,56.9,36.6,0.18
2026-01-09,0.022,JAN,76,68,70,66,1.4,5.995936,157.87688,81.43745,91.91542,100,0,0,68,70.95345,75,14.772596,21.724405,NA,56.9,36.5,0.17
2026-01-10,0.03,JAN,71,48,70,41,0.08,7.5560284,324.738,66.23655,85.92268,100,0,0,44.281822,60.43219,71,24.331335,39.10393,NA,56.9,36.5,0.17
2026-01-11,0.038,JAN,57,36,41,22,0,7.386298,355.08115,28.754313,61.005295,92.41577,0,0,32.756535,43.167114,56,18.2485,22.593382,NA,56.9,36.4,0.17
2026-01-12,0.032,JAN,55,28,30,11,0,1.7379525,37.84027,18.300463,59.873238,84.96875,0,0,25.084644,38.44398,55,7.820786,10.427715,NA,56.9,36.4,0.17
2026-01-13,0.032,JAN,63,29,44,25,0.06,3.3890073,209.95184,25.377214,60.873642,92.109,0,0,29,44.93069,63,14.772596,20.85543,NA,56.9,36.4,0.17
2026-01-14,0.028,JAN,54,43,49,28,0.16,5.8221407,270.84793,53.043793,87.15326,100,0,0,37.63112,46.12489,53,15.641572,22.593382,NA,57,36.3,0.17
2026-01-15,0.034,JAN,49,30,25,16,0,5.8221407,325.4607,27.45179,52.651596,74.948166,0,0,24.113144,34.29454,43.59584,13.034643,18.2485,NA,57,36.3,0.18
2026-01-16,0.042,JAN,68,31,54,21,0.2,9.471841,191.33386,43.051517,59.873795,92.861755,0,0,25.530327,49.013092,68,19.117477,29.545193,NA,57,36.3,0.18
2026-01-17,0.033,JAN,51,32,46,13,1e-4,5.561448,338.1245,39.956276,66.92703,100,0,0,27.582903,38.690285,50,20.85543,27.80724,NA,57.1,36.3,0.16
2026-01-18,0.033,JAN,43,23,23,16,0,3.215212,270.25797,37.606678,59.09157,84.64534,0,0,22.972662,30.146408,39.097702,12.165668,16.51055,NA,57.2,36.3,0.17
2026-01-19,0.037,JAN,56,24,30,19,0,1.7379525,37.18596,29.980856,59.811134,85.09559,0,0,25,39.357483,56,8.689762,12.165668,NA,57.3,36.3,0.17
2026-01-20,0.035,JAN,59,32,33,16,0,4.6924715,95.06575,30.307741,53.23841,72.30363,0,0,24.757269,39.61432,58,12.165668,15.641572,NA,57.3,36.4,0.17
2026-01-21,0.029,JAN,59,41,54,32,0.3,5.4745502,147.40251,59.125862,76.96904,100,0,0,38.435047,51.15716,59,13.90362,19.117477,NA,57.4,36.4,0.18
2026-01-22,0.03,JAN,56,51,55,49,0.1,5.2138577,40.283585,86.28951,93.51709,100,0,0,51,53.319862,56,13.034643,18.2485,NA,57.5,36.4,0.17
2026-01-23,0.029,JAN,56,43,50,26,0,5.995936,23.600616,48.83948,80.987434,100,0,0,37.663204,49.676674,55,13.90362,19.986454,NA,57.7,36.5,0.18
2026-01-24,0.024,JAN,43,38,38,24,0.33,6.95181,37.799725,50.43008,73.76283,100,0,0,30.974442,34.63193,36.96829,12.165668,19.986454,NA,57.8,36.5,0.18
2026-01-25,0.035,JAN,40,22,39,18,1.21,8.785366,326.15125,80.83174,89.768684,100,1e-4,0,9.829124,21.98792,36.76219,17.379524,22.593382,NA,57.9,36.6,0.18
2026-01-26,0.039,JAN,30,22,19,15,1e-4,9.384943,337.928,62.88533,77.85397,91.71081,1e-4,0,8.272366,13.738002,21.122297,18.2485,24.331335,NA,58,36.7,0.17
2026-01-27,0.041,JAN,43,15,29,14,0,3.215212,245.9168,41.14054,71.92029,87.90776,0,NA,11.540852,26.981985,38.77837,12.165668,16.51055,NA,58.2,36.7,0.18
2026-01-28,0.043,JAN,52,27,30,25,0,2.3462358,307.49008,36.00533,65.87243,88.47538,0,0,28,37.137005,51,10.427715,13.90362,NA,58.3,36.8,0.19
2026-01-29,0.04,JAN,58,25,33,23,0,2.6069288,161.3059,28.591795,64.176575,92.07388,0,0,26,38.964848,57,11.296691,14.772596,NA,58.5,36.9,0.18
2026-01-30,0.046,JAN,50,33,36,16,0,8.168377,338.18686,49.790363,64.12045,81.992775,0,0,19.783531,35.631374,50,15.641572,22.593382,NA,58.7,37,0.19
2026-01-31,NA,JAN,31,21,14,7,0,12.860848,336.40207,42.245674,50.949047,67.55746,0,0,5.2684917,13.184433,19.006155,25.200312,38.234955,NA,58.8,37.2,0.19
2026-02-01,NA,JAN,45,17,19,11,0,2.780724,320.87802,29.269386,56.70986,77.601944,0,0,10.956361,25.465517,41.433212,8.689762,14.772596,NA,59,37.3,0.19
2026-02-02,NA,JAN,65,24,35,18,0,5.4745502,196.18362,30.050669,54.5058,74.441605,0,0,19.50849,42.54215,64,12.165668,18.2485,NA,59.2,37.4,0.18
2026-02-03,0.034,JAN,60,42,56,35,0.82,6.8649125,189.78044,65.244995,85.78497,96.45066,0,0,38.77837,51.267376,60,14.772596,19.117477,NA,59.4,37.5,0.18
2026-02-04,0.041,JAN,57,33,56,24,0.01,9.211148,342.38403,49.94715,75.38967,100,0,0,26.734695,39.823734,57,14.772596,20.85543,NA,59.6,37.7,0.18
2026-02-05,NA,JAN,51,28,32,24,0,5.2188153,305.1361,44.07702,66.0759,84.775795,0,0,23.91689,35.770794,51,13.90362,19.117477,NA,59.8,37.9,0.18
2026-02-06,0.039,JAN,76,38,44,32,0,5.8221407,250.7821,27.253384,57.792538,79.013405,0,0,33.9609,53.723217,75,14.772596,22.593382,NA,60,38,0.18
2026-02-07,0.039,JAN,63,36,40,31,0,5.2138577,12.881325,30.959866,57.48812,85.28321,0,0,37,48.42145,62,12.165668,18.2485,NA,60.2,38.2,0.18
2026-02-08,0.044,JAN,73,32,44,30,0,4.431779,187.81587,26.941013,55.975563,88.62398,0,0,30.974932,53.53817,73,12.165668,16.51055,NA,60.4,38.4,0.19
2026-02-09,0.038,JAN,75,51,58,44,0,6.256629,178.8522,57.41601,77.76808,93.04207,0,0,52,60.880836,74,10.427715,13.034643,NA,60.6,38.5,0.19
2026-02-10,0.04,JAN,73,54,60,54,0,6.522648,187.18878,57.13856,81.7796,100,0,0,55,63.1377,73,13.90362,19.986454,NA,60.9,38.7,0.19
2026-02-11,0.034,JAN,74,50,63,48,0,6.430424,320.45926,68.34677,81.44493,89.978264,0,0,51,63.971428,73,14.772596,19.117477,NA,61.1,38.9,0.18
2026-02-12,0.042,JAN,72,45,47,39,0,2.9545193,25.495373,33.70121,63.398357,92.769226,0,0,41.834225000000004,55.34119,71,10.427715,13.90362,NA,61.3,39.1,0.19
2026-02-13,0.045,JAN,75,48,52,35,0,2.085543,67.85312,40.76953,57.40238,79.997574,0,0,48.12265,61.82255,75,8.689762,12.165668,NA,61.6,39.3,0.18
2026-02-14,0.039,JAN,74,52,60,44,1e-4,9.558739,154.24986,52.834972,73.32204,96.48119,0,0,53,63.2446,71,19.117477,26.938263,NA,61.8,39.6,0.18
2026-02-15,0.035,JAN,65,51,62,48,0.49,11.644281,282.91428,83.0637,89.47457,96.48119,0,0,51,57.319164,64,21.724405,34.75905,NA,62,39.8,0.18
2026-02-16,0.025,JAN,57,46,50,45,0,3.7303135,81.551254,77.29843,87.46664,96.276115,0,0,46,51.866203,56,10.427715,15.641572,NA,62.3,40,0.18
2026-02-17,0.029,JAN,63,50,58,49,0,6.95181,166.6457,75.03416,88.08482,100,0,0,50,56.263416,63,15.641572,23.462358,NA,62.5,40.2,0.18
2026-02-18,0.037,JAN,75,59,61,57,0,8.168377,186.06784,63.775917,79.85191,96.49632,0,0,59,66.25087,73,15.641572,21.724405,NA,62.8,40.4,0.17
2026-02-19,0.033,JAN,83,63,65,57,0,8.950456,200.43478,42.716896,71.19399,93.21629,0,0,63,71.26926,82.71364,19.117477,26.069286,NA,63,40.7,0.18
2026-02-20,0.046,JAN,78,57,65,38,0,4.6924715,35.250805,25.348782,52.91616,93.30121,0,0,58,69.3331,78,12.165668,16.51055,NA,63.3,40.9,0.18
2026-02-21,0.037,JAN,72,54,56,32,0.74,6.8649125,340.82095,48.136974,64.214340000000007,89.59571,0,0,40.921917,59.731026,72,19.117477,26.069286,NA,63.5,41.1,0.17
2026-02-22,0.042,JAN,53,36,32,18,0,11.731179,336.48767,25.795038,44.21037,62.29345,0,0,30.347797,39.87926,52,20.85543,33.0211,NA,63.8,41.4,0.18
2026-02-23,0.04,JAN,48,32,21,12,0,9.645637,339.52216,28.503954,41.25562,58.238667,0,NA,23.274395,31.848248,42.365353,19.117477,23.462358,NA,64,41.6,0.18
2026-02-24,0.044,JAN,61,25,32,17,0,7.2994003,172.54985,19.305988,43.55365,77.601944,0,NA,20.6863,41.70286,60,15.641572,20.85543,NA,64.3,41.8,0.19
2026-02-25,0.046,JAN,73,46,56,34,0,10.427715,188.82372,51.367855,65.14501,85.94504,0,0,43.0322,59.838688,73,19.986454,28.676216,NA,64.5,42.1,0.18
2026-02-26,0.038,JAN,76,62,64,58,0.01,6.7780147,203.81865,59.643726,79.51826,96.52633,0,0,62,67.7731,75,13.90362,19.986454,NA,64.8,42.3,0.19
2026-02-27,0.042,JAN,77,47,63,33,1e-4,5.174913,17.84016,20.106726,60.76397,100,0,0,47,63.832752,77,13,19.986454,NA,65.1,42.6,0.19
2026-02-28,0.049,JAN,78,40,45,33,0,1.9289199,66.937225,21.487482,53.614143,85.52855,0,NA,41,59.00836,78,11,21.724405,NA,65.3,42.8,0.18
2026-03-01,0.047,JAN,80,44,53,42,0,3.7825785,150.83919,27.877497,58.33892,92.643326,0,NA,42.600967,62.578194,79.06081,10,15,NA,65.6,43,0.19
2026-03-02,0.042,JAN,81,47,55,46,0,5.5212545,165.77487,31.413773,62.63022,96.30871,0,NA,47,64.87553,80.119644,12,18.2485,NA,65.8,43.3,0.18
2026-03-03,0.037,JAN,83,54,64,55,0,8.950456,164.04953,39.586227,71.91657,96.49632,0,0,57,69.588356,81.57505,17.379524,21.724405,NA,66.1,43.5,0.18
2026-03-04,0.034,JAN,83,64,65,59,1e-4,8.342172,164.40965,47.54094,73.07864,96.57068,0,0,64,72.473114,83.472,15.641572,21.724405,NA,66.4,43.8,0.19
2026-03-05,0.032,JAN,83,64,64,61,0,9.037353,166.67119,52.40035,72.362915,90.06072,0,0,65,72.00816,81.0326,15.641572,19.986454,NA,66.6,44,0.19
2026-03-06,0.03,JAN,88,65,67,57,0,10.775306,164.79143,38.644928,71.08195,96.58529,0,0,66,75.44751,86.72183,19.117477,28.676216,NA,66.9,44.2,0.19
2026-03-07,0.033,JAN,88,63,68,61,1.69,10.340817,167.96452,44.89319,78.66566,96.55598,0,0,63,72.700424,87.887184,26.938263,43.44881,NA,67.1,44.5,0.19
2026-03-08,0.025,JAN,70,62,64.4,62,0.11,3.3890073,116.83172,81.29232,93.38785,100,0,0,64,65.5154,70,13.034643,17.379524,NA,67.4,44.7,0.18
2026-03-09,0.025,JAN,79,62,69,61,0.01,7.2994003,180.52202,69.12441,85.61134,96.6429,0,0,62,70.55532,79,17.379524,21.724405,NA,67.7,44.9,0.17
2026-03-10,0.022,JAN,83,68,68,65,0,8.604181,179.72522,58.371758,79.046295,93.357025,0,0,69,74.496185,84.15861,17.379524,21.724405,NA,67.9,45.1,0.17
2026-03-11,NA,JAN,87,62,69,60.8,1.08,10.25392,194.13522,46.34204,78.32452,96.628624,0,0,62,73.455414,86.90461,31.283144,39.972908,NA,68.2,45.4,0.18
2026-03-12,0.043,JAN,63,40,61,29,0.02,10.340817,356.62466,30.634087,62.717907,96.52633,0,0,37.733593,49.724712,63,27.80724,39.972908,NA,68.4,45.6,0.17
2026-03-13,0.044,JAN,73,36,44,33,0,4.431779,165.29013,27.86466,59.207397,92.44886,0,0,33.25893,53.882343,72,12.165668,16.51055,NA,68.7,45.8,0.17
2026-03-14,0.05,JAN,78,44,54,43,0,5.8221407,163.67183,35.99668,65.48097,92.67508,0,0,43.549923,61.266384,77,13.90362,19.986454,NA,68.9,46,0.17
2026-03-15,0.043,JAN,82,58,61,50,0.22,13.295337,184.26094,43.963448,68.19583,93.15888,0,0,54,70.33416,81.22644,26.069286,43.44881,NA,69.2,46.2,0.18
2026-03-16,0.043,JAN,53,36,50,16,0.02,11.6891985,322.38934,31.9411,51.09673,86.28951,NA,0,28.365318,37.270092,54,22,34,NA,69.4,46.5,0.18
2026-03-17,0.046,JAN,53,27,29,6,0,4.430662,355.5534,18.841026,40.847286,72.51832,0,NA,23.560143,36.68098,52,14,21.724405,NA,69.7,46.7,0.18
2026-03-18,0.047,JAN,68,34,33,24,0,4.719164,190.40025,20.320084,46.168636,78.497894,0,NA,34.708565,50.368748,67,12,16.51055,NA,69.9,46.9,0.18
2026-03-19,0.057,JAN,79,44,49,32,0,4.5066204,207.45229,35.835983,57.03096,80.07688,0,NA,41.187107,57.96594,76,10,19,NA,70.2,47.1,0.18
2026-03-20,0.053,JAN,81,49,57,48,0,6.6236935,188.96431,39.427467,66.540306,92.83109,0,0,51,65.60049,80.59752,14,21.724405,NA,70.4,47.3,0.18
2026-03-21,0.051,JAN,83,58,60,54,0,7.0085106,197.55658,38.32789,69.80067,93.10081,0,NA,58,68.844406,82.16389,12,19.986454,NA,70.7,47.5,0.19
2026-03-22,0.041,JAN,86,59,61,55,0,8.689762,198.8245,35.94459,65.14452,96.49632,0,0,59,71.73975,84.69279,14.772596,20.85543,NA,70.9,47.7,0.18
2026-03-23,NA,JAN,77,60,62.6,37,0,7.5600934,320.11853,38.62917,62.636806,93.886345,0,0,62,68.296165,77,13.90362,19.117477,NA,71.2,47.9,0.21
2026-03-24,0.049,JAN,75,52,47,36,0,3.215212,43.251892,32.740383,47.004837,71.70916,0,0,52,61.79094,74,10.427715,13.90362,NA,71.4,48.1,0.19
2026-03-25,0.054,JAN,85,50,57,41,0,4.171086,175.4688,35.785816,55.576443,77.03163,0,NA,51,67.80875,82.68182,11.296691,13.90362,NA,71.7,48.3,0.2
2026-03-26,0.049,JAN,84,64,64,57,0,7.994581,188.19792,39.902836,68.92053,96.55598,0,NA,64,72.453835,83.508675,14.772596,26.069286,NA,71.9,48.5,0.18
2026-03-27,0.041,JAN,82,59,64,49,0,8.342172,314.23895,50.572296,70.883644,100,0,NA,59,70.2713,82.89828,21.724405,30.41417,NA,72.1,48.7,0.17
2026-03-28,0.043,JAN,70,47,46,22,0,10.25392,21.139788,24.1224,39.854805,57.726894,0,NA,51,57.522648,68,20.85543,28.676216,NA,72.4,49,0.19
2026-03-29,0.041,JAN,80,43,61,35,0,6.8649125,163.80978,40.256,65.71627,82.35932,0,NA,43,62.609055,79,14.772596,20.85543,NA,72.6,49.2,0.18
2026-03-30,0.04,JAN,83,58,66,57,0,8.71777,163.47482,52.54603,76.69027,93.3292,0,0,59,69.920944,82.29249,16,24.331335,NA,72.8,49.4,0.19
2026-03-31,0.033,JAN,83,67,70,64.4,0.05,9.376513,159.93382,60.435455,80.60628,93.3292,0,NA,67,72.66244,83.123245,17,26.069286,NA,73.1,49.6,0.2
2026-04-01,0.034,JAN,87,64,67,61,1e-4,9.431359,172.83293,43.185066,77.00701,96.599815,0,NA,65,73.74708,86.13751,21,31.283144,NA,73.3,49.8,0.21
2026-04-02,0.032,JAN,82,66,68,63,0.11,8.456446,164.1941,54.428608,84.33606,96.599815,0,NA,67,71.40399,83.8094,15,23,NA,73.5,50,0.21
2026-04-03,0.037,JAN,85,64,68,62,0,7.907684,156.31711,49.25179,76.24571,100,0,0,64,73.34276,85.003815,14.772596,22.593382,NA,73.7,50.2,0.2
2026-04-04,0.029,JAN,83,66,69.8,63,1.45,6.1254354,171.07893,56.508540000000004,84.79642,100,0,NA,66,72.12095,84.15861,15,22,NA,74,50.4,0.21
2026-04-05,0.043,JAN,68,56,67,44,1e-4,9.266202,349.23035,46.956673,73.70052,100,0,NA,56,61.241116,68,15,23.462358,NA,74.2,50.7,0.2
2026-04-06,0.045,JAN,70,46,43,33,0,8.342857,24.943377,25.432344,50.53098,89.1934,0,NA,46,57.912193,70,16,25.200312,NA,74.4,50.9,0.21
2026-04-07,0.05,JAN,77,41,48,38,0,4.139373,70.81057,25.348782,57.923035,92.57926,0,NA,42,59.787605,76,15,24,NA,74.6,51.1,0.2
2026-04-08,0.048,JAN,77,50,46,37,0,6.94216,105.71762,25.348782,47.394848,73.964340000000007,0,NA,51,64.94495,77,16,23.462358,NA,74.8,51.3,0.22
2026-04-09,0.048,JAN,79,57,55,42,0,7.3393726,116.336945,41.903717,54.23887,86.5681,0,NA,59,67.21702,78,13,19.986454,NA,75.1,51.6,0.21
2026-04-10,0.05,JAN,80,51,57,50,0,4.8662667,109.11786,43.650578,63.608395,92.861755,0,0,52,67.47178,79,11.296691,13.90362,NA,75.3,51.8,0.22
2026-04-11,0.052,JAN,83,53,62,52,0,1.7491289,140.54742,36.63701,67.29946,100,0,0,54,68.104034,80.73906,8,12.165668,NA,75.5,52.1,0.21
2026-04-12,0.048,JAN,83,55,62,53,0,8.29547,172.83403,42.560143,66.46371,92.98265,0,NA,55,70.22786,81.95282,19,26.069286,NA,75.7,52.3,0.21
2026-04-13,0.044,JAN,84,65,65,58,0,8.515967,172.00981,44.274845,70.47363,90.10161,0,0,66,72.7817,82.94707,14.772596,20.85543,NA,75.9,52.5,0.21
2026-04-14,0.047,JAN,84,63,64,57,0,7.3170733,173.09361,41.20727,69.64847,96.55598,0,0,64,72.551605,83.508675,12,18.2485,NA,76.2,52.8,0.22
2026-04-15,0.048,JAN,84,59,64.4,58,0,7.633188,181.0331,50.72075,73.70117,100,0,NA,59,71.68561,84.083466,15,21,NA,76.4,53,0.21
2026-04-16,0.045,JAN,85,64,67,58,0,4.6924715,185.92873,43.02936,71.523094,96.57068,0,0,65,73.53191,84.90292,11.296691,14.772596,NA,76.6,53.3,0.2
2026-04-17,0.044,JAN,86,62,67,61,0,6.95181,195.34726,46.34204,70.882904,96.55598,0,0,64,74.75816,86.90461,17.379524,22.593382,NA,76.8,53.6,0.2
2026-04-18,0.035,JAN,83,53,68,51,1e-4,11.245269,226.6711,52.691254,82.61988,96.5412,0,0,54,69.47463,83.18065,16,27,NA,77,53.8,0.2
2026-04-19,0.044,JAN,70,47,52,37,0.06,7.251046,31.71545,29.821045,68.468025,89.59571,0,NA,48,56.47392,70,14,19,NA,77.3,54.1,0.2
2026-04-20,0.05,JAN,77,41,49,35.4,0,2.6069288,87.70338,24.52256,61.506386,100,0,0,41,60.183407,77,7.820786,NA,NA,77.5,54.4,0.2
2026-04-21,0.049,JAN,78,42,55,38,0,3.537118,150.97047,25.348782,64.481224,100,0,0,44,62.17904,78,10,17.379524,NA,77.7,54.6,0.18
2026-04-22,0.056,JAN,81,58,61,50,0,5.3556485,151.56305,38.789425,63.216164,83.46876,0,NA,59,69.21578,80.11382,11,19,NA,77.9,54.9,0.17
2026-04-23,0.056,JAN,85,61,64,53,0,8.689762,158.5998,35.626804,66.81169,100,0,0,61,72.31004,83.06051,14.772596,25.200312,NA,78.1,55.2,0.17
2026-04-24,0.036,JAN,85,61,70,61,0.91,7.0387077,166.88992,56.784203,87.96767,100,0,0,62,69.69617,86.69358,24.331335,33.0211,NA,78.4,55.5,0.18
2026-04-25,0.046,JAN,84,62,70,62,0.61,5.7352433,225.04614,56.646606,86.002884,100,0,0,62,71.99387,85.18983,26.938263,39.10393,NA,78.6,55.8,0.18
2026-04-26,0.047,JAN,84,65,72,63,0.41,4.171086,149.46341,58.774143,83.43805,100,0,0,65,74.51523,87.20085,15.641572,26.938263,NA,78.8,56.1,0.18
2026-04-27,0.041,JAN,88,68,71,66,0,10.340817,168.36278,55.274105,78.47475,100,0,0,69,78.55231,91.23245,19.986454,28.676216,NA,79.1,56.4,0.16
2026-04-28,0.034,JAN,87,71,74,67,0.01,9.471841,180.40948,57.19417,84.717415,100,0,0,71,77.397156,91.95313,17.379524,22.593382,NA,79.3,56.7,0.17
2026-04-29,0.028,JAN,80,66,74,67,0.9,6.082834,184.88356,82.00363,95.10049,100,0,0,67,72.290855,84.50245,13.90362,17.379524,NA,79.5,57,0.15
2026-04-30,0.031,JAN,68,59,67,58,0.39,6.2836237,32.178932,72.8454,91.84408,100,0,0,59,64.03958,67,13,19.117477,NA,79.8,57.3,0.15
2026-05-01,0.037,JAN,59,53,58,50,0.63,4.5972123,36.66513,80.234276,92.84679,100,0,NA,53,56.572124,59,10,16,NA,80,57.6,0.15
2026-05-02,0.054,JAN,72,48,55,40,0.02,6.6829267,4.420181,32.41817,67.079414,100,0,NA,50,60.35261,71,16,24,NA,80.3,57.9,0.15
2026-05-03,0.056,JAN,77,45,54,44,0,1.6510549,284.0561,33.06187,71.03441,100,0,NA,46,60.799305,76,12.165668,19.117477,NA,80.5,58.2,0.14
2026-05-04,0.056,JAN,80,50,54,51,0,6.3435264,197.12364,37.690456,64.928665,100,0,NA,51,66.24947,79,14.772596,21.724405,NA,80.7,58.5,0.15
2026-05-05,0.049,JAN,80,57,69,53,0,9.645637,176.26663,60.041786,74.23476,90.30272,0,NA,58,70.40426,78,18.2485,23.462358,NA,81,58.8,0.14
2026-05-06,0.023,JAN,80,61,76,63,0.11,7.212503,195.22714,83.70418,95.46776,100,0,NA,63,71.76947,86.17259,14.772596,20.85543,NA,81.2,59.1,0.15
2026-05-07,0.036,JAN,71,58,62,58,1e-4,5.2034845,347.1964,68.233765,91.09623,100,0,0,58,62.17561,71,13,19.117477,NA,81.5,59.4,0.14
2026-05-08,0.027,JAN,67,58,64,55,1e-4,4.907317,116.095314,72.54121,88.21206,100,0,NA,58,62.58676,66,11,14,NA,81.8,59.7,0.14
2026-05-09,0.035,JAN,77,62,70,64,0.92,4.5337977,174.07614,76.405556,93.717155,100,0,NA,64,68.492546,77,13,20.85543,NA,82,60,0.13
2026-05-10,0.033,JAN,83,60,72,61,0.34,2.5860627,182.08261,67.01446,89.58066,100,0,NA,61,71.62569,85.82449,12,18,NA,82.3,60.3,0.14
2026-05-11,0.041,JAN,78,65,70,61,0,5.441115,18.522306,71.22616,88.04433,100,0,NA,64.4,70.64265,77,12,15,NA,82.5,60.6,0.13
2026-05-12,0.053,JAN,82,60,62,56,0,2.780724,29.604317000000002,42.560143,67.1656,96.52633,0,NA,62,71.29462,81.95282,11.296691,17.379524,NA,82.8,61,0.13
2026-05-13,0.063,JAN,84,58,66,54,0,3.1283145,349.25952,38.32789,73.77467,100,0,NA,59,70.51729,82.298706,13.90362,21.724405,NA,83,61.3,0.13
2026-05-14,0.054,JAN,82,60,61,49,0,3.6497002,31.35183,33.862278,59.047817,96.52633,0,NA,62,70.40034,81.10566,11.296691,16.51055,NA,83.3,61.6,0.13
2026-05-15,0.057,JAN,87,59,67,51,0,7.0387077,156.82808,46.49447,62.82575,89.8106,0,NA,60,74.04602,88.34253,13.90362,19.986454,NA,83.6,61.9,0.14
2026-05-16,0.06,JAN,85,67,69,64,0,7.212503,164.96190000000001,54.712288,76.99062,100,0,NA,68,75.88265,86.22242,14.772596,19.117477,NA,83.8,62.2,0.14
2026-05-17,0.041,JAN,87,63,74,63,1e-4,8.081479,163.18414,62.937656,83.62672,100,0,0,64,77.64664,94.46002,19.117477,26.069286,NA,84.1,62.5,0.14
2026-05-18,0.035,JAN,89,70,73,69,0,9.163763,158.4812,51.89259,78.83094,100,0,0,71,81.31051,93.958466,15,21.724405,NA,84.3,62.8,0.13
2026-05-19,0.029,JAN,90,72,75,70,0,8.455253,158.8493,59.43528,81.122635,100,0,NA,71.6,83.147484,97.06639,17,23,NA,84.6,63.1,0.14
2026-05-20,0.028,JAN,83,70,76,70,0.93,4.344881,156.74028,71.94317,95.91999,100,0,0,70,74.221245,88.91835,19.986454,28.676216,NA,84.9,63.4,0.13
2026-05-21,0.026,JAN,81,70,75,70,0.16,4.9531646,142.5077,74.21089,92.719220000000007,100,0,0,71,74.598335,85.35674,13.034643,16.51055,NA,85.1,63.7,0.14
2026-05-22,0.04,JAN,86,70,73,69,0.82,8.4290695,190.7406,58.907314,84.46848,100,0,0,70,77.87925,90.237816,19.117477,23.462358,NA,85.4,63.9,0.14
2026-05-23,0.041,JAN,83,67,74,67,0.11,3.9972906,178.95471,74.30512,91.690636,100,0,0,68,73.68402,88.009636,21.724405,30.41417,NA,85.6,64.2,0.14
2026-05-24,0.044,JAN,84,69,71,68,0,1.4772596,262.40988,60.695484,83.133026,100,0,NA,69,76.911415,86.5658,6.95181,10.427715,NA,85.9,64.5,0.14
2026-05-25,0.028,JAN,74,69,73,69,0.22,3.1283145,51.656693,93.4668,97.53802,100,0,NA,69,71.778534,74,11.296691,13.90362,NA,86.1,64.8,0.14
2026-05-26,0.034,JAN,86,69,74,69,0,4.8662667,169.2945,58.907314,84.89818,100,0,0,70,77.47949,89.55191,12.165668,15.641572,NA,86.3,65.1,0.13
2026-05-27,0.033,JAN,86,73,75.2,72,0,6.6620207,145.31712,67.35652,85.339615,100,0,0,73,81.82657,93.5278,12,15.641572,NA,86.6,65.3,0.15
2026-05-28,0.024,JAN,83,72,76,72,1e-4,5.929078,125.738396,76.755135,91.214905,100,0,NA,72,78.36058,88.65297,13,18,NA,86.8,65.6,0.15
2026-05-29,0.034,JAN,88,72,74,71,1e-4,6.264808,194.2497,63.06168,84.7455,100,0,NA,72,81.018166,94.46002,11,15,NA,87,65.9,0.16
2026-05-30,0.041,JAN,90,70,76,70,0,3.5533102,300.6134,55.552254,80.32928,100,0,NA,70,84.46426,98.113785,9,NA,NA,87.3,66.1,0.15
2026-05-31,0.044,JAN,93,71,77,71,0,2.2843206,253.59077,54.259,79.00154,100,0,NA,71,88.26864,104.566216,10,16,NA,87.5,66.4,0.15
2026-06-01,NA,JAN,95,71,78,69,0.36,3.475905,169.68623,50.874207,82.816696,100,0,0,72,83.77385,103.46759,25.200312,33.89007,NA,87.7,66.6,0.15
2026-06-02,0.048,JAN,91,70,75,69.8,0.19,4.0841885,7.8338065,57.599937,84.6261,100,0,0,71.6,81.55211,100.74215,28.676216,42.579834,NA,87.9,66.9,0.15
2026-06-03,NA,JAN,85,69,72,67,0,6.082834,86.76431,65.114365,83.14248,100,0,0,70,77.562996,89.64075,13.90362,19.117477,NA,88.1,67.1,0.15
2026-06-04,0.047,JAN,85,66,69,59,0,6.082834,111.19892,49.401398,65.59301,84.05295,0,0,67,77.05304,86.7876,13.034643,17.379524,NA,88.3,67.3,0.15
2026-06-05,0.043,JAN,87,60,74,60,0,4.6924715,132.70016,60.95359,76.64004,100,0,0,61,77.90396,92.2798,13.90362,17.379524,NA,88.5,67.6,0.14
2026-06-06,0.028,JAN,86,72,77,69,0.12,6.6891985,126.05022,77.01305,92.15083,100,0,0,72,77.641884,92.875336,15.641572,19.986454,NA,88.7,67.8,0.15
2026-06-07,0.022,JAN,88,76,78,74,0.22,7.0387077,179.03052,69.879105,89.010994,100,0,0,76,84.522865,100.02887,22.593382,29.545193,NA,88.9,68,0.14
2026-06-08,0.025,JAN,86,76,79,76,0,5.300755,168.54094,77.01305,90.4427,100,0,0,76,84.34041,96.67231,11.296691,13.90362,NA,89,68.2,0.15
2026-06-09,0.045,JAN,90,70,75,68,0,2.6125436,173.42592,48.594692,76.18166,100,0,0,71,83.35286,94.727974,11.296691,14.772596,NA,89.2,68.4,0.14
2026-06-10,0.041,JAN,92,72,76,70,0,6.6911173,179.1254,50.43681,75.27543,100,0,0,73,85.90752,97.635864,13.90362,20.85543,NA,89.4,68.6,0.16
2026-06-11,0.037,JAN,93,72,76,71,0,5.561448,183.67976,52.324814,76.538864,100,0,NA,72,86.45304,102.044876,11.296691,15.641572,NA,89.5,68.8,0.15
2026-06-12,0.029,JAN,92,74,78,72,0,4.431779,211.70311,53.97799,80.448425,100,0,NA,74,87.86005,101.93281,12.165668,17.379524,NA,89.6,69,0.15
2026-06-13,0.026,JAN,93,73,78,73,0,3.8234954,226.60544,57.86813,79.24166,100,0,0,73,88.81378,106.04192,10.427715,13.90362,NA,89.8,69.2,0.15
2026-06-14,0.021,JAN,93,74,77,72,0.44,6.5173216,247.99269,53.97799,77.643005,100,0,NA,75,87.73831,103.34442,14.772596,23.462358,NA,89.9,69.4,0.15
2026-06-15,0.029,JAN,78,74,76,73.4,1.74,2.8181186,105.81033,87.56105,98.42998,100,0,0,73.4,75.14383,78,8,15,NA,90.1,69.5,0.14
2026-06-16,0.018,JAN,80,72,77,71.6,0.54,3.3310103,172.46048,87.61058,98.5229,100,0,NA,71.6,74.58694,79,9,15,NA,90.2,69.7,0.15
2026-06-17,0.023,JAN,90,73,78,73,1e-4,8.400697,177.41351,67.80607,87.896614,100,0,NA,73,85.550125,103.121475,17,26,NA,90.3,69.8,0.15
